{"modelSettings":{"letterOrder":"ACGT","bindingModeInteractions":[],"bindingModes":[{"fitLogActivity":true,"flankLength":0,"singleStrand":false,"size":11,"dinucleotideDistance":0,"componentName":"Binding mode 0","positionBias":false,"modifications":[]},{"fitLogActivity":true,"flankLength":0,"singleStrand":false,"size":11,"dinucleotideDistance":1,"componentName":"Binding mode 1","positionBias":false,"modifications":[]}],"letterComplement":"C-G,A-T"},"coefficients":{"bindingModeInteractions":[],"bindingModes":[{"mononucleotide":[0,0,0,0,0,0,0,0,0,0,0,0,0,0,0,0,0,0,0,0,0,0,0,0,0,0,0,0,0,0,0,0,0,0,0,0,0,0,0,0,0,0,0,0],"activity":[[-6.313252448761345]],"dinucleotide":[],"modifications":[]},{"mononucleotide":[0,-0.40740015540439156,-0.1963443949052337,-0.4468588225750336,-0.8314729770718765,-0.859176393265896,0,-2.227470796077951,-1.2388495548992289,-0.6730520624443246,-1.080952734066349,0,-1.1433945963483811,0,-1.585124524034888,-1.2710558333912854,-0.11074715828233206,-1.866016614477752,0,-1.2127075895097352,-3.7910315118771827,-1.8048791165903282,-5.24334650174802,0,0,-0.5897596696557832,-2.2262892264930305,-0.24631904904300228,0,-2.114746636042676,-1.7748979889012428,-1.7932544217746984,0,-1.3517021804018468,-1.5064336203315598,-1.5278217640670402,0,-0.15874156438138431,-0.6943199745574891,-0.35219490594767056,-0.06913681379307057,0,-0.08861644943196456,-0.08343689137076815],"activity":[[0]],"dinucleotide":[[0,0,0,0,0.019832656605523802,-0.5200092027766545,0,-0.2737854348051809,0.3990520454980784,0.34773736734159133,0,-0.11978972624479045,0.0807069443856463,0.4070663490555617,0,-0.6156288137011829,0.9099244847656607,0.4840026035005822,0.7560007452854105,0,0.8535387382044322,0.10212957496518893,0.5178777303410138,0,0,0,0,0,2.21225932099548,2.07426802416933,2.3253264226076102,0,0.01595481312659519,0,0.33814838737697706,0.6727419139391615,0.45716413219027885,0,-0.23616115249427194,0.8808077806540835,0.23481180729265594,0,-0.15374291378538008,0.2327789110170908,0,0,0,0,0.7323731942702922,1.287389621962535,0,0.32771716436640563,0,0,0,0,0.6833222766048141,0.40009757414589986,0,-0.16427005903042646,0.6172989330284526,1.3467340527402847,0,0.14195987050571723,0.6281136079754912,-0.26807226719410915,3.1591098366001242,0,2.3328819694113285,-1.5500208250954448,3.984586061727275,0,0,0,0,0,0.8005992363184085,0.38230813805438046,4.019693873755966,0,0,0.3979662600462395,2.701881266885058,1.2372052267734954,0,-0.7966405548473645,1.3240851059002487,0.7990020360594343,0,1.2842767383972378,2.354293157650714,-0.7784818303907111,0,0,0,0,0,0,0,0,0,0.8730110534477653,0.73148821396143,0.5586651810061687,0,1.4500984004470392,1.4539370205600766,1.9706432934800406,0,0.6140332128480916,0.22672560440283984,0.11122279541134139,0,0,0,0,0,1.141974972247354,1.4185170898185007,1.4780211025902252,0,0.45957235608357694,1.2549408780084073,1.2825564708207433,0,1.2623721471265017,1.292671161518106,1.1134833498166135,0,0,0,0,0,0.3828722922818848,0.30879945957521704,0.5344847994272586,0,-0.5892656222980883,-0.015900080215481616,0.5735152484146511,0,0.09070662547169217,0.48022243909162077,0.3315013739045187,0,0,0,0,-0.016500161236870703,0,-0.3444978396654186,-0.003234648605919155,0.1789231029373619,0,-0.586064338139483,0.20927828530938886,-0.020512155751834626,0,-0.18883232138131323,0.17025035013007894]],"modifications":[]}]}}
