{"modelSettings":{"letterOrder":"ACGT","bindingModeInteractions":[],"bindingModes":[{"fitLogActivity":true,"flankLength":0,"singleStrand":false,"size":12,"dinucleotideDistance":0,"componentName":"Binding mode 0","positionBias":false,"modifications":[]},{"fitLogActivity":true,"flankLength":0,"singleStrand":false,"size":12,"dinucleotideDistance":0,"componentName":"Binding mode 1","positionBias":false,"modifications":[]}],"letterComplement":"C-G,A-T"},"coefficients":{"bindingModeInteractions":[],"bindingModes":[{"mononucleotide":[0,0,0,0,0,0,0,0,0,0,0,0,0,0,0,0,0,0,0,0,0,0,0,0,0,0,0,0,0,0,0,0,0,0,0,0,0,0,0,0,0,0,0,0,0,0,0,0],"activity":[[-7.066225824075373]],"dinucleotide":[],"modifications":[]},{"mononucleotide":[0,-0.499199669654006,-0.3583260179477783,-0.4232438048255407,-0.11760534708546189,-0.583522710387733,0,-0.5235309055201096,-0.42399026921047067,-0.6779561314455362,0,-1.195549123491963,-1.0721055911489454,-0.30536611253626766,-1.4986676708165323,0,-0.6095369786908122,0,-2.177692572285637,-0.9695266963173212,0,-1.9103286937780473,-0.49091606431133883,-3.0641626388112764,-3.738598713414404,-3.148310150221345,-3.032483204626339,0,0,-1.6953925282914604,-2.4187320247002546,-0.12738007585511202,0,-2.4465320053692237,-2.8055771991224097,-1.8306762974844748,0,-1.4053026582606547,-1.9604078843036632,-1.3240340361117093,0,-0.6024637753805155,-0.8547580975872737,-0.3819262798060521,-0.05911947255071848,0,-0.46509378179263017,-0.11662034660014786],"activity":[[0]],"dinucleotide":[],"modifications":[]}]}}
