{"modelSettings":{"letterOrder":"ACGT","bindingModeInteractions":[],"bindingModes":[{"fitLogActivity":true,"flankLength":0,"singleStrand":false,"size":13,"dinucleotideDistance":0,"componentName":"Binding mode 0","positionBias":false,"modifications":[]},{"fitLogActivity":true,"flankLength":0,"singleStrand":false,"size":13,"dinucleotideDistance":0,"componentName":"Binding mode 1","positionBias":false,"modifications":[]}],"letterComplement":"C-G,A-T"},"coefficients":{"bindingModeInteractions":[],"bindingModes":[{"mononucleotide":[0,0,0,0,0,0,0,0,0,0,0,0,0,0,0,0,0,0,0,0,0,0,0,0,0,0,0,0,0,0,0,0,0,0,0,0,0,0,0,0,0,0,0,0,0,0,0,0,0,0,0,0],"activity":[[-10.646582013193985]],"dinucleotide":[],"modifications":[]},{"mononucleotide":[0,-0.4346285734749529,-0.06267360417704282,-0.07980644761315858,-0.23936686852320932,-0.8185477204848475,0,-0.7180551342943673,-0.7247267217985076,-0.8295185799768277,0,-1.4310420676513314,-1.3258061224506772,0,-1.9366247497786082,-0.05640290643922441,-0.4386158997955505,0,-2.238048308176383,-1.101975589568685,0,-2.7053721678872735,-1.5048441358550626,-3.63997622313809,-7.537730547820297,-4.487718518333608,-6.893097056804294,0,0,-2.447493350302003,-3.3963841621767807,-0.6089849695337328,0,-4.286327651823637,-4.4207557361442,-2.4555828017857753,0,-2.04400360845778,-3.469294103258986,-1.8061581030517084,0,-0.9610322554392106,-1.2915243030505188,-0.06174675760203918,-0.13625397110715554,0,-0.8140320396311491,-0.16208819077635006,0,-0.5875727982089636,-0.5827490346347375,-0.1990995633978745],"activity":[[0]],"dinucleotide":[],"modifications":[]}]}}
