{"modelSettings":{"letterOrder":"ACGT","bindingModeInteractions":[],"bindingModes":[{"fitLogActivity":true,"flankLength":0,"singleStrand":false,"size":12,"dinucleotideDistance":0,"componentName":"Binding mode 0","positionBias":false,"modifications":[]},{"fitLogActivity":true,"flankLength":0,"singleStrand":false,"size":12,"dinucleotideDistance":1,"componentName":"Binding mode 1","positionBias":false,"modifications":[]}],"letterComplement":"C-G,A-T"},"coefficients":{"bindingModeInteractions":[],"bindingModes":[{"mononucleotide":[0,0,0,0,0,0,0,0,0,0,0,0,0,0,0,0,0,0,0,0,0,0,0,0,0,0,0,0,0,0,0,0,0,0,0,0,0,0,0,0,0,0,0,0,0,0,0,0],"activity":[[-6.737505973248805]],"dinucleotide":[],"modifications":[]},{"mononucleotide":[0,-0.4035930899344473,-0.11702728760184566,-0.05119869412705835,-0.6139728901825112,-1.078301115679662,-0.9714255989628793,0,-1.9107988748112783,-3.248287796571299,-2.2444193124045837,0,-2.1112107952401136,-4.120918186903474,-5.174528041367479,0,-0.11442814065595996,-2.603874513252589,-2.172782445909599,0,0,-4.6602245504866335,-5.742955136906645,-6.557519916831971,-3.1651229438188793,-0.5072618268526048,-3.129481873209559,0,-1.8005113431585995,-1.983432233005571,0,-0.5202805896932814,0,-2.5100085403784265,-0.7857194784845536,-1.6447522349974166,-2.2498647898271713,0,-1.4424833184988648,-1.1379062191010076,-0.48229608620813735,-0.07585474338594445,-0.6496992022170671,0,-0.3564141328583048,-0.1350382790063147,-0.36840749202893797,0],"activity":[[0]],"dinucleotide":[[0,0,0,0,-0.29313547280826135,-0.3958534090634629,0.096409300396882,0,0.17666710356995274,0.004415947125636421,0.37024218385820173,0,-0.17675233364682175,0.05649144208715562,-0.007211076389963544,0,0.5099273685663119,1.0023444716134557,0.7116892705155804,0,0.37104486226185784,1.5011218583658037,0.9518778467545781,0,0.35067635307381906,1.3776819398766547,0.9896882171831036,0,0,0,0,0,1.0987081646915087,1.3939670138727465,0.3892793401158583,0,1.201552285399087,1.0029098635458702,2.6882729118905626,0,0.5795082467028854,1.1579292564813253,0.7798860978420281,0,0,0,0,0,-0.4925277547485649,1.2937224879707303,1.2027451000431801,0,1.2537256436928157,1.2002083125544614,2.511708443307745,0,2.546661288470463,3.225637518936887,2.827212492213933,0,0,0,0,0,0,-1.697312139770574,-1.5825365333097237,1.884292095813505,0,1.6442281676727033,2.7736056189670766,4.982835523537914,0,2.333726603950831,1.0224322839244797,3.5369345702877375,0,0,0,0,0,0,0,0,4.070258945702596,0.5533072066830131,2.3861698418898287,0,5.389612326293038,1.997414265766695,2.1563481853379676,0,1.8130031464460998,1.4186575764999727,1.7723682022802354,0,0.6486489305793164,0.418196331924122,0,-0.5789074385355706,-0.48843138168766576,-1.5092511344881951,0,-0.4999517104396478,1.0291387653435602,1.3972886366620063,0,2.3527158923507914,0,0,0,0,0,0.503805177676603,1.8101619236974926,0.9303327349153543,0,-0.23557892031776095,1.0432291347434424,0.18485706795634993,0,0,0,0,0,-2.027998957394047,0.5354666362781666,-2.7775320830728774,0,0,0,0,2.378747384717859,0,1.221748583007523,0.9564715934729664,1.2215306394882965,0,0.3252285368616121,0.16990454837019442,1.4378458121614193,0,1.1072728189542902,1.0496662002153387,-1.7094012543352406,-0.21998665184455568,-0.34008723409977737,0,0,0,0,0,-0.14599323701193256,0.20194663920051692,0.3411626920953035,0,-0.1929025372064901,0.34214634878368866,0.49168296369785214,0,0.45401702745854333,0.1373741488058382,0.0729844959026753,0,0.18716114413396934,0.169267964744928,0.3586385553923428,0,-0.041973790716234305,-0.04023085257785208,-0.5277736851156138,0,0,0,0,0]],"modifications":[]}]}}
