{"modelSettings":{"letterOrder":"ACGT","bindingModeInteractions":[],"bindingModes":[{"fitLogActivity":true,"flankLength":0,"singleStrand":false,"size":12,"dinucleotideDistance":0,"componentName":"Binding mode 0","positionBias":false,"modifications":[]},{"fitLogActivity":true,"flankLength":0,"singleStrand":false,"size":12,"dinucleotideDistance":1,"componentName":"Binding mode 1","positionBias":false,"modifications":[]}],"letterComplement":"C-G,A-T"},"coefficients":{"bindingModeInteractions":[],"bindingModes":[{"mononucleotide":[0,0,0,0,0,0,0,0,0,0,0,0,0,0,0,0,0,0,0,0,0,0,0,0,0,0,0,0,0,0,0,0,0,0,0,0,0,0,0,0,0,0,0,0,0,0,0,0],"activity":[[-7.463336829407715]],"dinucleotide":[],"modifications":[]},{"mononucleotide":[0,-0.41752263575722726,-0.382108872472835,-0.5141398130568957,-0.17790177395596452,-0.6400064906144314,0,-0.5900567968496739,-0.571594686586911,-0.926049053980333,0,-2.030026215047629,-1.4768496174883818,-0.6802405047752691,-1.9302140705022115,0,-0.32688310073059856,0,-2.0021049939616873,-1.4695900813336502,0,-3.1520106996886703,-0.05972325526115263,-3.275955442274351,-4.1366870571524395,-4.825968988119928,-3.899627383254547,0,0,-1.8790312203269437,-2.708585404139196,-0.13901626666102462,0,-4.040962461380154,-3.793167049520847,-2.502205409337529,0,-1.815945748094074,-2.148649881409617,-2.0420993965999124,0,-0.9034954540460962,-1.040969543214728,-0.517703808396397,0,-0.036906360060620536,-0.20062220202050796,-0.10099912936125932],"activity":[[0]],"dinucleotide":[[0,0,0,0,-0.0012698568374398533,-0.22874957313769695,0,0.06885291377183034,0.018031084039773937,-0.04874338667621281,0,0.09314578823847341,0.4576738884590368,-0.060791419767010524,0,0.008347275686852562,-0.48468854098090386,0.23816317662637942,0,-0.11774533801651099,0.24633009791166405,0.14787383081160144,0,-5.855630790350119E-4,0,0,0,0,0.06595344958372973,-0.2298499257513047,0,-0.5125370059030931,0.461417500366462,0.2376296398076816,0.8301002579542027,0,0.6613800590982262,0.2297168412409203,0.6918667149041928,0,0,0,0,0,1.7996809071741415,1.2200840221790745,2.2884718801979016,0,-0.8201191306022038,0,0.45595977647045594,1.222276899229028,0.21570058583771967,0,0.0609739444736519,1.458721696603372,-0.7842610366554004,0,0.3555726606412488,1.3322246707502936,0,0,0,0,0,2.2731052927556465,-1.1839604690870518,-1.099246337182226,0,0,0,0,0,1.7542119827910048,-0.8887171126089486,-1.4117034358117797,0,1.0364655763646775,-1.2371280121064299,0.2587221028375781,0,0,0,0,0.8479798385544317,1.0476154995546496,1.0254170604481159,0,-0.6106540182736637,2.2550779430236556,-1.9217397101867144,0,2.482280873680609,5.327749504477858,4.060044399263738,0,0,2.5739514142621385,3.904296241811072,0.14622593577218712,0,-1.6262003196267658,1.6408202416468267,-0.4748811878571457,0,1.4437770398198797,2.9288360082515403,-0.6802837961978438,0,0,0,0,0,0,0,0,0,2.642688464785249,1.0977971878936277,1.1857988451973602,0,2.3840233984224932,2.0442857184436605,1.9267638239518776,0,1.697414402786963,0.9940507145549371,0.2628985529005732,0,0,0,0,0,1.2434531765308456,1.5192089599607845,1.2562821141489025,0,0.658420630115149,0.2559933896890696,1.1019135789506187,0,1.199220402746179,1.5642053141357959,0.8572045787022073,0,0,0,0,0,0.5976083746176419,0.34130474626277074,0.4122191376469866,0,0.283690913780962,-0.018856318495664937,0.19696693187810865,0,1.0978184232182446,0.7046359878999695,0.6960225725400564,0,0,0,0,0,0.2542388319460427,-0.23019061268657381,0.18424665202065782,0,0.09895921824728493,0.011150372339460368,0.31264730180860756,0,0.15726763329038818,-0.20714887111421643,-0.0503869378073043]],"modifications":[]}]}}
