{"modelSettings":{"letterOrder":"ACGTcg","bindingModeInteractions":[],"bindingModes":[{"fitLogActivity":true,"flankLength":0,"singleStrand":false,"size":12,"dinucleotideDistance":0,"componentName":"Binding mode 0","positionBias":false,"modifications":[]},{"fitLogActivity":true,"flankLength":0,"singleStrand":false,"size":12,"dinucleotideDistance":1,"componentName":"Binding mode 1","positionBias":false,"modifications":[]}],"letterComplement":"C-G,A-T,c-g"},"coefficients":{"bindingModeInteractions":[],"bindingModes":[{"mononucleotide":[0,0,0,0,0,0,0,0,0,0,0,0,0,0,0,0,0,0,0,0,0,0,0,0,0,0,0,0,0,0,0,0,0,0,0,0,0,0,0,0,0,0,0,0,0,0,0,0,0,0,0,0,0,0,0,0,0,0,0,0,0,0,0,0,0,0,0,0,0,0,0,0],"activity":[[-7.131979144177871]],"dinucleotide":[],"modifications":[]},{"mononucleotide":[-0.02904893763268923,-0.1790566647791696,0,-0.0025790370104070703,-0.07517699628789298,-0.35207303932103784,-0.41982473790249575,-0.9937164046963254,-0.6312608293923185,0,-0.9354114009619838,-1.0242762562570213,-1.9549142855613066,-2.5863607060985183,-1.847861788562576,0,-1.2579152021327884,-1.7819440526655983,-2.3915272343827008,-4.224165518750401,-4.3129299341604685,0,-3.314153595901548,-4.11426082256984,-0.12101408884879294,-2.5269051309957984,-1.884139077918129,0,-2.4083936396733003,-2.1995982687304414,0,-4.87601501227509,-2.4948623897522575,-6.759035114672271,-3.6397627979512492,-3.9673372399186895,-4.501653197643856,-1.6220532348479244,-1.3237569628589765,-0.5203074110861916,0,-1.404335938452229,-1.475663425793278,-1.164994031536576,-0.24362713022567384,0,-0.980705007594036,-0.07128884649863565,0,-3.0331141450441974,-0.43570037708845444,-2.6710327012221184,-2.0594982258640906,-1.7562346590824975,-2.1899926018914444,0,-1.039360031544697,-0.699521454897365,-0.12176779024811513,-1.1506525509313894,-0.541861531071568,0,-0.5796870891155788,-0.1281922242466793,-0.30643076394926183,-0.07353414497112087,-0.42134189842596115,-0.2555716750897421,-0.2141254506510828,0,-0.48414796514196823,-0.05899762966878619],"activity":[[0]],"dinucleotide":[[-0.16650326672221727,0.14317359734780588,-0.24019934183589253,0,0.21474870415447533,-0.0032883095364670822,-0.4113174982519263,-0.2598790712745598,-0.31826617604731133,0,0.7096975830559105,-0.016783760402451442,0,0,0,0,0,0,-0.18719409127179,0.040347923812226405,-0.25718721662645017,0,-0.153887388636627,-0.09255670310608011,-0.1082656844581873,0.13383326710772447,-0.08330139759153532,0,0.2948209915378692,-0.372765578278786,0.0679188445897756,0.18144755642228905,-0.005885048723381026,0,0.4026443597751541,0.16636718923166072,0.587080255331613,0.48592018490929423,0.40449421759516113,0,0.228378483858942,0.37232814621317534,0.6386841108721342,0.7553945268450386,0.5748514969858309,0,-1.0539181132599609,0.29581767013426585,0.8351085480822515,0.7536555415063191,0.6380386303166832,0,-1.0841400199192108,0.30953869905206943,0,0,0,0,0,0,0.6675624881342364,0.6923686307727666,0.5789681599164238,0,-0.14345938887441267,-0.05815297352197302,0.8482907943492135,0.9380859431510311,1.037388626428946,0,0.7378326107956177,0.7657543968150335,0.7974112649114535,1.5533599860098208,1.0521206997514074,0,0.4620600826412602,0.8587201530709425,1.5430272780265728,1.276274258165472,2.4230666846642164,0,1.0549984681352305,1.3652307292896628,0.9501633708641974,1.339864855708477,1.1676042430282854,0,1.446515835471251,1.0288432266659848,0,0,0,0,0,0,1.0295452462404242,1.362973924599359,1.4213988924337455,0,0.9652380856138403,0.44734305673396246,1.342567650939758,1.3345097565300978,1.6940014247179365,0,0.7228255966269668,1.0893614211785225,0.1534190953968695,1.5176008852419938,1.2145344858803293,0,0.8371324411446883,0.8474487148266849,1.2077995107817765,0.3245387617330673,2.404313233925988,0,2.504322141226094,1.5503668828516073,1.892297985292231,2.3972314219586197,2.567420427218797,0,2.979664688383391,2.1213631865734595,0,0,0,0,0,0,0.9961521068269015,1.0210659055607678,1.7489755558273865,0,1.8875385521497439,0.4614186424158442,2.3081635070964674,1.5691096507815754,3.1140762994554843,0,3.496574426816342,2.2758949193968414,0,-1.3100229450171321,-0.5560494463454306,0.7216627897198613,0.2542442071401161,-0.29421699178699434,0,1.5201405598740712,2.6544602191087927,4.8803966301532995,2.693255417735697,2.209020326992337,0,1.535282166427101,-1.492444665714678,3.475105632677389,0.4907846048826183,0.6906522141861302,0,0,0,0,0,0,0,0.7997793265775703,0.6459643040927538,2.6790455351176616,1.1288990147280833,0.53159133652332,0,0.7944215991195183,0.6728729916389362,2.4938657383417917,1.0004702898477502,0.992015896174471,0,0,0,0,0,0,4.778399833565408,2.276196360040558,3.1348498341829085,1.4374907822553848,0,2.6172024125098434,2.5189743457404354,-1.28596608516205,-1.0075285726166077,-2.6866684104329517,0,-0.10204126013568837,3.5573175444272147,2.177922216622286,2.450044408986596,1.2697454286357353,0,2.2558452966783555,3.398854899098973,0.9366711484051846,1.283224813054562,1.3832634784183284E-4,0,1.0063501289004915,5.782603750222228,1.1637630888723507,0.9809694236125175,-0.2521239876228609,0,1.7902856146519808,1.4652731852873204,0.30977387183727245,1.1968758985190906,0,0.3648748304953644,0.7813259681204276,0.28563875916288595,-0.570961361210089,1.1931035800055847,0,0.37504389949626216,0.3694236144007763,-0.9015999403558803,-0.7978465602110334,-1.7001602302438434,0,-1.5798519917950316,-0.7817633437202489,0.29189607254002503,-0.4202387845162008,0.5636633481647175,0,0.73653981088591,0.3233922597773411,0,0,0,0,0,0,-1.0324280510432957,1.1085950868453796,-0.9915982409358839,0,-0.20413758059552345,-0.12867561511409997,0,2.1773605145581465,1.2614212216663372,2.3186095991743056,2.2736309758770545,1.5844484571360047,0,1.12938113785602,0.7469704323960809,1.5896616217341286,0.13497504027092733,0.7943331959007196,0,0.8895204941924968,-0.14313128107602502,1.3332633265009055,0.7097665456523536,0.5055069459503367,0,0,0,0,0,0,0,1.195134951900238,0.2044600548093971,1.3566230958263699,0.9960173723414414,-0.020674363805183393,0,0.9248789852368526,-0.7162974661226764,0.8335332553117807,1.2420116991217238,0.38665532459352736,0,0,0,0,0,0,2.378126062125336,0,0.8303185482096618,0.9141887047861039,-0.059831404042196557,0.9834671077458887,1.2519735553807778,0,0.2771334159497769,0.22721561120494105,0.15987046393401005,0.3579060827305467,1.7077106033848466,0,0.7612637020632733,0.6118228997700319,-0.7569639839886859,0.6063761795271643,1.5331522064604526,0,0.3925398844415522,0.4707479199111315,-0.27244329987631977,-0.08094382431476177,1.6377820818943962,0,-0.40934280745118334,0.4971549537522435,-1.043182571670925,0.2942468478661482,-0.6666745725388785,0,-0.04946041484720087,0.026104573938786846,-0.16669552584104563,-0.03331144195495783,0,0,0,0,0,0,-0.15159511594087727,0,0.19631476585316543,0.08463471970737224,0.08483711865792642,0.14350361034271586,-0.034346221957682666,0,0.19112637120970355,-0.37728803814438105,0.744262503654042,0.12542240896134782,-0.19899488602868587,0,0.16424511628723248,0.06834739837598924,0.2710726315724479,-0.30459691838041714,-0.7274731524464939,0,0.07175900467649621,0.5533447445216773,0.626507134106232,0.20516816494282786,0.07495098590915816,0.11600307732200665,-0.10570449065689758,0,0.10837819069222476,0.15574847920180002,0,0,0,0,0,0,-0.004029805858560387,-0.07940830821465639,-0.5043805934339911,0,0.19614954618326141,0.003963338643677261,0.2874776842320106,0.0015297573265984354,-0.31371139501722123,0,-0.005709785214470742,0.004905450635901865,-8.624765167954962E-4,-0.032345400982833006,-0.1735615077281274,0,0.2104562918064392,-0.25668949850938283,-0.7849199675015726,-0.487771594689959,-0.33170385223800647,0,0.4797676222853937,-0.1845698555695945]],"modifications":[]}]}}
