{"modelSettings":{"letterOrder":"ACGT","bindingModeInteractions":[],"bindingModes":[{"fitLogActivity":true,"flankLength":0,"singleStrand":false,"size":13,"dinucleotideDistance":0,"componentName":"Binding mode 0","positionBias":false,"modifications":[]},{"fitLogActivity":true,"flankLength":0,"singleStrand":false,"size":13,"dinucleotideDistance":1,"componentName":"Binding mode 1","positionBias":false,"modifications":[]}],"letterComplement":"C-G,A-T"},"coefficients":{"bindingModeInteractions":[],"bindingModes":[{"mononucleotide":[0,0,0,0,0,0,0,0,0,0,0,0,0,0,0,0,0,0,0,0,0,0,0,0,0,0,0,0,0,0,0,0,0,0,0,0,0,0,0,0,0,0,0,0,0,0,0,0,0,0,0,0],"activity":[[-7.6613905488051195]],"dinucleotide":[],"modifications":[]},{"mononucleotide":[0,-0.26732259461299623,-0.1086045350626419,-0.41190937528277605,0,-0.9332229490576394,-0.47728449739621137,-0.0864777508286183,-1.8942178549847553,-1.2721462581719383,-1.819847671268171,0,0,-3.376036176329002,-2.989779617398292,-4.531690057458949,-4.22404610066439,-2.297388645525235,-3.3540118466714786,0,-3.435553951227999,-3.678312018150552,0,-1.3434449407856475,-4.454321152122998,0,-2.857106848952623,-0.9273727519000694,0,-3.1606472859280403,-2.6892499857563292,-0.7269868136403206,0,-2.5231068091791204,-1.8565863355798315,-2.7596966908163862,0,-2.150896105591535,-3.251750764636104,-3.9793569322851132,-2.7931523815252524,-2.529494626756547,-3.0070027190078017,0,-1.1925568367042318,-0.9956690711169696,0,-0.06216233410128247,0,-1.2776446757452762,-1.3403923787593426,-1.2182935745939893],"activity":[[0]],"dinucleotide":[[0,0,0,0,0,0.1792650715389037,0.4488905477938383,-0.1544392855687997,0,0.1847696343005376,0.12101936718688844,-0.14742966830042725,0,0.3668851372191835,0.4178058960306421,0.2796339546671227,0,0,0,0,0.47535884808682205,0.1715068000701665,0.17603832942298236,0,0.026157075853595835,0.11577226489027748,-0.09920564622357286,0,0.004208559762825637,-0.19164276314417794,-0.39821422333861367,0,0,1.775125463286825,0.5056508880765342,2.700100109020359,0,0.5366822052990452,0.8195338734747599,1.437894142022894,0,1.6438947097542709,0.8924724195222842,1.9054171395982777,0,0,0,0,0,0,0,0,3.197589457939147,1.3923001366793128,2.9837764527429247,0,3.8144560519812183,2.900487506175682,2.1648751410461085,0,4.561256429198642,2.367771606698926,4.399377693134653,0,2.4614985370988114,3.4618263918309697,0,0.4630666656050044,2.151529572797032,1.6993511875072267,0,-1.6624928544359028,2.4111517919625136,3.668820892763888,0,0.6857157517008732,0,0,0,0,2.4690118645356884,0,-0.445298691026089,1.2091926740412147,2.839843034495873,0,1.17294233036918,0.017632198679314648,0,0,0,0,0.7363922949673629,0,-0.6397442488327858,0.3114213505592156,0,2.4785644356744294,0.37408621965220146,2.4259925375545848,0,0,0,0,0,2.5867673499890937,2.3213493774961353,1.7638251082121963,0,-1.5520357850304594,0.18181015523507238,-0.001969607254157957,0,0,0,0,0,1.5912093461844323,1.3077205025447531,0.5576331210064502,0,0.6538364669037708,0.2807413070156537,1.1103529517665391,0,0.5349274746655865,-0.4722524753149413,-1.2725093987121374,0,0,0,0,0,0.49981437848906296,2.0292333171875727,0.6574093205543088,0,-0.269063322791844,0.9375681094440615,0.8828197353870237,0,0.3589128691504895,2.4205452490726698,-0.6444810593065355,0,0,0,0,0.7610606104283315,-0.6198442092371721,1.1876710140975248,0,2.262131835671725,2.560953983721223,1.8962002518568983,0,1.8089548233240755,1.833072941095307,2.8340763614094273,0,0.8471557740331868,1.6596426473288695,0,0.7934735365692696,0.605261110979832,0.1555851965914341,0,-0.06660513170107318,0.9825889219537789,1.4327247730404178,0,1.194057632747529,0,0,0,0,0,0.9488832055998557,1.1402570312615836,0.9914150229441079,0,0.6111333866745197,1.1008195272054033,0.6005243452329196,0,0,0,0,0,0.3653316043660313,0.6454340350129506,0.44621021567443986]],"modifications":[]}]}}
