{"modelSettings":{"letterOrder":"ACGT","bindingModeInteractions":[],"bindingModes":[{"fitLogActivity":true,"flankLength":0,"singleStrand":false,"size":13,"dinucleotideDistance":0,"componentName":"Binding mode 0","positionBias":false,"modifications":[]},{"fitLogActivity":true,"flankLength":0,"singleStrand":false,"size":13,"dinucleotideDistance":1,"componentName":"Binding mode 1","positionBias":false,"modifications":[]}],"letterComplement":"C-G,A-T"},"coefficients":{"bindingModeInteractions":[],"bindingModes":[{"mononucleotide":[0,0,0,0,0,0,0,0,0,0,0,0,0,0,0,0,0,0,0,0,0,0,0,0,0,0,0,0,0,0,0,0,0,0,0,0,0,0,0,0,0,0,0,0,0,0,0,0,0,0,0,0],"activity":[[-7.819048693042188]],"dinucleotide":[],"modifications":[]},{"mononucleotide":[-1.1563397640995632,-1.3158389028248187,-1.2619005503067875,0,-0.026122298986919645,0,-0.9414163849016042,-1.1297793707101924,0,-2.9593410337615964,-2.3135460675201784,-2.7073457994093175,-3.4482947487534714,-2.9792752619364276,-2.0766852103836193,0,-2.641687261494546,-1.8411741359330236,-2.509045717566231,0,-0.7127694270778093,-2.615952366760851,-3.1040387045930284,0,-0.8883819850670918,-2.744531445679815,0,-3.8218313666731394,-1.2612830247089413,0,-3.443090855085437,-2.9606246004430954,0,-3.2918796090392197,-2.2888148615429422,-3.8480164431202857,-4.204574617865635,-2.8752818476772646,-3.2205551098345158,0,0,-1.7889393119000765,-1.2710010617711767,-1.8269205198720933,-0.08791841147968071,-0.4842961223604192,-0.9299560639139024,0,-0.39109289260049884,-0.12350641457291545,-0.27873355683748713,0],"activity":[[0]],"dinucleotide":[[0.40588717172193967,0,0.5460547669303892,0.9525441612411036,0.615895659553253,0,1.0423126048139721,1.1066487505415452,0.36711009891564217,0,0.5654231943892576,0.923604803127752,0,0,0,0,0,1.18180869288679,-0.2323923297576158,0.7524228497015741,0,0,0,0,0,1.3497328600631207,-0.13653700893311438,1.598412648868326,0,1.0322944863522086,0.2268723639018786,0.9327077472029828,0,0,0,0,2.3160045038028896,1.6456050700470923,0.9200274133931297,0,2.9422857229819774,1.999302562503372,-1.2416725480422715,0,1.8381937027183026,2.152544614746531,0.6882090833781724,0,-0.4259865135032834,0.03697136728190564,-0.17806254827632095,0,2.1127488168719113,0.49602789115078316,1.6483021531949484,0,0.1318390544218806,-1.2761191450134834,-0.2063241027584235,0,0,0,0,0,-0.7971914061225966,0.9662515823000923,0.9512241120826816,0,-0.45562231465757996,-0.3999268684228552,0.8164534899394269,0,0.9983006827703136,-0.09732926332125569,-0.5715918654425787,0,0,0,0,0,0.02313681868509576,1.6750240598626966,0,1.8872943819708698,0.3565972271178879,2.0238936805437655,0,0.26142941043564605,-3.0304709611976204,1.7739500504626005,0,2.2095533960973093,0,0,0,0,0.31504301860248063,0,0.2293553863043254,1.0858402572130306,-0.4963802771586119,0,1.046820870664603,0.044500040223479864,0,0,0,0,0.8042797091527705,0,2.714523700181629,2.1374058899377184,0,0.9156135450590472,-0.8503182516751391,0.8805749139020982,0,0,0,0,0,3.4363889219351407,1.5489234440456414,3.198972279686136,0,2.4064716723695128,1.996749574155233,2.375500304610128,0,0,0,0,3.900707448977953,1.8613511357083272,2.6978023146155383,0,1.9099614490971675,2.7103070820889243,1.1921530164207121,0,3.9394540279441497,3.4155376708854535,3.056079210902113,0,0,2.0061910850427465,1.6783911358592727,2.7433014374291274,0,0.6867368771747984,0.7356679146003504,0.676108756718631,0,1.5445713362340996,0.5205915975456863,1.776551246771949,0,0,0,0,0,0,0,0,-0.37769885349207755,-0.14834077155613556,0.15109239360572246,0,-0.1687110848407194,0.10068232529738097,0.1710944693477039,0,0.0049551127103484305,0.021407826580233547,0.469127064087985,0,0.26833400782675376,-0.14454979920950528,-0.1532126023647855,0,0.407324447479402,0.11409939796752688,0.44267383625229506,0,0.3526951990322509,0.17756601324039245,0.17278629193760864,0,0,0,0,0]],"modifications":[]}]}}
