{"modelSettings":{"letterOrder":"ACGTcg","bindingModeInteractions":[],"bindingModes":[{"fitLogActivity":true,"flankLength":0,"singleStrand":false,"size":11,"dinucleotideDistance":0,"componentName":"Binding mode 0","positionBias":false,"modifications":[]},{"fitLogActivity":true,"flankLength":0,"singleStrand":false,"size":11,"dinucleotideDistance":0,"componentName":"Binding mode 1","positionBias":false,"modifications":[]}],"letterComplement":"C-G,A-T,c-g"},"coefficients":{"bindingModeInteractions":[],"bindingModes":[{"mononucleotide":[0,0,0,0,0,0,0,0,0,0,0,0,0,0,0,0,0,0,0,0,0,0,0,0,0,0,0,0,0,0,0,0,0,0,0,0,0,0,0,0,0,0,0,0,0,0,0,0,0,0,0,0,0,0,0,0,0,0,0,0,0,0,0,0,0,0],"activity":[[-11.665010495524424]],"dinucleotide":[],"modifications":[]},{"mononucleotide":[-0.020636703087408392,-0.4492384780552001,0,-0.20374015264165202,-0.1608221149828264,-0.43850197431534177,0,-2.07627634157323,-0.8912734410417045,-1.0216104403401207,-1.9452647140026382,-1.1252836088337492,-1.8649042316338846,-3.2997720058629714,-3.6471967223759485,0,-1.5625788269282648,-2.997266305005434,-1.9537340772568488,-4.766023549351838,0,-3.428961872097691,-2.1210718446030885,-1.654709242624552,0,-5.417619488144522,-4.589597061133694,-3.376495072464351,-3.4136254462185676,-3.119853509921736,-3.1208721617607402,-3.601548370166972,-2.980580705827613,0,-1.4221038050840367,-2.3379334284501994,-2.2618449112271772,-3.568207354045894,-3.4475282862025782,0,-3.147495459028095,-1.4989320739462588,-1.4895557074750752,-3.3098449931972542,-1.6277104773140643,0,-1.4255297893925594,-2.5627211274207458,0,-6.097241354062237,-3.6102226875960266,-7.185675735597287,-4.870630064273885,-3.9803172966259126,-3.037529072282142,-0.9681519456752774,-2.265361397056667,0,-0.24646528885787866,-1.9994401902649308,-1.135928307616192,-2.6819622254889577,-0.21255905531757335,-0.8550791909290343,-2.1526273822992827,0],"activity":[[0]],"dinucleotide":[],"modifications":[]}]}}
