{"modelSettings":{"letterOrder":"ACGT","bindingModeInteractions":[],"bindingModes":[{"fitLogActivity":true,"flankLength":0,"singleStrand":false,"size":17,"dinucleotideDistance":0,"componentName":"Binding mode 0","positionBias":false,"modifications":[]},{"fitLogActivity":true,"flankLength":0,"singleStrand":false,"size":17,"dinucleotideDistance":0,"componentName":"Binding mode 1","positionBias":false,"modifications":[]}],"letterComplement":"C-G,A-T"},"coefficients":{"bindingModeInteractions":[],"bindingModes":[{"mononucleotide":[0,0,0,0,0,0,0,0,0,0,0,0,0,0,0,0,0,0,0,0,0,0,0,0,0,0,0,0,0,0,0,0,0,0,0,0,0,0,0,0,0,0,0,0,0,0,0,0,0,0,0,0,0,0,0,0,0,0,0,0,0,0,0,0,0,0,0,0],"activity":[[-13.513012019546524]],"dinucleotide":[],"modifications":[]},{"mononucleotide":[0,-0.45195771678694996,-0.23214684157698784,-0.32472280403063536,0,-0.34209141598398674,-0.13866127520852345,-0.14762646684706837,0,-0.8653300857104789,-0.022906593994779456,-0.7307237042114174,-0.5410096591804034,-1.0818480963105799,0,-0.990321549673606,-1.3117247676824029,0,-1.6350906121496518,-0.2865051782812067,-0.8188921851234596,0,-2.052264273400926,-0.9982527950563238,0,-2.508376251533454,-0.9201989781689228,-3.389420930112058,-7.02867446096629,-3.8189387897373344,-6.816078731117036,0,0,-1.733773047557749,-3.386618167534216,-1.4645666048332266,0,-3.7315734038991444,-3.642710053277069,-2.3018380625769232,0,-3.0481662834860277,-3.562563296094769,-3.18510939149421,-2.8453198377631264,-4.65980822224307,-5.366816200749708,0,-3.195147834648038,0,-4.039235887240141,-1.9752370779121495,0,-3.350532136630905,-3.466980362264467,-1.8353324578701695,-1.0481377729461006,-0.8496416583210316,-1.9963432455694132,0,-0.05896060699459582,0,-0.3106854378302195,-0.012248947103177699,-0.1958830707718544,0,-0.33959110964386774,-0.00941818832309238],"activity":[[0]],"dinucleotide":[],"modifications":[]}]}}
