{"modelSettings":{"letterOrder":"ACGT","bindingModeInteractions":[],"bindingModes":[{"fitLogActivity":true,"flankLength":0,"singleStrand":false,"size":12,"dinucleotideDistance":0,"componentName":"Binding mode 0","positionBias":false,"modifications":[]},{"fitLogActivity":true,"flankLength":0,"singleStrand":false,"size":12,"dinucleotideDistance":20,"componentName":"Binding mode 1","positionBias":false,"modifications":[]}],"letterComplement":"C-G,A-T"},"coefficients":{"bindingModeInteractions":[],"bindingModes":[{"mononucleotide":[0,0,0,0,0,0,0,0,0,0,0,0,0,0,0,0,0,0,0,0,0,0,0,0,0,0,0,0,0,0,0,0,0,0,0,0,0,0,0,0,0,0,0,0,0,0,0,0],"activity":[[-5.610161128421778]],"dinucleotide":[],"modifications":[]},{"mononucleotide":[0,-1.523925342580334,-1.3696636153770232,-1.674211056483708,-2.284664994141915,-2.494865465904711,-1.898407740101037,0,-3.027998210456497,0,-2.813440864720821,-2.486405557796944,-1.8667985763278026,-1.971051421262981,0,-0.8052505338676941,0,-4.053030077211064,-2.1552344898784117,-3.343640852452631,0,-7.024607357119897,-4.140438834348224,-5.400987376803829,-2.2830352738242334,-2.427822181272475,-1.8709453002571852,0,-1.016291132122669,-0.9641519445649198,-0.7601605327466565,0,0,-1.515524454193625,-0.2661204433199469,-0.966874536363223,-0.23692694421282212,0,-0.04632398610141841,-0.30162413321751913,-0.03605621708144646,-0.11765064669415004,0,-0.12755645864817744,-0.4325193943562162,-0.19157194963468172,0,-0.07605736311803568],"activity":[[0]],"dinucleotide":[[0,0,0,0,0.8576401880100502,0.3920885429997316,1.3904965703205185,0,1.0007048556197091,0.690263799306285,1.3895272808297676,0,0.7429214052845676,0.7318507887628654,0.9291699227544967,0,-0.26595386791656495,0,0.023007798586188066,0.00787699771718664,0.39357968158833767,0,0.5192048045627198,0.35656299578300654,0.1378492731044325,0,0.16054178420002163,0.4077896359806168,0,0,0,0,1.3253868822471322,2.008758791735664,0,2.6648103951023963,0,0,0,0,2.0840746177735436,2.6102455173484156,0,2.691783573539814,1.5418657675003171,1.8429317916427745,0,2.3149213426766444,0,1.6667199908171142,-0.010878526926680898,-0.35027815426479236,0,0.5307312688230885,-0.3804022017805879,-1.4456179138343241,0,0,0,0,0,0.4921188294727461,-0.8763559403945935,0.31029276278725515,0,0,0,0,0,2.4481668065423,0.37573011524490774,1.9891319493420783,0,3.376484419787986,1.0007091777918555,3.3686377854488407,0,0.10788587478943157,-1.5585854085770778,2.774880649079531,0,0,0,0,0.9098194246490809,1.9847827874246535,1.2632556870828875,0,1.1644535647087322,1.6712218531597962,2.612356398321694,0,0.3567242314096708,0.6796533778033274,1.3258575054085675,0,0.3479406248561183,0.3450051582451614,0.47816936717868863,0,0.35829785751999754,0.2565497502970695,0.47648705880617914,0,-0.41319809791657836,-0.14303878933386027,0.04284982698343942,0,0,0,0,0,0,0.49084745824588794,0.1855688131471398,-0.22277966819890782,0,-0.06382020316855641,-0.1880119028025673,0.04631255951425839,0,0.06456742268787075,-0.2023709305284367,0.0012952804566728204,0,0,0,0,0,0,0,0,0.44803953136966346,0,0.11572484069103695,0.3437019014841409,0.16285935691405307,0,0.07908326658182396,0.16718734822221215,0.22767181039388618,0,0.16823705191236193,0.12171411454448755,-0.2938720506298864,-0.12517864292604663,0,-0.1411097106578687,0,0,0,0,-0.3154834958696551,-0.13895611352410953,0,-0.12451307960015612,-0.12655236161817918,-0.08896308596872693,0,-0.1834098006798115,0.18672253501184777,0.14411516038614458,0,0.045821417438107304,0.32030952821140346,0.22566528191834045,0,0.02202729497623679,0,0,0,0,0.26728890192496024,0.11729697096079761,0,-0.07218892798122667],[0,0,0,0,0.5337819968934792,0,0.36081138504994303,0.10488224748187847,0.21137805877325277,0,0.056728550801633304,0.292890017664436,0.3256928812948381,0,0.3690600093094005,0.21303908897079094,1.4083303087623857,1.6100348635609372,0,1.316546112150748,2.209731234572713,1.8938996775286565,0,1.435218445591488,1.285026428693019,1.1714495230548607,0,0.27859326632253634,0,0,0,0,0,0.850922673121767,1.0851896930563747,1.425919927924772,0,0,0,0,0,-0.18632028625177988,0.5571138893472858,-0.1769747953550036,0,-0.16399411598279645,-0.1770072316924347,0.3578024157711308,0,1.681448685500829,-2.839650446289168,-2.860245339557104,0,2.129865962985119,-2.4360157743949546,-2.6696957395546486,0,0,0,0,0,3.1557881272507817,-1.6251074833650083,-1.9334420839365682,0,0,0,0,1.3175040478563673,1.936355173820406,1.2286294373594036,0,1.1762980230765523,1.115138086132542,0.628031166747987,0,1.9099105687701767,1.8829308976169097,1.6268980388504302,0,0,0,0,0,-0.0051553859393500545,0.5875537373741357,0.17739270167734045,0,0.12949776441747307,0.5236723106766084,-0.2682737057714544,0,-0.1877073233280413,-0.5107005627748418,-0.3024272452471779,0,0,-0.23371541387936023,0.26347592406095544,5.803337701024702E-4,0,0.0119947014212336,0.12970783724342816,-0.06036907134884917,0,-0.07064643443120033,0.2771484803819666,-0.27869884710464365,0,0,0,0,-0.11303377990237529,0,0.22126101948992094,-0.17550916564751784,-0.07637735499650589,0,-0.00442367556418688,-0.02443783263318089,0.017614423936603174,0,0.11558565234599527,-0.03154498277015971,0,0,0,0,0,0,0,0,0.03280634086318113,-0.005923471484151399,0,0.08010166395030449,0.0666903743293279,0.11499433147243643,0,0.17622189563476987,-0.00832435652232455,0.12181039522409165,0,-0.05257259172911066,-0.04229835946380156,-0.1282986810904987,0,-0.11949294842712455,0,0,0,0,0.11803083427469296,0.0709301075032105,0,0.008509777772687244,0.0363990671280785,0.019620824490457878,0,-0.1705041543930932],[0,0,0,0,0.5924080750439078,0.8464713542761029,0,1.152644271793335,0.570198219928546,0.8844471733705817,0,0.9018117489711859,0.8367024518590167,1.1528727407532635,0,1.136509591187714,0,0.46705629314843566,1.2384562901313938,0.9600798075427761,0,-0.3414682907492326,0.5222410401039079,0.19832934580799488,0,-0.11177496220859418,0.7656312748910832,0.0947620343014659,0,0,0,0,0,-0.8876537497211743,0.5552894983998824,1.051090310164044,0,0,0,0,0,0.0035444786273401974,1.908292670641373,2.0878956928363515,0,0.4856696710519195,1.5607641309327178,2.6573447581359275,0.3900039776106068,0.36340757729023565,1.0219697692038867,0,-2.537334948210347,0.31614999558684076,0.4889279409170122,0,0,0,0,0,-0.2678614550457663,-0.8306418602984627,0.23203749121796413,0,0,0,0,0,0.6747943946236337,0.8855248884077929,0.8019802929078628,0,0.7206446478443445,0.19741562064956497,0.42460479886778835,0,1.0462756448606818,1.2149223228996808,0.9134957314441943,0,0,0,0,0,0,0.4308217999807038,-0.22847957356493964,0.7641559412006194,0,0.7620808608560008,0.3443101800109174,0.8762507005832729,0,-0.039598396602173125,-0.049764293745862,0.3716539652388766,0.13127244171139463,0,0.25328680378366464,0.16008465831773222,-0.1731765817678923,0,-0.010287822931037915,-0.07161939674776363,0.07804869416526561,0,0.25741758772779644,0.00940496821315584,0,0,0,0,-0.10079687229813317,-0.11553357340801451,0,-0.005442994567274262,0.03052953845684847,0.08360658374000529,0,0.15536634760118595,0.023284260825985115,-0.029986200263270035,0,0.0020536836974009987,0,0,0,0,0,0,0,0,0.05431854908428768,-0.016280957942261587,0,0.09874948048778176,0.12420553374218635,0.15727809527668235,0,0.17030667319221848,0.006961762805745231,-0.04934020391675986,0,0.08909408368050187],[0,0,0,0,0,0.5451456847783964,-0.5780844397223159,-0.11440966315172485,0,0.18342816853352595,-0.19852638957588642,-0.5524417801626287,0,0.22533565131626165,-0.171707104531877,-0.2609478142023507,0,-1.4491558714861181,-1.8450896656449451,0.5147279462345136,0,-0.44333420328066,-0.5408615750628609,0.6971698676135123,0,-0.5613697045744512,0.570699336685851,2.187228788214939,0,0,0,0,-0.19107650911673435,0.6758880947376866,-0.18314261279337263,0,0,0,0,0,-0.0780302682731353,0.20475474914214953,-0.08817175403867505,0,-0.11309095544868875,0.38143303371596105,-0.42075159894804326,0,-0.1479373118324352,-0.46113774768120663,0.03387796217732131,0,-0.49068621538319146,-0.476474585313321,-0.6120053539657171,0,0,0,0,0,-0.1484609732395361,0.058173491521900544,