{"modelSettings":{"letterOrder":"ACGT","bindingModeInteractions":[],"bindingModes":[{"fitLogActivity":true,"flankLength":0,"singleStrand":false,"size":12,"dinucleotideDistance":0,"componentName":"Binding mode 0","positionBias":false,"modifications":[]},{"fitLogActivity":true,"flankLength":0,"singleStrand":false,"size":12,"dinucleotideDistance":1,"componentName":"Binding mode 1","positionBias":false,"modifications":[]}],"letterComplement":"C-G,A-T"},"coefficients":{"bindingModeInteractions":[],"bindingModes":[{"mononucleotide":[0,0,0,0,0,0,0,0,0,0,0,0,0,0,0,0,0,0,0,0,0,0,0,0,0,0,0,0,0,0,0,0,0,0,0,0,0,0,0,0,0,0,0,0,0,0,0,0],"activity":[[-5.841510369123448]],"dinucleotide":[],"modifications":[]},{"mononucleotide":[0,-0.43944300895443966,-0.30009343200502236,-0.3862491079219801,-0.7988870769193461,-1.0194070574805156,-0.8836332050395956,0,-1.9360108188444283,0,-1.3122259479070184,-1.8953485404987163,-1.1745149624945075,-2.2829120749811445,0,-0.11158040538439096,0,-3.2441000855428292,-1.779330993706056,-1.729603161090333,0,-4.901540731226815,-3.229125293530881,-6.036371949577936,-2.094811852062615,-2.2759040546371603,-1.9832218075496755,0,-0.8415009840089374,-1.0844741683615853,-1.0565142005353163,0,-0.2282883354486529,-0.8415237893065557,0,-1.0883405059271114,-0.5224242310133,-0.39302888614155673,0,-0.6781321173831429,-0.5148520742111824,-0.5432886882661219,0,-0.5603389023135366,-0.3450949487773691,-0.27974588110522447,0,-0.2912954346020955],"activity":[[0]],"dinucleotide":[[0,0,0,0,0.7022275007117251,-0.0364791249626748,0.6437133602807616,0,0.3742857330815905,0.12572270087257476,0.7866627568334899,0,0.45273333924817827,0.11795326991516042,0.5629267861405065,0,0.17104787728273863,0,0.49547524020104383,0.2431521501635645,1.1046682271148223,0,1.0247420678655912,0.9991204601423469,0.45217998698474116,0,0.9037422129160122,0.6020435792340493,0,0,0,0,1.439851989540137,2.3332924356858458,0,1.8018841005051272,0,0,0,0,0.9352623234001793,2.149268190861182,0,0.9042741139241333,1.5201874898419652,1.8787993400370482,0,1.7889034223488345,0,0.9277002427595966,1.065926676335665,-1.1998837314967483,0,0.4830165723264006,0.5026305526928874,-0.971251506899665,0,0,0,0,0,-0.06848313668935724,-0.4032524086976643,-0.9402321684906889,0,0,0,0,0,0.5165338207769778,1.6072577091889189,1.9406814143340743,0,1.1473657456891004,2.4739383633880605,4.023333470114729,0,0.4292442916112389,1.8194559532788062,3.0548402462092312,0,0,0,0,2.982360076121217,1.2720842937128252,1.815230696361156,0,0.9596906632693338,1.1164799159961065,2.9512319987133795,0,0.9908942978656423,0.8254183010724807,3.4638059681914175,0,0.113580330427963,0.6764646254593547,0.25292024301985894,0,0.7025009028102609,-0.34582884360154065,0.4564240425506325,0,-0.03674344798756568,0.30805076191152647,0.7555724352796096,0,0,0,0,0,-0.24064599726637592,-0.18932026180396733,0,0.03377859223615598,0.18105771139905968,-0.2785799676190095,0,-0.5142979213418668,0.40034332640972714,0.530318281523984,0,0.46352133353407243,0,0,0,0,-0.135653582917314,0.27650729994215784,0,0.21746399863375654,-0.5465046340772739,-1.6342454399224566,0,-0.8575387839291047,0,0,0,0,0.16696850154591036,-0.3019585412835193,0,0.024005661272615164,0.12991649707633712,0.2596243574703214,0,0.3360775343937181,0.41649482561394446,0.16888205210117313,0,0.32792911674453595,0,0,0,0,0.4569192391678225,0.19091131107361647,0,0.26007566195273757,0.1215291781156429,0.18064893525182413,0,0.2236878211125548,0.36191680653880276,0.21229891176500448,0,0.24671253936502158,0,0,0,0,0.3486504936950565,0.2787285307517182,0,0.2562057030619851]],"modifications":[]}]}}
