{"modelSettings":{"letterOrder":"ACGT","bindingModeInteractions":[],"bindingModes":[{"fitLogActivity":true,"flankLength":0,"singleStrand":false,"size":12,"dinucleotideDistance":0,"componentName":"Binding mode 0","positionBias":false,"modifications":[]},{"fitLogActivity":true,"flankLength":0,"singleStrand":false,"size":13,"dinucleotideDistance":1,"componentName":"Binding mode 1","positionBias":false,"modifications":[]},{"fitLogActivity":true,"flankLength":0,"singleStrand":false,"size":12,"dinucleotideDistance":1,"componentName":"Binding mode 2","positionBias":false,"modifications":[]}],"letterComplement":"C-G,A-T"},"coefficients":{"bindingModeInteractions":[],"bindingModes":[{"mononucleotide":[0,0,0,0,0,0,0,0,0,0,0,0,0,0,0,0,0,0,0,0,0,0,0,0,0,0,0,0,0,0,0,0,0,0,0,0,0,0,0,0,0,0,0,0,0,0,0,0],"activity":[[-5.798005230830714]],"dinucleotide":[],"modifications":[]},{"mononucleotide":[-2.105812051182672,0,-2.209697264030932,-2.1359842774424243,-1.9359559647743265,-1.6479204501324494,0,-0.8869916882280588,0,-2.6904967154598185,-1.9075795122942516,-2.3153160974956633,0,-3.7902299893670364,-3.3428928397527713,-3.357111491633317,-2.4219532772336754,-2.5190973222295496,-1.9746948709806924,0,-1.462764213648107,-1.1271274949968981,-0.955548760858947,0,0,-2.239427473155008,-0.5055586466706683,-1.5697967582253571,-0.3714857379378431,-0.026934898121281137,-0.0781222959906902,0,-0.18421089322815076,0,-0.189917182657783,-0.39892755326501206,-0.21323325057187237,0,-0.09061124551717192,-0.03187390512175048,0,-0.1114855642004211,-0.34015026867511367,-0.12085050370944916,-0.12806553041711188,-0.19371038928389517,-0.5011520727812124,0,0,-0.5335114854486824,-0.4594806311078785,-0.31168911808999544],"activity":[[0]],"dinucleotide":[[2.0289606373840887,2.007800644246748,0,2.1641949685497393,0,0,0,0,2.5530151585124257,2.7661714448867505,0,2.350675504123874,2.3037206656117255,2.2494198931653075,0,2.421134765205311,0,0.7886165750054674,0.6729050794247171,1.3279232711426543,0,0.36109753998846283,0.09388190904189564,0.3252897535105377,0,0,0,0,0,0.4179798139398012,0.15490240096805863,0.4271882288556075,0,0,0,0,0,0.8732427990094926,0.9515331714289088,1.0959682132035589,0,0.5805115708107422,0.5486269788433971,0.8298874967396976,0,0.9386263158902626,1.0494257486327312,1.7489293884651262,0,0,0,0,1.306196808655704,1.000260586327248,0.9901085394248987,0,1.1792905486115393,0.8327382408060595,0.8869151204097578,0,1.061905637021189,0.7204695374676646,0.8399560917801399,0,0.4326003335766435,0.7176045188225126,0.24894789746857438,0,0.9865446510824594,0.4122818113937896,0.745408505958983,0,0.003499914883398958,-0.2584218454524727,-0.27371881234310713,0,0,0,0,0,0,1.1326833006012804,0.5126544960696426,0.14080836715283862,0,0.3002740518475582,0.08522607956050932,0.05328707030009694,0,0.5462986357929629,-0.203344958552365,-0.10461414361419985,0,0,0,0,0,0,0,0,0.5775729199102848,0.003845370563428485,-0.11901022108829018,0,0.42351860519874096,0.22648520355983814,0.3472246925327718,0,0.6665799234695018,0.03275217218250859,0.5258251448138567,0,-0.0158346101079192,0,0.1386157503140848,0.2264228461737119,0.194139374780538,0,0.11768630147319747,0.38879703448342307,0.01764851321285521,0,0.023484477050264907,0.3268988931401835,0,0,0,0,-0.07102413565687682,0,-0.012707881351975203,0.022775925195023472,0,0,0,0,0.0678494722956633,0,0.007597691732651679,0.0642156505300373,0.009106646785145278,0,0.006173268826844769,-0.06252922149173523,0,0.16061534388016296,0.37015092564025087,0.09525765906431527,0,0,0,0,0,0.144288195491737,0.3557861363317709,0.13126990282028084,0,-0.009062687942838377,0.28235875664827326,-0.016207938413887124,0,0,0,0,0.027482014945654054,-0.08505357974437233,-0.06328084661256805,0,-0.19861039926222257,-0.03351527733564641,-0.022892116424402253,0,0.17860280418581143,-0.0469730440877405,0.17492042701990718,0,0,0.2238491605289794,0.06428715331613333,0.24463666381360794,0,0.1506515104890429,0.08481889400020126,0.1515334730570701,0,0.41366496798527064,0.21699955627865775,0.43204060451422777,0,0,0,0]],"modifications":[]},{"mononucleotide":[-0.3721163273436032,-0.6995302024204335,0,-0.3145505785411551,-0.6368700742680717,-0.9856841111390273,0,-0.5500436777288917,-0.9674686877931022,-0.9667559870717777,0,-0.39081138062138354,-0.6207367907607981,-0.8671420794406424,0,-0.38117727787468536,-0.0032580212560269217,0,-0.04964009286455595,-0.08589735547171617,-1.469430549446064,-0.7508592395085143,0,-1.4334909456444282,0,-0.8402010705354104,-0.38386425751597986,-0.2653599128650743,-1.7744619656891516,-0.8452889527030911,-1.211484670356458,0,0,-1.74617519939923,-1.6959636610992739,-1.704523379293657,-0.5775078302036258,-1.0067005445936776,0,-2.2742331470229624,-2.0802057022112237,-2.429446893025643,0,-1.1060228135057315,-0.9096610612362152,-1.1489650047591946,0,-0.5969228418329355],"activity":[[-1.2102641802954057]],"dinucleotide":[[0.5642786085046014,0.5184294544696131,0,-0.0651568035902732,0.3680475569541162,0.0032010122900028026,0,-0.2006001140828808,0,0,0,0,0.2939982051887191,0.022362107492047922,0,0.012774223978394339,0.43201272102559063,0.33914674337886064,0,-0.47849643137851783,0.6640796181785664,0.034666268811481826,0,-0.22861512228029235,0,0,0,0,0.46629732163450077,0.135977484166532,0,-0.13698159432313783,0.4084484191410769,0.4820430316064168,0,-0.17981169024399168,0.3857712855118103,0.11291136387788625,0,-0.06145953106336677,0,0,0,0,0.17144626106636496,-0.002901820441432612,0,-0.06370852124786941,0.18824646408080925,0,0.28121141198111044,-0.13110025881580567,0.7209623260456588,0,0.45660772067676425,0.06635890201982608,0,0,0,0,0.00602787071733224,0,0.18422595031380307,0.06532909288125688,0.014358200165216495,0.5883847025240283,0,-0.016125269502923256,0,0,0,0,0.305691081435584,0.6530835216175512,0,0.7066838699406408,0.1277559451788579,0.21502150113130591,0,0.5774287630096464,0,0.7419558356060507,0.4979932352331453,0.6837687243330808,0,-0.17792822458279245,-0.33263969782590785,-0.17989175614966446,0,0,0,0,0,0.47948538982139666,0.33262333098571273,0.6525629342962136,0,0,0,0,0.6715622504067558,-0.1901968808121779,0.31909340959983656,0,0.4731020668933994,-0.13639803206723755,1.1217380718803998,0,-0.42862799588061495,-0.8679050345041734,-0.18487065377446465,0,0,1.2264675085024352,1.499607556823721,0.9835107587148535,0,0.9146344594551314,1.0505126537237106,0.9441759252138924,0,1.753930806129682,1.3477012993630129,2.075885420703875,0,0,0,0,0,0,0,0,-0.6652450779847188,-0.2746473381530552,0,0.5608614055266168,-0.13486531742710373,-0.08516332851080621,0,0.7775334603245199,-1.2195866924008874,-0.0977464031796269,0,0.5548437781025344,1.581414312984337,1.1863703274900488,0,1.4005934815216587,0.6894559521299573,0.39402623696485284,0,0.09496211864227488,0,0,0,0,0.8963666457766442,0.8630197088076725,0,0.3780672506030447,1.0069071380713432,0.6161474631105568,0,0.9260183561195037,1.2163969003115578,0.7533367216976679,0,0.5977909083258024,0,0,0,0,0.558398937521964,0.48107710056586916,0,0.05095509192665215]],"modifications":[]}]}}
