{"modelSettings":{"letterOrder":"ACGT","bindingModeInteractions":[],"bindingModes":[{"fitLogActivity":true,"flankLength":0,"singleStrand":false,"size":12,"dinucleotideDistance":0,"componentName":"Binding mode 0","positionBias":false,"modifications":[]},{"fitLogActivity":true,"flankLength":0,"singleStrand":false,"size":12,"dinucleotideDistance":1,"componentName":"Binding mode 1","positionBias":false,"modifications":[]},{"fitLogActivity":true,"flankLength":0,"singleStrand":false,"size":12,"dinucleotideDistance":1,"componentName":"Binding mode 2","positionBias":false,"modifications":[]}],"letterComplement":"C-G,A-T"},"coefficients":{"bindingModeInteractions":[],"bindingModes":[{"mononucleotide":[0,0,0,0,0,0,0,0,0,0,0,0,0,0,0,0,0,0,0,0,0,0,0,0,0,0,0,0,0,0,0,0,0,0,0,0,0,0,0,0,0,0,0,0,0,0,0,0],"activity":[[-5.366096397560646]],"dinucleotide":[],"modifications":[]},{"mononucleotide":[-0.012594031900677649,-0.35757344711340444,-0.13007426961345914,0,-0.11314613187847122,-0.2185921536940416,0,-0.18478669615443444,0,-0.17516695493104173,-0.07026706812340144,-0.020370582335258902,-0.3878096311306347,-0.057385696315424894,0,-0.558825354253969,-1.433375224826925,-0.1902057263653507,-1.9555730806232603,0,0,-0.8590141529731401,-1.053553283185165,-1.3297878346267726,0,-1.7611518448294854,-2.4035866020525525,-2.362041274731431,-12.209432705266297,-3.3745777683050147,-3.9794185739417465,0,-2.3062890498288997,-1.8448764163554046,-2.714252177888314,0,-0.49781391642595807,0,-1.6289784916595806,-2.0131849146260947,-3.0160239656749326,-3.007318592728535,0,-3.2575547960887175,0,-0.9593880502702419,-1.16835891131171,-1.0298469811377329],"activity":[[0]],"dinucleotide":[[-0.018991719919577932,0.2174078617084021,0,0.09154301092942596,0.24095982084497614,0.3908696509692504,0,0.29472354597717576,-0.024043714640063385,0.26873301004949113,0,0.1299062981859631,0,0,0,0,0,0.12175805185474076,0.13999725770365679,0.08794134971343048,0,-0.015444840812818939,-0.027162261330277104,0.022805393707898247,0,0,0,0,0,0.041166661867967136,0.03367027631642294,-0.0847912619814224,0,0,0,0,0.245814318254725,0.1001496175882508,0,0.24972169665318766,0.35616018820185325,0.03666832238064721,0,0.13371542379013057,0.08966809089885075,-0.3139571236100984,0,-0.0605734155542077,-0.17949876103159212,-0.08103331199149011,0.049055479267212654,0,0.5214128736323644,0.12015561241129369,-0.20555890910204155,0,0,0,0,0,0.6642515893768337,0.22544182395010814,0.6176172200900458,0,0,-0.2871980017445228,-0.2387188933219635,0.16782827895994323,0,-0.3902423571373257,-0.056792351089685056,0.3919710024136922,0,0.3505349226038499,-0.4202008012197105,0.9679266575698255,0,0,0,0,0,0,0,0,0,-0.6551522827186078,0.6601635482915178,0.03718938823044127,0,-0.7169194740228662,0.12360367729159183,0.7332038184645144,0,-0.15987433240323945,0.8936044837252712,0.16871408631219875,0,0,0,0,6.771105306550628,1.4345395822104825,-2.049038167079684,0,2.859613416567381,1.472944801803724,-1.8700731590450985,0,1.60160758165895,1.0760422272780135,1.9868653009887955,0,5.497556003635873,5.517133505339624,2.136164740203929,0,2.308388165021962,-0.5388091853029762,1.9581386151887772,0,-4.049051471947196,-2.0903140869170898,-3.2173907144958545,0,0,0,0,0,-0.31662648121589587,0,-0.9060703186285206,-3.6056052083475674,-0.2058641095603102,0,-0.39132851826748905,0.7879386202231213,0.37534425724961995,0,-0.7803715622194574,-2.225397153423308,0,0,0,0,2.728491062902438,2.4012390909988617,0,3.0044981356308202,0,0,0,0,2.7922170971053637,3.112289150080863,0,2.7963965627236806,2.839633445929638,2.74141092347565,0,3.242712892856386,0,0.9957518657405187,1.1827244393392649,1.1249525433056218,0,0.8411341475219669,1.6441339793889767,1.0485207923160544,0,0,0,0,0,0.6078401822106931,1.0828949822246998,0.7271897793713573]],"modifications":[]},{"mononucleotide":[-0.3822332321505755,-0.8270216932331924,0,-0.4492304245915353,-1.1983602701747516,-0.9722466429640995,0,-0.7944987531620762,-0.7207044814683758,-0.942505972033453,0,-0.4820600831860098,-0.3754107292534856,-0.38053877324289154,0,-0.17899623742277893,-0.3391127674468626,-0.17452411080166286,0,-0.012219070019721556,-0.4334113816769518,-0.39406628205080363,0,-0.5534738959178913,-1.1523035914147868,-1.4814980812369805,0,-0.962872537523372,-0.20942174142599423,-0.6605352303309715,0,-0.675137019351232,-0.8511065639216953,-1.275182446187245,-1.5962746644000898,0,0,-2.1964096891647,-1.8495815885671463,-1.968399035056032,0,-5.7075772979481405,-1.8851310682120803,-7.170300700451991,-0.8828962036175039,-4.7620575023871226,-1.7564893559406856,0],"activity":[[-0.5996966465389179]],"dinucleotide":[[0.9153842745291967,0.5364454024980452,0,0.4622007064091682,0.485875518738184,-0.1502107238265693,0,-0.16578651308550807,0,0,0,0,0.7460397328218047,0.20650186967995054,0,0.4599057287775121,0.8768413886681792,0.47171758874696046,0,0.4611737722815743,0.378418426841753,-0.8738162109134455,0,-0.20526507120946924,0,0,0,0,0.5798630265166471,0.03902749490434809,0,0.45324615338336116,0.17361687374140145,0.08582082707962568,0,0.08912786571915143,0.5686380369759103,-0.1735865782265842,0,-0.1792489842067786,0,0,0,0,0.45944086564718045,-0.08200996232757474,0,0.08599185181392421,-0.03841337597369465,0.0814078997159049,0,-0.33186715819771884,0.14701229974070706,-0.3998280935865117,0,-0.5224602719018114,0,0,0,0,0.0979689142599307,-0.3760814402061494,0,-0.14894442972470223,0.027993316599194795,0.1914690810118609,0,-0.21215879901419532,0.1100642664748035,-0.25300823122445015,0,-0.25026341775997585,0,0,0,0,-0.1751594599825923,-0.13311588395074114,0,-0.2047861550080161,0.011015977375257613,0.5038885425768851,0,0.04042907991593969,0.46405449116287656,0.07546451984552238,0,-0.10952373321303588,0,0,0,0,0.10076530485713242,0.07989598043233759,0,0.3369464514824143,-0.32937650303356447,0.9013972544876765,0,0.14760051794277462,1.0389584216253414,0.619045034848897,0,0.791238515734431,0,0,0,0,0.15066105139696706,-0.3835353257194214,0,0.7216567169204797,-0.43163744416812877,-0.7705376112418412,0.36908066920738136,0,0.11769776464008341,-0.18646932453984189,-0.374571847810361,0,0,0,0,0,0.15605193113064075,-0.00565573828497179,-0.04025452159065113,0,0,1.2806883031804532,0.8556090895021513,1.3622381680400042,0,0.42868632641446647,1.3547269940581361,1.0506137193757668,0,1.2289277258776106,1.0092813646620629,-2.385882273040424,0,0,0,0,0,0,0,0,0,-2.3091048613932053,-1.3173231788436137,1.5786921830039677,0,-0.5424153298683354,2.349174372047431,6.586326699831416,0,-3.3045875241118523,-5.173178585718106,-0.5722860428382806,0,0,0,0,4.41603049965495,3.184300390677464,6.192290010721242,0,0.2616223491747238,4.084231613109953,2.486958924094366,0,0.5767522088414374,4.9070540285125475,2.6581680587692773,0]],"modifications":[]}]}}
