{"modelSettings":{"letterOrder":"ACGT","bindingModeInteractions":[],"bindingModes":[{"fitLogActivity":true,"flankLength":0,"singleStrand":false,"size":12,"dinucleotideDistance":0,"componentName":"Binding mode 0","positionBias":false,"modifications":[]},{"fitLogActivity":true,"flankLength":0,"singleStrand":false,"size":12,"dinucleotideDistance":1,"componentName":"Binding mode 1","positionBias":false,"modifications":[]}],"letterComplement":"C-G,A-T"},"coefficients":{"bindingModeInteractions":[],"bindingModes":[{"mononucleotide":[0,0,0,0,0,0,0,0,0,0,0,0,0,0,0,0,0,0,0,0,0,0,0,0,0,0,0,0,0,0,0,0,0,0,0,0,0,0,0,0,0,0,0,0,0,0,0,0],"activity":[[-5.808817457315961]],"dinucleotide":[],"modifications":[]},{"mononucleotide":[0,-0.4719844002285809,-0.3148617109488381,-0.3944535947485317,-0.8240442221730344,-1.056552811833897,-0.900195305642435,0,-1.7837623742802062,0,-1.3356931444338471,-1.7352803829256418,-1.156301787743895,-1.886088218502989,0,-0.17031212602093504,0,-2.7527058766209924,-1.7252345810964007,-1.7402042539339657,0,-4.292284971643278,-3.0940925160048662,-4.506030636370479,-2.1232387311300602,-2.2584753010609564,-1.849507820391774,0,-0.8439349401666805,-1.0688565488081485,-1.023806546421059,0,-0.18710668728094593,-0.9619742571600831,0,-1.0701433865750714,-0.5231530390891717,-0.38424136417428567,0,-0.6623632745069656,-0.535183526135885,-0.5386939208661463,0,-0.5448401276588264,-0.33424309032092925,-0.28009145813047365,0,-0.28229136748585937],"activity":[[0]],"dinucleotide":[[0,0,0,0,0.7235866148306611,-0.01852367256761056,0.6542322148584088,0,0.38409910281379656,0.1366649891370324,0.7952580966331029,0,0.4594390834684061,0.12713746685908411,0.5743908779937517,0,0.19443207320792055,0,0.5067004937527555,0.24975500668640027,1.1430727279647757,0,1.0343254973757334,0.996860419837116,0.46719858141164394,0,0.8995903308861148,0.5974684670782224,0,0,0,0,1.2430040781357308,1.7919960090319274,0,1.626903537743095,0,0,0,0,0.9420462871415536,1.7706953193578956,0,0.9503561136379108,1.3259134570654432,1.4321142577771564,0,1.639415987684477,0,0.59184816475614,1.0269682450380966,-0.5342799234294633,0,0.3153294168076384,0.47930713964572824,-0.4221268850550324,0,0,0,0,0,-0.44019814711704974,-0.3384807195011721,-0.8080780674182115,0,0,0,0,0,1.4207889870331663,1.661091256958013,1.8862205908490663,0,1.5372116226418973,2.3314483147168783,2.955994620921923,0,1.2703248599049797,1.6461592775403675,2.0755032459126035,0,0,0,0,1.4834770441139762,1.285723706249219,1.8242138082877295,0,1.1317477264034332,1.300288972597012,2.7963047848706353,0,1.1734669260720967,1.2377611534955415,2.798089132800219,0,0.29769960489174085,0.6467279634214522,0.406933568891346,0,0.7495785293337738,0.13846656531338208,0.5561154564031012,0,0.014441035667642765,0.3244820149611245,0.7179510952564945,0,0,0,0,0,-0.2519955970649965,0.04605996414860325,0,-0.03242461300462818,0.1516722656958578,-0.11345687401479676,0,-0.2716085504939043,0.3544613556822185,0.5851335644889799,0,0.46183367423057664,0,0,0,0,-0.11527055494822935,0.2522868060359773,0,0.19428769555094672,-0.44923691668490306,-1.109931094644562,0,-0.6569976242904056,0,0,0,0,0.14565298440505892,-0.25728885732821194,0,-0.026465446947856464,0.1702241768247541,0.2628190144931999,0,0.3082025338810581,0.4434692275093761,0.16634979426997187,0,0.3140493538090281,0,0,0,0,0.48619947559862453,0.21034196157578222,0,0.24245056741731652,0.11302424230010022,0.17140324100845206,0,0.16828570767938977,0.3382175112577466,0.1971803141540498,0,0.21997050597414702,0,0,0,0,0.32080063903962763,0.26958787350393365,0,0.227905756289986]],"modifications":[]}]}}
