{"modelSettings":{"letterOrder":"ACGT","bindingModeInteractions":[],"bindingModes":[{"fitLogActivity":true,"flankLength":0,"singleStrand":false,"size":12,"dinucleotideDistance":0,"componentName":"Binding mode 0","positionBias":false,"modifications":[]},{"fitLogActivity":true,"flankLength":0,"singleStrand":false,"size":12,"dinucleotideDistance":1,"componentName":"Binding mode 1","positionBias":false,"modifications":[]},{"fitLogActivity":true,"flankLength":0,"singleStrand":false,"size":12,"dinucleotideDistance":1,"componentName":"Binding mode 2","positionBias":false,"modifications":[]}],"letterComplement":"C-G,A-T"},"coefficients":{"bindingModeInteractions":[],"bindingModes":[{"mononucleotide":[0,0,0,0,0,0,0,0,0,0,0,0,0,0,0,0,0,0,0,0,0,0,0,0,0,0,0,0,0,0,0,0,0,0,0,0,0,0,0,0,0,0,0,0,0,0,0,0],"activity":[[-5.59097101652012]],"dinucleotide":[],"modifications":[]},{"mononucleotide":[-0.014817354130988392,-0.3513223142561537,-0.12909917114852965,0,-0.10282452276648435,-0.20527282948143766,0,-0.17315606380055426,0,-0.19432654982156672,-0.07626845447521013,-0.02360665246666649,-0.3824728626338012,-0.07903940723789482,0,-0.5539076001025083,-1.389501618838639,-0.1981228350546469,-2.014576652635134,0,0,-0.8463449551002296,-1.0533089451118074,-1.3073179453875357,0,-1.8729547394994195,-2.353570086143264,-2.328882956385685,-3.9304595001303877,-3.339647290066925,-3.7915489364018655,0,-2.2506841066290377,-1.860294825119599,-2.594269579048862,0,-0.4715089707715676,0,-1.4702577291164851,-1.702998218335786,-2.5066913920862786,-2.589505977864224,0,-2.451126432294857,0,-0.9519294086538417,-1.082140775747362,-0.9444360479987683],"activity":[[0]],"dinucleotide":[[-0.021978980701886197,0.2094051987668819,0,0.08808386072051322,0.22157345420418384,0.37660387204240164,0,0.2770864797612176,-0.033908480165357524,0.25916366722142925,0,0.12230355848495078,0,0,0,0,0,0.11742910324193545,0.14212639242700398,0.08848804545283961,0,-0.008493035840113183,-0.035385234971230695,0.008581751723190756,0,0,0,0,0,0.04526984078171248,0.03802552588151187,-0.0772155349770367,0,0,0,0,0.2718029231066308,0.12657105274803016,0,0.2642622089203934,0.3527276396867953,0.05783876969606361,0,0.1432783061953713,0.10746027369249322,-0.3106160465636232,0,-0.04129627892035814,-0.07301340132497547,-0.11592359779609307,0.013580198291383017,0,0.41466613830427956,0.10122140415636505,-0.11385935020463922,0,0,0,0,0,0.6309569370645352,0.2157177369200869,0.5596411896967588,0,0,-0.21297409428671354,-0.06516913770242283,0.2871262981381908,0,-0.4037140121343328,-0.07136932814135521,0.3780971065367118,0,0.38259686317626773,0.039905503111105745,0.9042515347284135,0,0,0,0,0,0,0,0,0,-0.32730477618231024,0.5439281958690088,0.15894808889123357,0,-0.30850144284519976,0.15412447298704546,0.5863627674949603,0,-0.038980586531144557,0.7589505864685724,0.281082149243423,0,0,0,0,1.160052489721064,1.0465570121746435,0.9260252655115169,0,1.1761966115512372,1.0733762696640392,0.9664883197788727,0,1.2235728567490076,1.1892173177106091,1.1578041965379011,0,1.383293241431728,0.911609424345647,1.262184184832985,0,1.420584610262278,0.658036455365755,1.2453675165786766,0,1.1763639984094247,0.7711682857876658,1.1612796826963452,0,0,0,0,0,-0.12802368809399534,0,-0.07784167302882539,0.06853629757728275,-0.09147307804364724,0,-0.05752231455676915,0.390902601697126,0.12084675343754547,0,0.04105585548941626,0.27036968701627195,0,0,0,0,2.24831102194588,1.9929314083886218,0,2.215843018949049,0,0,0,0,2.192958699432234,2.5555381501119903,0,1.9989868345685775,2.1633373276427,2.0606309293274525,0,2.128039528053596,0,0.9161661075611778,1.0546474019019336,1.003439474345373,0,0.7999749613104479,1.5405835667902874,0.9352083240280757,0,0,0,0,0,0.5666549359368718,0.9557451952323648,0.5951213689943287]],"modifications":[]},{"mononucleotide":[-0.33706895400090287,-0.7959096381525016,0,-0.40487982114937493,-1.1221078817705932,-0.9653460525384358,0,-0.6790885911392447,-0.6080969958877186,-0.9427147010477627,0,-0.49723365626951144,-0.7245145808197523,-0.9117060689768485,0,-0.3876558031593924,-0.2987797801875487,-0.2109300076449092,-0.12796215682119327,0,-0.5813156342108173,-0.44180757946051963,0,-0.8543932151208281,-1.33320602736732,-1.3731873250268518,0,-0.8815871172688353,-0.11918150222436119,-0.6051328663606855,0,-0.5686264640363129,-0.8033778821623258,-1.097460207462086,-1.433644802763256,0,0,-2.0027001816979926,-1.5689143825990906,-2.110851141750522,0,-2.1232300306742253,-1.6019378148965637,-2.8643330495682653,-0.8364501230853045,-1.8539606823451267,-1.153906796638903,0],"activity":[[-0.679347039813882]],"dinucleotide":[[0.8335623739207396,0.49750782885043254,0,0.3483051146294355,0.41209051113076267,-0.08098574713545648,0,-0.178265786027334,0,0,0,0,0.6700420199680766,0.22946859092441896,0,0.37442989111116576,0.8096212974960918,0.4910612634067908,0,0.4270327912545031,0.34092410534897377,-0.23380332288072236,0,-0.10863247892395234,0,0,0,0,0.512318325270935,0.09705880720427773,0,0.4500695236589748,0.13939001589239486,0.06150570990646642,0,-0.07551409674164555,0.5001385708940518,-0.15719049724995116,0,-0.27601609316034303,0,0,0,0,0.4117267559692587,-0.06702315673554882,0,0.0143305618603079,0.31091904311809426,0.446360585172182,0.4108186895955085,0,0.6182757852915953,0.11041185868416781,0.5528684466014948,0,0,0,0,0,0.3415711734088853,-0.11096581985757215,0.3190638933547094,0,0.12002436772306257,0.2017070356281926,0,-0.016306695553946593,0.3595545367637226,-0.11438127992406344,0,0.10279766444130278,0.2545229932114169,0.15925531865615117,0,0.3961086817330852,0,0,0,0,0.05153125919972101,0.46892572631147056,0,-0.15192521778346424,0.4870279320893609,-0.025864598690629625,0,-0.18744732665282227,0,0,0,0,0.14454230166449378,0.09601831075317557,0,0.23542751990048316,-0.09562017957969626,0.9112884238284362,0,0.1779688371931929,0.8983552780876464,0.5348686401010134,0,0.6718595152707514,0,0,0,0,-0.07965159740549144,-0.15680343890216042,0,0.4792412280623163,-0.4897389907063402,-0.5417165907065429,0.2727056457238073,0,0.11338281286935326,-0.23439894926649774,0.02642541463972492,0,0,0,0,0,-0.053044013459385475,-0.11667015998967623,-0.019042715764691298,0,0,0.6742637499632216,0.8681469232999548,0.3716697161051856,0,0.5837856494970004,1.1858790737359688,0.7444883414730477,0,0.8075310448862068,0.9763987567205281,1.0669902012856562,0,0,0,0,0,0,0,0,0,0.11128901440344041,0.4409754037610112,1.3143334641546947,0,0.3153953769161304,1.7096319622443945,2.176142808971862,0,0.44081797845237913,0.49620740106567496,1.3437180911983986,0,0,0,0,1.0746938731450733,1.1367346424194151,1.9016688220615734,0,0.13956276343421647,1.0372871196407387,1.9459281243298712,0,0.5664584306154188,1.5003176890810348,1.8393878774720838,0]],"modifications":[]}]}}
