{"modelSettings":{"letterOrder":"ACGT","bindingModeInteractions":[],"bindingModes":[{"fitLogActivity":true,"flankLength":0,"singleStrand":false,"size":12,"dinucleotideDistance":0,"componentName":"Binding mode 0","positionBias":false,"modifications":[]},{"fitLogActivity":true,"flankLength":0,"singleStrand":false,"size":12,"dinucleotideDistance":0,"componentName":"Binding mode 1","positionBias":false,"modifications":[]}],"letterComplement":"C-G,A-T"},"coefficients":{"bindingModeInteractions":[],"bindingModes":[{"mononucleotide":[0,0,0,0,0,0,0,0,0,0,0,0,0,0,0,0,0,0,0,0,0,0,0,0,0,0,0,0,0,0,0,0,0,0,0,0,0,0,0,0,0,0,0,0,0,0,0,0],"activity":[[-5.382690212800415]],"dinucleotide":[],"modifications":[]},{"mononucleotide":[-0.18857225105489306,-0.0020017592691097263,0,-0.033653289758749594,0,-0.040426234040795705,-0.026668877353930753,-0.10533313776140218,-0.3125336213072565,-0.2784987558233585,0,-0.33338832434945154,-1.0988233758315733,-0.09114288896096845,-2.015828418528274,0,0,-0.9096021297740373,-1.1585758040435303,-1.0322443610971401,0,-1.8223464544807815,-2.3480536019249376,-1.8649300153508488,-2.6392464626787717,-2.3517107869497282,-3.2656969801195332,0,-1.6029312566563192,-1.7380533395855293,-2.258311687252575,0,0,-0.2485216704981834,-1.2959052067745356,-1.0999265012975616,-0.3585501802848148,-0.5270567425270416,0,-0.3680408423665016,0,-0.35587345169903273,-0.3495549160788425,-0.5798169587974868,-0.45018524473240706,-0.42301335005744445,-0.4188272854163735,0],"activity":[[0]],"dinucleotide":[],"modifications":[]}]}}
