{"modelSettings":{"letterOrder":"ACGT","bindingModeInteractions":[],"bindingModes":[{"fitLogActivity":true,"flankLength":0,"singleStrand":false,"size":14,"dinucleotideDistance":0,"componentName":"Binding mode 0","positionBias":false,"modifications":[]},{"fitLogActivity":true,"flankLength":0,"singleStrand":false,"size":14,"dinucleotideDistance":20,"componentName":"Binding mode 1","positionBias":false,"modifications":[]}],"letterComplement":"C-G,A-T"},"coefficients":{"bindingModeInteractions":[],"bindingModes":[{"mononucleotide":[0,0,0,0,0,0,0,0,0,0,0,0,0,0,0,0,0,0,0,0,0,0,0,0,0,0,0,0,0,0,0,0,0,0,0,0,0,0,0,0,0,0,0,0,0,0,0,0,0,0,0,0,0,0,0,0],"activity":[[-5.3188941797241736]],"dinucleotide":[],"modifications":[]},{"mononucleotide":[0,-1.0807809490430271,-2.0167701532850955,-0.8771131035305313,0,-1.7390480220068358,-2.140443515139466,-1.3707365108938587,-3.9166856720806367,-2.85014171133178,-7.353868856102936,0,-4.111317772158943,-12.338203767168007,-18.608496990131567,0,0,-2.683128646447394,-0.675970745308236,-1.9453264139045063,-1.5891199879458782,-1.1198101679735446,-0.5768524243946356,0,-0.9974271005123088,0,-0.5184786817591611,-0.6192242366739471,-1.1328893920536247,0,-0.5630661066076428,-0.7614122224184836,0,-0.2310431422077528,-0.2526094761681268,-0.5647230068959157,-0.4496548770535167,0,-0.17949967366418207,-0.14257374925386834,-0.13253757747573047,-0.30683734122157347,-0.44599808116756723,0,0,-0.7733719930265126,-0.9715453155099851,-0.5449267091769148,-0.10397415903230112,-0.958207407251944,-1.1816617489124033,0,-0.46472299497985503,-1.146510741574346,-1.177032842305369,0],"activity":[[0]],"dinucleotide":[[0,0,0,0,0,-0.5238973613771432,-0.28234049303920505,-0.5611501147429632,0,-0.15299348984566175,-0.42845009521828725,-0.045904697724439725,0,-0.4762674952620056,-0.5417755905593982,-0.4927412526818542,0,0,0,0,0.17164647408243994,0.6608617788260904,4.248932997287101,0,0.0877783474592011,0.5572859612789891,-1.0943410968733218,0,0.020197188121880316,0.3725348197249332,-0.4926085349993361,0,1.3492522585964162,6.743147107468918,5.270600829250274,0,0.8597677218027204,-2.3763199313576635,-0.3822097729840017,0,1.4442177050499314,-4.684380215277535,2.3236370437378326,0,0,0,0,0,0,-0.7170603741510195,-4.907072543462133,1.4212761454186715,0,1.5765311006533835,3.3422437020885525,0.7641353409703928,0,8.543949078559876,10.111365660657286,12.93792083745794,0,0,0,0,0,0,0,0,1.2687364241289494,0.18966963378053237,0.1335880530812088,0,0.7726885508600381,0.7618204087380338,0.5909699501930614,0,0.12293915403059641,0.1724214003117983,1.0348960225200838,0,0.6691889099605404,0,0.6720668449881364,0.4265198880394099,0.4549580120649406,0,0.5534268375513207,0.2122325889219434,0.08737824989961673,0,0.23568890562260947,0.36277447866689094,0,0,0,0,-0.17451587610932462,0,0.04223396067768537,0.09227043353485787,0,0,0,0,-0.27175795131416924,0,-0.2535187972578834,-0.19527358591427113,0.031032512694070924,0,-0.26530049103323616,0.20241657474857622,0,0.4933892872418584,0.41323827651132916,0.669198816581428,0,0,0,0,0,0.3234623087355164,0.3712949534982233,0.4828864460696316,0,0.054640838715238615,0.30164001727843015,0.3627510021301701,0,0,0,0,0.2876188918683802,0,-0.11745115371485149,0.20909185857662926,0.08465754912999657,0,-0.04736764411159733,0.3004937860605299,0.2961369409485233,0,0.04208539977103243,0.18594088031453104,-0.18336584003477796,0.047252655326212256,-0.10311033209028064,0,0,0,0,0,-0.16247570121294874,-0.1027374336744451,-0.12124416629145873,0,0.18052842926667356,0.0916473891288705,0.23060249161566482,0,0,0.03500533507252612,0.09231424183965586,0.267751867446103,0,-0.10737712264448618,-0.07990782197048851,0.08760412727924383,0,-0.0018392467445496052,0.14207109728750833,0.2611517606480298,0,0,0,0,0,0,0,0,0.1655248115480381,0.09221782106331577,0.17034849363212912,0,-0.07019339321227402,-0.020944846171019105,0.16256682294841207,0,0.2738565160167221,0.24489451046304467,0.2987849684785999,0,-0.1396735139408296,-0.18276965896908504,-0.17716332538028556,0,-0.0046778414381538624,-0.10136512118466756,0.00916304946128399,0,-0.2324841411292513,-0.12570155587377796,-0.019437629869873074,0,0,0,0,0],[0,0,0,0,0.22883066500430527,0.009382300831167534,-0.1627950540645866,0,0.2772824587099114,-0.35768562277070615,0.31850286882455414,0,0.1739654968119071,-0.1634435223555215,0.607071008874696,0,0,0,0,0,1.8533986314426691,2.010783092747374,2.1458163655317932,0,2.6028185843372293,2.481688543805639,6.205417468645386,0,2.308628171451197,0.08060143068978931,3.095312455219723,0,0,-3.393322491298365,-3.335388073727512,-4.0365956648156445,0,-0.9082702708441852,-2.4302553527992554,0.8376353762443194,0,3.353455400990704,6.163515500555857,5.033972743486725,0,0,0,0,-1.7186898093907441,-1.355430094342851,-2.290954488859655,0,0.27402357020613977,-1.752604615724266,-0.22996961250982828,0,0.6813743049526906,-0.4390481956403569,-1.2499596564250908,0,0,0,0,0,0,0,0,0,0.09440990468252686,0,0.054275833924724015,0.7916653102386997,0.3599938980903925,0,-0.281398605034032,0.271198451609,0.48377618542558665,0,-0.8139620641630709,0.010357157234012426,0.5933471030934183,0,0.28717766064009886,0.9204461983089383,0.26860311550891103,0,0.2439671244259074,0.257681882355997,0.23397290065634024,0,0.5188744771940801,0.19763112415822537,0,0,0,0,0,0.3302080136570522,0.463484787108686,0.08995020755603989,0,0,0,0,0,0.014377049418117238,0.21109819342530756,0.030468853483630376,0,-0.015388141348145368,0.13748534433146276,-0.03455921188301492,0.25083446619988425,0,0.5064456760558551,0.0897106528703695,0,0,0,0,0.04321321841450132,0,0.11649826625934878,0.1104109318550961,0.2504001848529356,0,0.3252381295100566,0.21279149960703947,0,0,0,0,-0.12003489336963113,-0.06912490729032505,-0.2746489191700645,0,-0.08643195628734546,-0.039865951636256725,-0.22299940734567425,0,-0.0028222550793834955,-0.10035430433610237,-0.20877390571178545,0,0,-0.08215824026895291,0.07002853117508145,-0.010463549597323762,0,0,0,0,0,-0.09353324020436027,-0.03645987862194211,-0.004257862430772974,0,-0.10750629030597558,-0.18826747592940585,-0.16227009823059824,-0.3304545983478704,-0.17583281115833227,-0.07126825622306843,0,-0.2338488657664577,-0.1337112511200642,-0.12555892713342853,0,-0.13600905353916648,-0.10390960724627885,-0.03671244029670362,0,0,0,0,0,0,0,0,0,0.2933773749122892,0.26522487096361047,0.05048441875822851,0,0.24964975658080757,0.18292678050295486,0.01110489391882874,0,0.48945755381708356,0.46052056701966304,0.17378047293885324,0],[0,0,0,0,1.2357048847157461,0.5903997669147394,3.157608049020155,0,2.4444622199317783,2.720277223251701,2.54100666490411,0,1.2686297173032273,0.682178312816168,2.3142098709790773,0,0,0,0,0,0,-2.813383694500928,-4.640495587514659,-4.631996787297339,0,-1.3490970043132418,-2.3709155666047104,-2.3947895949356957,0,-0.15445111026192215,-0.8253450306437449,-0.573226182769266,0.511379788989494,1.1779462559711797,1.5807685530726276,0,-4.865585130466146,-2.1265531444899093,-2.3237868614307526,0,-0.5318779820654687,-0.008087928121682353,0.3815238437082762,0,0,0,0,0,0.4261882420717642,0,0.2886398758916764,1.0319076541673882,5.327490569371076,0,3.456117565547647,2.3864287530927903,0.07287711402067387,0,1.0769275331963115,0.3018073891033346,0,0,0,0,0,0,0,0,-0.10785466404840571,0,-0.20619801512404345,-0.664600000461268,-0.24856798397786095,0,-0.5163373957712558,-0.4961587056449237,-1.4475831531864372,0,-1.1830143073339934,-0.13847564825813974,0,0.09003201986322473,-0.0697817218210024,0.36256733208877456,0,0.3576139448772988,0.09733860567024522,0.46019041783372394,0,-0.08105781898109932,0.10605987249292603,0.22156724951815931,0,0,0,0,0.09805313815479533,0,0.1610603356486573,-0.06653767412047529,0,0,0,0,0.10184883410516754,0,-0.07159078929235818,-0.03942271188063984,0.02846283261088267,0,0.10567492549559354,-0.12664642459566267,0.3316070885160931,-0.01382345785840311,0.38107706766610594,0,0,0,0,0,0.14172423271691947,-0.02849217883021904,0.34286665737366384,0,0.17516938543598926,-0.032811004359642126,0.24644332782156742,0,0,0,0,0,0,