{"modelSettings":{"letterOrder":"ACGT","bindingModeInteractions":[],"bindingModes":[{"fitLogActivity":true,"flankLength":0,"singleStrand":false,"size":12,"dinucleotideDistance":0,"componentName":"Binding mode 0","positionBias":false,"modifications":[]},{"fitLogActivity":true,"flankLength":0,"singleStrand":false,"size":12,"dinucleotideDistance":0,"componentName":"Binding mode 1","positionBias":false,"modifications":[]}],"letterComplement":"C-G,A-T"},"coefficients":{"bindingModeInteractions":[],"bindingModes":[{"mononucleotide":[0,0,0,0,0,0,0,0,0,0,0,0,0,0,0,0,0,0,0,0,0,0,0,0,0,0,0,0,0,0,0,0,0,0,0,0,0,0,0,0,0,0,0,0,0,0,0,0],"activity":[[-5.995018592070268]],"dinucleotide":[],"modifications":[]},{"mononucleotide":[-0.16341635232991214,-0.04732500652260674,-0.018922578725660166,0,0,-0.14767652148338994,-0.08820361702057689,-0.10650733598013407,-0.2770681732990452,-0.24204310677922347,0,-0.3036742512926174,-1.0459605910961982,-0.0717991878027271,-2.088499740892863,0,0,-0.9141827289528148,-1.122243166148555,-1.023131443305981,0,-1.6857910409593981,-2.447479738655234,-1.6585901741373408,-2.847871817152841,-2.277719124358022,-6.140401109649718,0,-1.5911027221636256,-1.7011225560003966,-2.2463809648399127,0,0,-0.5426595115581643,-1.6406231637866235,-1.181487290084485,-0.33167959378766865,-0.5437243755336065,0,-0.4396050585535596,0,-0.4594069789932771,-0.40523441463633825,-0.5977625503702897,-0.41809477378756155,-0.40429879281099623,-0.4178201973460136,0],"activity":[[0]],"dinucleotide":[],"modifications":[]}]}}
