{"modelSettings":{"letterOrder":"ACGT","bindingModeInteractions":[],"bindingModes":[{"fitLogActivity":true,"flankLength":0,"singleStrand":false,"size":10,"dinucleotideDistance":0,"componentName":"Binding mode 0","positionBias":false,"modifications":[]},{"fitLogActivity":true,"flankLength":0,"singleStrand":false,"size":10,"dinucleotideDistance":0,"componentName":"Binding mode 1","positionBias":false,"modifications":[]}],"letterComplement":"C-G,A-T"},"coefficients":{"bindingModeInteractions":[],"bindingModes":[{"mononucleotide":[0,0,0,0,0,0,0,0,0,0,0,0,0,0,0,0,0,0,0,0,0,0,0,0,0,0,0,0,0,0,0,0,0,0,0,0,0,0,0,0],"activity":[[-4.958183202261722]],"dinucleotide":[],"modifications":[]},{"mononucleotide":[-0.5969081135847105,-0.45837816089038164,-0.3647683092026579,0,-0.37114282513701635,0,-0.4782265655498543,-0.4122661449807934,-0.9247133560133101,-1.1992719728721184,0,-0.007212808634872836,0,-2.3824549895737768,-1.415168904455422,-1.496122630404237,0,-6.085203848040151,-1.5434275741309706,-2.364626461305508,-1.828841492466478,-3.623452694088688,-1.4898662246114487,0,-1.0708439729251245,-1.3743140501971975,-0.8636914533709543,0,0,-2.2563577261181615,-0.1478283420241615,-1.0931497804799575,-0.21847587149858505,0,-0.23703017741703558,-0.23160535220270262,-0.12032051751870299,-0.10663027594536967,0,-0.03052999345000984],"activity":[[0]],"dinucleotide":[],"modifications":[]}]}}
