{"modelSettings":{"letterOrder":"ACGT","bindingModeInteractions":[],"bindingModes":[{"fitLogActivity":true,"flankLength":0,"singleStrand":false,"size":12,"dinucleotideDistance":0,"componentName":"Binding mode 0","positionBias":false,"modifications":[]},{"fitLogActivity":true,"flankLength":0,"singleStrand":false,"size":12,"dinucleotideDistance":0,"componentName":"Binding mode 1","positionBias":false,"modifications":[]}],"letterComplement":"C-G,A-T"},"coefficients":{"bindingModeInteractions":[],"bindingModes":[{"mononucleotide":[0,0,0,0,0,0,0,0,0,0,0,0,0,0,0,0,0,0,0,0,0,0,0,0,0,0,0,0,0,0,0,0,0,0,0,0,0,0,0,0,0,0,0,0,0,0,0,0],"activity":[[-5.6670893684610295]],"dinucleotide":[],"modifications":[]},{"mononucleotide":[0,-0.4042950493229327,-0.3782143121704067,-0.4293690928699192,-0.5555463206987206,-0.340252220074305,-0.3238863922981743,0,-0.3507490300864049,0,-0.4705655590358955,-0.3328547408313298,-1.027369403806567,-1.3370905636758597,-0.2176558249352638,0,0,-2.329473095504678,-1.5719240948301838,-1.4725387692585263,0,-7.913954834093227,-1.9300670085697522,-2.4832646791424153,-1.7894731744910297,-2.629298946766917,-1.6486189083337397,0,-1.0189603909147698,-1.1894776848614255,-0.8749572564893349,0,0,-2.2478573101190475,-0.07912543103427172,-1.090954697069657,-0.3078876449754615,0,-0.2495573432491316,-0.281358037973801,-0.08530171274645859,-0.03937202752302582,-0.03323067311319683,0,-0.030807799815931958,-0.01485574725782346,0,-0.17511812782306713],"activity":[[0]],"dinucleotide":[],"modifications":[]}]}}
