{"modelSettings":{"letterOrder":"ACGT","bindingModeInteractions":[],"bindingModes":[{"fitLogActivity":true,"flankLength":0,"singleStrand":false,"size":15,"dinucleotideDistance":0,"componentName":"Binding mode 0","positionBias":false,"modifications":[]},{"fitLogActivity":true,"flankLength":0,"singleStrand":false,"size":15,"dinucleotideDistance":0,"componentName":"Binding mode 1","positionBias":false,"modifications":[]}],"letterComplement":"C-G,A-T"},"coefficients":{"bindingModeInteractions":[],"bindingModes":[{"mononucleotide":[0,0,0,0,0,0,0,0,0,0,0,0,0,0,0,0,0,0,0,0,0,0,0,0,0,0,0,0,0,0,0,0,0,0,0,0,0,0,0,0,0,0,0,0,0,0,0,0,0,0,0,0,0,0,0,0,0,0,0,0],"activity":[[-10.52430905596061]],"dinucleotide":[],"modifications":[]},{"mononucleotide":[-0.212425219544647,-0.20263786200013634,0,-0.22132683121131969,-0.27090867099974325,0,-0.006888558366105357,-0.008884666389933571,0,-1.7958502259437363,-0.68735403031042,-1.278700986970028,-2.0612974054814774,-3.7005002590640785,-3.6784657329293413,0,-2.124234514841275,-2.9593101845026535,0,-3.732844763228517,0,-4.304334041394961,-4.18189225939607,-4.837050735479011,-3.3511314394695546,-1.7073849101963816,-3.165090134399975,0,-1.7121171920785674,-2.5151824094498156,-1.2994989993700852,0,0,-3.472345393507707,-1.2370953566974965,-0.9496539924050271,0,-5.787494157056127,-3.3482851087574215,-6.019993645676857,-4.701802545174763,-1.7897973602485457,-2.6859567927760857,0,-1.6492170335984504,-1.811920485980906,0,-0.8213236837119151,0,-1.5975649764007613,-0.8987550264579234,-0.7824132615909587,-1.0525905987957547,0,-0.10367418271665585,-0.46282092769139993,-0.8446495967697185,-0.226411029018875,-0.7101652064459323,0],"activity":[[0]],"dinucleotide":[],"modifications":[]}]}}
