{"modelSettings":{"letterOrder":"ACGT","bindingModeInteractions":[],"bindingModes":[{"fitLogActivity":true,"flankLength":0,"singleStrand":false,"size":16,"dinucleotideDistance":0,"componentName":"Binding mode 0","positionBias":false,"modifications":[]},{"fitLogActivity":true,"flankLength":0,"singleStrand":false,"size":16,"dinucleotideDistance":0,"componentName":"Binding mode 1","positionBias":false,"modifications":[]}],"letterComplement":"C-G,A-T"},"coefficients":{"bindingModeInteractions":[],"bindingModes":[{"mononucleotide":[0,0,0,0,0,0,0,0,0,0,0,0,0,0,0,0,0,0,0,0,0,0,0,0,0,0,0,0,0,0,0,0,0,0,0,0,0,0,0,0,0,0,0,0,0,0,0,0,0,0,0,0,0,0,0,0,0,0,0,0,0,0,0,0],"activity":[[-5.278869427272028]],"dinucleotide":[],"modifications":[]},{"mononucleotide":[0,-0.4046828315942337,-0.11819550058837525,-0.3290262352661397,0,-0.2941490393330106,-0.02289456549950941,-0.09435628562056664,0,-0.33462455280483017,-0.0014215692300698635,-0.06501408625343608,0,-0.5345936224190799,-0.18659488130304513,-0.1418550638191487,-0.09322818499698293,-0.8820532401525965,0,-0.3090386765965718,-0.02568747719783815,-1.1212624423557225,0,-0.07108749647048374,-0.11711344956484826,-0.6782455602243136,0,-0.3621978969069293,-1.0370745237348133,-0.5748779465606528,-1.0619036194926847,0,-0.5508986638592974,-0.35862870321607065,0,-0.5684277090260936,0,-1.1067438629737847,-1.0890178996633653,-0.9533648328044046,-0.591538317753292,-0.968238490841375,-0.6531580514706015,0,0,-1.3531865912825412,-0.0683066712805287,-0.018365287486337145,-0.05202369490364056,-3.4196259867585566,0,-0.016679065505003976,0,-1.0099218785400002,-0.6677522445624753,-0.7229663233109651,-0.8547739508836996,-0.6067752177324728,-0.24408240511699741,0,-0.6303594675167243,-0.5055690497582681,0,-0.2373034611302769],"activity":[[0]],"dinucleotide":[],"modifications":[]}]}}
