{"modelSettings":{"letterOrder":"ACGTcg","bindingModeInteractions":[],"bindingModes":[{"fitLogActivity":true,"flankLength":0,"singleStrand":false,"size":12,"dinucleotideDistance":0,"componentName":"Binding mode 0","positionBias":false,"modifications":[]},{"fitLogActivity":true,"flankLength":0,"singleStrand":false,"size":12,"dinucleotideDistance":0,"componentName":"Binding mode 1","positionBias":false,"modifications":[]}],"letterComplement":"C-G,A-T,c-g"},"coefficients":{"bindingModeInteractions":[],"bindingModes":[{"mononucleotide":[0,0,0,0,0,0,0,0,0,0,0,0,0,0,0,0,0,0,0,0,0,0,0,0,0,0,0,0,0,0,0,0,0,0,0,0,0,0,0,0,0,0,0,0,0,0,0,0,0,0,0,0,0,0,0,0,0,0,0,0,0,0,0,0,0,0,0,0,0,0,0,0],"activity":[[-12.778563387387186]],"dinucleotide":[],"modifications":[]},{"mononucleotide":[-0.21944983490677217,-0.2506279442487127,0,-0.0631663712318904,-0.05940230386790901,-0.43748986313713445,0,-1.8508601823174438,-0.8127972166746318,-0.8988779533735745,-1.9927090609288918,-0.9763043844370145,-1.5896262891734771,-3.24215644999461,-3.0000998791948312,0,-1.2454761806344656,-2.9004128733707155,-1.9871785404656457,-5.36124147379255,0,-2.7684479608927077,-2.1684638597582513,-1.5560834492772813,0,-4.996852975027484,-4.805967334869172,-4.525850894198903,-4.383317420257297,-3.576271299727887,-2.4465909619631176,-1.3466991407157192,-2.046782123134598,0,-0.6782713570270058,-2.1059976360642594,-0.9803230965269805,-2.160841464386589,-1.350162795131645,0,-1.4853973697742635,-0.2844023298159595,0,-2.7651609466131397,-0.1256311738805671,-0.7203682387390007,-1.5984063093351395,-1.5721647663170462,0,-4.625813194688661,-3.9257083461806577,-5.21316480615326,-4.078173819707321,-4.130313317569423,-3.5946426163911998,-2.6159854137510177,-2.7826983945052657,0,-1.4421247564651,-2.5862641230142085,-1.2218688714789838,-1.5683511663404595,-0.3120900883181861,-0.3755015678185689,-0.891155071404917,0,-0.2922641757166158,-1.7476647643421686,0,-0.7653643286213221,-1.789522267518457,-1.114555842125906],"activity":[[0]],"dinucleotide":[],"modifications":[]}]}}
