{"modelSettings":{"letterOrder":"ACGT","bindingModeInteractions":[],"bindingModes":[{"fitLogActivity":true,"flankLength":0,"singleStrand":false,"size":15,"dinucleotideDistance":0,"componentName":"Binding mode 0","positionBias":false,"modifications":[]},{"fitLogActivity":true,"flankLength":0,"singleStrand":false,"size":15,"dinucleotideDistance":0,"componentName":"Binding mode 1","positionBias":false,"modifications":[]}],"letterComplement":"C-G,A-T"},"coefficients":{"bindingModeInteractions":[],"bindingModes":[{"mononucleotide":[0,0,0,0,0,0,0,0,0,0,0,0,0,0,0,0,0,0,0,0,0,0,0,0,0,0,0,0,0,0,0,0,0,0,0,0,0,0,0,0,0,0,0,0,0,0,0,0,0,0,0,0,0,0,0,0,0,0,0,0],"activity":[[-11.553969921122764]],"dinucleotide":[],"modifications":[]},{"mononucleotide":[0,-0.5931260589316754,-0.059261536826872074,-0.541973614605114,-0.38037302514181803,-0.5676928258265015,0,-1.0139341863918254,-0.8057598877435233,0,-1.7523813143105045,-0.055864136534577113,-0.4714395203102324,0,-2.177363784242189,-1.5110121597715818,0,-2.6450924864363614,-1.8267573787609432,-4.324854164090809,-5.700410426741943,-4.057297703140007,-5.17758404011917,0,-0.9917438946174872,-0.33438179867892615,-2.9507416841498593,0,0,-0.9813766230873195,-3.0095530382793356,-1.5107488826981061,0,-2.244306018987251,-0.9970489434882985,-3.1658973733227374,-5.27944896458933,-4.663246238588048,-4.827362185888667,0,-3.2790095084837336,0,-4.685135292910902,-2.19909919889618,0,-3.592054998034712,-2.9241655481784026,-1.8677332414974614,-0.9746761269798512,-0.7473307135883065,-1.8714750332721817,0,-0.1986277819783595,0,-0.09869046022938122,-0.13551529984573385,-0.19143521943686892,0,-0.24926159964817707,-0.13849873330281248],"activity":[[0]],"dinucleotide":[],"modifications":[]}]}}
