{"modelSettings":{"letterOrder":"ACGT","bindingModeInteractions":[],"bindingModes":[{"fitLogActivity":true,"flankLength":0,"singleStrand":false,"size":15,"dinucleotideDistance":0,"componentName":"Binding mode 0","positionBias":false,"modifications":[]},{"fitLogActivity":true,"flankLength":0,"singleStrand":false,"size":15,"dinucleotideDistance":0,"componentName":"Binding mode 1","positionBias":false,"modifications":[]}],"letterComplement":"C-G,A-T"},"coefficients":{"bindingModeInteractions":[],"bindingModes":[{"mononucleotide":[0,0,0,0,0,0,0,0,0,0,0,0,0,0,0,0,0,0,0,0,0,0,0,0,0,0,0,0,0,0,0,0,0,0,0,0,0,0,0,0,0,0,0,0,0,0,0,0,0,0,0,0,0,0,0,0,0,0,0,0],"activity":[[-9.839472697048413]],"dinucleotide":[],"modifications":[]},{"mononucleotide":[0,-0.2565573682032838,-0.07866775907799095,-0.28451053057956877,-0.055166978649063836,-0.027020583757407124,0,-0.40334702460419436,-0.59764376549054,0,-1.5231293258680871,-0.13982368899788788,0,-0.1812182308074224,-1.1000592868135826,-0.8404941287705494,0,-1.903075914701871,-2.210909926818969,-2.461043437599379,-2.8107709337104607,-2.692429052563475,-3.2436451050582633,0,-0.9001368617386554,-0.49558079617453643,-2.4813023589432586,0,0,-1.3669081177143667,-1.72625968308183,-1.0878249017436001,0,-1.522253386803678,-1.2173645456781053,-2.155594017477256,-2.241620280131073,-2.4553986289568694,-2.5737517404619243,0,-1.4321446992966962,0,-2.688886744852451,-1.1794817915365883,0,-1.9170797387121006,-2.296148758896134,-1.0469973035471902,-0.5669465641945486,-0.6208185070264953,-1.5742330673779357,0,0,-0.18794129293626405,-0.5237746129663492,-0.1311386628861655,-0.12431799633342244,-0.21260961285443436,-0.4129510488319905,0],"activity":[[0]],"dinucleotide":[],"modifications":[]}]}}
