{"modelSettings":{"letterOrder":"ACGT","bindingModeInteractions":[],"bindingModes":[{"fitLogActivity":true,"flankLength":0,"singleStrand":false,"size":15,"dinucleotideDistance":0,"componentName":"Binding mode 0","positionBias":false,"modifications":[]},{"fitLogActivity":true,"flankLength":0,"singleStrand":false,"size":15,"dinucleotideDistance":0,"componentName":"Binding mode 1","positionBias":false,"modifications":[]}],"letterComplement":"C-G,A-T"},"coefficients":{"bindingModeInteractions":[],"bindingModes":[{"mononucleotide":[0,0,0,0,0,0,0,0,0,0,0,0,0,0,0,0,0,0,0,0,0,0,0,0,0,0,0,0,0,0,0,0,0,0,0,0,0,0,0,0,0,0,0,0,0,0,0,0,0,0,0,0,0,0,0,0,0,0,0,0],"activity":[[-8.664062045081566]],"dinucleotide":[],"modifications":[]},{"mononucleotide":[0,-0.024557994768320768,-0.011873695673653373,-0.15746447376876027,-0.2496113806680409,0,-0.11504556367452601,-0.687419573710816,-0.8757700856292843,0,-1.6976719969332201,-0.06806977000297287,-0.07152338164106453,0,-1.5892392660539656,-0.983358742937483,0,-1.8662121305806183,-2.114397163067813,-2.577065682739626,-3.4240312279134013,-2.3189334558040224,-4.044682397175474,0,-0.9173139993408306,-0.5929447029774444,-3.0243952692376253,0,0,-1.4922961872587166,-1.8436904359847581,-1.4801105981259397,0,-1.3523728829672805,-1.3775086452608605,-1.6246003808460365,-1.8525924231115853,-1.5713786179927842,-2.4082696171189584,0,-1.297380142597813,0,-2.350756155239883,-1.0410184763849504,0,-1.5047188397128757,-2.2172845456773036,-0.8365004131723524,-0.48519226929557746,-0.3889730889259422,-1.4035867304048342,0,-0.00927116444854903,0,-0.6084401403684225,-0.050022226854830265,-0.24625843570723482,-0.13663913644171544,-0.5211053377635064,0],"activity":[[0]],"dinucleotide":[],"modifications":[]}]}}
