{"modelSettings":{"letterOrder":"ACGT","bindingModeInteractions":[],"bindingModes":[{"fitLogActivity":true,"flankLength":0,"singleStrand":false,"size":15,"dinucleotideDistance":0,"componentName":"Binding mode 0","positionBias":false,"modifications":[]},{"fitLogActivity":true,"flankLength":0,"singleStrand":false,"size":15,"dinucleotideDistance":1,"componentName":"Binding mode 1","positionBias":false,"modifications":[]}],"letterComplement":"C-G,A-T"},"coefficients":{"bindingModeInteractions":[],"bindingModes":[{"mononucleotide":[0,0,0,0,0,0,0,0,0,0,0,0,0,0,0,0,0,0,0,0,0,0,0,0,0,0,0,0,0,0,0,0,0,0,0,0,0,0,0,0,0,0,0,0,0,0,0,0,0,0,0,0,0,0,0,0,0,0,0,0],"activity":[[-12.511829078538252]],"dinucleotide":[],"modifications":[]},{"mononucleotide":[0,-0.6096963634034367,-0.09611857384967593,-0.3625101126024184,-1.2850431828751745,-0.8458347997188831,0,-2.1961735308185553,-1.2135358717263145,-0.6310243672194638,-2.308210751898148,0,-0.34320818979538004,0,-1.979146408311582,-2.418590775996414,0,-3.6895531861206763,-1.1950045706235706,-4.948563996336171,-7.906421602241446,-4.233967399915075,-7.666248774995784,0,-1.1840599920956478,-0.6232285641354487,-3.6079847252879738,0,0,-2.3874405021849263,-3.6455565811954393,-2.17509704027767,0,-2.3900896422201576,-2.5365362683763415,-3.427366984893375,-6.275499515459911,-5.533564914322447,-5.61487806282431,0,-4.2726312617501545,0,-6.015447448006158,-2.50811229673811,0,-4.362609050664206,-3.185019831268505,-1.8155410108755135,-1.3439572406148823,-0.7664362496798294,-1.9055762369916085,0,-0.28599415736815637,0,-0.3229588756903823,-0.41321415487374047,-0.19286100540743867,0,-0.40164510583299773,-0.20487349642049146],"activity":[[0]],"dinucleotide":[[0,0,0,0,0.7695857842453755,-0.07689472303432154,0,-0.18526909031793792,0.5178225574661006,-0.0056681609989972515,0,-0.10241728994787636,0.4054734163145923,-0.15412590266372206,0,-0.34606680559646463,0.5476512728155392,0.4904417517929609,1.1253187515166871,0,0.8605801606170154,0.46868761290432204,0.9272021690301315,0,0,0,0,0,1.9090577167193281,1.3938720242695481,2.2328082032462824,0,-1.6445948063592049,0,0.7680073062270552,1.1021295429046951,0.6150379968504858,0,-0.15187996095845335,1.5611585701063433,-1.1279939367167913,0,-0.3087235297822577,1.301294721320371,0,0,0,0,0,1.7056108088401274,-1.4338677498784413,0.6790343403603174,0,0,0,0,0,1.664360229585128,-2.218465922983208,1.2225709327558913,0,0.24098167987582464,-1.352138873794031,0.13854888730584847,0,0,0,0,1.2585344254583273,0.813160950040988,1.4056068446574361,0,0.7250499137063695,0.771269702978163,0.4244409455444309,0,5.686695667061285,2.4987890451606187,5.299637895696577,0,0.8796093764876378,-0.7654803233804106,4.506108793615638,0,0.02990455713550766,-1.4042311299578643,0.5697480573741487,0,0.4608524301729169,-0.9957691638675126,1.3446070218903756,0,0,0,0,0,0,0.12210020218139661,0.9061409135487466,0.2050019697108887,0,0.5211755928789721,-0.29608802053828676,-0.0035501541703624184,0,1.0816322770125346,2.0961217758527706,0.8624603321078084,0,0,0,0,0,0,0,0,0,-0.25872210969445497,2.9781543608209837,0.5275160724323502,0,0.5085459808869253,0.4504834067502248,0.8520011447685665,0,-0.2296871804854277,1.961026178700056,0.4246553383377325,0,0,0,0,2.1168696328278287,2.068152158305862,1.2894579154356336,0,1.2436196177780499,1.1033329143755264,0.5632264463355288,0,3.988786997842901,3.001874555047511,3.2069458000727415,0,3.290600376380458,0,5.165488056429458,1.8738560060667506,4.530336579114717,0,4.777270972603819,1.955794944093121,3.3595207884425493,0,4.580048137771788,2.6419267764594476,0,0,0,0,0,2.722702433501505,2.632370515731539,1.584041396280984,0,0,0,0,0,4.528640344713802,3.3686981233046716,2.099664571626686,0,1.6970151229036876,0.6551631685051635,-0.09747785133530229,0,0,0,0,1.0504937698595107,0.3152066735109589,0.1605004394410301,0,0.3124067678277367,0.048676431045260315,0.7308701415713212,0,0.138480212884609,-0.2811627921169446,0.15840089622112963,0,0.3866848247858812,0,0.3331897666973891,0.5485823655564435,0.06725502561080354,0,0.1855974017702664,0.3170419035171932,0.49180772330814904,0,0.35708494359252363,0.014062938316753204,0,0,0,0,-0.15490884736085775,0,0.28496726674888784,0.13596198058542797,0,0,0,0,-0.04249864721473706,0,0.2225832148413378,0.2917872591598467,0.22277367623228095,0,0.26531985088732846,0.25136984684863606]],"modifications":[]}]}}
