{"modelSettings":{"letterOrder":"ACGT","bindingModeInteractions":[],"bindingModes":[{"fitLogActivity":true,"flankLength":0,"singleStrand":false,"size":15,"dinucleotideDistance":0,"componentName":"Binding mode 0","positionBias":false,"modifications":[]},{"fitLogActivity":true,"flankLength":0,"singleStrand":false,"size":15,"dinucleotideDistance":0,"componentName":"Binding mode 1","positionBias":false,"modifications":[]}],"letterComplement":"C-G,A-T"},"coefficients":{"bindingModeInteractions":[],"bindingModes":[{"mononucleotide":[0,0,0,0,0,0,0,0,0,0,0,0,0,0,0,0,0,0,0,0,0,0,0,0,0,0,0,0,0,0,0,0,0,0,0,0,0,0,0,0,0,0,0,0,0,0,0,0,0,0,0,0,0,0,0,0,0,0,0,0],"activity":[[-11.502453292595401]],"dinucleotide":[],"modifications":[]},{"mononucleotide":[0,-0.07484523933674225,-0.00261873061083584,-0.17421590716979019,-0.3435464511566906,-0.15049003478643286,0,-0.26486784902090577,0,-1.7148968010443646,-0.7317672977200509,-0.9776061259602198,-1.9119754375771087,-3.2026217678987283,-3.2546747471885826,0,-1.9988131259176871,-4.145712083373141,0,-2.7729647200847367,0,-4.46257704875142,-4.738151186391148,-4.521288513240865,-2.8514889835365906,-1.6042542861223268,-2.2111608324088827,0,-1.4130235563156468,-2.173556290123644,-1.5408654343370536,0,0,-2.913112858367624,-0.06870116186179764,-0.793992839304563,0,-5.049865633465458,-3.981987255285363,-4.537876946498574,-3.547064676563558,-2.470714871738709,-2.8361695569168504,0,-1.1743628889382727,-1.1753033864406621,0,-0.23886600481968223,-0.43339782516345515,-1.9360632505100348,0,-1.0254384281757432,-0.7415601970185897,0,-0.3549143779879742,-0.3926069449065128,-0.5599616178067492,-0.12389885814361357,-0.6871341135741069,0],"activity":[[0]],"dinucleotide":[],"modifications":[]}]}}
