{"modelSettings":{"letterOrder":"ACGT","bindingModeInteractions":[],"bindingModes":[{"fitLogActivity":true,"flankLength":0,"singleStrand":false,"size":15,"dinucleotideDistance":0,"componentName":"Binding mode 0","positionBias":false,"modifications":[]},{"fitLogActivity":true,"flankLength":0,"singleStrand":false,"size":15,"dinucleotideDistance":1,"componentName":"Binding mode 1","positionBias":false,"modifications":[]}],"letterComplement":"C-G,A-T"},"coefficients":{"bindingModeInteractions":[],"bindingModes":[{"mononucleotide":[0,0,0,0,0,0,0,0,0,0,0,0,0,0,0,0,0,0,0,0,0,0,0,0,0,0,0,0,0,0,0,0,0,0,0,0,0,0,0,0,0,0,0,0,0,0,0,0,0,0,0,0,0,0,0,0,0,0,0,0],"activity":[[-9.699199037838932]],"dinucleotide":[],"modifications":[]},{"mononucleotide":[0,-0.5765842967646719,-0.11896862119092155,-0.26140644845533956,-0.5988884984907514,-0.17233750581170781,0,-1.0856186352363508,-2.0123419205537054,-0.43427382634192746,-2.3555473941777647,0,0,-0.04699971428430061,-2.160560426635225,-1.4739098459281994,0,-1.418716735190774,-2.2838695966088194,-3.55969623345188,-4.683180658216476,-3.4708710704581067,-7.359464610760451,0,-1.2045949827122548,-1.2646845904361808,-3.7506695706772115,0,0,-2.279822766945636,-2.80245972679118,-1.8462610511509734,0,-1.9549663168591547,-1.6419095179447218,-2.246109229631637,-2.8432339913946736,-2.553320674611485,-3.4109654906909457,0,-2.9212206711198876,0,-4.087548761411122,-2.0478478128660207,0,-2.2101000777526476,-3.0370087587994172,-0.9071311688805856,-0.5094706205217658,-0.3131252906876014,-1.4051287827526888,0,-0.34392044045181613,0,-0.6739308845233172,-0.021935627975041783,-0.48301334555548436,-0.11230824599011058,-0.7738013284976297,0],"activity":[[0]],"dinucleotide":[[0,0,0,0,0.6623849106829454,0.5799753021014755,0,0.5771597115396929,0.19152072346004623,-0.0860968053661324,0,-0.11041082941185287,0.23182597111915193,-0.4060296469790128,0,-0.5258312674700587,0.15249539668058976,0.2808787212637398,-0.40332758122896806,0,0.4563794407534836,0.5368679901724693,0.2925398938002486,0,0,0,0,0,1.0302407547297143,0.8899977342947327,0.761561088631197,0,0,1.0733571636577093,1.5809164792047605,1.5499041952264285,0,-0.013527721565473882,0.8281331374155005,0.6256964135293686,0,0.7375515190609265,1.5852516846814115,1.1906798153070905,0,0,0,0,0,0,0,0,0,-0.880492369327702,0.5316594570145492,0.8908146666319894,0,0.2028908204993174,-0.26232439873025726,0.41113238665080765,0,-1.0865276308030412,0.5670336291359916,1.316332839357834,0,0,0,0,2.098817377447638,1.97481880149871,2.0302987780579453,0,0.924259173405086,-0.02356999848740582,3.2028383720794373,0,3.9620898495698347,2.3535200208218514,2.8285934303937452,0,0.7299569196712969,0.8866926075984463,2.777474658103581,0,0.2500303716572212,1.9061764667758805,2.1944848388236347,0,1.1462005827277242,2.8288330902741743,3.721405540311695,0,0,0,0,0,0,0.48360396322613397,0.8233391503112557,0.05223660365201521,0,1.337390547006554,1.7527702756622983,0.4491970793788864,0,1.2530266493213,0.1589745884828666,1.0729847757692852,0,0,0,0,0,0,0,0,0,0.727266517009463,0.4488021443666117,0.6537542696603218,0,0.01627684288363085,-0.08238451294084648,0.25281429805575506,0,0.547475605103279,0.6392567043483668,1.1744841098194305,0,0,0,0,1.3135034546342848,1.7123017912950242,0.7329881340203581,0,0.9426135417516353,1.0584093529304575,1.0397179874214562,0,1.329133036081183,1.5484292475815327,1.7029375829261681,0,2.2415504220420432,0,2.9917796888362753,1.5185931590489936,1.9440424365536328,0,2.805074654793498,1.4906153344522934,2.5044597108804956,0,2.9205603190148404,1.8299230022260229,0,0,0,0,0,2.0511050220398737,2.5221182310671386,0.962288272114602,0,0,0,0,0,2.2484045307485303,2.8132804389743127,1.2573985707635345,0,1.3532197079522819,1.9105579831859796,0.4234187009218813,0,0,0,0,0.0859815928107448,0.6362235530335649,0.7224670554684396,0,0.21954204905798935,0.41607846223128053,0.789592176289891,0,-0.04423670580714578,-0.1224047100498904,0.32967962357288805,0,0.46302162824103377,0,0.4540071432458159,-0.032750472484668336,-0.23137541930483607,0,0.11129458656512448,-0.13244727263596445,0.32934299057934346,0,0.3294953024126457,-0.08420392684917033,0,0,0,0,0.4522210783450902,0.13560694663502382,0.2283056719723131,0,0,0,0,0,0.31506498826823126,-0.05741905130730629,0.31358280081874135,0,0.3628527578375085,-0.12570373684680192,0.13892707059513754,0]],"modifications":[]}]}}
