{"modelSettings":{"letterOrder":"ACGT","bindingModeInteractions":[],"bindingModes":[{"fitLogActivity":true,"flankLength":0,"singleStrand":false,"size":15,"dinucleotideDistance":0,"componentName":"Binding mode 0","positionBias":false,"modifications":[]},{"fitLogActivity":true,"flankLength":0,"singleStrand":false,"size":15,"dinucleotideDistance":1,"componentName":"Binding mode 1","positionBias":false,"modifications":[]}],"letterComplement":"C-G,A-T"},"coefficients":{"bindingModeInteractions":[],"bindingModes":[{"mononucleotide":[0,0,0,0,0,0,0,0,0,0,0,0,0,0,0,0,0,0,0,0,0,0,0,0,0,0,0,0,0,0,0,0,0,0,0,0,0,0,0,0,0,0,0,0,0,0,0,0,0,0,0,0,0,0,0,0,0,0,0,0],"activity":[[-14.495187220299067]],"dinucleotide":[],"modifications":[]},{"mononucleotide":[-0.25233201800558724,-0.40158002442548835,0,-0.28986543321165037,-0.18367577439059346,-0.5240744154696113,0,-0.2734643509349155,0,-2.021016982582209,-0.7556235308791663,-1.2121540701515698,-1.708787366773139,-4.028752193873103,-3.8809294659642237,0,-3.0567308039287333,-6.7305666692923,0,-4.2287587996635185,0,-6.096055543524788,-5.997490052013054,-5.998846977235104,-2.848149096105823,-2.0929364757164723,-2.0481139033223794,0,-1.5168937561604423,-3.7287475424820453,-2.070140272692411,0,0,-3.37404559225466,-0.5331095228472886,-0.977675077434057,0,-7.56863188119229,-4.42759761492143,-10.653006465072526,-4.877137121844774,-2.36056700174942,-4.497786423252926,0,-2.0770215727360917,-1.88786816163468,0,-0.20035897387563928,0,-1.995177064424606,-0.4454416419278875,-1.0039578419324044,-2.0467259765180827,0,-0.5206045084884501,-0.724696065067203,-0.5244566033279288,-0.1607929732128781,-0.7096111805207777,0],"activity":[[0]],"dinucleotide":[[0.2655998429316444,0.414820590589418,0,0.29285552640020107,-0.10400540331884578,0.28212824071528964,0,0.3340781017982746,0,0,0,0,0.11374310542791832,0.28630336157908687,0,0.20376437947818538,0,-0.08299647211691585,0.1399828012316604,0.30864556336933546,0,0.4911344461731595,0.03509562132582289,0.44918086699111903,0,0,0,0,0,0.2793379620551484,0.19204462883546825,0.6390079224316523,0,0,0,0,0.33600013870997714,1.1414387593070519,0.7388191687194414,0,-0.16722851913477754,0.05521865186074315,0.1680623395148224,0,-0.17940074201244194,0.26019683058361487,0.7958836901446062,0,0.6174286098066268,2.0894285475194163,0,1.3883473739056562,1.4254353591852809,3.810631642345929,0,2.7585159503673857,1.9785648739377493,3.4273523671274537,0,2.2810507190334537,0,0,0,0,0,2.862098393567429,2.909549257542764,2.513646040552196,0,5.071580976754318,5.549635839432562,5.654047807155021,0,0,0,0,0,3.736575217409574,4.318054798135709,3.594270208712813,0,0,0,0,2.2207706489161216,1.3388861360489122,1.7378931357053489,0,2.1883224929490828,1.2224947672708302,1.648704434566005,0,1.9858199658900597,1.2540144018612578,1.8615612148485905,0,0.44931353875606383,-0.4773967919629003,0.050298936989605636,0,1.5175223929832402,-0.07121672300913495,1.0024000258188988,0,-0.8108750091195702,0.2868854103269811,-0.659081645945168,0,0,0,0,0,0,0.15438698780279658,-0.29840276993027004,-0.017050988295761016,0,1.3006940552450033,2.0251551005367574,1.233074038154145,0,1.0330932810660496,0.6688112489000595,0.007883158643217314,0,0,0,0,0,0,0,0,0,1.4968321322696632,-0.4611588834019429,2.591332449585064,0,-0.16694372335314256,-0.8913789163509485,0.3017310335854013,0,-0.2893530624049223,0.3010094154270906,2.0566395411000045,0,0,0,0,2.828153146136751,3.08318271563511,1.3069472502096602,0,1.0982988164038474,0.37703695115168223,-0.16588520960068287,0,6.247417183052965,2.7594146241273574,2.1135718909025787,0,0.787856755219881,1.9169762507153116,0,0.961639914359111,-0.2623642410844642,-0.8501417149673305,0,-0.44847420669007576,1.3358040586847206,1.9913461987048997,0,2.459631511275317,0,0,0,0,0,1.2258248837564558,1.322777072055091,0.6739597964558417,0,-0.10890879056817404,1.3868573536387885,0.7104027465833571,0,0,0,0,0,-0.873676692283496,0.3794657256625893,-1.3811223912137596,0,0,0,0,2.1908828218589473,0,1.0154424652533542,0.7033546979484129,1.6916970507850557,0,0.3832905246687961,0.24064962957447733,1.823720607972886,0,0.7457750522561497,0.3694989894269174,-0.3585701549708826,-0.06589838932523939,-0.19390156182910268,0,0,0,0,0,-0.18394559283717982,-0.2008127281569827,-0.12554386518787908,0,0.16379145382855675,0.16927275142188591,0.060204032266412355,0]],"modifications":[]}]}}
