{"modelSettings":{"letterOrder":"ACGT","bindingModeInteractions":[],"bindingModes":[{"fitLogActivity":true,"flankLength":0,"singleStrand":false,"size":15,"dinucleotideDistance":0,"componentName":"Binding mode 0","positionBias":false,"modifications":[]},{"fitLogActivity":true,"flankLength":0,"singleStrand":false,"size":15,"dinucleotideDistance":1,"componentName":"Binding mode 1","positionBias":false,"modifications":[{"mononucleotide":[],"name":"5mCG","dinucleotide":[["CG"]]}]}],"letterComplement":"C-G,A-T"},"coefficients":{"bindingModeInteractions":[],"bindingModes":[{"mononucleotide":[0,0,0,0,0,0,0,0,0,0,0,0,0,0,0,0,0,0,0,0,0,0,0,0,0,0,0,0,0,0,0,0,0,0,0,0,0,0,0,0,0,0,0,0,0,0,0,0,0,0,0,0,0,0,0,0,0,0,0,0],"activity":[[-14.223230830013458]],"dinucleotide":[],"modifications":[]},{"mononucleotide":[-0.15292890293998163,-0.38025165148607165,0,-0.1772426780735099,-0.27959614917734754,-0.5999284008281034,0,-0.24489865356889062,0,-2.0418691679651637,-0.8174821221630957,-1.166199124401924,-1.6517319914758044,-3.902896875369515,-3.635233844025511,0,-2.664515079392581,-6.726581295130309,0,-3.9159998852951317,0,-5.876062734967976,-5.610067438478532,-5.767487751617758,-2.855097807483043,-2.185430856402565,-2.0762805811105576,0,-1.4313725256984657,-3.3709644117843816,-1.7253779067933745,0,0,-3.192481994039733,-0.4059959182256918,-0.8037608843952668,0,-7.362101892922356,-4.261199852603935,-9.871128029373343,-4.637045420906735,-2.267516673408007,-4.21868080304524,0,-1.915932143260319,-1.7899716628541658,0,-0.19358587052729526,0,-1.9481506246107259,-0.486592989496069,-0.9551381412843778,-2.1829842753401874,0,-0.6724420021675037,-0.8118560740584542,-0.6266244373881733,-0.2666298982317965,-0.7927392959453847,0],"activity":[[0]],"dinucleotide":[[0.15197068017623394,0.3935019594121041,0,0.1474882602975729,0.03512836216261128,0.3881824808719152,0,0.3225989743662758,0,0,0,0,0.028573471492816083,0.28068387532687744,0,0.2057917337912425,0,0.09600257143418922,0.13244353362307315,0.28437532434010215,0,0.5507236374290478,0.113182766889798,0.4058761997296614,0,0,0,0,0,0.3578830944973692,0.1491852093497137,0.5462789298082651,0,0,0,0,0.11755504236982173,1.1526454396886026,0.5632780753411382,0,-0.12824273679427733,0.04737466441135929,0.07758489845166139,0,-0.15075159186127784,0.32647226912806815,0.6270442710188906,0,0.49092108187215366,2.271621805381158,0,1.2891041236026117,1.3208228266182118,3.833231425729723,0,2.5595964191070486,1.632481827599598,3.2821924655222423,0,1.9672288021860291,0,0,0,0,0,2.625517070102238,2.3973772424235706,2.1736193582051264,0,4.962041599561538,5.317227194056789,5.391655795288643,0,0,0,0,0,3.4059742415176224,3.9500085431536833,3.368012879684148,0,0,0,0,2.2280032508905814,0.4721840982048562,1.7264578157804324,0,2.128057457483301,0.6943215523194484,1.6741433851183212,0,2.405194514200007,0.9061335374626411,2.005954905962118,0,0.6556283033942281,-0.18383231804207778,0.1739452267413446,0,1.6488767100017068,0.08771857065087119,1.1812874232941262,0,-0.6659409359290391,0.36584390938705447,-0.43515001443066303,0,0,0,0,0,0,0.07597494398424587,-0.27321601266112516,-0.15468007617834445,0,1.2871271465585714,1.6882363668919211,0.91500998304363,0,0.4240664728973016,0.28299211273214375,-0.37350961263874716,0,0,0,0,0,0,0,0,0,1.993902799606424,-0.3048335781376288,2.580058289466759,0,-0.2273404327833184,-1.0580473862084352,-0.5315485068996804,0,-0.13215320809625375,0.148207179110468,1.5958059426192452,0,0,0,0,3.2924283252804454,2.1732944039379873,0.9707529574225351,0,1.2586131961138136,0.7140770290082878,6.404798997650119E-4,0,5.599737356285031,2.193105713062856,2.2148531977478108,0,0.5653266151450413,1.621111802411269,0,0.9396803959147393,-0.2029600538830616,-0.9317452787447307,0,-0.37706582748493034,1.1499969674362127,1.8228759795684963,0,2.205520548809675,0,0,0,0,0,1.0785710055415336,1.2135466844751281,0.630600951987196,0,-0.16640383158283534,1.382464961440121,0.6643102991692729,0,0,0,0,0,-0.860398284588447,0.41551249854109784,-1.261137820036149,0,0,0,0,2.2356367707673783,0,1.0576189461756726,0.6358794499170983,1.5885483156674827,0,0.3838351991077946,0.2548376771215004,1.945295038914347,0,0.7769415924708785,0.329477375076916,-0.10071883507988133,0.13565406532058333,0.04313366727307333,0,0,0,0,0,0.012092074820538201,-0.06222027686242804,0.011735596947383797,0,0.38123266121604615,0.3164334483356228,0.35349749618317183,0]],"modifications":[{"mononucleotide":[],"dinucleotide":[[-0.12062013189605812,0.14222371147366322,-0.10436928239039998,0.642185044090815,-0.3727980195282355,-0.39644443984433414,1.3336864209403685,-1.4092448394459647,1.0148240991684798,-0.18026043742959186,0.9443672153667605,-1.194818482897312,-0.517458188934686,0.09600447490391374]]}]}]}}
