{"modelSettings":{"letterOrder":"ACGT","bindingModeInteractions":[],"bindingModes":[{"fitLogActivity":true,"flankLength":0,"singleStrand":false,"size":12,"dinucleotideDistance":0,"componentName":"Binding mode 0","positionBias":false,"modifications":[]},{"fitLogActivity":true,"flankLength":0,"singleStrand":false,"size":12,"dinucleotideDistance":0,"componentName":"Binding mode 1","positionBias":false,"modifications":[]}],"letterComplement":"C-G,A-T"},"coefficients":{"bindingModeInteractions":[],"bindingModes":[{"mononucleotide":[0,0,0,0,0,0,0,0,0,0,0,0,0,0,0,0,0,0,0,0,0,0,0,0,0,0,0,0,0,0,0,0,0,0,0,0,0,0,0,0,0,0,0,0,0,0,0,0],"activity":[[-5.435328061315911]],"dinucleotide":[],"modifications":[]},{"mononucleotide":[-0.24298954848534748,-0.4315391211853772,-0.41761987162896475,0,0,-0.20387258776579742,-0.05110784719434491,-0.4751959592778059,-1.549509420961284,0,-0.3707197030060563,-0.28660475468533164,0,-1.5138403605980866,-0.3745794611176656,-1.5343633519651636,0,-2.142319905676387,-3.016047132009147,-2.8511192727197674,-7.936570246215593,-7.77036349665036,-5.627434489290431,0,-3.9646432047226936,-4.383346813172495,-1.9976480223112185,0,0,-9.043945505680064,-2.678362764380835,-2.4310209595306604,0,-0.15108463920194737,-0.05409285639729333,-0.10505253581347063,-0.23781873477000914,0,-0.14979524650214415,-0.4097279189324148,-0.15254274265055123,-0.06300957099007576,0,-0.035758998210139836,-0.05063106848486054,-0.006649027614533232,-0.03415289833880575,0],"activity":[[0]],"dinucleotide":[],"modifications":[]}]}}
