{"modelSettings":{"letterOrder":"ACGT","bindingModeInteractions":[],"bindingModes":[{"fitLogActivity":true,"flankLength":0,"singleStrand":false,"size":12,"dinucleotideDistance":0,"componentName":"Binding mode 0","positionBias":false,"modifications":[]},{"fitLogActivity":true,"flankLength":0,"singleStrand":false,"size":12,"dinucleotideDistance":20,"componentName":"Binding mode 1","positionBias":false,"modifications":[]}],"letterComplement":"C-G,A-T"},"coefficients":{"bindingModeInteractions":[],"bindingModes":[{"mononucleotide":[0,0,0,0,0,0,0,0,0,0,0,0,0,0,0,0,0,0,0,0,0,0,0,0,0,0,0,0,0,0,0,0,0,0,0,0,0,0,0,0,0,0,0,0,0,0,0,0],"activity":[[-5.5910451618328105]],"dinucleotide":[],"modifications":[]},{"mononucleotide":[-0.20340653422670663,0,-0.2557525404831811,-0.25244915900536746,-0.10125347440222221,-0.26499072803155954,0,-0.19613463553712407,0,-0.08479215982900357,-0.39763468516795086,-0.09518002525525482,-1.6216541769013304,-2.4736717927600527,-2.576119472213101,0,0,-6.906490536926463,-2.3661257338084756,-5.037739057357183,0,-9.368669064766607,-6.500918360781085,-7.573246835428366,-4.065193200284384,-10.29221906330768,-7.4657127472019305,0,-1.0000425873251295,-1.4943389670581286,-1.80316772182867,0,-0.8069725356046327,-13.780398598075276,0,-1.840177560572334,-0.537599890795672,-0.3738495864698397,0,-0.9073299093239449,-0.5389363207785394,0,-0.5554024249910725,-0.20499788424121945,-0.676917096510282,0,-5.0825967043892115,-0.16964583836427494],"activity":[[0]],"dinucleotide":[[-0.12815290549344382,0.12517290127714098,0,0.12803089461979056,0,0,0,0,-0.11621078603497459,0.06730440002302629,0,0.10620568247085949,-0.1206185831961637,-0.0371789079452558,0,-0.07714575426537529,0,0.08481245333796572,0.08838915415480741,-0.07740921776248832,0,-0.2595471369301894,0.18258248749014427,0.003974327985437398,0,0,0,0,0,-0.1270943810352616,0.019620084343753064,0.07389170242773346,0,0,0,0,-0.09379418021941355,-0.4925772005969442,0.18841225408567297,0,0.08699429308052764,-0.29093775486789575,0.09342995766961515,0,-0.057928863660412944,-0.6352008297294898,-0.046835686987371616,0,0,0.988192079564854,0.7918560537662493,0.9284700496490252,0,0.46458208406336965,0.8348245885256915,0.26583887845329546,0,1.847481167393612,2.2415717183769193,1.3293429790428632,0,0,0,0,0,0,0,0,0,0.39167487706590265,0.6872082864412317,0.672888779232796,0,-0.8314115896400498,0.47517517135700693,-0.5122056222915603,0,-3.2071212346104865,0.5361232558981772,-0.1108791195138501,0,0,0,0,4.678118924954269,8.676012315019694,0.9769385813374782,0,3.4481860735927263,4.409537557519847,6.439025934562024,0,3.4938047498650935,4.622874601209947,2.963689663893911,0,-1.0730425336952027,-2.111922766931748,-1.4409647763274025,0,0.36514307988991845,-0.8854402086861111,-1.9814624503242477,0,1.9376450150290525,1.7847419304928378,1.7152866013386872,0,0,0,0,0,0.10138239146370509,0.04868589067942608,0,0.8054607635572921,0.652014394126569,-0.467677256712955,0,0.17052232051964378,1.0581646527286868,2.3220259538771852,0,1.3936889786067246,0,0,0,0,-0.5410546147288455,0.4774733302321579,0,-0.13455771693072993,0.1624041423294713,4.3669878835099105,0,2.2080537360058017,0,0,0,0,-0.4177396750542979,-0.3633357709508891,0,-0.2880449792601816,-0.2174290152210876,0,0.26853743288271126,-0.04238652074487881,0.5834539910117673,0,0.8173283866285921,0.2213774592247848,0,0,0,0,-0.04158506997490008,0,0.4013395451469357,-0.060114922642055646,-0.20493491597540103,0,4.5936307126620095,0.17484710188756303,0,0,0,0,0.361259975379312,0,4.998307250581941,0.35532822790944074,0.22347166701178978,0,5.0793571045389045,0.1291806909283295],[0,0.0589214214267102,0.08900810248986524,0.0679214284829932,0,0,0,0,0,0.1522733063195485,0.1495728054205454,0.07209568419805201,0,0.18794414206416654,0.14495451723204233,0.11420329407407692,-0.16320365361328015,-0.3271324843490877,-0.09245548884246446,0,-0.1488205145382988,-0.013842816974536376,-0.017032549019987187,0,0,0,0,0,-0.18219607535238858,-0.11077292708168152,-0.0534678326067386,0,0,0,0,0,0,0.5433409726889016,-0.50756077191107,-0.0027693579664882506,0,0.42972197386226885,-0.8333563260457613,-0.42275061548309,0,-0.12334645639833486,-0.9004515703376441,-0.34974249220791265,0,1.917977181047572,0.5509464227912488,0.8155407951616009,0,4.166647923476337,-0.030901622374550186,1.451640595563541,0,3.395264162124839,0.5533037718637832,1.8213608771438992,0,0,0,0,0,0,0,0,3.438578888835976,5.005758796620762,1.8384791296941003,0,1.761915987497252,1.9059234455059784,-0.89456986819037,0,6.985507218542256,6.2176137062617425,3.4401628499512444,0,0,0,0,0,1.2368391808013453,1.6112902380806062,3.6204510698725176,0,-0.8613111832258671,0.018289488070990068,-0.45313024859492224,0,-0.7320720795503188,0.06583992204420497,0.9122656767788868,0,0.632043880018835,4.31711959760867,0,2.7092673267208927,2.207099109487615,10.752001276635593,0,3.6683212355941794,-0.9137028336895767,1.3921494593595511,0,-0.6141454703640274,0,0,0,0,-0.5996274129114614,0.16300005590778888,0,-0.32526791582538817,0.6384818502434584,0.29635636980110647,0,1.035707391945179,-0.8237541158928359,-1.0545677612555817,0,-1.059227659113465,0,0,0,0,0.1340727841356717,0,0.25983832526167205,-0.07804310698159966,-1.1319292487696444,0,-1.233844881677662,3.95332744771833,0,0,0,0,0.28166699385609295,0,-0.18996923822145462,0.04974638017764832,-0.28884687055124303,0,0.026536696388331116,-0.3785315437927128,-0.19276109365629246,0,-0.11644339664849301,-0.1549393361616449,0,0,0,0,-0.37727166923913114,0,0.04073522617728287,-0.28345572645204076],[0.04037870474229699,0.019912281971917523,-0.04178530512831813,0,0,0,0,0,0.08125325012209927,0.0673028707176293,-0.08268285677467802,0,0.021927927055108043,0.06260544438859661,-0.07466800926777672,0,0,0.12528085468561656,-0.18728981095688724,-0.07802276752372261,0,1.4841184563891154,-0.2100814754880087,0.15186402504770857,0,0,0,0,0,0.9753103602531787,-0.3227380537776643,-0.05964117929716384,0,0,0,0,0,0.5942622498439274,0.10567285348141908,0.09226249374244588,0,-0.5248253796296627,0.07157268613139856,0.22430673308446103,0,-0.22828168897902756,-0.021764419865736073,-0.3529215988836185,1.0760914909462738,2.0749761711398556,5.210138125212141,0,2.529639025959856,4.553175405787593,4.863672950566996,0,1.113395332686511,0.07538580365696212,6.150698794498749,0,0,0,0,0,0,0,0,0,-0.19932570963687812,0.1477188591878651,0.9660287478783367,0,0.36405287644161,0.32369045160007914,0.30285530329759425,0,0.31805316350502366,0.6904131581424648,0.9446805958811098,0,0,0,0,0,-0.609021335804595,-4.869265706127152,0,-3.7341066774818756,0.5804889905488961,-0.14508719801596826,0,0.6586523764305099,-0.37790461084730786,-1.1022384045779496,0,-0.9765618244174785,1.2314670312322171,-1.323490448896215,0,-1.2943622273765127,3.384374329413493,0.9231368290386168,0,2.080737168279791,0.7198633573801514,-1.1786394470635635,0,-0.6346396385935158,0,0,0,0,-0.4312945265977648,0,-0.359194479845967,-0.31322461017562375,-0.36774978386137835,0,-0.7479100598424235,0.054781945799240006,-0.05834684404286161,0,0.39596993859761564,-0.1428988604237933,0,0,0,0,0.061941712812514815,0,0.15428295185782392,-0.03473249236242992,4.88219686209958,0,0.8168662690574422,-0.5274392153884975,0,0,0,0,0.1710898692323326,0,0.16298239064885411,0.26868112749361117],[0,-0.1323130592339865,0.6064571147569229,-0.3464733123613737,0,0,0,0,0,-0.329763923702024,0.3861321111297773,-0.4124714153650837,0,-6.791302446966008,0.16291461428901677,-0.1773842042991145,0,0.7884048946596813,-0.48343851615921984,0.25473156157547194,0,0.95373363054793,-0.20876909472166982,0.3837672633643914,0,0,0,0,0,1.6513535783645956,-0.26529968781989055,0.6036575772303934,0,0,0,0,0.21656521273036233,-0.6438805936407199,-0.40091982257125913,0,0.9989005980078183,0.600455516187612,0.4404651949743723,0,0.632483262425712,1.1187475552060295,0.07867374211884837,0,-0.5932504900676001,-1.2513678088700821,0.027512434177898726,0,-0.9768268370955067,-0.44957700573076487,-0.28485383533021924,0,-0.6944592893352279,-1.5192038312525238,-0.18238269933112505,0,0,0,0,0,