{"modelSettings":{"letterOrder":"ACGT","bindingModeInteractions":[],"bindingModes":[{"fitLogActivity":true,"flankLength":0,"singleStrand":false,"size":12,"dinucleotideDistance":0,"componentName":"Binding mode 0","positionBias":false,"modifications":[]},{"fitLogActivity":true,"flankLength":0,"singleStrand":false,"size":12,"dinucleotideDistance":0,"componentName":"Binding mode 1","positionBias":false,"modifications":[]}],"letterComplement":"C-G,A-T"},"coefficients":{"bindingModeInteractions":[],"bindingModes":[{"mononucleotide":[0,0,0,0,0,0,0,0,0,0,0,0,0,0,0,0,0,0,0,0,0,0,0,0,0,0,0,0,0,0,0,0,0,0,0,0,0,0,0,0,0,0,0,0,0,0,0,0],"activity":[[-5.435557324798504]],"dinucleotide":[],"modifications":[]},{"mononucleotide":[0,-0.034180288774469325,-0.006670142571812754,-0.05063719892900398,-0.03579914796415995,0,-0.06303927612136206,-0.1526034639514391,-0.4098923014996734,-0.14977748798592216,0,-0.23781228977644808,-0.10508704949760705,-0.05406798274630109,-0.15123727016336197,0,-2.430900825770486,-2.6779210188164466,-8.856103946236587,0,0,-1.9974135695171675,-4.382032132355395,-3.96257653204063,0,-5.410493534426673,-7.88989228534944,-8.044312440701678,-2.8505036184430947,-3.0157501609510247,-2.1436241921077297,0,-1.5341714466103324,-0.3745237783263935,-1.5138183069778162,0,-0.2865940810758536,-0.3707018449998145,0,-1.5492994154468107,-0.475194116724877,-0.0510701013342727,-0.2039256894511432,0,0,-0.4175882381484497,-0.43154285434788164,-0.24296129818575096],"activity":[[0]],"dinucleotide":[],"modifications":[]}]}}
