{"modelSettings":{"letterOrder":"ACGT","bindingModeInteractions":[],"bindingModes":[{"fitLogActivity":true,"flankLength":0,"singleStrand":false,"size":12,"dinucleotideDistance":0,"componentName":"Binding mode 0","positionBias":false,"modifications":[]},{"fitLogActivity":true,"flankLength":0,"singleStrand":false,"size":12,"dinucleotideDistance":1,"componentName":"Binding mode 1","positionBias":false,"modifications":[]}],"letterComplement":"C-G,A-T"},"coefficients":{"bindingModeInteractions":[],"bindingModes":[{"mononucleotide":[0,0,0,0,0,0,0,0,0,0,0,0,0,0,0,0,0,0,0,0,0,0,0,0,0,0,0,0,0,0,0,0,0,0,0,0,0,0,0,0,0,0,0,0,0,0,0,0],"activity":[[-5.561049139714104]],"dinucleotide":[],"modifications":[]},{"mononucleotide":[0,-0.0020569697330472536,-0.018398686051556368,-0.13744772655220494,-0.07234839687779981,0,-0.0962536702201966,-0.1688850558720585,-0.36095811101682074,-0.43929380338097346,0,-0.37698801341436017,0,-0.08675859460072921,-0.3610028783790842,-0.06769492673266697,-2.2680806996902554,-3.0334662184110606,-2.8982394306646126,0,0,-4.074197288128133,-2.474016802126579,-5.649005601151002,0,-5.258832140205088,-4.695465701300263,-5.813096222290078,-2.613592193432713,-3.249449405725508,-1.8885588527562946,0,-1.4411589858542628,-1.4376892895393594,-2.112918049904157,0,-0.1949512524676278,-4.018795121831287,0,-2.1903147819449122,-0.22047860645076067,0,-0.021886679594535607,-0.5071716559986497,-0.04658458647594799,-0.08788576538635517,-0.22507043366352963,0],"activity":[[0]],"dinucleotide":[[0,0,0,0,-0.05030987882772919,0,-0.13558266079145298,-0.14468386709495284,0.06587935270086476,0,0.06231154238316705,-0.019358742160246578,0.08577678930754118,0,0.1433623828717252,-0.05467121925898866,-0.15453383814351795,0.28767168305000723,0,0.0767570805889779,0,0,0,0,-0.20712023490649933,0.22513909890106554,0,0.10048915798779312,-0.014237275410168948,0.16934888809799276,0,0.12942690679343727,0,0.15931012419362922,0.19899593742970545,-0.0017454864228092504,0,-0.17213811382397637,0.2730601087016229,0.11452726559655524,0,0,0,0,0,-0.12274873441312373,0.11078638118059558,0.24521866438964857,0,0,0,0,0.49037118757978604,-1.010768704583203,0.7757398355311773,0,0.2586904858947179,0.9781042770405186,1.594684109407928,0,0.4470126729137327,0.11081209131459868,0.6056088596646436,0,0,1.5279553111833213,0.8574507967851397,3.266772604990077,0,0.9832842886411104,0.3698701069648891,2.3028391651308686,0,2.262512203335601,1.3800828098887457,3.572157757674672,0,0,0,0,0,0,0,0,0,1.5889316223466974,2.76112012041124,2.121437824195949,0,1.7629949408372214,3.8204491985990474,3.172636944635318,0,2.3249209941670674,4.872094523140037,2.943125699390551,0,0,0,0,2.5397581631834596,2.0323977313730452,2.5398572776314543,0,2.4562940532116473,2.0966655107731134,2.490846674084259,0,2.1224349113999583,1.8651730826267645,2.668601865350672,0,-0.06794198846473698,0.23723558538266465,0.0794288278210562,0,1.3519226302540859,0.20807958793622028,1.1434367139898285,0,-0.3025182039705663,0.048927430579074116,0.10487052800455432,0,0,0,0,0,0.07210140578504731,0.3436824819872646,0,0.21885254344141591,0.25308003786148436,3.116077820909345,0,0.19683495722175381,1.5757712383165847,1.379486903591638,0,1.4010470165054372,0,0,0,0,-0.5454064641578293,0,-0.06623636407404376,-0.17879919551927514,-0.44527619438469657,0,-0.2502079245528739,2.2275468781677725,0,0,0,0,0.49957446936712024,0,0.7073631949622419,0.0867077961662881,-0.4569714918339143,0.0869980039518401,0.10828261320547661,0,0,0,0,0,-0.2249772325270456,-0.5083482669982331,0.09777740023492942,0,0.4268188519013618,0.09193863185717,0.46232069274697274,0]],"modifications":[]}]}}
