{"modelSettings":{"letterOrder":"ACGT","bindingModeInteractions":[],"bindingModes":[{"fitLogActivity":true,"flankLength":0,"singleStrand":false,"size":10,"dinucleotideDistance":0,"componentName":"Binding mode 0","positionBias":false,"modifications":[]},{"fitLogActivity":true,"flankLength":0,"singleStrand":false,"size":10,"dinucleotideDistance":0,"componentName":"Binding mode 1","positionBias":false,"modifications":[]}],"letterComplement":"C-G,A-T"},"coefficients":{"bindingModeInteractions":[],"bindingModes":[{"mononucleotide":[0,0,0,0,0,0,0,0,0,0,0,0,0,0,0,0,0,0,0,0,0,0,0,0,0,0,0,0,0,0,0,0,0,0,0,0,0,0,0,0],"activity":[[-4.865126395195499]],"dinucleotide":[],"modifications":[]},{"mononucleotide":[-0.0658727223877813,0,-0.08397460809474566,-0.19457628221979206,-0.3847582038708648,-0.1692157893672448,0,-0.16463581387510828,-0.17769209878083103,-0.02186828576603439,-0.15509788439088723,0,-2.4972508431075813,-1.608744867802839,-6.9766481919893275,0,0,-1.838486700455614,-6.069153364113005,-3.3717231932999803,0,-3.6711248292898917,-6.2082544269015685,-5.87732577560186,-2.82992510139736,-2.825285657953456,-2.214874834806256,0,-1.5179448759566379,-0.2907459730262545,-1.584765953059338,0,-0.15209215952550093,-0.19934741535623424,0,-1.3491687134742598,-0.5403707334112271,-0.10433213893502913,-0.3025313884555958,0],"activity":[[0]],"dinucleotide":[],"modifications":[]}]}}
