{"modelSettings":{"letterOrder":"ACGT","bindingModeInteractions":[],"bindingModes":[{"fitLogActivity":true,"flankLength":0,"singleStrand":false,"size":12,"dinucleotideDistance":0,"componentName":"Binding mode 0","positionBias":false,"modifications":[]},{"fitLogActivity":true,"flankLength":0,"singleStrand":false,"size":12,"dinucleotideDistance":20,"componentName":"Binding mode 1","positionBias":false,"modifications":[]}],"letterComplement":"C-G,A-T"},"coefficients":{"bindingModeInteractions":[],"bindingModes":[{"mononucleotide":[0,0,0,0,0,0,0,0,0,0,0,0,0,0,0,0,0,0,0,0,0,0,0,0,0,0,0,0,0,0,0,0,0,0,0,0,0,0,0,0,0,0,0,0,0,0,0,0],"activity":[[-5.557859576905815]],"dinucleotide":[],"modifications":[]},{"mononucleotide":[-0.3854603816884907,-0.38818268474548034,0,-0.32292005628761444,0,-0.14210293784858408,-0.3391121354881008,-0.055634560267446176,-2.132324026453521,-4.780548745528193,-5.010464494683832,0,0,-5.39843282169759,-6.623686855890364,-8.136448473299046,0,-6.317220653588219,-6.160480968036701,-4.65079597362867,-2.580165809630481,-3.6893385561397203,-1.859157057913185,0,-1.4087214391644292,-1.5480528854655429,-1.3692810500192714,0,-0.4873720281066003,-4.735435153654918,0,-1.9002220665679488,-0.36644382494518535,-0.2065891041955723,0,-0.46220710839310986,-0.5214984654348234,-0.13175565106250975,-0.3942672707592596,0,-0.26433042039067445,-0.15578244556698362,0,-0.24358825554638042,-0.22218232135670402,-0.04599234573126498,-0.05766755154786107,0],"activity":[[0]],"dinucleotide":[[0,0.24354705862822534,0.1748469879418053,5.362106654338561E-4,0,-0.06893358368415825,0.10966411359383521,0.16359128519180288,0,0,0,0,0,-0.14398599870505358,-0.105654548306239,0.13557642048206553,0,0,0,0,0.6970102381249745,1.626065826228432,0.9464994727380889,0,-0.16464306163250697,-0.5456771382848578,0.8768245932435628,0,0.7057019827081223,0.3449036533107357,0.4061816917380838,0,0,-0.31980897617643933,0.8213450550090471,1.3191637644652427,0,-2.025307510542712,-1.677439854754999,-1.6850886537375978,0,-0.6405298349615851,5.491821638813905,5.134004499806807,0,0,0,0,0,0,0,0,0,-1.2054332350588748,1.6943226179471491,-2.9069591022581545,0,1.8547917833035132,8.708940167812596,2.2911239858070793,0,-1.5166407440952074,5.3055909485063495,-1.4293077196197252,0,0,0,0,1.343969144342509,1.314246089385076,1.261930077066066,0,0.7992893885671242,0.839309893317262,0.7814358011125542,0,0.8534120804665486,0.8510612700569613,0.8915557997216217,0,-0.31187639793071753,0.9782434526297781,-0.23683907113593428,0,0.5033740195586702,1.2626370618511666,0.636761885051957,0,-0.3335544515749893,0.5096881876158497,-0.35736829437327167,0,0,0,0,0,0.1856217875185706,1.1019908010440025,0,0.767708805371722,0.4047295223730121,1.1035088471693504,0,0.7107576521078514,0.17341836492683171,1.4382812181951676,0,0.8736471988582064,0,0,0,0,-0.14234143091496598,0.14659265799827192,0,-0.019072001779500525,-0.21789786563750546,-0.23174763410622834,0,-0.45152723277093454,0,0,0,0,-0.3369968387442608,-0.3824122390233544,0,-0.43398437483573904,0.09181053049377308,0.07563418817433298,0.1291247535864306,0,0.2761344572045381,0.015513161234434136,0.22708982072152484,0,0,0,0,0,0.21443158599770928,0.16151781746825922,0.3188917290794011,0,0.07873931688693236,0.18310804465161823,0,0.21700129060020412,0.0719529609358327,0.0487622429775838,0,0.018839633844751624,0.04444443870974801,0.14283714625874744,0,0.16359695926313478,0,0,0,0,-0.0928877324918913,-0.0943024711109608,-0.15893912066281235,0,0.24567367767587633,-0.07306666631310321,-0.049763523976242396,0,0,0,0,0,0.20246519825635279,-0.037657165451632224,0.09981607220964861,0],[-0.06060769434806801,-1.0105511963748999,0.6873125751156683,0,-0.1586318589514999,-0.3597346870226614,-0.014711429891645977,0,0,0,0,0,-0.11001768146273783,-0.024911271741848928,0.11606503970321214,0,0,0,0,0,0,0.16143397324923114,-4.178692108245032,1.2518342954444632,0,0.38860589471200857,-2.8280593964912857,0.7541835922768918,0,-1.4098889997177322,-3.580579267528,0.031942647545781355,0,1.9000307206512321,1.2144804918869987,3.295399034832297,0,5.391622955791714,2.78493018654531,1.7674719698172945,0,3.0378246481333324,-4.460818239014463,2.2013424868502884,0,0,0,0,0,0,0,0,0.12392471452055709,0.9065486449038254,-0.46095691936410343,0,-0.18571967852543025,1.0409151297398438,2.099998083233091,0,-0.8366404122598983,0.13641296151487303,-0.8277130657928975,0,0,0,0,0,1.5487613502310262,0.1711907771442842,1.1399891989365223,0,1.2253804479382406,-0.1118270665547394,0.6822294942194382,0,2.5129440566520858,0.9844874268733648,1.6792387696956697,0,-0.6062786442760197,0.37882317303015434,0,0.12869529046592287,-0.7738790449441568,0.06198340953872794,0,-0.07632555804309415,-0.42553617380491104,0.3055161209071544,0,-0.028787266373933917,0,0,0,0,-0.23870138233085214,0.23295157594658455,0,0.09762849546384,-0.024657179667519458,0.2567897082316053,0,0.36176170292018295,-0.09639570007463849,0.06787437753958869,0,0.1212571271558538,0,0,0,0,0.1948681308411615,0.12488033756251582,0.18687485710590046,0,0.12231731101516985,0.1866579381396125,0.2547501847360465,0,0,0,0,0,0.2463061000157012,0.18394083744647816,0.18688677123767228,0,-0.01208644232558509,-0.05663950458593536,0,0.010209276756023122,0.0065492982364059316,0.052213854105019664,0,0.07820231658540067,0,0,0,0,-0.0639071698865612,-0.03416665112899242,0,-0.025089144197159463,-0.013835190827065524,0.021654780387232897,-0.03785707107305214,0,-0.0472458110383327,-0.014709480893785987,-0.06008365641804314,0,0.02846798436938691,0.03294967288836581,-0.046373533534606715,0,0,0,0,0],[0,0.458201731147728,1.6004566246045933,0.8228826268903369,0,0.3698208691789482,1.0517406663431448,1.7015083144538625,0,0,0,0,0,0.26912914053384984,4.098085194899229,0.08172115666916646,0,0,0,0,0,-1.037040393198418,2.9411639438832164,0.9794475086362917,0,1.0239443978541871,3.5904693157641274,1.208734215931929,0,-0.6800991943416985,2.7448970928666965,0.6927257181642785,-1.7970905627491742,0.535304298139847,0.13191649242736592,0,1.8749345685463386,1.3286277089546692,1.8450873398940377,0,1.136208620111823,1.3930057426392377,-2.109934062851991,0,0,0,0,0,0,0,0,0,-2.0644930779316226,-0.6701725423314162,-0.9572761172362076,0,0.06074060999143249,0.339182812606893,1.4122162280711361,0,0.5445347731901613,1.6013005543375822,0.9689208090291341,0,0,0,0,0,-0.41934352155208465,0.49459522508367115,0,0.4302026874245657,-0.2772408276153593,0.3976828084294972,0,0.7022680140607891,-0.3276645199182102,0.6860345512117192,0,0.7306115284034025,-0.16205023553228948,0.09814985450004254,0,-0.04804155041763547,-0.14849798547222282,0.08192192264318532,0,-0.027124318907381983,-0.2090625694967878,-0.03342424216511386,0,-0.03860989810842508,0,0,0,0,-0.12927512683405773,0.030659208061095455,-0.037158407269592075,0,-0.19569840381413073,-0.07198154648940047,-0.297562097909033,0,-0.016688939032398764,0.1609028430375723,-0.10543604565437192,0,0,0,0,0,-0.09101668805959662,-0.08600055854866717,0,-0.008339745632927276,-0.15233511141901168,-0.024954774250386613,0,0.0332428336827606,0,0,0,0,0.04819389855046907,0.13597964370173976,0,0.15915935603219644,-0.07065903745776314,-0.08824546568985792,-0.029877542088210696,0,-0.12837838659061163,-0.0646225321366991,-0.008593120858875203,0,0,0,0,0,-0.0443148353517433,0.06517453348498936,-0.05434773546842919,0],[0,1.355083689195589,-1.1476123644953535,-0.7832771681154309,0,0.8408526601769202,-0.48907195142069426,-2.0733286653379803,0,0,0,0,0,0.2692385228073757,-3.514003169378645,-1.4209067150176606,0,0,0,0,0.4357943177984236,1.116566361073029,0.05009186707082769,0,0.2715824328327763,0.7234717396089367,-0.14818802503245365,0,0.43710526885030276,0.2842930020727188,0.38231466595886054,0,-0.07938138892673585,-0.6624088276616176,-0.09747280918510182,0,0.9302125088362541,0.4679734413415959,1.457657603585747,0,-1.3871702711653535,-0.8844607336406138,-2.904744575631703,0,0,0,0,0,0,0,0,0,3.665338366127205,4.095847611599758,0,3.4140945213579688,-0.20049864460674627,-0.2777659248205957,0,-0.008585513600186445,0.042409006673681304,