{"modelSettings":{"letterOrder":"ACGT","bindingModeInteractions":[],"bindingModes":[{"fitLogActivity":true,"flankLength":0,"singleStrand":false,"size":12,"dinucleotideDistance":0,"componentName":"Binding mode 0","positionBias":false,"modifications":[]},{"fitLogActivity":true,"flankLength":0,"singleStrand":false,"size":12,"dinucleotideDistance":0,"componentName":"Binding mode 1","positionBias":false,"modifications":[]}],"letterComplement":"C-G,A-T"},"coefficients":{"bindingModeInteractions":[],"bindingModes":[{"mononucleotide":[0,0,0,0,0,0,0,0,0,0,0,0,0,0,0,0,0,0,0,0,0,0,0,0,0,0,0,0,0,0,0,0,0,0,0,0,0,0,0,0,0,0,0,0,0,0,0,0],"activity":[[-5.042445397940536]],"dinucleotide":[],"modifications":[]},{"mononucleotide":[-0.2700263245986676,-0.36045536380682286,-0.4609004989816672,0,-0.0020252983193866925,-0.21663439601576684,0,-0.5499029722899866,-1.5655935113482466,0,-0.34108397638282817,-0.18880544740974337,0,-1.0510782170508826,-0.31989305151970093,-1.5479074199662626,0,-2.127372384789124,-2.8225703455001585,-3.227505909579946,-9.355961370129773,-7.036232543056647,-8.368890765600616,0,-6.385768070512755,-6.995544315593969,-2.5078766329095514,0,0,-9.088626762302212,-1.6427055648198023,-2.3910463453334816,0,-0.2106405050293656,-0.042559829870619126,-0.16495847378176265,-0.2954575291451462,0,-0.18696045092332092,-0.42636241702229327,-0.18614972655072748,-0.08014219879944484,0,-0.07877711358425543,-0.04545864931002619,-0.022225443153824465,-0.01801870092064739,0],"activity":[[0]],"dinucleotide":[],"modifications":[]}]}}
