{"modelSettings":{"letterOrder":"ACGT","bindingModeInteractions":[],"bindingModes":[{"fitLogActivity":true,"flankLength":0,"singleStrand":false,"size":12,"dinucleotideDistance":0,"componentName":"Binding mode 0","positionBias":false,"modifications":[]},{"fitLogActivity":true,"flankLength":0,"singleStrand":false,"size":12,"dinucleotideDistance":1,"componentName":"Binding mode 1","positionBias":false,"modifications":[]}],"letterComplement":"C-G,A-T"},"coefficients":{"bindingModeInteractions":[],"bindingModes":[{"mononucleotide":[0,0,0,0,0,0,0,0,0,0,0,0,0,0,0,0,0,0,0,0,0,0,0,0,0,0,0,0,0,0,0,0,0,0,0,0,0,0,0,0,0,0,0,0,0,0,0,0],"activity":[[-5.573116537249015]],"dinucleotide":[],"modifications":[]},{"mononucleotide":[-0.02000113526666425,0,-0.04932480720211174,-0.13915937669581524,-0.13771266429643703,0,-0.2655109307153598,-0.2981638293880131,-0.3778682752651461,-0.4115661046474566,0,-0.35456340767993755,0,-0.09560241171578454,-0.35497229419484544,-0.08181115291482044,-2.602108739205641,-4.696450824356462,-12.044532289269423,0,0,-4.575880815737969,-2.273548698285925,-7.461011105335134,0,-4.6032689379210705,-11.634768823322354,-17.86758944755546,-2.95686881543664,-3.660193611448059,-1.9505348598524002,0,-1.4764021929978481,-1.4630303320066949,-2.460401974030586,0,-0.2718729501000112,-2.9287859630942723,0,-2.064581505373913,-0.26207874843729506,0,-0.0986232135811349,-0.5391464238113963,-0.04402352621640482,-0.0874893801422747,-0.16967257880423503,0],"activity":[[0]],"dinucleotide":[[0.05064502160529827,0,0.15218063379770363,0.14245984511255294,0,0,0,0,0.12099808375776178,0,0.21969645654285053,0.11771222545731419,0.14457716566125,0,0.29350541011205955,0.07464132556536374,-0.16439876225195782,0.2637957316952386,0,0.06165230072786443,0,0,0,0,-0.20263620435202512,0.21006869712798704,0,0.08975729015022438,-0.024918048451780805,0.15075824053007825,0,0.10184782214193522,0,0.19745524789561042,0.2025637996158105,0.023220978254940405,0,-0.09059977743218806,0.262546685134212,0.12670963643649635,0,0,0,0,0,-0.09828064341271858,0.10839784125549734,0.2494886846186679,0,0,0,0,0.7364016422782322,1.0730616240859128,9.85265338366856,0,-0.04011809293331581,-3.7475860375282917,10.530991648023253,0,0.8084536433537917,-0.09293515793206542,9.470609676441146,0,0,2.2577181972164473,-2.676164108329103,0.3650726501095569,0,6.243271190062691,-6.8099945976752965,1.6597523360237325,0,1.6425516055953384,-1.1600676560693728,1.2894330550771684,0,0,0,0,0,0,0,0,0,3.9194894687298074,6.7738976582545405,9.074073941461277,0,1.2837490137355392,9.616033801189896,-3.1429603069770344,0,2.558874203396181,7.346588161506073,4.766926614759917,0,0,0,0,2.9574040676713897,2.9712903690958425,2.2403467780382975,0,2.1571648131051404,3.8683113301191163,2.423148656121164,0,3.024860305818766,11.003695224580909,3.6490810795626096,0,-11.076971457546136,0.5517743107492876,-8.323441963977297,0,1.4826136406761483,1.1210167339092232,1.1510511047300138,0,-7.722785999444832,0.03062618605951961,-0.6996962539260485,0,0,0,0,0,0.09884799641120434,-0.04551839281044945,0,0.10701184370432415,0.24264654269954367,2.673078085471131,0,0.5511861594277105,1.9467851487558354,1.5672841653986147,0,1.5591853996097385,0,0,0,0,-0.5183405698671386,0,-9.661995434440129E-4,-0.12870664301892543,-0.8905471550538664,0,-0.5657420578764087,1.5872777530228168,0,0,0,0,0.40671295954998055,0,0.6140393470227741,0.024310514713858034,-0.5010264390711425,0.1065647818883928,0.023391244320582594,0,0,0,0,0,-0.23902830772320982,-0.5129274954390057,-0.010205865724758567,0,0.3986581332656707,0.09380387695495696,0.3817598620630278,0]],"modifications":[]}]}}
