{"modelSettings":{"letterOrder":"ACGT","bindingModeInteractions":[],"bindingModes":[{"fitLogActivity":true,"flankLength":0,"singleStrand":false,"size":12,"dinucleotideDistance":0,"componentName":"Binding mode 0","positionBias":false,"modifications":[]},{"fitLogActivity":true,"flankLength":0,"singleStrand":false,"size":12,"dinucleotideDistance":0,"componentName":"Binding mode 1","positionBias":false,"modifications":[]}],"letterComplement":"C-G,A-T"},"coefficients":{"bindingModeInteractions":[],"bindingModes":[{"mononucleotide":[0,0,0,0,0,0,0,0,0,0,0,0,0,0,0,0,0,0,0,0,0,0,0,0,0,0,0,0,0,0,0,0,0,0,0,0,0,0,0,0,0,0,0,0,0,0,0,0],"activity":[[-4.154924417041673]],"dinucleotide":[],"modifications":[]},{"mononucleotide":[-0.22812630216653673,0,-0.35069689493621725,-0.2659830377108179,-0.12958692160940055,0,-0.23266584640954324,-0.2669897915192694,-0.23526266880711244,0,-0.6566391774800171,-0.3538223923845836,-0.6073918559611236,0,-1.094572153141255,-0.6319979504088136,-0.34488863228946487,0,-0.13524445647263317,-0.4032691802175785,0,-0.25359436261543067,-0.7991187865875973,-0.9385045090509241,-0.488708144399125,0,-1.520638513414056,-0.7416193708224594,-3.6597090087088033,-0.12464834538259106,0,-0.5400604757727034,0,-2.0742091329642456,-0.4514043730171138,-0.7404147943747552,-0.4080749354415274,0,-1.6717656851265934,-0.5114254039803723,0,-0.2986690520563129,-1.281123399117924,-0.20785281962053492,-0.14720650053442697,0,-0.7089562841102337,-0.29756312421420583],"activity":[[0]],"dinucleotide":[],"modifications":[]}]}}
