{"modelSettings":{"letterOrder":"ACGT","bindingModeInteractions":[],"bindingModes":[{"fitLogActivity":true,"flankLength":0,"singleStrand":false,"size":12,"dinucleotideDistance":0,"componentName":"Binding mode 0","positionBias":false,"modifications":[]},{"fitLogActivity":true,"flankLength":0,"singleStrand":false,"size":12,"dinucleotideDistance":1,"componentName":"Binding mode 1","positionBias":false,"modifications":[]}],"letterComplement":"C-G,A-T"},"coefficients":{"bindingModeInteractions":[],"bindingModes":[{"mononucleotide":[0,0,0,0,0,0,0,0,0,0,0,0,0,0,0,0,0,0,0,0,0,0,0,0,0,0,0,0,0,0,0,0,0,0,0,0,0,0,0,0,0,0,0,0,0,0,0,0],"activity":[[-4.817937118105659]],"dinucleotide":[],"modifications":[]},{"mononucleotide":[0,-0.19705375854588603,-0.12726157663329296,-0.42914371628269876,-0.46484574859689154,0,-0.6402766683441854,-0.8641582132203602,-0.8915408782015444,-2.0406375431991233,0,-0.9743291425059262,0,-1.035302233768073,-1.004117935897332,-1.376887042655575,0,-1.7145808321664289,-1.0315649151388477,-2.036428468430274,-0.9484148147726792,-1.7817642656838775,-1.5508769714985213,0,-1.1125266827584959,-0.8967783227414721,0,-0.8119298198726099,0,-1.1243039457119774,-0.923951302165122,-1.0869154348857446,-0.4111353381215661,-0.6866113722593195,-0.45300705175074363,0,0,-0.08074799724807313,-0.3219547588817271,-0.7279141058289964,-0.21602135715539728,-0.07270951721278074,0,-0.6211864858103553,-0.3617346571471378,-0.2501803626243335,0,-0.39237835630368423],"activity":[[0]],"dinucleotide":[[0,0,0,0,0.24742229688672346,0,0.025413116911456868,0.057117487044411774,0.2733032808393556,0,0.2902610956515268,0.2551060963903087,0.2957543221870349,0,0.2950560125424655,0.5383547855728548,0.20739634263871842,1.1816830422606444,0,0.2579355557033729,0,0,0,0,0.7365797917309092,1.5879234574143233,0,0.647997594212498,0.7232958254173045,1.8025616566148805,0,0.6490833084540384,0,-0.18518771786047594,0.4465808186992142,0.43182099561278964,0,-0.6075935001746124,0.4144241507191273,0.27936894813092916,0,0,0,0,0,-0.1979403521609342,0.34451966784549803,0.6836832146742777,0,0,0,0,0,0.7294630444100338,-0.3948645511506319,1.4648768359485986,0,0.5309264584224902,0.653089499411081,1.4603267963537592,0,0.31477198378869886,0.630186116088729,0.6592854770187042,0,0,0,0,0.4230929629258382,1.4430754792776028,2.4227741997732677,0,0.5350225564934892,0.0758664921896024,1.5484633610884746,0,0.1433700649369687,-1.9951604474047917,1.5694274912142339,0,-0.5348179157802226,-2.9724416925499613,0,-0.8278795854108782,1.9843269273484978,0.30650549639728375,0,0.9148159515823142,0.6769658676897796,0.08802502118627764,0,0.4360341793871729,0,0,0,0,0,1.0109411215653736,0.3506820557142074,0.19571862529278583,0,-0.07493907181998516,0.09562939874973164,-0.37867078006558774,0,0,0,0,0,-0.07186618351673779,0.38339616315234437,-0.07072494355317094,0,0,0,0,0.4229759202223615,0.7106297758636071,0.5055274674556731,0,0.3575707767547964,0.5132900872926349,0.6618230545667902,0,0.7091625416380491,0.8702791139735382,0.598921131759969,0,0,-0.16906519734744485,0.49188533780612786,0.1995026833592517,0,-0.4021411083277471,0.6910142231456371,0.36206613964878454,0,-0.04438328759532606,0.5669352954614135,0.5781788355373534,0,0,0,0,0,0,0,0,-0.05413943955097622,-0.36566291687483243,0,-0.08336154369995175,-0.13636577531426575,-0.14726937576956445,0,0.12450736665136919,0.022577066050725847,0.07867491038644125,0,0.04791028070649794,0.3464490217114964,-0.009586632143188112,0,0.021074047579284994,0.08915525463552054,-0.254175282072457,0,-0.021748563621645012,0,0,0,0,0.36348040748630783,0.19559671470876783,0,0.2813579484340858]],"modifications":[]}]}}
