{"modelSettings":{"letterOrder":"ACGT","bindingModeInteractions":[],"bindingModes":[{"fitLogActivity":true,"flankLength":0,"singleStrand":false,"size":12,"dinucleotideDistance":0,"componentName":"Binding mode 0","positionBias":false,"modifications":[]},{"fitLogActivity":true,"flankLength":0,"singleStrand":false,"size":12,"dinucleotideDistance":1,"componentName":"Binding mode 1","positionBias":false,"modifications":[]},{"fitLogActivity":true,"flankLength":0,"singleStrand":false,"size":12,"dinucleotideDistance":1,"componentName":"Binding mode 2","positionBias":false,"modifications":[]}],"letterComplement":"C-G,A-T"},"coefficients":{"bindingModeInteractions":[],"bindingModes":[{"mononucleotide":[0,0,0,0,0,0,0,0,0,0,0,0,0,0,0,0,0,0,0,0,0,0,0,0,0,0,0,0,0,0,0,0,0,0,0,0,0,0,0,0,0,0,0,0,0,0,0,0],"activity":[[-4.940211100634446]],"dinucleotide":[],"modifications":[]},{"mononucleotide":[-0.2978846581541692,0,-0.6275477944502308,-0.1668807208657066,-0.301362845749225,-0.27309154619334786,0,-0.09941476145232642,-0.5045703691251129,-0.5001288139080033,-0.663327537192266,0,0,-0.7695192007653202,-0.6921091249057718,-0.928833490437011,-1.018859549292452,-1.0022842961993068,-1.6210543569711684,0,-2.084538006175344,0,-1.6088326274850047,-2.350919421931917,0,-0.7757699185764326,-1.855391752999498,-1.0983165428859136,-1.477892753688929,-0.8232172558618922,-1.3967659298109274,0,-1.0954949761432493,-0.6874319247517988,-1.138291970388131,0,-0.8601014299432461,0,-1.2640766332956799,-0.6356647154467585,-0.22093073123551932,-0.4778373560097431,0,-0.3683696401485812,-0.8754440474658649,-0.5068811133116187,-0.576523388793658,0],"activity":[[-0.3808088743746551]],"dinucleotide":[[0.20321004665331754,2.8224383369002126E-4,0,0.20087744048795741,0,0,0,0,0.3416977249598836,0.3315707486904773,0,0.36118576477347775,0.20291174369678666,0.11401145021064707,0,0.26324503651486175,-0.18439531345327698,0.11899410387702236,0.11914558979263257,0,0.28237428191160285,0.3699357421690004,0.48118242923639354,0,0,0,0,0,0.02862567715636466,-0.08323877085736697,0.13695605219123186,0,0,0.4268338579944735,0.11916797868352891,-0.3578929210348816,0,0.2934846943843743,-0.06721799376167792,0.25836369805373005,0,0.48119904742157527,-0.24789864038629061,0.2703500248360997,0,0,0,0,0,0,0,0,0.11837181565279731,0.6687493014552834,-0.30393387506100167,0,-0.2115253750350663,0.3266259511480516,-0.39577081180506113,0,0.6638744582312326,1.0555639653506068,1.413949953234682,0,-0.55589021694075,0,0.6285675184369803,1.88521974047891,0.765633912306781,0,1.1403258479920575,1.3328913070002968,0.5203308210084492,0,0.9152470926231051,1.227820941642086,0,0,0,0,0,1.1836620967928095,1.3947793020589074,-3.92687689506882,0,0,0,0,0,0.8406904984495924,1.35071874634329,1.173812787649888,0,0.417439825405141,1.3122442661334102,1.436355830959073,0,0,0,0,0.5723986576255686,0.3912147418920793,0.454289233316967,0,1.2892318449531706,1.1947718131470493,-0.29154500540849604,0,1.4555587227461526,0.7560248107548406,1.1709719494622364,0,0.42544279974519306,0.2172591201562597,0.5196835321962712,0,0.2408043501860646,0.3432523003401253,0.9145014189296554,0,0.4367817799832512,0.4456007617318718,0.2469959161417119,0,0,0,0,0,0.6231607879343646,0,0.558721478800664,0.6972188417840246,0.14384422967987454,0,0.19925332232445614,0.35986043339997664,0.5262228689303472,0,0.21513204257677554,0.5950815895341521,0,0,0,0,0.492328122240302,0.26958568697169705,0,0.4513860245843402,0,0,0,0,0.38844388282717657,0.3693229169135155,0,0.6831811745645615,0.18752228895881462,0.2242047659595987,0,0.40957096897822876,0.5044214552346014,0.020336020143432165,-0.02077471881285664,0,0.9168773106306949,0.7905060728947051,0.5167852188530091,0,0,0,0,0,0.7130139254876098,0.4305356260787696,0.3143910538061454,0]],"modifications":[]},{"mononucleotide":[-0.8422097778760875,-0.8862428266070905,0,-0.35371166503574436,-1.5585024869954447,-1.6220389597787195,-0.999912473685205,0,-1.6168752287075474,-1.5815185178036462,0,-1.0751039988604836,-1.3283506546885384,-1.906432438336643,-0.16914262066302754,0,-1.5751662331147482,-1.7776163289906526,-1.498746972951193,0,-1.4682694645744991,0,-1.5825110684297714,-1.8033338392735194,-3.441849667012313,-4.831749624319254,0,-5.40952396306624,-1.8911760565074278,0,-1.8975330961781038,-1.0143371694521042,-2.4945399963626667,0,-1.9459948689321696,-1.613856841960196,-1.7357677814519379,-1.373125508027985,0,-1.144617971403636,-0.984093176674512,-1.0848182292749158,0,-0.30376423344286696,-0.566980514800794,-0.6933565817314356,-0.08275467000712311,0],"activity":[[-0.23751880702509537]],"dinucleotide":[[1.208961010165515,0.8612034723039441,0.7312314499271819,0,0.824110419085609,1.0907697684830504,0.44700043592754035,0,0,0,0,0,0.39002803285289644,0.0889328002324179,0.4790052892115284,0,1.3783835517320595,1.0717040531408495,0,0.8641114326191648,1.289571208514805,1.3007168888118548,0,0.7795868684529541,0.6565334746228952,0.4535010728837108,0,0.6965882680595019,0,0,0,0,1.3432613228088233,1.142220507322464,0.5519623511891378,0,0.636825171827569,1.488310907495312,0.21105343918039843,0,0,0,0,0,0.6868326060198706,0.3840277271609098,0.29531503559726335,0,-0.16177735721152775,0.2566253646024581,0.5636564213946889,0,0.6987452536118788,0.9835122395419633,-0.3972567886100027,0,-0.2337493540902411,-0.48540697689428747,-0.028172791376704254,0,0,0,0,0,1.453095809728218,0,1.8701891647617002,1.8157803856742536,1.5875614994066192,0,-1.7744619796694758,0.4252118375288134,2.0184788610978632,0,1.1336357106606805,1.2957916575846653,0,0,0,0,-0.5547880022719447,-0.7702158776409425,0,-1.5673177711090531,0,0,0,0,1.7687595101565075,2.824543719343667,0,4.542265144815598,1.5124683807238473,0.1617295153514995,0,0.7824731472819098,2.075968719602804,0,1.5684076930431345,1.1183817223514527,-0.5690355475221773,0,-2.952019028938925,-0.5796023598026601,0,0,0,0,0.6016606629908177,0,-0.4082274634241374,1.6522542841489463,0.3409180223418806,0,-0.43539667161214446,-0.0014903053601686977,0,0,0,0,2.5893836527325673,0,2.815800510714018,3.414588869337403,0.06061628891910642,0,1.1670691378179692,0.942686719320597,2.114564295694004,1.3456863924440077,0,-1.2157129536662694,0,0,0,0,0.7697670450868879,1.0852076534267407,0,0.9384621523052452,0.019382502196463314,0.19080263287759713,0,-0.32146013456791067,1.8724579827429624,0.8902807943365123,0,0.3476355449375559,0.5084921521521704,0.583823534248542,0,-0.2653697628680223,0,0,0,0,1.02970025686205,0.22608030492321252,0,-0.11872534370895904,0.5036959875748424,0.12710716899349883,-0.05309078695252234,0,0.48190336951998924,0.8518170962930833,0.019099906570768432,0,0,0,0,0,0.4184297455014274,0.6345730155608966,-0.23509353185838178,0]],"modifications":[]}]}}
