{"modelSettings":{"letterOrder":"ACGT","bindingModeInteractions":[],"bindingModes":[{"fitLogActivity":true,"flankLength":0,"singleStrand":false,"size":12,"dinucleotideDistance":0,"componentName":"Binding mode 0","positionBias":false,"modifications":[]},{"fitLogActivity":true,"flankLength":0,"singleStrand":false,"size":12,"dinucleotideDistance":20,"componentName":"Binding mode 1","positionBias":false,"modifications":[]}],"letterComplement":"C-G,A-T"},"coefficients":{"bindingModeInteractions":[],"bindingModes":[{"mononucleotide":[0,0,0,0,0,0,0,0,0,0,0,0,0,0,0,0,0,0,0,0,0,0,0,0,0,0,0,0,0,0,0,0,0,0,0,0,0,0,0,0,0,0,0,0,0,0,0,0],"activity":[[-5.198724372523991]],"dinucleotide":[],"modifications":[]},{"mononucleotide":[-0.28849604100312476,-0.4790508901378736,0,-0.6393149833464706,0,-0.7360306017684817,-0.48300579146167255,-0.7928298452679163,0,-1.194823115076412,-0.8599974312506058,-1.7350087021534089,-1.5308104882646276,-1.5042821798290689,-1.4987089990292253,0,-0.9769432116302479,-1.9003128029720537,0,-1.8002797312261976,0,-1.7201246693245222,-1.4828225564937085,-2.2510806254002995,-3.6297942288590628,-0.987194574839867,-2.732919684402378,0,0,-2.752592610228139,-2.679196095362334,-1.3608265476166128,-1.542650060298997,0,-1.0907269815712342,-1.2192352850070556,-1.1306105734939216,-1.5427688205711583,0,-1.3530278857250622,-0.9318541108756024,-0.8792538762691455,0,-0.8210493649782995,-0.1648642188534737,-0.10638222518179141,0,-0.5083386265359451],"activity":[[0]],"dinucleotide":[[0,0.14525721581231021,0.17680462406758313,0.25885883268517684,0,-0.11478805861454067,-0.08229395985411347,0.0503494755190772,0,0,0,0,0,-0.0245395193404363,0.06482272121154686,0.08901702673889034,0,0,0,0,0,-0.3888679773558694,-0.1875671635204812,0.22531708401010064,0,-0.45619025166626326,-0.06104770531820858,0.24941726729639146,0,-0.06708821142242538,0.013074668185920402,0.30839118260073306,0,0,0,0,0.6025187097557989,0.23601955968212085,0.3274987389182895,0,0.6816493573231357,0.6721797071492723,0.47625737146324276,0,0.3709763721297863,0.39631990286966623,0.5892709736543837,0,0.1072600630301368,-0.1324625697484043,0,0.01256319014126639,-0.454353577712892,-0.9523768243674482,0,0.055916739689061856,0.23076016041966696,-0.20926091426441484,0,0.6511918695441912,0,0,0,0,0,-0.4241590621347875,0.200148602364556,0.10555679542638163,0,-0.18099591308359564,0.8368544774818742,0.7347380356396105,0,0,0,0,0,1.274057098978961,1.2004260544552308,1.32795090224527,0,0,0,0,-0.5694448582390663,0.6274877514289354,0.2911826801253037,0,-0.34831058834650275,0.3549891774724765,-0.3144440230884733,0,-2.4368813909296048,-0.14383049201777975,-1.2736496060062743,0,0,3.0797340621325953,-0.4302598077438473,1.3610348402171208,0,1.1148683738132448,0.6861893986416954,-0.2742248039803741,0,-0.33659564610250836,1.4200580887692373,-2.7229760800750844,0,0,0,0,0,0,0,0,1.1601251459812651,0,-1.4531873069398857,-0.23903674910129613,0.9007961998643728,0,0.9910468809748041,0.7013133407194418,1.0029524435940553,0,0.7243489539642161,0.20553136029712604,0.16951797294635718,0.5457143709115728,0,0.3538361420132503,0,0,0,0,0.2122758829835183,0.26011682429149463,0,0.167656462233313,0.17815358914659463,0.11616511364218329,0,-0.01396675885422205,0.2781441263328803,0.62763520529648,0,0.47816436367350246,0.29743587882617994,0.4700038818325645,0,0.19739118462159233,0,0,0,0,0.15352037335872382,0.18512001825097357,0,-0.003578330134700991,-0.051319843001529364,0.018856803341865458,0,-0.09360839854508995,0.041684975460075435,-0.07502873403053911,0,-0.049174930467635214,0,0,0,0,-0.04338836372422783,0.05264650761692913,0,-0.22433751376731959],[0,0.16495085433322476,0.1154882519630176,0.28453113111545836,0,0.36640372592815584,0.21781135387391792,0.3599197179945035,0,0,0,0,0,0.046786950817460315,0.12078137111885123,0.2269538150345749,0,0,0,0,0.31338484635366726,0.10066111377820164,0.033987415679300526,0,0.4397753400034512,0.3423694336179297,0.10225856648640796,0,0.35073496390669234,0.08656674764432903,0.27763947880823014,0,0,0,0,0,0.100798452129367,-0.13348944848446465,0,0.0597465449231569,0.08461424417973529,-0.5124520423748704,0,-0.45738343794342473,0.3170206830950182,-0.31270838442312066,0,-0.21120805056253822,0,0.2619681596328558,0.6900015126447148,0.2722665033767271,0,-0.06995525767233524,0.39529478650000804,0.27101787317519666,0,-0.42109270646313846,1.1630105595880993,0.15584556521618342,0,0,0,0,-0.5248097145691908,-0.1676033318628276,0.7185733419747384,0,-0.3697494901879441,0.4692486513019283,2.0536663521597607,0,0,0,0,0,0.20173245920658633,-0.11912191849486042,1.5631593367003793,0,0,0,0,0,0,0.05048765005862954,1.045310227933208,0.6734120612591061,0,-0.19024174897427049,-0.06897717767070244,-0.5611195022878963,0,0.6613426129002189,1.5347760172032467,0.6425359065673186,0.9255682882277805,0,1.7360251856713589,0.7299546445550877,0.31957190244485467,0,-0.10590959355811691,0.3867772978910349,0.42826717605211506,0,1.1222298511419613,2.0295227614548885,0,0,0,0,0,0,0,0,-0.01639105243053507,0.8946446761929314,0,0.3189287783436283,-0.16194717858197905,-0.363819325468719,0,-0.16051130402297975,0.16424619412590058,0.13382513716155664,0,0.12959236940713836,-0.18245702033383093,-0.4477853706448105,0,-0.27638434002198586,0,0,0,0,0.1465773637877632,-0.141332208582317,0,-0.1744108391363577,-0.04522657689609311,-0.1269375339133747,0,-0.19156022405611317,-0.03695302367605713,-0.015319159966251661,0,0.03548171819554646,0.04086264379359861,0.1944898305038123,0,0.18968453241846284,0,0,0,0,0.06198911332471635,0.03390604873140468,0,0.06502759485153486],[0.047122875548158305,0.06254008440309278,0.025783909618331435,0,0.12700261609731722,0.11931089295577024,-0.05961121168719252,0,0,0,0,0,0.09208013537521786,0.013558894891652074,-0.056448772689228655,0,0,0,0,0,-0.06044288670645237,-0.10607133074666564,0,0.10082172996195382,0.03815375049545722,-0.14113442203843363,0,-0.010343467043945509,-0.09433828256936572,-0.15805061040326684,0,-0.1521441207411227,0,0,0,0,0,0.5757526938849971,0.40623311507281823,1.0402919618605413,0,0.06626322488244618,0.1594801379824622,0.6648730418080575,0,0.859829559562205,0.27862647691245357,1.011024777590376,0.1709071861401954,0.5961722424604332,0.20305321525095632,0,1.7865088674388954,1.0145487977047773,-0.04740339588563813,0,0.7900732949073568,0.6588778196475742,-0.27088315154844533,0,0,0,0,0,0,-0.44863152214359836,-0.17337237651868787,0.12145861976035288,0,0.20630782643470713,-0.042326229489633604,1.5015047628086187,0,0,0,0,0,0.22034935922897247,-0.4331226030672193,-0.19157891890557366,0,0,0,0,0.09762544490948333,0,-0.07856448505418001,0.5256205729336108,-0.09120334457932255,0,0.4418175465584113,0.17158156674873482,-0.6038164117174691,0,-0.5026504806680983,0.18446628609338145,0.7225470525826854,0.23340939844834452,0,0.1898654378324789,0.32918223159877247,0.3504038772164293,0,0.4257541493494781,-2.0335780644978527,0.23462646636718087,0,-1.886909195259756,0,0,0,0,0,0,0,0,0.0923953010492613,0.36571467656832013,0,-0.12635942359326657,0.05921474080791844,-0.09854261237740802,0,0.17925675070878588,0.12960725680132335,0.19445288960629004,0,0.11914586794180959,0.15328518668587066,0.09163806321782975,0,0.17800806563183968,0,0,0,0,0.1904417006715482,0.029767191908049107,0,0.09485756392463873,0.05420438695736696,-0.057643589980099996,0,-2.5608507270380443E-4],[-0.06212584901217788,0.5335483227914635,0,0.2970686224994976,0.1003891511939301,0.3886025236148054,0,0.42327045815858355,0,0,0,0,0.06421062693780488,0.28006090220321767,0,0.3481980992234721,0,0,0,0,0,-0.4850565216029574,4.6719052189381216E-4,-0.10717252500551222,0,-0.40804132970757756,0.2513876663001371,-0.5529270683778735,0,-0.09508065977336422,-0.0912801893592361,-0.221030382743586,0,0,0,0,-0.4881363090756503,-0.660429597968367,-0.41354356542203874,0,-1.215119475687275,-0.09043048145070376,0.5246555241347091,0,-1.0457193091344923,-0.11773151110215885,0.14010310973160056,0,0,-0.44622968843933375,-0.3199560297074724,0.20858986753786368,0,0.3634011601441527,0.1196917616495865,