{"modelSettings":{"letterOrder":"ACGT","bindingModeInteractions":[],"bindingModes":[{"fitLogActivity":true,"flankLength":0,"singleStrand":false,"size":12,"dinucleotideDistance":0,"componentName":"Binding mode 0","positionBias":false,"modifications":[]},{"fitLogActivity":true,"flankLength":0,"singleStrand":false,"size":12,"dinucleotideDistance":1,"componentName":"Binding mode 1","positionBias":false,"modifications":[]}],"letterComplement":"C-G,A-T"},"coefficients":{"bindingModeInteractions":[],"bindingModes":[{"mononucleotide":[0,0,0,0,0,0,0,0,0,0,0,0,0,0,0,0,0,0,0,0,0,0,0,0,0,0,0,0,0,0,0,0,0,0,0,0,0,0,0,0,0,0,0,0,0,0,0,0],"activity":[[-4.295272906117992]],"dinucleotide":[],"modifications":[]},{"mononucleotide":[-0.46286115602360667,0,-0.5233910639200605,-0.11399296524311353,-0.5027718962818586,-0.12054299262466017,0,-0.13218036435586455,-0.6389912317047273,-0.41829611638068975,-0.5317543062652188,0,0,-0.4786814799993895,-0.5685077758065678,-0.4423170907418399,-1.0174407157316363,-0.6644247400751375,-1.033055686092375,0,-0.8306585324378197,0,-1.3116801870595243,-1.4632890054703989,0,-0.9089132719959832,-1.154380942378408,-0.7495491189819781,-2.478309708398976,-0.8373419807134166,-1.756044470817094,0,-1.221182979076369,-1.027062321592176,-1.3021756865864642,0,-1.1000046498179508,0,-1.4820227661814904,-0.7673758897822474,-0.4471553855143098,-0.7259211833427646,0,-0.5316874315951798,-0.8091088838753242,-0.3511172030625289,-0.25974239081081496,0],"activity":[[0]],"dinucleotide":[[0.47166455384575556,0.047978471367200015,0,0.3644647477798699,0,0,0,0,0.5254374930435155,0.2616853661738485,0,0.22125416786297336,0.081954626401469,-0.1791275763154765,0,0.16072903212645961,0.17491289962165446,0.37493652782922027,0.32685140483125963,0,0.17844752901829075,0.4017331076339943,0.4057432151376634,0,0,0,0,0,-0.005820096066344149,0.0993606404559344,0.39073201204970154,0,0,0.49254543961135333,0.1880100477184019,0.1127590953331925,0,0.39302951101707784,0.24249807499358766,0.13034654730322082,0,-0.06284098888381529,-0.4830158336297057,-0.18847099594801975,0,0,0,0,0,0,0,0,0.9158387273164053,0.4740343351387839,0.44136715602946985,0,0.44745014429885543,0.2250079113827308,0.7684114384741676,0,0.8417395007165869,0.32742506514820846,0.4351620619472154,0,-0.2899570395034785,0,0.1256843778249901,0.028094832442395745,0.40671402765465814,0,0.02894999931657294,0.45342347737029076,-0.5781646111714132,0,0.47126577283899174,1.207483487932329,0,0,0,0,0,0.3638725151363662,0.5686423828443399,-0.9602312467977998,0,0,0,0,0,0.8213739078189555,0.5268982562271396,-1.2963222122910572,0,0.9247506261129468,1.5327926473734887,-0.5115509967119305,0,0,0,0,1.452756279808161,0.8689578849844359,2.020943819418691,0,1.0480487689547915,0.271700107368245,1.1678360906546903,0,1.7309540643596004,0.6722411506169763,0.806057250284816,0,0.8330216349096986,0.9298994084602832,1.148092180531429,0,0.2745486406222213,0.5250823701792555,-0.20917524637198381,0,0.9359582186529116,0.8629882829898654,0.7377667397385426,0,0,0,0,0,0.7469185281437252,0,-0.07138033887309891,0.2890267853370636,0.2632590937058108,0,0.25123457853208775,0.30757662668521846,-0.03362912439950794,0,-0.5012856758248212,0.2565794523148792,0,0,0,0,0.6562795548864253,0.7577255874081095,0,0.5718340773125341,0,0,0,0,1.1202177236670137,0.8184222111713462,0,0.8936198560830917,0.28878317004908194,0.3710387882674775,0,0.34852535287372177,0.5264783057198796,0.21565989143992947,-0.24452151312716808,0,1.0957668458047278,0.7862646231320447,0.061031711071665384,0,0,0,0,0,0.5590662546286929,0.3355768562974646,0.09515274244866045,0]],"modifications":[]}]}}
