{"modelSettings":{"letterOrder":"ACGT","bindingModeInteractions":[],"bindingModes":[{"fitLogActivity":true,"flankLength":0,"singleStrand":false,"size":12,"dinucleotideDistance":0,"componentName":"Binding mode 0","positionBias":false,"modifications":[]},{"fitLogActivity":true,"flankLength":0,"singleStrand":false,"size":12,"dinucleotideDistance":1,"componentName":"Binding mode 1","positionBias":false,"modifications":[]}],"letterComplement":"C-G,A-T"},"coefficients":{"bindingModeInteractions":[],"bindingModes":[{"mononucleotide":[0,0,0,0,0,0,0,0,0,0,0,0,0,0,0,0,0,0,0,0,0,0,0,0,0,0,0,0,0,0,0,0,0,0,0,0,0,0,0,0,0,0,0,0,0,0,0,0],"activity":[[-5.421085808811624]],"dinucleotide":[],"modifications":[]},{"mononucleotide":[-0.2459130741367188,0,-0.3650000786865224,-0.5012509709771917,-0.7844868789793393,-1.524937112520825,0,-0.8831579538551866,0,-1.2246115102278958,-1.0206715634028685,-1.2250126617318369,0,-1.4431158440557796,-0.777316469887551,-1.6561210200069851,-0.9902542372657894,-1.6898951003483766,-1.690588968485578,0,-1.4271171104908964,-1.382221210336244,0,-0.7818014353988687,0,-1.4414543249184364,-0.9239746044243278,-1.1949505991001343,-0.48592246971506725,-0.7740825454625639,-0.6034000135933422,0,0,-0.6125542850887475,-0.6523006769061377,-0.7693931385956914,-0.3536201140976969,0,-0.20160866206154449,-0.7520827791867957,-0.5462904559863988,-0.8388600912539976,0,-0.6308916291334912,-0.4848371273170615,-0.33822140771481735,0,-0.43405887163656676],"activity":[[0]],"dinucleotide":[[0.08292939845915104,0.8931571966213045,0,0.09906430793272403,0,0,0,0,0.563953743844805,1.122505004958918,0,0.5567352391866018,0.4422097556292064,1.2437314032708562,0,0.6882136396796854,0,0.3741662070199139,0.3616467190547379,0.43278651382581224,0,-0.4679950730335114,0.09054674116849348,0.2050762011012699,0,0,0,0,0,0.3476357184022518,-0.02248297511290165,0.45234475106742256,0,0,0,0,0,0.5759079410119865,0.36056731188626134,0.9279336458869807,0,0.9983780296329998,0.9335232446975059,1.040715685054617,0,0.2599292492398275,0.7172500923926926,0.5278235278455652,0,0,0,0,0.5375369663189877,1.0168277564396178,2.0784933948162347,0,0.5420385314741356,0.025536953223206815,1.1475425854884316,0,0.6639038440201803,-0.43502661547930854,1.054473516478776,0,0.03840623557612233,-4.01655513974752,0,-0.4789013588139239,2.2512100020680172,0.9420343434040443,0,1.0005273499355152,1.4969893642752679,0.9275059997705544,0,0.4306234500905459,0,0,0,0,0,1.1741124793667712,0.02348968491872583,0.11831636654325983,0,0.26821169391492905,-0.29092400484373915,-0.13429059633822682,0,0,0,0,0,-0.04676744877781047,0.26428386409961213,0.17786327469119723,0,0,0,0,0.5331354200156397,0.9035800944619989,0.49406274279527196,0,0.34575361063817045,0.41452454516510784,0.6858054914320908,0,0.7421469168433248,0.8065550817017879,0.7750673058950133,0,0,-0.03810814041508692,0.3490936514380403,0.14746191645234052,0,-0.34636158546689977,0.48476221042881473,0.1169677832200442,0,-0.024935918984744454,0.5634158626572168,0.4910083493667434,0,0,0,0,0,0,0,0,0.44668031284172915,0,0.5475890011310431,0.5176843451120545,0.35041925535693697,0,0.34680026211769643,0.47372097584734085,0.3316439662692705,0,0.12345744223814847,0.21497926117981248,0.3492195959097826,0.3398830223052016,0,0.2911600279872095,0,0,0,0,0.1185788363519551,0.5142407733703429,0,0.13905540966122487,0.36000094626666623,0.48571861520253634,0,0.26207686809965747,0.41515834397589124,0.12266322735769286,0,0.0628081154703688,0.3303706375440507,-0.0679534315945789,0,0.14649849769242973,0,0,0,0,0.2914881820251747,-0.0017621161942278363,0,-0.02542980811987494]],"modifications":[]}]}}
