{"modelSettings":{"letterOrder":"ACGT","bindingModeInteractions":[],"bindingModes":[{"fitLogActivity":true,"flankLength":0,"singleStrand":false,"size":14,"dinucleotideDistance":0,"componentName":"Binding mode 0","positionBias":false,"modifications":[]},{"fitLogActivity":true,"flankLength":0,"singleStrand":false,"size":14,"dinucleotideDistance":14,"componentName":"Binding mode 1","positionBias":false,"modifications":[]}],"letterComplement":"C-G,A-T"},"coefficients":{"bindingModeInteractions":[],"bindingModes":[{"mononucleotide":[0,0,0,0,0,0,0,0,0,0,0,0,0,0,0,0,0,0,0,0,0,0,0,0,0,0,0,0,0,0,0,0,0,0,0,0,0,0,0,0,0,0,0,0,0,0,0,0,0,0,0,0,0,0,0,0],"activity":[[-10.150732784520773]],"dinucleotide":[],"modifications":[]},{"mononucleotide":[-5.241053825853782,-0.6908171101057832,-0.14124680471947215,0,-1.5737591050229636,-0.3911419643924887,-1.5734359278640948,0,-0.5824439999863955,0,-1.6632421645263644,-4.813935636625756,-2.3575507467470436,0,-3.3104908855310553,-7.259615799210277,-4.030673204115842,-1.7058777504200844,0,-8.25500473202386,-10.422599769528691,0,-2.778778882027175,-7.600961983812962,-12.126269289955463,-5.09226691919056,-5.1172945692081155,0,-2.496522486438894,-4.470497528932293,0,-11.301087309035267,0,-10.997496026368644,-5.738254726659808,-7.969405508073674,-22.806440048455357,-1.3194686513271794,-28.72961721690975,0,-6.041002437211411,-14.376455422448146,0,-4.725208687442424,0,-2.943412926712134,-2.4731006098877293,-0.5916855873793194,-1.8144220146011447,0,-6.439581120994713,-5.021565456032428,-3.4561423109393985,0,-5.277750622426483,-2.7201523937645398],"activity":[[0]],"dinucleotide":[[-0.3599833064701583,-0.37309099914164623,0.1138343890008402,0,-0.662351262714318,-0.2913215109060747,-0.27051789486699906,0,-0.08828682034160806,-0.021586553778128348,-0.18538146971174285,0,0,0,0,0,-0.07436537534248178,0,0.04545224785213353,0.03598922461216336,-0.10796179363293845,0,-0.19530983548038083,0.055185258624639744,-0.24112753524220043,0,-0.053141693042028315,-0.015552071102070464,0,0,0,0,0.7751057168783149,0,0.7443297831627333,0.7828677319162765,0,0,0,0,0.43814002037983535,0,0.6919038113968501,0.24208456587462202,0.62462425882598,0,0.6101669519483348,0.18578189173658366,-1.0119105758385043,-1.275461496639517,0,-0.8367674473073894,0,0,0,0,-0.7874351723477755,-1.1108408481290608,0,-0.7156972369330088,-0.4877139869786635,-1.055641019775388,0,-0.8643930671817728,1.0857811358741731,0,1.007703254578817,0.5896317969933857,0.5540390660674017,0,0.5368527006598054,-0.27080448548660563,0,0,0,0,1.4888869496296167,0,1.612618691873914,-1.9883967887900624,-3.1728923410499306,-5.05971151802364,3.032806432822772,0,0,0,0,0,-0.8647668727581426,-2.3686080024154332,-0.27603654925197674,0,-1.0479131265400454,-2.079425933134141,-2.3967089329068063,0,6.049821120819891,7.044141580667871,0,2.5762892284644536,1.181917815508708,3.504542989329476,0,-0.9015792373734435,2.0917026177861695,1.5451323793977902,0,4.08458768909953,0,0,0,0,0,-1.0371084496634406,0.7615271376230606,2.413926214778698,0,2.1745777531104995,2.808860138213271,3.6370189677237317,0,0,0,0,0,2.398245414210187,1.4506127871779952,1.4723227454449983,0,0,0,0,6.333123187217971,4.012145835776703,-0.44012969970737004,0,1.6888257703176208,-0.8387695724284319,2.9558910059091446,0,2.8879587020750535,1.2488004550500058,1.011071308504249,0,-2.8440085892001434,0.6406196577155754,0,-3.681141037306567,-0.7008216799362899,2.4971209459747516,0,-2.23431755353018,1.6428870659783996,7.517615186208836,0,1.830609550476595,0,0,0,0,0,0.6621393018882138,1.1399005023916278,2.105748083389874,0,-0.05158808688805294,-0.697381704622245,-3.3946811914583996,0,0,0,0,0,-4.745049331005822,0.4050638717847246,1.334620064770018,0,0,0,0,0.36275276780410426,0,0.7166807971908096,1.1976892840654507,-0.7672795561556454,0,-0.3667971228408451,-0.16589554412363405,-0.2829236905655721,0,-0.39110169075090084,-0.6259949641373446,0.3495255559248598,0,0.3378395187319221,0.424193800643506,0,0,0,0,-0.1795646306115124,0,-0.28525992291963576,-0.35790930405122445,0.5151001869394545,0,0.3336254163499355,0.18180133457230596],[-0.18212983287354323,0,0.49994498536423837,0.030759478015957242,-0.023854609665976412,0,0.21960214749018458,-0.007777610398086665,-0.018369140180460874,0,0.027446174560111558,-0.21053952393935305,0,0,0,0,-0.10317623367715534,0,0.17697617528646425,0.10205197925356835,-0.4160891934647033,0,-0.2645883208158786,-0.015903165359663518,-0.418612096395913,0,-0.2843307804158979,-0.05010053833968975,0,0,0,0,-0.3734777829591067,-0.4553723908839098,0,-0.5965175324778365,0,0,0,0,-0.1730703083011269,-0.5679005167113216,0,-0.4178204232594336,-0.2534046013838793,-0.34152998479317187,0,-0.7164970549014438,0.7758090845033561,0,0.9132882168123819,0.3902604523289117,0,0,0,0,0.9531071195705483,0,1.0930406625785336,0.433480870665635,0.4931962300049406,0,0.25895367769772015,0.08554422269850193,-0.02537864710825133,2.2639464658132056,-0.4073822142134542,0,0.6692878784064238,1.4961777267704033,0.5767827949447737,0,0,0,0,0,-0.40307522854487843,1.9712039552993748,0.20912630687860734,0,5.184427182941516,4.794326887951351,0,3.923554836657928,0,0,0,0,1.2886862174325708,0.373250284757491,0,-0.21049523506037282,6.637931443903201,5.810761683690057,0,1.2823664999801778,0,8.017114569285278,1.0140419293847778,7.104764667988968,0,-3.381976749812903,-1.455989950564053,1.5349256687186124,0,2.8937194750972974,2.62331276865479,5.550250125719948,0,0,0,0,5.480651846569838,-0.9915124061844054,-0.1907317473550627,0,6.774989541973323,-1.7410099158498182,6.5629816876988585,0,0,0,0,0,5.522369433950182,-1.733968553806685,7.260485840179022,0,0,0,0,0,2.1121782759578895,8.397530385452626,0,2.8298111317431616,-1.730183780026218,-1.9075256130796845,0,-2.483953487302127,1.2983474248664955,-2.4052751172385385,0,-0.4822915981754665,0,2.671973358559363,3.6352451948923985,4.346297314596004,0,0.4984753724337434,0.15322249544412792,0.21617894559249784,0,4.843727620073004,7.661824232049689,9.32906027156655,0,0,0,0,0.17055074932482484,0,-0.21888100319900516,-0.6957634199364193,-5.062392867939721,0,-0.3052803772197592,-0.638939709101134,0,0,0,0,1.0981885028077087,0,0.3691440821309886,0.06935675334375624,0,0,0,0,1.1364638976256005,0,1.4251877422260346,1.4785668805774357,-0.35112871722845007,0,0.35292088453843906,0.02387470154428417,-0.3098488272229236,0,-0.5995543232706435,0.03850771573206169],[-0.2950124616234593,0,-0.35204341558492125,0.21757823249819985,0.5395530436248066,0,0.2181971221476502,0.6126358780418641,1.0849896531725536,0,0.1909824798097901,0.6313806965934639,0,0,0,0,-0.03718532465478397,-0.16376982850953592,0,-0.09407455356407901,-0.1843287703781442,0.18317769105676973,0,0.24288843412967864,-0.045491318190359564,0.4252620656991555,0,0.16760830000371563,0,0,0,0,-0.33398697299691094,0,-0.3935437482100461,-1.102136255288105,0,0,0,0,-0.23986813545361052,0,-0.08729071201723038,0.05453008125368264,-0.7729445006760933,0,-0.7403567199396139,-1.2521225509068632,2.349926182721889,3.2543435454571883,1.6941215673646957,0,0,0,0,0,-0.3105782545468614,0.8264505895378988,0.45455073125337897,0,0.05191800623027376,0.9234906015765052,0.7998322454294442,0,0.7431884282234629,0.6323695970602348,0,0.08638361041121989,0.15035310202715735,0.8530693316394871,0,1.014156048706047,0,0,0,0,6.289476411584915,6.568848079540231,0,6.889151540538252,0,-0.7670902981746366,0.5921641692326354,0.371955844842887,0,0,0,0,0,1.6510505649429117,-0.8655104217021758,2.087328554757466,0,0.7517915391368533,-0.13164391941353237,3.02167829958781,1.480309040478211,-0.018613783000789752,4.346420615880305,0,-0.6752313643335448,0.39528549531338353,4.17656610233945,0,-0.15649897186081674,-0.584624293748516,3.9719011870401886,0,0,0,0,0,2.163559919490126,1.7145378264800168,0,1.8557811660731245,1.822112561997674,0.5268399421619883,0,1.9521461957563373,0,0,0,0,7.116252954627408,5.426763064928018,0,8.455903225920949,0,0,0,0,0,-0.5211587236084139,1.564583232078812,3.1956860069007718,0,2.5991388089560044,3.2827061414252396,2.8143800793472034,0,