{"modelSettings":{"letterOrder":"ACGT","bindingModeInteractions":[],"bindingModes":[{"fitLogActivity":true,"flankLength":0,"singleStrand":false,"size":12,"dinucleotideDistance":0,"componentName":"Binding mode 0","positionBias":false,"modifications":[]},{"fitLogActivity":true,"flankLength":0,"singleStrand":false,"size":12,"dinucleotideDistance":1,"componentName":"Binding mode 1","positionBias":false,"modifications":[]}],"letterComplement":"C-G,A-T"},"coefficients":{"bindingModeInteractions":[],"bindingModes":[{"mononucleotide":[0,0,0,0,0,0,0,0,0,0,0,0,0,0,0,0,0,0,0,0,0,0,0,0,0,0,0,0,0,0,0,0,0,0,0,0,0,0,0,0,0,0,0,0,0,0,0,0],"activity":[[-6.817612296276774]],"dinucleotide":[],"modifications":[]},{"mononucleotide":[-0.27793908993064065,0,-0.4579588075708312,-0.043548816760081266,-0.3939643582051495,0,-0.3421611335470942,-0.11601610761531767,-0.5232799031284898,0,-0.06357945739578419,-0.36360597566332586,-0.3100214273298523,0,-0.3780827838105534,-0.03845693619601853,-0.7335803437109298,-0.4472141461832724,-0.7091972041056369,0,-1.4123376531465608,-3.222813768675521,-4.740453814464468,0,0,-6.890593089560533,-1.8487010084587716,-3.15889593872629,0,-12.081560251225412,-3.27211328773613,-3.7340802050599113,-3.4849657020442257,-4.30440659081793,-1.5709291051055256,0,-3.412239910819232,0,-3.8178093126158257,-3.3914922025647547,-2.267177674222874,0,-2.5553290188767193,-1.0152217608296317,-0.43845220511984007,-0.23379887333639893,0,-0.35626452156053023],"activity":[[0]],"dinucleotide":[[0.3441347031603321,0,0.11782516839668844,0.21577089399758442,0,0,0,0,0.48216755170104797,0,0.31152751614016694,0.35558947741771973,0.24488283264122224,0,-0.09925298782207648,-0.1424016097790961,0.13046642197114622,0,-0.08360281874432651,0.08582202584329757,0,0,0,0,0.21924306065322163,0,-0.04563332308295465,0.45966742282749884,0.1793731508345875,0,0.08985389886446349,0.16097760616461088,0.1419895521402701,0,0.3336279889303615,0.09170181785580667,0,0,0,0,-0.27946862407788764,0,0.2006677139073858,-0.4208938652872103,0.3197170944985057,0,0.34046380466975634,0.056944376893136806,-0.18761355867231444,0.2423439062664503,-0.045018445803620466,0,0,0,0,0,0.6110890574787504,0.5395582174725728,-0.012743271711746829,0,0.041061740098166766,-0.14225230860720295,-0.7342362004897236,0,-0.7337043331489541,0.050743849864949286,0.8676680641464554,0,-0.9034643856785252,-0.06368609307282425,0.9011640123542666,0,-1.0199561184327717,1.0992415850048056,2.480552976324477,0,0,0,0,0,0,0.9418825025916746,-0.248931460194735,0.9978118035677963,0,3.3479687122938966,0.842835329136606,-0.5517848661363001,0,4.075867471806406,-2.007049602561045,1.2002997595889564,0,0,0,0,0,0,0,0,0,10.45942205151847,5.061165756341257,1.96033738475208,0,3.1752356666215906,0.14017378235804667,-2.4406426380092796,0,6.624484516109884,2.770927875979646,2.518581275693668,0,0,0,0,6.1769081352209145,8.314289213717792,3.897483640154393,0,2.313994869351493,2.0130144709675077,-3.5207584686724305,0,2.26891042454257,2.0413851766100635,-1.1237739018461754,0,2.4436174857799333,0,2.2234095257969475,2.6530146869014057,3.593912379617916,0,4.104773389287313,2.8061675514174977,0.30757274751728136,0,1.9061568153946022,1.7015957014215255,0,0,0,0,1.2681726108415265,0,0.10144539783807183,0.18331485689766147,0,0,0,0,-1.5953789390869284,0,1.216725651993646,-3.5569694717843774,2.1579127840808563,0,1.286443128533656,-3.5999317476756065,-3.1237216974143918,0.5428240053407318,0,0.019156845729510152,0,0,0,0,-0.538292551437138,0.900587423103433,0,0.12561680391078323,-0.10099336699490635,0.18511578040548127,0,-0.12173985596663517]],"modifications":[]}]}}
