{"modelSettings":{"letterOrder":"ACGT","bindingModeInteractions":[],"bindingModes":[{"fitLogActivity":true,"flankLength":0,"singleStrand":false,"size":12,"dinucleotideDistance":0,"componentName":"Binding mode 0","positionBias":false,"modifications":[]},{"fitLogActivity":true,"flankLength":0,"singleStrand":false,"size":12,"dinucleotideDistance":12,"componentName":"Binding mode 1","positionBias":false,"modifications":[]}],"letterComplement":"C-G,A-T"},"coefficients":{"bindingModeInteractions":[],"bindingModes":[{"mononucleotide":[0,0,0,0,0,0,0,0,0,0,0,0,0,0,0,0,0,0,0,0,0,0,0,0,0,0,0,0,0,0,0,0,0,0,0,0,0,0,0,0,0,0,0,0,0,0,0,0],"activity":[[-17.882474795388305]],"dinucleotide":[],"modifications":[]},{"mononucleotide":[-0.3101857217052615,-0.04937614209026364,0,-0.07021731567429512,-0.35597234414866996,-0.08987990585365147,-0.981450587059296,0,-2.161652119984585,-3.092755220608387,-3.0313409010459464,0,0,-3.7429006142209147,-2.447679132942416,-3.249273148255944,0,-3.748661753835564,-3.589237101780726,-3.7884888108701587,-2.9772660595469205,-3.422050985808255,-1.345287406800038,0,-3.2035492857446135,0,-3.493304323400354,-2.620108074823211,-2.310339783862566,0,-2.4401424762051365,-1.4289240164470822,-0.6406720042646974,-1.0885551584576394,0,-1.1743032903881598,-0.4856593238534348,-0.040080916874886796,0,-0.3736807844552672,-0.5307562792878713,-0.44370955061304507,0,-0.3933213878033328,-0.6091190633417369,-0.6781997964636748,0,-0.5137002530221455],"activity":[[0]],"dinucleotide":[[-0.16679057588616963,0.11361102996912464,0.30062213412956496,0,-0.22666788778144742,-0.36214976112339947,0.10941160343563183,0,0,0,0,0,-0.24984284720765793,-0.5424105432848663,-0.19657085475256864,0,-0.3473409133643237,-0.17199439346832257,-0.003249407621083833,0,-0.3023810736194221,0.007861632826106302,0.07861994671647032,0,-0.42957232890805397,0.3349841898501271,0.1968096603544751,0,0,0,0,0,0,0.8870915139179676,0.4357815978967725,0.6889959925283309,0,0.7811213779142792,0.7830604311439036,0.9027591452255832,0,0.6686540157556253,0.3769238206015251,0.8949377864219867,0,0,0,0,0,0,0,0,0,0.7714847435428007,0.8995301842002599,1.0882706614222615,0,1.1557369355696991,1.4162674664049915,1.382771909195597,0,1.2845447552652587,1.076858588505365,1.3119482602846029,0,0,0,0,1.042480782210605,0.9740318148005773,0.8241690471705816,0,0.5743135889432978,0.48833781917771635,0.6369170156737383,0,0.854285052096297,0.6444259156633043,0.43015553451941013,0,0.9765011604461025,0,0.6306729223423071,0.688309229450657,0.9782173650784118,0,1.2753787878731515,1.2032273058975163,0.7393159603422701,0,1.0864110217381393,0.7151617403223547,0,0,0,0,0.6051014730746838,0,0.14435579739561,0.06229376378624085,0,0,0,0,-0.08537825561898327,0,-0.012503870353204327,-0.20045719918575156,0.17616498944229697,0,0.24144317409996052,-0.33233958996174184,-0.08801170786540258,0.4517235609865251,0,0.15923795653228456,0,0,0,0,-0.107621015472124,0.492048754324812,0,0.23325319637099184,-0.14964510527427688,0.16261670722993227,0,0.04956548892010826,0.16923242234750013,0.18832233819747302,0,0.12795863534424967,0.5180744877079313,0.7624719236403035,0,0.7168770311994166,0,0,0,0,0.4892292028582723,0.36395617416697057,0,0.3905794615322531,0.0019593333690934855,-0.010188612139440778,0,0.35818443731965743,0.27224497363385325,0.2067036374556217,0,0.26288772381780134,0,0,0,0,0.05979196212143556,0.049539965376537154,0,0.265120534565062,-0.11082607063291228,0.2985121871719212,0,0.08518611527856024,0.1507827909566437,0.20778480972046687,0,0.2550987522899657,0,0,0,0,-0.02585186029189046,0.10515282733744868,0,-0.0071607595322653594],[0.44432953720964363,0.0813175784935476,0.2750320389825829,0,0.38403241988777204,0.17836816125605903,0.22036398696910098,0,0,0,0,0,0.5684279130493959,0.36902155043672646,0.14240231176819762,0,0,0.0908809233290091,0.4168988753402747,0.0560900024885731,0,-0.08155096549687801,0.19806237152475603,0.05806331740058823,0,0.036073497513216424,0.4251859187899836,-0.22141551781195457,0,0,0,0,0,0.5180930662631651,0.5174361602111084,0.6873844590229092,0,1.081092075109555,0.6691512864252811,0.8181377855859857,0,0.9915535261641137,0.5965692518693615,0.43815177033393393,0,0,0,0,0,0,0,0,0.6234990491536703,0.7066085666922479,0.5801111065561448,0,0.6292719040176218,0.46964785666909403,0.5619640681899218,0,0.4154519545856985,0.7539636149354871,0.31582995406086045,0,0,0,0,0,1.3785444914123408,0,1.4697520115927754,1.049171471331734,1.4683473298744651,0,1.4956011908770268,0.712480868999573,1.2679869631970373,0,1.1816771558538113,1.2041059724571097,0.6455820906735745,0,0.4927289809388844,0.40226463341947305,0.5770275672794636,0,0.6091234726046739,0.4667786570790682,0.06551442125771345,0,0.20161155485734827,0.02388589784618933,0,0,0,0,-0.10115695809186409,0.19104771959523514,0,0.08152148120430702,0,0,0,0,0.22910952949501784,0.495640205619857,0,0.43889312168608274,-0.29409886721037637,0.21537713862678043,0,0.40899718649261096,-0.011829864192379524,-0.26464025648705825,0,-0.17326922164352254,0,0,0,0,0.36939593556191763,-0.065779558851494,0,0.14990401503301953,-0.06765300812430919,-0.2095667483035193,0,-0.0822424709630365,-0.15444297058016687,0.21483368560955007,0,0.13676904705361004,0.36700462458580674,0.3619167994737431,0,0.23372028843226111,0,0,0,0,0.1510424500995402,0.36912358141417734,0,0.21863271489756642,-0.09151927898409085,0.017373330877576976,0,-0.009557177280230533,0.06318887273198115,-0.0024429189008987606,0,0.12428878760348461,0,0,0,0,0.1681136332109574,0.13654112837645904,0,0.17532023344990932],[0,0.11228382814593107,0.012226123989645288,0.5562481978918843,0,-0.04429301569991928,0.0419711650104766,0.3376896954411741,0,0,0,0,0,0.28230346706733744,-0.08061357122661228,0.388637628114596,0,-0.007243835975446977,0.5198789595710753,0.32953144727749795,0,-0.0031028176950229636,0.3522578813383248,0.18041776675522492,0,0.21484218447349335,0.5887694427974326,0.34786850965341287,0,0,0,0,0.5881204906478557,0.2527747540841254,0.2707466007817674,0,0.5107659394825337,0.5271377272673758,-0.14219953686554554,0,0.7755667449213997,0.9804775255373315,0.5440902301848842,0,0,0,0,0,0,0,0,0,0.7682490362907082,0,0.904957141301562,1.1072210154882178,1.2044401565627254,0,0.8439208999158625,0.8953925951066015,0.7094061029065015,0,0.9112206430436132,0.9386895827500963,0,0,0,0,0.6780215294206515,0,0.5331638831841712,0.4811002724579998,0.5107211268683534,0,0.48846830556033005,0.20786951582036206,0.7606510529554171,0,0.4499239340776997,0.45241670701000025,-0.4138730427575332,-0.7053558025434628,0,-0.3111818625345002,-0.2929756757946773,-0.27466790750495385,0,-0.12970028442557613,-0.03912141594954033,-0.2679039979683022,0,-0.17023089768225397,0,0,0,0,-0.22824359861449217,-0.22232209615646426,0,-0.12829716449774242,0,0,0,0,-0.15363346243766607,0.008331239829344916,0,-0.29545671023338915,-0.029696558978765886,-0.17472037097356186,0,0.031111112040978384,-0.01970894535815315,0.26305261593755436,0,0.0761817057680565,0,0,0,0,0.16180220027153158,-0.03988747685236227,0,0.20748919833410717,0.24868547928507923,0.1079262139945314,0,0.3126392458887137,0.22732245264342765,-0.014092197066934986,0,0.11431240386224673,0.07378932062109289,0.0658850534455615,0,0.01358460683320839,0,0,0,0,0.21255132648070507,-0.011946059045988555,0,0.19495823410537128],[0,-0.2844186687428403,-0.16875017715201768,-0.2794935134918459,0,-0.4685220962448984,-0.17768673941000657,0.0580015615463747,0,0,0,0,0,-0.21693772726092142,-0.07719914320894361,0.0979702833667142,0.053225576533620256,0.0015403401114202353,0.001552245186251966,0,-0.3011086735701536,0.1912621027197856,-0.1453301696573659,0,0.10225242099279086,0.019807023326220197,0.06406428558358712,0,0,0,0,0,0.481902242084586,0,0.5317271888200406,0.5273740636660023,0.7652295916073051,0,0.7722707490149343,0.7343950948155697,1.0515262475544542,0,1.0410815685779387,1.036990398973689,0,0,0,0,0,0,0,0,0.37097551482569724,0,0.3655562619517543,0.5376944303629836,0.12869670373059972,0,0.4247559042577631,0.29882326706921525,0.5762240688391973,0,