{"modelSettings":{"letterOrder":"ACGT","bindingModeInteractions":[],"bindingModes":[{"fitLogActivity":true,"flankLength":0,"singleStrand":false,"size":12,"dinucleotideDistance":0,"componentName":"Binding mode 0","positionBias":false,"modifications":[]},{"fitLogActivity":true,"flankLength":0,"singleStrand":false,"size":12,"dinucleotideDistance":0,"componentName":"Binding mode 1","positionBias":false,"modifications":[]}],"letterComplement":"C-G,A-T"},"coefficients":{"bindingModeInteractions":[],"bindingModes":[{"mononucleotide":[0,0,0,0,0,0,0,0,0,0,0,0,0,0,0,0,0,0,0,0,0,0,0,0,0,0,0,0,0,0,0,0,0,0,0,0,0,0,0,0,0,0,0,0,0,0,0,0],"activity":[[-7.486499210450221]],"dinucleotide":[],"modifications":[]},{"mononucleotide":[-0.16494614290904508,0,-0.38387051976648934,-0.31107211302184723,-0.027316140935413458,-0.13774403927406453,0,-0.37872644054705873,-0.30836362775403003,-0.20448281131803192,0,-0.5069392647130755,-0.426814522103804,0,-0.076952354343792,-0.5548853899888435,-1.0534842032648442,-2.4000034189088293,0,-2.275347818138032,-3.0483287605688663,-3.9215669969003706,0,-3.308826632782159,0,-1.5869561599564808,-3.91621995883383,-3.4072934807382893,-4.15417423504563,-3.3834771260914938,-6.822447128256511,0,-2.7700659553234726,-1.9750669906475125,-6.137348968548052,0,0,-3.6482735244781663,-3.0972618841819184,-1.8187943938439197,0,-1.0727583606598436,-0.4408413485432785,-0.6634524782412647,-0.2898949700063227,0,-4.2921980582733E-4,-0.26475622990122005],"activity":[[0]],"dinucleotide":[],"modifications":[]}]}}
