{"modelSettings":{"letterOrder":"ACGT","bindingModeInteractions":[],"bindingModes":[{"fitLogActivity":true,"flankLength":0,"singleStrand":false,"size":12,"dinucleotideDistance":0,"componentName":"Binding mode 0","positionBias":false,"modifications":[]},{"fitLogActivity":true,"flankLength":0,"singleStrand":false,"size":12,"dinucleotideDistance":0,"componentName":"Binding mode 1","positionBias":false,"modifications":[]}],"letterComplement":"C-G,A-T"},"coefficients":{"bindingModeInteractions":[],"bindingModes":[{"mononucleotide":[0,0,0,0,0,0,0,0,0,0,0,0,0,0,0,0,0,0,0,0,0,0,0,0,0,0,0,0,0,0,0,0,0,0,0,0,0,0,0,0,0,0,0,0,0,0,0,0],"activity":[[-7.183657135073834]],"dinucleotide":[],"modifications":[]},{"mononucleotide":[-0.1710233977299218,0,-0.3928950240597011,-0.32953473300169733,-0.028591068819244114,-0.12821441884699603,0,-0.39037366745194824,-0.31750693628627324,-0.1970825816115962,0,-0.5237732546172431,-0.4450698539765465,0,-0.08983061380009438,-0.5708786879212564,-1.0623509094867174,-2.4026575034016693,0,-2.3070439002660903,-3.1222472693504404,-4.0135666614023995,0,-3.4285988733326693,0,-1.5765779100258692,-4.071649799088685,-3.5443261570476947,-4.183824885614558,-3.2962396158549767,-6.775357533156292,0,-2.796671468753459,-1.9638671807683732,-6.404982790780991,0,0,-3.536560435623553,-3.126743760103327,-1.8450862642425276,0,-1.069127123725302,-0.4419834760844896,-0.6752400164820331,-0.30782849611016516,0,-0.013284530911759518,-0.2866321020995919],"activity":[[0]],"dinucleotide":[],"modifications":[]}]}}
