{"modelSettings":{"letterOrder":"ACGT","bindingModeInteractions":[],"bindingModes":[{"fitLogActivity":true,"flankLength":0,"singleStrand":false,"size":12,"dinucleotideDistance":0,"componentName":"Binding mode 0","positionBias":false,"modifications":[]},{"fitLogActivity":true,"flankLength":0,"singleStrand":false,"size":12,"dinucleotideDistance":12,"componentName":"Binding mode 1","positionBias":false,"modifications":[]}],"letterComplement":"C-G,A-T"},"coefficients":{"bindingModeInteractions":[],"bindingModes":[{"mononucleotide":[0,0,0,0,0,0,0,0,0,0,0,0,0,0,0,0,0,0,0,0,0,0,0,0,0,0,0,0,0,0,0,0,0,0,0,0,0,0,0,0,0,0,0,0,0,0,0,0],"activity":[[-8.153746745500124]],"dinucleotide":[],"modifications":[]},{"mononucleotide":[-1.9423389842389902,-1.5084127640281437,0,-1.8801059103212445,-2.7331064605667255,-1.3749926639380732,-2.4911669647785555,0,-4.012301067294901,-3.984217280221104,0,-4.334017013977393,-10.736457833520493,-1.1473644777755467,0,-5.380344873198858,-2.554638577425651,-1.9084508225400576,0,-3.138253653683739,-1.0655552911186454,0,-3.3460813042895445,-1.3401104388904592,-10.264661991922274,0,-18.288261988708825,-14.756012067091884,-19.17773106155417,0,-20.77768104769587,-10.24099963977078,-9.944091769179863,0,-15.993661588187603,-3.3683595718855592,0,-3.518683891388746,-0.40023522285056945,-1.3023978763851227,-2.9483695628522284,0,-3.2856951035520967,-2.7718514535696244,-1.0023672146660116,-0.2847660909845473,-1.0367940137264045,0],"activity":[[0]],"dinucleotide":[[0.1492431926685711,0.06844926299257459,0.2478809357907572,0,0.24391131535599442,0.14819146827863428,-0.09967671611873641,0,0,0,0,0,0.5671319947073599,0.5145853098621753,0.3757367978469013,0,-0.28447821307791443,-0.5760634695887816,0,0.12318905171467875,0.09700006847938702,0.23424843877013046,0,0.35691050067216246,-0.4585552341303938,-0.26823933315525395,0,-0.3763827614945434,0,0,0,0,-0.2273689851580638,-0.18067836264791204,0,-0.3511361610261581,0.4716588283331351,1.2502803690161528,0,0.9412960599568656,0,0,0,0,0.4201363245774967,0.21725644258776633,0,0.30350432957363793,-0.16272769137069432,-0.3415691059866415,0,-0.32739815442259257,-0.2952276143353565,-0.49348099253687217,0,-0.7700710368505597,0,0,0,0,-0.2507346294680417,-1.80008735338511,0,-5.5115572417036685,-5.713426339594931,0,0.945617756755075,2.29374161809311,-1.3211924927591152,0,1.7959091098407391,-1.7289533036004272,0,0,0,0,-0.006281874691353551,0,-1.1645379753704947,1.7022934335389248,4.573367309380722,0,-1.2877169693364756,6.836510639247617,0,0,0,1.7763568394002505E-15,6.547265972925399,0,-0.4854702282575012,6.254158101304945,5.674444209857197,0,-2.5763731548834308,9.60233024853979,5.0836840410079205,0,4.802570844865109,5.1772447740185985,0,0,0,0,6.028557741241482,0,2.7660532517436707,2.214601675275471,4.551084351361691,1.7763568394002505E-15,1.967854946383106,0.4018603747602896,5.106822381405671,0,8.854136843069316,12.930764122542321,1.7763568394002505E-15,0,0,0,-2.5575438247467908,0,-2.1876423332944555,3.7644864790871786,-1.0365287531024876,0,-0.23863540293566388,7.9662686345681255,1.7763568394002505E-15,-3.473094328424832,5.29595213919752,2.0363313367949605,0,0,0,0,0,1.0537841050815544,8.49082974943477,2.3835161305648285,0,-2.7652797250821113,2.253726957949616,1.026373194325772,0,0,0,0,0.6316967475442308,0,1.165426280434243,0.8881381963329797,1.1206212021386879,0,1.2279798819854282,-0.08206008163436884,1.1609805488202856,0,0.3003641616673942,0.21727758961971277,0.49007721309071517,0.5666249173898867,0.009354476787076571,0,0,0,0,0,0.09122261574774093,0.7684632839080385,-0.41186885442227084,0,0.6490122837043035,1.0758516230454003,0.12065856514079565,0],[-0.4317063172608169,-0.5039524001958409,0,-0.4765780940378068,-0.16369366848523192,-0.07311692871185294,0,-0.08259879920099245,0,0,0,0,0.008249086053391252,-0.08968273898211798,0,-0.24595452816240204,-0.30295643259253957,0.051056854636769344,0,0.4919722961270212,0.2571463798538218,0.43405993286385325,0,0.8108201278912297,0.13305917686429147,-0.08612104338185844,0,0.47823179163997587,0,0,0,0,-0.08209501449073997,0.8522803398245387,0,-0.12232241859440407,0.02325009563460867,0.9685851572842026,0,0.7372184127457508,0,0,0,0,0.2244521347892423,1.3381893560114868,0,0.11533865321124637,3.1812326155182404,0,2.986956114797241,1.9765010275768873,-1.75380114268828,0,-1.1518649028749053,-2.630195782123902,0,0,0,0,-6.76736763354421,0,-1.0846275733459052,-2.8578864280941163,-0.5135205110520875,0,-1.0244574638352901,0.4401593120747407,-0.7062982293048119,0,3.117292411592551,1.7567481897243606,0,0,0,1.7763568394002505E-15,-0.25855237271968257,0,1.0278657833244829,0.6605382541162008,8.520096313530624,0,2.9801374276765173,4.819930262781485,0,0,0,0,6.481030077736463,0,3.1782409774356957,7.4384396921421665,2.9135115060505363,0,1.3037754782368047,3.5518742893141972,-0.3990755330414828,0,-1.825063063191486,0.2020850106389176,1.7763568394002505E-15,0,0,0,7.8450208220922875,0,1.0147863574096903,-0.480840717149686,0.33665595287861194,1.7763568394002505E-15,-0.45542424911337775,-0.6423520670543112,0,0.9806338568062536,-0.8579072962109286,-1.11520010229016,0,0,0,0,0,-7.011018112142164,2.0914112145513144,-0.41019661603090185,0,-5.8711810130514515,-3.1350109134026294,-1.8440877591183913,3.250039184483615,1.7763568394002505E-15,3.445427061110065,4.547632554543462,0,0,0,0,6.279536349981996,0,8.002530947063633,4.933688140096592,0.0998123270039093,0,0.5157261768402552,0.04595278860560903,0,0,0,0,-3.5626975680150137,0.6525905378355858,0.4186604186019851,0,-0.4838740070692733,-1.3773704806469276,-0.7159547966434547,0,0.45544709888739554,-0.6081251530564922,-0.12927975543000514,0],[-0.02562380219174365,-0.25659525991339116,0,-0.25685953060920497,-0.31384706754087155,-0.21590883620273082,0,-0.14767485487249843,0,0,0,0,-0.02836784688250127,-0.19036766799535165,0,-0.13691789063430448,0.10525529521466126,0.5312992905287963,0,0.2597568393786247,-0.15709920503451613,-0.4741186627361156,0,0.20375325944986145,-0.20234779257105728,0.2327935528110885,0,-0.03320244241107417,0,0,0,0,1.3251437604331109,0,0.34497380261285393,1.7361578340684982,1.9573264447692011,0,1.3881973069826063,2.849888248122186,0,0,0,0,0.06457211372905292,0,1.517291411114856,2.9335556714485644,-0.17884603435572544,0,-2.378173646908227,4.729859474469045,-0.5827808248604498,0,-3.0602755108805795,5.890129369226695,0,0,0,1.7763568394002505E-15,-0.46967297862628143,0,-1.3525413074548354,1.4817871783053995,6.555183710016422,0,9.473170394230891,0.660703185142312,-5.479941406510658,0,-0.42811498811031257,-5.164041075250342,0,0,0,0,4.558719248609751,0,8.765414370708243,1.9282705763267565,1.9508932768831357,0,3.2006410952970974,-3.144198486383246,1.7763568394002505E-15,0,0,0,1.2832347819228342,0,1.7958025577585346,-2.770783092894857,0.3545680155469668,0,-1.3208287547863762,-3.27691143039645,0,8.439402781810282,1.802433316108317,-0.30244133021298225,0,0,0,0,0,4.289444834159756,3.2232165414863694,-0.42635135508284705,1.7763568394002505E-15,3.9807390822208344,-1.113831001615349,-0.3822717446699464,1.615909845986753,0,-5.930866680059026,-1.5669153720621232,0,0,0,0,8.823495690403178,0,5.822469100107732,5.263124242208981,3.6274662815958383,0,2.479726070014948,0.910560502726792,-0.9822499030450178,-7.520278559259378,-0.19635460667202764,1.7763568394002505E-15,0,0,0,0,-0.5713346458549999,-2.797065334541667,-0.23459908509662242,0,0.08598161950419492,0.30681097059634155,0.07432093141901497,0],[0.18924897074764147,-0.5029363935263209,0,-0.10751809636773935,-0.2664227220939175,-0.12619317726771762,0,-0.46473509863645646,0,0,0,0,-0.2607708388403438,-0.005671055841611761,0,-0.09724535154611402,2.254545435092874,0,1.5078857322652066,0.9381083368064527,-0.3539618485958105,0,-0.9196770810469381,0.09979465956802258,2.001049486137495,0,2.099326447278612,2.4708110038142603,0,0,0,0,-0.015298158078460133,0,0.8617529250668952,-0.15665118074381823,0.03478093034511254,0,1.9195970782955172,1.351679769768758,0,0,0,1.7763568394002505E-15,-0.21240645201288366,0,-4.630461480532862,