{"modelSettings":{"letterOrder":"ACGT","bindingModeInteractions":[],"bindingModes":[{"fitLogActivity":true,"flankLength":0,"singleStrand":false,"size":6,"dinucleotideDistance":0,"componentName":"Binding mode 0","positionBias":false,"modifications":[]},{"fitLogActivity":true,"flankLength":0,"singleStrand":false,"size":6,"dinucleotideDistance":0,"componentName":"Binding mode 1","positionBias":false,"modifications":[]}],"letterComplement":"C-G,A-T"},"coefficients":{"bindingModeInteractions":[],"bindingModes":[{"mononucleotide":[0,0,0,0,0,0,0,0,0,0,0,0,0,0,0,0,0,0,0,0,0,0,0,0],"activity":[[-6.088506088304439]],"dinucleotide":[],"modifications":[]},{"mononucleotide":[-1.8559980158604148,-2.8707127065174696,-3.5042872878827565,0,0,-5.566171283439795,-1.9447993615257317,-2.6508358421001503,0,-7.525973829926553,-3.4032721243263095,-4.384857103305982,-3.2006030344851224,-3.8176091261965004,-1.5432056419665443,0,-3.130539640382855,0,-3.7143101343966247,-2.905874815004104,-2.2629810353151942,0,-2.4723130161065185,-1.0665990627721964],"activity":[[0]],"dinucleotide":[],"modifications":[]}]}}
