{"modelSettings":{"letterOrder":"ACGT","bindingModeInteractions":[],"bindingModes":[{"fitLogActivity":true,"flankLength":0,"singleStrand":false,"size":8,"dinucleotideDistance":0,"componentName":"Binding mode 0","positionBias":false,"modifications":[]},{"fitLogActivity":true,"flankLength":0,"singleStrand":false,"size":8,"dinucleotideDistance":8,"componentName":"Binding mode 1","positionBias":false,"modifications":[]}],"letterComplement":"C-G,A-T"},"coefficients":{"bindingModeInteractions":[],"bindingModes":[{"mononucleotide":[0,0,0,0,0,0,0,0,0,0,0,0,0,0,0,0,0,0,0,0,0,0,0,0,0,0,0,0,0,0,0,0],"activity":[[-6.4714437831177625]],"dinucleotide":[],"modifications":[]},{"mononucleotide":[-0.7090246256790724,-0.3535244474158379,-1.0914621224704568,0,-1.4171099931854236,-3.173034475010634,-4.469450828959227,0,0,-7.447025065051847,-1.9802240438179508,-4.040320627777197,0,-13.095163636651462,-18.677406446656473,-4.797280333113869,-2.456372193669618,-4.404182274961734,-1.361925830236686,0,-8.22190037955858,0,-10.006317575572597,-4.760055966997029,-2.332926790007619,0,-3.2338604780159166,-1.1232247652614902,-0.3519482147760904,-0.25140450189869945,0,-0.3442893876363886],"activity":[[0]],"dinucleotide":[[-0.43726465942840775,-1.0487830742414097,2.005562984444232,0,-0.7699542672292061,-0.5365819768297699,1.3525130329318786,0,-1.1458903519711159,1.1106733518439214,1.461702294649145,0,0,0,0,0,0,1.8981573155257294,-0.6778304440190395,1.101917089852515,0,4.205374844189656,0.46968363154347337,1.6178427738550134,0,0.7222670653645729,-0.010393200759402532,0.869567481735869,0,0,0,0,0,0,0,0,0,2.2975869484931337,6.240223437140319,-1.122018637226759,0,1.1059710077258167,6.420442521729136,-0.21583248433744195,0,1.2279818688551352,3.192644116002633,0.2533670404730195,0,0,0,0,6.825642955645556,7.816522067918152,3.0795529619636337,0,4.352166341255902,7.346042479329455,7.845263643513158,0,0.7924004975672982,4.308644586781409,-1.0241849599718504,0,3.340621900308175,0,-0.9447697195721023,2.6958892575496067,3.611625897016495,0,-3.0088172163910283,3.6953741481266915,2.310062201505888,0,2.3066650358379377,3.3145132429782933,0,0,0,0,4.515628912440732,0,0.5953813704619542,2.2008932967447095,0,0,0,0,6.255697978968747,0,3.832318116009569,1.9365804836719533,2.758082827968308,0,0.3030535383652806,-4.518226898194453,-2.70484687075058,0.45772247839684255,0,-0.024541602254477546,0,0,0,0,-5.272154187827773,1.0563576016933265,0,-0.4222873971458512,-0.11331434395176032,0.22086511046631685,0,-0.14398713914330585],[0,3.5342302101669762,-0.1569292608732873,1.1299317404212017,0,0.67512227120781,-0.34838913417160633,0.1931317407829436,0,-0.24055707287329575,-0.09889156424795864,-1.4758249839083586,0,0,0,0,0,0.913143002868912,-0.028187907083847108,3.6446589910285603,0,1.6229500995759096,3.5876340381869163,3.676562412882298,0,3.2306865951706776,2.6292500007617754,4.4434671040222025,0,0,0,0,0,0,0,0,2.536869646549861,1.9087896912958904,0.7388758016112309,0,0.22964335471780029,-4.61604062354412,0.24311386530225754,0,2.682091446476898,0.5780050698123551,0.6692157855521668,0,0,0,0,0,-1.4406251012186573,0,0.7028565363026189,-6.664926542673733,4.7853138584388795,0,12.466014631557734,-0.13715739658693238,2.7595998318869555,0,-0.28179838221185705,-2.876621145229876,0.3986692786513233,0,2.2440354499806654,0.7013474275901013,-0.3219599936208901,0,-0.20753405476429787,-1.3564726503171407,-0.31465756799844424,0,1.1271756545516016,0.43566818647201444,0,0,0,0,1.7028290852319428,0.49296989796019997,0,-1.3113898320455313,0,0,0,0,4.181047734240977,-1.9212024046418144,0,1.9901013001848096,-2.0688827494104824,-0.3146592669531634,0,0.011643368312219238],[0,4.522995840613916,3.0026370772441666,-6.316704321472231,0,3.7179973812580442,3.2977388683728943,0.14603828355985282,0,5.942620323753399,5.545354952199302,-3.09390385363007,0,0,0,0,-0.1793054944344572,-2.7719924997286043,0.2199919373090653,0,-0.9328693204018945,-5.538864872077387,-3.905557662225333,0,0.030825433820982795,-0.7955033786319188,-4.453793305450075,0,0,0,0,0,0,0,0,0,-3.5111254174947497,0,-1.1318467236797574,-1.022549630556746,-2.358607352162837,0,-2.6816108608931906,1.075154494439511,-1.517790514148345,0,-2.117502355048728,2.506898989658639,0,0,0,0,0.19479760446096073,0,1.0733965973555897,-1.2959360507328412,-1.452687264533072,0,0.354039239301958,-4.243362116163805,-1.5486276060076856,0,2.1222392331276065,-0.1501685302718938,-2.2958112841542215,-0.8714659542891949,0,-1.7104664365739017,-4.877319972747443,0.04667739597053533,0,0.8323199524131999,-0.20862765267964978,-0.4035162393839382,0,-0.3699180386688843,0,0,0,0],[-1.2375360016392447,-0.15132899707332825,0.13405080700810412,0,-1.1620884417158468,1.0162036311212077,-0.4363337487969199,0,0.6137716930264379,1.7805247349985116,0.025849617189877883,0,0,0,0,0,1.3277647283543157,0,2.41018524507232,0.2865825550027017,1.5941822821701237,0,2.8700604686625706,-2.6173896190299164,3.307787028815591,0,6.229511350238239,2.674085787617834,0,0,0,0,0,0,0,0,-7.140921901066182,0,-7.12329606430492,-4.358562566095651,-1.8282022765986579,0,-2.337210562537604,-0.008919434617521205,-4.727255482447736,0,0.07958561480364335,0.7175793054648967,0,0,0,0,0.08502031112812958,-0.4838373908479632,0,-4.513329334278033,-3.939723377529802,2.194788456435255,0,-0.6642301586846386,0.13941848665360546,0.11608142263046783,0,-0.29159796667853044],[2.3734003380624866,0,-3.2971634099117857,-0.32602560054940444,-1.6448651334629627,0,-2.354022499932441,0.2859919377319269,2.000070842598207,0,-4.784073414542577,0.3002087175970143,0,0,0,0,0.3664697367699281,0,-0.37882097382526325,0.0728670291186102,1.0439071004891005,0,0.6323970600714146,0.6635003422934762,-0.7226260121679804,0,-0.15622438528290417,0.14299217588017754,0,0,0,0,0,0,0,0,-1.182348309284908,0.8793384899505101,0,-1.9366409308413814,0.1693440988112549,-0.1029574474888415,0,0.031650351236983454,1.5751091283169467,0.41178164315456023,0,-0.2650990181064694],[-0.1534692448542776,0,0.8368226580623492,-0.047253244453665744,0.15322545857818604,0,0.3789161449006233,0.06983334530862173,-0.5306264615519263,0,-0.028565161735787825,0.007292305288038037,0,0,0,0,-0.11360374059060252,0.05066520874423297,0,-0.19586022230257516,0.12642239912959052,0.17673062702291897,0,0.15332426610163985,0.28021739183396743,-0.7987012031547094,0,-0.3780132809176937,0,0,0,0],[-0.13418787906482876,0.04961114160673574,0,-0.004533655594734398,-0.10087292745875942,0.14990650349153967,0,0.13141665966199234,0.05658645255418726,0.29033728226304234,0,0.015045234265611995,0,0,0,0]],"modifications":[]}]}}
