{"modelSettings":{"letterOrder":"ACGT","bindingModeInteractions":[],"bindingModes":[{"fitLogActivity":true,"flankLength":0,"singleStrand":false,"size":12,"dinucleotideDistance":0,"componentName":"Binding mode 0","positionBias":false,"modifications":[]},{"fitLogActivity":true,"flankLength":0,"singleStrand":false,"size":12,"dinucleotideDistance":6,"componentName":"Binding mode 1","positionBias":false,"modifications":[]}],"letterComplement":"C-G,A-T"},"coefficients":{"bindingModeInteractions":[],"bindingModes":[{"mononucleotide":[0,0,0,0,0,0,0,0,0,0,0,0,0,0,0,0,0,0,0,0,0,0,0,0,0,0,0,0,0,0,0,0,0,0,0,0,0,0,0,0,0,0,0,0,0,0,0,0],"activity":[[-7.977218153785614]],"dinucleotide":[],"modifications":[]},{"mononucleotide":[-1.8779581717899303,-0.704779023620838,0,-1.505112723700364,-1.7933728605102273,0,-1.7061427221064154,-1.1988933458121842,-3.832423859213119,-3.9604852440026086,0,-2.287744764043868,-2.6568924227071413,-3.6744652272734664,0,-10.738580161819721,-7.162097913537674,-14.412785819678309,-4.513260390190276,0,-14.137261699495523,-18.519771912847908,0,-8.491964165361201,-18.443358443681525,-9.05217134607041,0,-10.249288069872918,-1.937424744506207,-4.716461050503696,0,-4.450044790344981,-0.8246849106254679,-0.40933353240055226,-0.5541088273555319,0,-5.3187028399502045,0,-3.16698284956089,-7.845880817552371,-6.945893306847474,0,-2.9943310113152695,-3.985121571441165,-1.5313796221768063,0,-1.7439290038944906,-1.4427555487885737],"activity":[[0]],"dinucleotide":[[-0.3716366090204204,0,0.6957687525483083,0.10383532142329344,0.25576404865183733,0,1.2390613909378292,0.5823606148850518,0,0,0,0,0.3885486503902875,0,0.7675809571470902,0.5443743068537437,1.7042242097554121,1.4244004805350583,0,1.4672847353888434,0,0,0,0,0.9155263624643455,1.0315555887966221,0,0.7475579588619086,1.9080556395143944,1.669182040162223,0,0.9708565110070602,0.38755129673775635,-0.9451765545324546,0,-0.09069357162597491,-1.07859547987759,-0.8311092628731993,0,-0.8603873009700322,0,0,0,0,0.3109165686765225,-6.460244975531007,0,-1.9095646154417096,4.194662536376538,-6.0393711181250005,3.8037318508321345,0,3.2825192898080573,-6.437178881339115,3.829442060155773,0,0,0,0,0,3.4084916327038446,3.246817965548182,5.365788969960034,0,-5.044561556992271,-6.471410726733232,0,-1.8316721527468935,-2.423553862662626,-0.03493535947821158,0,-2.9632925062727082,-0.6261410987147578,3.9337178544088864,0,4.54066474900266,0,0,0,0,4.552742242881802,5.1432220563418625,0,5.79433643132295,9.024557020164412,11.943852522186369,0,12.683393278020933,0,0,0,0,8.139131175487964,10.053665067342886,0,9.082338372209644,6.380261813980859,6.4391956071325716,0,7.73527273394369,-0.4005344954410823,2.5197111049516465,0,4.072730173014433,0,0,0,0,0.22739617591565775,2.1448472623122967,0,-1.686650354004188,-4.271211154736,-0.6719291516845116,-0.49474674395052354,0,0.5125349484987964,-1.2562947222447445,-0.07166241184604782,0,0,0,0,0,0.5644350556283815,-0.9774646660254156,-0.006823213750061008,0,-0.13324919226369403,0,0.3286243368306083,0.07197496814114146,-0.25051726752604164,0,-0.567013913527461,0.24732552668560537,-0.18562508550872625,0,0.5864459997973928,0.14953801280334034,0,0,0,0,0.13034592025181269,0,0.5622330030254261,0.27008796868792473,0,0,0,0,0.11736782561511205,0,0.3908470732012299,-0.21713817730145468,0.06068622390595557,0,0.3285511842627926,-0.1529796902749574,0.36094760641853796,0,0.5731209445820333,0.10122089194686446,0,0,0,0,0.5283256198051083,0,0.4983356748480956,0.24234676803081268,0.2167019910802237,0,0.40308521279624543,-0.07956870068633659],[0.8466645278319573,0.5669679458529044,0,0.19079475769618348,-0.07262384945131828,-0.3908696690364657,0,-0.4874437119959545,0,0,0,0,2.288058556223678,1.2764679710958404,0,1.2991313683361057,-0.48243976525182397,-3.0762948589011714,0,1.022616669121371,0,0,0,0,-0.1760070671263172,1.3668226588104622,0,-3.8564260763596003,-0.06249673845079151,0.10171394404289824,0,-0.31263989958482163,2.3694891889885206,-1.65050865049011,2.385045929556302,0,3.659273629484767,4.894531755422204,2.530447864337317,0,0,0,0,0,1.8382047787548963,3.2667283797131503,0.8192922530615361,0,1.4307011001233665,1.5141046288177442,0,-0.06587159156093314,2.232725705225638,-0.6014201441624714,0,-6.09793983887462,0,0,0,0,3.815865579721759,0.8088104297653871,0,-0.5155365869558217,-3.5265239634702787,7.521257861361464,0,3.914254708908647,0.33842862218213554,6.591767727262958,0,5.035758235202653,-9.12304895607016,-3.0229629990575546,0,-4.113572430635706,0,0,0,0,-1.7428655818520156,-2.716249313894057,0,-2.2021679721334664,1.7459250869552285,-1.7456010534757098,0,-1.5276462296379876,0,0,0,0,0.6734498558991575,0.6270601415563757,0,0.2903037710729066,-0.46285196591023237,-0.04678600329138405,-0.1746198037561335,0,2.65963532321142,0.7337710492970313,0.3329654477347521,0,0,0,0,0,-2.7671665507010434,1.8170951356534601,0.7484973941512916,0,0.23160192152507975,0,0.6307368942337384,0.45563427204267803,-0.17587384829399255,0,-0.2850738243350417,-0.018484441995965994,0,0,0,0,0.2489925291266175,0,-0.09650830427123136,0.11318884036719368,-0.20489873903550304,0,0.3452523344329954,0.42200710522654283,0.3264685380482373,0,-0.014169362140683539,0.3428665771430275,0.465819741677846,0,0.5530009088986478,0.4710016684282614,0,0,0,0,-0.31175261725377634,0,0.023807476252837745,-0.41975598051713003,0,0,0,0,0.007722946785937879,0,0.07510576754220555,-0.47668319777702184,-0.01037701450398032,0,-0.10519457457618842,-0.3627180778937582],[-0.08763577940858269,0.02557615873485375,0,2.892273920918175,-0.07934286945462077,-1.1144468144625446,0,2.093985683862593,0,0,0,0,0.21418106378938795,1.9503590727561555,0,2.375998462691477,0.9494118613177545,3.5088134380763485,0.06212962400138089,0,0,0,0,0,-1.230687801126713,5.418064020071721,-0.44129001498520015,0,0.3628396329122383,2.982907971795356,-0.06568806827941742,0,1.2987903892773716,0.08713032573789192,0,1.5681510334271351,3.803078780775847,3.318601182222274,0,5.59811807996754,0,0,0,0,1.0339126408841945,-1.6888082708918581,0,1.6164140810445442,1.2714699472167474,0.5610569023837986,0,4.386987011715643,-2.3716668832052505,0.46274331599545704,0,4.803617118120755,0,0,0,0,3.831460485803799,3.149432216818578,0,8.26559544925077,1.0459940846630609,4.171743412700151,0,1.7275509681460797,-3.318936109711224,2.5257433918212655,0,0.5443019112975875,0.3142616796615423,3.4401551161613755,0,1.810214324353212,0,0,0,0,4.009496902107161,3.964510425742068,5.689596228519237,0,3.131368314158724,1.843230427271365,-5.404065766621898,0,0,0,0,0,-0.014805922527104443,0.20715729313682196,-0.28133603329665746,0,7.767600563443887,0,5.686118374609054,5.6700545652903465,1.1821650873328444,0,0.003663882369842497,0.28624914706601245,0,0,0,0,-0.6872588839203466,0,0.39446327520021995,0.43200187745298635,-1.2039184929639202,0,-0.5611877929876039,-1.1914817966080289,-0.6780255807871747,0,-0.685358140805393,-0.7701953182971799,0,0,0,0,-0.6090887605542044,0,-0.6074487899191876,-0.5540330085810332,-0.14817236438605796,0,0.11891391567769993,-0.300144001971411,0.10547128476736933,0,0.27028298368395465,-0.03285087485600613,-0.27838557814611065,0,-0.011744770589468878,-0.37221339068023696,0,0,0,0],[0.42665218239139513,-0.3331032781488261,1.3525108132457975,0,-0.7398625259349707,-0.6240843827404348,0.3603643775429921,0,0,0,0,0,-0.36551639219023,0.8322160733218489,-7.80194519537712,0,-0.6045555451307472,1.0408849534129239,0,-0.7917340341379226,0,0,0,0,1.5763464646984406,3.0425958637304724,0,-0.44470895607206984,0.8329833731934055,2.3693661004559985,0,-0.6601109547695767,-2.190624951844935,-0.42277734989394666,0,-2.3302796376230717,-4.088723091414291,-5.542755926217225,0,-10.250413830863923,0,0,0,0,-1.0745439912334227,1.4632147620071905,0,-0.35689162512872485,0.46036764825771925,0.1059491430987789,0,0.26292234114948076,0.3391900768107847,0.13358960973513412,0,1.1482191521377239,0,0,0,0,0.7715789049968578,1.0974977703098645,0,1.8878949840727035,-3.192522060580399,-0.7218964469467126,0.42791518516128235,0,-8.248416867145522,-1.365366107916632,