{"modelSettings":{"letterOrder":"ACGT","bindingModeInteractions":[],"bindingModes":[{"fitLogActivity":true,"flankLength":0,"singleStrand":false,"size":10,"dinucleotideDistance":0,"componentName":"Binding mode 0","positionBias":false,"modifications":[]},{"fitLogActivity":true,"flankLength":0,"singleStrand":false,"size":10,"dinucleotideDistance":1,"componentName":"Binding mode 1","positionBias":false,"modifications":[]}],"letterComplement":"C-G,A-T"},"coefficients":{"bindingModeInteractions":[],"bindingModes":[{"mononucleotide":[0,0,0,0,0,0,0,0,0,0,0,0,0,0,0,0,0,0,0,0,0,0,0,0,0,0,0,0,0,0,0,0,0,0,0,0,0,0,0,0],"activity":[[-7.290153442885291]],"dinucleotide":[],"modifications":[]},{"mononucleotide":[-0.30246823610339213,0,-0.18030720655714916,-0.0810382692388334,-0.6769424904412933,-0.5224013565594419,-0.7893866562420051,0,-1.548694618869236,-3.132938250612015,-5.3058487820145,0,0,-7.703362805579591,-1.879968514162945,-3.020775644050085,0,-9.705411990990484,-3.421546047971045,-9.010583317175755,-3.4334703335328625,-4.124347603334106,-1.591110177195766,0,-3.4534660432905255,0,-3.997018946909238,-3.3264969231573023,-2.2984975034844215,0,-2.6214964540145456,-1.0980313490530484,-0.6737634773075172,-0.9485676078589922,0,-0.7159444460934559,-0.6763978876213876,-0.24527546857382276,0,-0.4325171005906032],"activity":[[0]],"dinucleotide":[[-0.24061830068658807,0.3550713975969799,0.0601780526151483,0,0,0,0,0,0.4873512470600989,0.5820302175301553,-0.12708269484763512,0,-0.028903856368081904,-0.20349503132550062,-0.6407934286331294,0,-0.41359591850922683,0.22181750167222258,1.6895739122100553,0,-0.701448378154879,-0.029241387590550616,1.9475552938464888,0,-1.2076522169227246,1.0083437241481477,3.0254511581838344,0,0,0,0,0,0,1.3249842559619722,-0.6114555849941485,1.3598164693543593,0,3.6492196025098806,0.9574559013841135,1.7034231524303927,0,3.75023959130937,-2.536071714263594,-1.4634363006330222,0,0,0,0,0,0,0,0,0,9.510230536128475,5.708227485068449,5.253656061007945,0,1.1710277975141157,0.8101561739506327,3.080099885046722,0,4.211053462205834,1.7550099482315051,6.0068348727941805,0,0,0,0,6.464481358749352,7.45754203151241,3.7387310390578765,0,1.7544072762430476,-0.4119879683994725,-3.043794361933717,0,1.3016218709255618,5.423770503726072,2.7932120143476675,0,1.4385717479308866,0,2.994109139188927,2.814926558913908,3.2032881406700335,0,4.349304480382218,3.2165407851475676,-0.05042828160528945,0,2.075429756216341,1.712622334133676,0,0,0,0,1.7085506229620844,0,-0.09033097605289431,0.45128256225191965,0,0,0,0,-0.9632790213979421,0,0.9814423829041754,-3.2524222546220845,1.931692010069746,0,0.7614187449853818,-3.105843530879806,-1.5062709667291303,0.5168647858797684,0,0.11423356547245245,0,0,0,0,-0.5182683676054234,0.8811677637177588,0,0.33290035749337044,-0.06317097182711251,0.21966508548214136,0,-0.0467311154492851,0.21510584690551404,0.37491704366637,0,0.10981359987609807,0.8187389808085648,0.9643492907317395,0,0.9818608763734389,0,0,0,0,0.5481761467389283,0.3614253326616925,0,0.2515383830290787]],"modifications":[]}]}}
