{"modelSettings":{"letterOrder":"ACGT","bindingModeInteractions":[],"bindingModes":[{"fitLogActivity":true,"flankLength":0,"singleStrand":false,"size":12,"dinucleotideDistance":0,"componentName":"Binding mode 0","positionBias":false,"modifications":[]},{"fitLogActivity":true,"flankLength":0,"singleStrand":false,"size":12,"dinucleotideDistance":4,"componentName":"Binding mode 1","positionBias":false,"modifications":[]}],"letterComplement":"C-G,A-T"},"coefficients":{"bindingModeInteractions":[],"bindingModes":[{"mononucleotide":[0,0,0,0,0,0,0,0,0,0,0,0,0,0,0,0,0,0,0,0,0,0,0,0,0,0,0,0,0,0,0,0,0,0,0,0,0,0,0,0,0,0,0,0,0,0,0,0],"activity":[[-6.958154579884605]],"dinucleotide":[],"modifications":[]},{"mononucleotide":[-0.980118974585718,-0.2213214724846182,0,-0.8680349107539733,-1.5353440220508041,-0.7884071335077358,0,-0.9418618421216038,-1.143390830397749,0,-0.19015604750653736,-0.7580677868503862,-0.7994376376740604,-1.1378041467724387,0,-0.8226479048004833,-1.5137860759400326,0,-2.039959918624266,-1.0877934578988437,-3.0557537502386865,-5.524703282546843,-12.168944331371767,0,0,-11.830952700717082,-1.7610994027924,-3.2568142686956065,0,-9.992598997561739,-18.656857039365388,-10.141437339502215,-8.325275017836685,-10.645397061520562,-1.8464820061128862,0,-4.996980405176593,0,-3.8874620202768675,-3.226632005372146,-4.561409720806418,0,-2.9053945061515236,-1.2952888079478129,0,-8.256750124875367E-4,-0.18158009564703725,-0.2560988326002285],"activity":[[0]],"dinucleotide":[[0.7258963916626335,0.46228421043246115,0,0.25436404150793024,0.4994513826512055,0.8212738543040992,0,0.5097642040114856,0,0,0,0,0.7284181571121771,0.883428951380008,0,0.3667349534728537,-0.2601019442369594,0,0.6067901500140742,0.007769907612690474,0.1752935663268218,0,0.5963560179048102,-0.08103485149370826,0,0,0,0,0.7780256969013415,0,0.8446850471898486,0.3283069565465624,0.08506233068682789,-0.2872217553104708,0,-0.703271591284798,0,0,0,0,-0.6667435334263452,0.1090942374422319,0,-1.049516831459096,0.1725256894960232,0.11771740122728147,0,-0.32099474158006913,-1.1046036463074618,0,0.5562818508228755,0.01808526084268891,-0.44566455139001526,0,1.1112912266301205,0.39635097624756455,0,0,0,0,-0.09129793830416588,0,0.8110939852947876,1.0106433462537865,1.2479342651544147,1.9413724090317963,-2.3777258645862442,0,0,0,0,0,0.225897787042177,2.3061895832398687,-1.8176898138566475,0,1.6178359336755825,2.231050815685716,-2.6330943220701393,0,0,-1.2275362780794783,-0.29756346868653694,0.8420713061147129,0,-0.607139183032988,-0.02215360069406458,1.437810519992242,0,2.6686410864187344,-1.0662073326975374,-0.4470676133898923,0,0,0,0,0,0,0,0,0,7.608640981323083,13.510144633302783,0.03939886172405238,0,6.655167903367711,7.809384457212323,0.9196413780751911,0,5.045219903122073,6.907994703738737,-2.8741996823753126,0,0,0,0,2.9440333642803473,8.729849979065028,0.8005075327281155,0,10.56407302438489,13.874951018475185,7.5393482342984,0,3.350877665686621,10.536420729498182,0.19823641924473812,0,0.8899935188253245,0,-3.301610531658117,-2.874228217163811,0.557274106883213,0,2.641031346300851,-0.7746828724705974,1.6251285848579649,0,2.3611068786358214,1.3839918282782797,0,0,0,0,-4.683202257880662,0,-2.219542033468562,-1.390709879245561,0,0,0,0,0.7881318019447745,0,2.9644582172272056,-0.5193412359162384,1.8255352640558868,0,1.823686560603706,-2.410042039137446,0,2.4776438678295936,2.6449712014639015,2.095489460682175,0,0,0,0,0,1.340910436874176,0.7979801635503136,0.6538858623347599,0,0.8615444265179146,0.3958690439920307,0.8187295272598476],[0.412763852798399,0,0.16177872341552657,0.5673922401592186,-0.5306865240129532,0,-0.7761614190054118,-0.30855243193713733,0,0,0,0,0.2050522510849504,0,-0.4579676119641931,0.1864032681486698,0.12365097125745095,0.5775508392904296,0,-0.20027373796929382,-0.2215263476906486,0.29580360874886935,0,-0.03170471428024868,0,0,0,0,-0.24885611153254672,0.4215561769973668,0,0.06712736819902787,0.9745040456670289,0,0.7104964404692566,0.6481326342099614,0,0,0,0,0.39420793958812084,0,-0.5877468185223496,0.12194546644090565,0.7017117558240535,0,0.11404945922845755,0.5698300281709407,0.678460558331242,-0.06546174898864443,4.062810552490042,0,0.38797638785530175,0.3854379262628047,4.4137821089235185,0,0,0,0,0,0.8931286890180417,0.19082270549209923,3.8501351389992795,0,0,8.301386221633717,0.2991359636167843,1.279395971052372,0,0,0,0,0,1.6471738843910444,1.0885725701224374,-5.428148268004593,0,5.021350960567348,0.4294705082208239,0.0739289184355787,0,2.416867267561317,0.8383635196373831,3.718555368506726,0,3.158739760915415,5.2582936165870215,3.991646359214945,0,4.082152371309348,0.1795622119338418,5.859047348267175,0,0,0,0,0,0,0,0,-0.8015320454287505,-6.038322915625827,-2.5843205633776893,0,-3.2140801832038797,-1.2384846507549234,-0.16124377494453412,0,1.400968574534982,0.4033139516542157,-0.4069710254233865,0,0,0,0,0,-0.38766679415416583,0,1.1466002695673403,2.3656482623004784,1.7028736942326752,0,1.9816731461304329,1.97799887168917,1.6830683002711577,0,-4.950993426557574,1.2153859708734416,-2.731306858861803,0,1.0227004234575183,1.1271677841210739,4.023522930579103,0,2.429038668206241,5.670188570626802,0.33052129908648986,0,-1.4403909973808329,0.2440892053358361,0,0,0,0,0,1.1511105916091022,1.1124268942488023,1.022331846909454,0,0,0,0,0,-2.442576528621978,-0.2053884339212413,-1.3519686454753064,0,0.1497388804793527,0.5440862136566658,-0.09590273757729406],[0.5693154487781946,0.5287428915279762,0,0.43813430212549775,0.5035788332752595,0.4848575320240798,0,0.18865632238145125,0,0,0,0,0.9598242223962252,0.655753442299698,0,0.4843517439127325,0.6675904944388975,0,0.7995421227364634,0.7089688320521326,0.09763123414362695,0,-0.26164767779792086,0.2154433417113104,0,0,0,0,-0.10624315106387883,0,0.21604829817692206,0.39210338237202436,0.5642580983983674,2.285621221414752,6.2239057025788025,0,0,0,0,0,0.21873175473119666,2.067681449014709,0.18016436528021984,0,-0.10567831695797736,1.8484224987259452,5.4313064939904105,0,0,1.5661658473628517,-0.6942014615340195,1.1592455503656556,0,-3.735399044011716,-0.134276356904941,0.2808311531775871,0,0,0,0,0,-3.121092941478574,-0.6697195072199804,0.6035244187875826,0,0.15530875806132372,-3.4995700843199025,-0.1191490225795242,0,0,0,0,0,-0.3556425741840208,2.578804240479034,4.703197903027588,0,-5.569800275636375,-1.8466186020960151,4.136057989266568,-0.027492687865564136,1.661508823348468,-0.45815843751966767,0,-4.589991402014801,-3.6698723104045783,-5.4225572434785185,0,-0.11414879693326441,1.8582876723136437,1.2942532254498307,0,0,0,0,0,0,0,0,0,-3.7619116451684746,0,4.3572708183409645,1.7441536112886862,-0.49811857232315493,0,-0.015230751568580558,-1.0326371278849482,0.9617401059521233,0,-0.611325539445625,1.09180366605562,0,0,0,0,-3.0568039240213967,0,-2.593558672360375,-5.2760726767902355,-1.6162647660676086,0,0.6130566631572414,-2.509841569898885,-1.1737007384910711,0,0.9068109936596453,-5.070037861125943,0,2.770782537317335,5.180320999835697,1.4881322518493807,0,-0.9533516067040129,0.20647201328105247,0.6726104789441294,0,-0.5836431294297668,0.5192452430590855,-0.06549432081424111,0,0,0,0],[0.4357541283648896,0,0.06750219077746955,0.07617348926291712,0.4716160520037036,0,0.17628055432095202,0.09168592957624355,0,0,0,0,0.7931094570319424,0,-0.25867164816959765,0.17794912477976155,0.0022506236370638533,-0.3231504454431864,2.0239376541520198,0,-0.2587901179417127,-0.5273820664537912,0.5778141703068655,0,0,0,0,0,-0.016618550671035237,-0.7105898019441348,-4.2208197309562845,0,0,-0.01535578278525307,0.27222478554812213,-0.11787476455436519,0,0,0,0,0,-0.5148557749207487,0.378869693671966,0.15594545043482988,0,0.20868261319344406,0.6158746194332103,0.5662951339024698,0,-0.2311743567194391,0.5595901634432252,0.10858918142717222,0,-4.433918678529176,-1.25001182776721,0.15135677213808485,0,0,0,0,0,1.9230618632575673,0.22247091843638955,0.1995851299822391,0.9019355085120857,2.2897639908554357,0.8595291220587029,0,0,0,0,0,1.8381683833939384,-3.567200074301379,