{"modelSettings":{"letterOrder":"ACGT","bindingModeInteractions":[],"bindingModes":[{"fitLogActivity":true,"flankLength":0,"singleStrand":false,"size":10,"dinucleotideDistance":0,"componentName":"Binding mode 0","positionBias":false,"modifications":[]},{"fitLogActivity":true,"flankLength":0,"singleStrand":false,"size":10,"dinucleotideDistance":0,"componentName":"Binding mode 1","positionBias":false,"modifications":[]}],"letterComplement":"C-G,A-T"},"coefficients":{"bindingModeInteractions":[],"bindingModes":[{"mononucleotide":[0,0,0,0,0,0,0,0,0,0,0,0,0,0,0,0,0,0,0,0,0,0,0,0,0,0,0,0,0,0,0,0,0,0,0,0,0,0,0,0],"activity":[[-7.142746247366482]],"dinucleotide":[],"modifications":[]},{"mononucleotide":[-0.2698915897163907,-0.01252391423350474,0,-0.29733172833654997,-0.6645343623930753,-0.4554298737453326,-1.0617453087707087,0,-1.8280143921172964,-3.036639048563675,-3.726056114270138,0,0,-5.936882498733984,-1.9772860941861605,-2.7301240494579844,0,-6.906253471498257,-3.312773753437199,-4.047861445731125,-3.3203370508633023,-3.971720745654526,-1.560936013250375,0,-3.319272779841845,0,-4.020515278179524,-3.096421275739477,-2.253834747060079,0,-2.4132396127447517,-1.0521963290590772,-0.5591402445875993,-0.07653590768771146,0,-0.4160721851980327,-0.5152144044456062,0,-0.2092236112101098,-0.3048466241068368],"activity":[[0]],"dinucleotide":[],"modifications":[]}]}}
