{"modelSettings":{"letterOrder":"ACGT","bindingModeInteractions":[],"bindingModes":[{"fitLogActivity":true,"flankLength":0,"singleStrand":false,"size":8,"dinucleotideDistance":0,"componentName":"Binding mode 0","positionBias":false,"modifications":[]},{"fitLogActivity":true,"flankLength":0,"singleStrand":false,"size":8,"dinucleotideDistance":0,"componentName":"Binding mode 1","positionBias":false,"modifications":[]}],"letterComplement":"C-G,A-T"},"coefficients":{"bindingModeInteractions":[],"bindingModes":[{"mononucleotide":[0,0,0,0,0,0,0,0,0,0,0,0,0,0,0,0,0,0,0,0,0,0,0,0,0,0,0,0,0,0,0,0],"activity":[[-6.418877277927963]],"dinucleotide":[],"modifications":[]},{"mononucleotide":[-0.4111496264322252,0,-0.06008009494071587,-0.560195600029509,-1.0774720308889263,-2.4057967376988163,0,-2.288736628627616,-3.2034383092152474,-4.106424798951622,0,-3.4268157984860466,0,-1.5448310664616933,-4.141524570191727,-3.4468784524561347,-4.290853099986586,-3.277137240424069,-6.822205525646477,0,-2.7233660429953606,-1.9692261109589388,-6.045942688847932,0,0,-3.718508460053709,-3.0068675080830074,-1.8357359857221178,0,-1.0378002685325836,-0.4710738655069804,-0.6986967323053364],"activity":[[0]],"dinucleotide":[],"modifications":[]}]}}
