{"modelSettings":{"letterOrder":"ACGT","bindingModeInteractions":[],"bindingModes":[{"fitLogActivity":true,"flankLength":0,"singleStrand":false,"size":10,"dinucleotideDistance":0,"componentName":"Binding mode 0","positionBias":false,"modifications":[]},{"fitLogActivity":true,"flankLength":0,"singleStrand":false,"size":10,"dinucleotideDistance":10,"componentName":"Binding mode 1","positionBias":false,"modifications":[]}],"letterComplement":"C-G,A-T"},"coefficients":{"bindingModeInteractions":[],"bindingModes":[{"mononucleotide":[0,0,0,0,0,0,0,0,0,0,0,0,0,0,0,0,0,0,0,0,0,0,0,0,0,0,0,0,0,0,0,0,0,0,0,0,0,0,0,0],"activity":[[-19.53608574768453]],"dinucleotide":[],"modifications":[]},{"mononucleotide":[-0.533125811409489,-0.14422386989770963,0,-0.3232322912811352,-0.5179034757629495,-0.20679594377352117,-0.7293400520349262,0,-1.9591405711997263,-2.5518880743012415,-3.0993786070549687,0,0,-3.871159826318922,-1.8811300737832708,-3.294656254843008,0,-3.759987943045769,-3.077161952175371,-3.4663979005902954,-3.3515765459748925,-3.352001676001806,-1.7953673219819608,0,-3.499784154129853,0,-3.6696397697998515,-2.9907378640202174,-1.9798051534401866,0,-2.1628865100256975,-1.161564180888445,-0.5382168293274372,0,-0.33563943302151955,-0.5912082623027253,-0.8657444157517222,0,-0.8415028045308866,-0.3558774853456974],"activity":[[0]],"dinucleotide":[[-0.0993611257280671,0.09919305811104984,0.2544784737489296,0,-0.19316272393094813,-0.27114714968709563,0.06113700037468739,0,0,0,0,0,-0.24498598304118335,-0.49952842962056376,0.03010639487508815,0,-0.23658083209373437,0.07583254238341475,0.25100023271528293,0,-0.27508064877510563,-0.33043627004959575,0.03185363784338868,0,-0.5074616310677662,-0.14397449846358512,0.20548009240790677,0,0,0,0,0,0,1.2385370276555818,0.08529784361460546,0.7541776635240067,0,0.8931919651290503,0.7284502079598942,0.946568349804946,0,0.6950845070924974,0.2374836105748468,0.6023512327846046,0,0,0,0,0,0,0,0,0,0.9252722876832529,1.071266579600751,0.888505576365211,0,1.3696411774019923,1.5630586618467843,0.9153551566569016,0,0.898510482324486,1.097857662941614,0.903586544166096,0,0,0,0,1.1959841778246272,0.9434977571802667,0.9927525463498794,0,0.9950851327950794,0.9475540849476198,1.0669778306637658,0,0.8309132201288003,0.7360203345921779,0.7885280502657652,0,1.081437064633489,0,0.7704376783951936,0.9079172931979151,0.8243054333870701,0,0.810476010920886,0.8807297817821276,0.8950388892559547,0,1.17838016169208,1.2681542522124252,0,0,0,0,0.917248125217796,0,0.4814594845091875,0.18836510194223965,0,0,0,0,0.6901516214885968,0,0.5224105028516242,0.09697892252718798,0.5158475053500293,0,0.03953561465502986,-0.19671794677455878,-0.4981402406986648,0,-0.4188397713373968,-0.23951854673741124,0,0,0,0,-0.4555106557539004,0,-0.30592286193904616,-0.21885064355685202,-0.14630523973914933,0,-0.06881739836499356,-0.13026772359802674,0.2308487863143336,0,0.5158735689573533,0.03765903696216277,0,0,0,0,0.36641520593102506,0,0.8645100517723865,0.09527364497718338,0.3760549548086045,0,0.4957086695597628,-0.010431639034907292],[0.3758954194538848,-0.14995171357436732,0.1042694191925797,0,0.16276267556413693,-0.3481116730585079,0.1133698459595589,0,0,0,0,0,0.4624294019715194,0.19780553407752066,0.09884100467168189,0,0,0.26421480095641847,0.22793864185246449,0.3710591722857277,0,-0.09523977984390442,-0.09256494540968596,0.13749354835419325,0,0.20909973674221938,0.3591938975178355,0.10258259248497303,0,0,0,0,0,0.1769961335594079,0.022001170647326873,0.557697991899686,0,0.9068843418596932,0.33437324516226674,1.0639517132084064,0,0.5662135424071213,0.38602560316319146,0.6422203949454923,0,0,0,0,0,0,0,0,0.5695710050759049,0.7326886283306449,0.748722796214766,0,0.6219097342694297,0.7277603600114011,0.6185984238798232,0,0.25669743387882527,0.4541901116061826,0.41399267284846886,0,0,0,0,0,0.8290059286222986,0,1.1114150724896987,0.8356505378435699,0.6187252703842949,0,0.8307964318831509,0.4797143766631846,0.6097069467980534,0,0.6914099149258313,0.878712864176415,0.801568833449112,0,0.6956671702074253,0.31223435736147653,0.7232173481128781,0,0.8019758400233306,0.34630526031941145,0.48589242955184897,0,0.37934958304874833,0.23550852125137123,0,0,0,0,-0.01801116943769987,0,-0.18769096901035365,0.03913224851239239,0,0,0,0,0.3188548129693496,0,-0.09717571550564141,0.284926708990473,-0.2792221234099186,0,-0.11145243746852973,0.08872405674847617,0.35662234685899463,0,0.4151830691969325,0.1901004968528337,0,0,0,0,0.23241956217063287,0,0.14315071663058276,0.2565774942521264,0.006039794562771483,0,0.06793987124938283,-0.03421119198590894],[0,0.2606886736962508,0.027063315143072586,0.691019804032603,0,0.07135562925044425,-0.055165770845183815,0.41502494891967423,0,0,0,0,0,0.2935693784178497,-0.1094661491417579,0.29901889671126547,0,0.07415333805143831,0.6538404661265904,0.1992652886962727,0,0.1326133314723812,0.5490369511121997,0.1369027628629631,0,0.4383580040995749,1.0378355215978523,0.4228294975206346,0,0,0,0,0.6255712703117213,0.5086358028164799,0.398861251859997,0,0.6223396564565808,0.7240360493811266,0.2116906225324593,0,0.8287317184523655,0.7779347036259967,0.4852112983620822,0,0,0,0,0,0,0,0,0,0.5097601250752524,0,0.7605326857844847,0.7264518699771676,0.4205985856320371,0,0.48117834622665256,0.5653805989970513,0.294512167852524,0,0.6541547124172347,0.409423852991603,0,0,0,0,0.12457293071167719,0,0.6264278642996484,0.7111650850300064,-0.18727764787905699,0,0.3469018352278379,-0.059611481317612736,0.2467010124884137,0,0.24571113697137736,0.4112337882793282,0.2462755518202231,0,0.595495865154601,0.3622687710332757,0.09236183828110978,0,0.3675598064995791,0.30598111662308103,0.34349143150808725,0,0.34125810941799717,0.021824613662231762,0,0,0,0,0.5633227531361511,0,0.2914751063386163,0.2702462251564821,0,0,0,0,0.5103181808871282,0,0.1525603991521436,0.11164695772578082,0.11386473150396625,0,0.03961611544221366,0.00293093616103679],[0,-0.10190370632398782,-0.06684115699214033,-0.14428982103892984,0,-0.44226595525623225,-0.08938853469931907,-0.10732516941686399,0,0,0,0,0,-0.24580919156563397,-0.10383262619184741,0.06378464592824606,0.05042821395553787,0.2435413660743393,0.1544061131236667,0,-0.3019643312943856,0.16675084893145353,-0.14426751746781363,0,0.3000966170495527,0.26798019555640273,0.246704193691345,0,0,0,0,0,0.7778617891123316,0,0.6179436210155522,0.5165312234521275,0.6390067675916047,0,0.7828823465024737,0.47627241768989226,1.0008005310625085,0,0.9561279287752669,0.7600884483233994,0,0,0,0,0,0,0,0,0.25090311067152804,0,0.2528629479640685,0.2688426756851916,0.05639719409106103,0,0.28311638237810133,0.11967703187283885,0.14242850263091533,0,-0.048687664094750005,0.21449059124524616,0,0,0,0,0.11400892774691496,0,-0.030638195502000976,0.029950148682295286,-0.36073640242238714,0,-0.015305075106168964,-0.4659450635539395,0.1824111424869388,0,0.29072620282766604,-0.0011618681998823988,0.3747039507986152,0,0.06606734077108367,0.19742445741320225,5.48207486165353E-4,0,0.17423612965155133,0.23739060235074572,0.060295989022233876,0,-0.044995463281611414,0.21468297285959181,0,0,0,0],[0.17975855996638934,-0.062041816052440524,0.11560966208162249,0,-0.08851448166794285,-0.33372730740430256,-0.023994152523213685,0,0,0,0,0,0.06829766818487215,-0.3618535460146841,0.06379296886036556,0,0.31276975534757767,0,0.08563701448343863,0.22051329030930944,0.07211383781592673,0,-0.016809569784129508,0.22393775937059424,0.5924698984722312,0,0.20798606112405693,0.40664461782113115,0,0,0,0,0.4396708755808003,0,0.28021210715457023,0.27128236158336794,0.8814488424429126,0,0.8192617107896742,0.321433975252682,0.5169503457031643,0,0.821748277550852,0.4957908317208384,0,0,0,0,0,0,0,0,0.06682589640347114,0,0.0895494410378932,-0.05448123279031858,0.053572424078487835,0,-0.304476174983761,-0.04063846789316461,0.5531206363377725,0,0.10661403258238433,0.19689983807188138,0,0,0,0,-0.09133589251134744,0,-0.06601828031871548,0.17298213470069257,-0.5005255130287072,0,-0.32557234443291705,-0.2865688386194334,