{"modelSettings":{"letterOrder":"ACGT","bindingModeInteractions":[],"bindingModes":[{"fitLogActivity":true,"flankLength":0,"singleStrand":false,"size":12,"dinucleotideDistance":0,"componentName":"Binding mode 0","positionBias":false,"modifications":[]},{"fitLogActivity":true,"flankLength":0,"singleStrand":false,"size":12,"dinucleotideDistance":5,"componentName":"Binding mode 1","positionBias":false,"modifications":[]}],"letterComplement":"C-G,A-T"},"coefficients":{"bindingModeInteractions":[],"bindingModes":[{"mononucleotide":[0,0,0,0,0,0,0,0,0,0,0,0,0,0,0,0,0,0,0,0,0,0,0,0,0,0,0,0,0,0,0,0,0,0,0,0,0,0,0,0,0,0,0,0,0,0,0,0],"activity":[[-8.022292623367981]],"dinucleotide":[],"modifications":[]},{"mononucleotide":[-0.4937382230166456,-0.48430218656871915,0,-0.8218152808157839,-0.5144414558946444,0,-1.5687153697762746,-0.17977825264943093,-2.6136338606464076,-4.131748659524544,-4.220024952721157,0,0,-11.974037103029659,-2.2080339186746674,-4.050623744669594,0,-17.046932074595407,-3.47051751973443,-19.885661941405253,-7.523844792008152,-5.872202672665517,-1.9496526199787478,0,-4.772626529253193,0,-6.418293860025894,-1.9144180875260393,-2.938222163419674,0,-3.1905561134654548,-1.4716822500292661,-0.7008707309896529,-1.15651249672759,0,-1.3248740001535229,-1.330184746923507,-1.077025579080269,0,-1.1908085715138057,-0.6262552998526587,-0.9199334308745328,0,-0.8164532312008053,-0.5052737848983853,-0.9076682176771307,0,-0.6045261213134623],"activity":[[0]],"dinucleotide":[[-0.3752970404344502,0,0.9799489495967855,0.28505297361649795,0.3198512859353855,0,1.263382457358162,0.6343371267222828,0,0,0,0,0.43265967650490467,0,1.002305658724378,0.768621279456358,-0.023075833623829034,-0.28427789515330204,-1.479716338954761,0,0,0,0,0,-0.2161991448564029,0.48088134087757695,0.3409365115217593,0,0.7685090322555119,0.7589795800278996,0.06460299902968458,0,0,0.5466600193004059,-1.1601940066363587,1.2748705315989408,0,1.8197980230408248,1.5388203320354368,2.89409420208836,0,3.5785144724995153,-0.1514262307538088,3.1012998936352867,0,0,0,0,0,0,0,0,0,3.6234945948392507,0.06760461722962674,-0.7588379046633236,0,6.0551221014972185,0.5965502692151414,3.5003804155053544,0,1.1522718271093417,1.1519523801767475,7.3723223094645505,0,0,0,0,-0.615470476592705,7.629166892556022,-1.8201304556986813,0,-0.45184920426326514,-0.6154339337633505,-1.4984738893633827,0,-4.479094287107859,1.1799444436399966,0.3959345174400184,0,3.5764569165964897,0,3.3165680798072135,3.4363614612849958,1.9805062897978196,0,1.6468457294548688,-2.292911380352657,0.690485383399472,0,3.7308698351793748,1.0660502607475069,0,0,0,0,3.3107052032009685,0,-0.4059434557501813,0.916061365433011,0,0,0,0,2.673733994030587,0,2.146714604211194,-3.260432592017491,1.1425104583037378,0,-3.9109382831565025,-5.444513744897019,-0.8502424310693959,1.0477989588729795,0,0.7185505865302266,0,0,0,0,0.08308358633843138,1.3301650619877021,0,0.6330363561511492,0.025372952505721358,0.1943719742228751,0,0.06998739192147596,0.31817153449997804,0.4011379271074951,0,0.23392180710583332,0.8833933832128249,1.058928622808585,0,1.123438160916617,0,0,0,0,0.9195329924089961,0.5972904075992975,0,0.5881589961657507,0.29982305215106564,0.29109058576404756,0,0.6317159501054466,0.5041744968302044,0.7889104968353049,0,0.8248507865432337,0,0,0,0,0.3374832171885611,0.3396278106418471,0,0.5314975143900327,-0.2501884681755815,0.3552923056597983,0,0.021413448275179547,0.08474621835354235,0.7330614164488232,0,0.39332667017936274,0,0,0,0,0.05284736586774663,0.33030284528887677,0,0.09746899840234668],[0.3875255119033323,0.22916419770334606,0.12950960955130775,0,0.20885435170790068,0.32048633802888027,-0.3238151794107633,0,0,0,0,0,0.6251195086690551,0.6124784243786774,-2.446655703776309,0,0,4.583140771752322,0.6194050136780263,0.6664877102599043,0,0,0,0,0,3.9112660323074877,0.1428181877396435,-2.551645249752375,0,4.769420183117172,-0.04726998839432284,-0.35716388701179724,0,3.6163679008853222,1.5980112040739627,0.22806441626536156,0,2.0483021072907697,0.7461115874332123,-0.2716760024290359,0,1.8773857949733745,0.7329486697763006,1.1373639247221554,0,0,0,0,0,0,0,0,5.489826574036808,4.8530875412606775,2.383201266131204,0,-0.3925338690548923,1.943253615707853,-0.053732879746839934,0,2.2479697875963023,1.9550816312795085,-0.37817108292012414,0,0,0,0,0,1.1630383445815298,0,8.059150553500299,9.150350304808043,2.322824268474392,0,3.585760604157926,0.9148997372238705,9.161706373565423,0,12.708429555387479,11.696624239718254,-1.1883165760002043,0,2.152414995970558,-1.6799024379013083,-0.017520982800121487,0,2.435382665235628,0.03428236450567557,0.22666769129982622,0,0.5048100459778055,0.4203245109811835,0,0,0,0,0.33983675612641395,0.5850016594392944,0,0.7763633380974673,0,0,0,0,-1.3710561700383312,-2.602421980565799,0,-0.9890136517842745,-1.5746745218503166,0.14605576999340553,0,0.016398994371559006,-0.5915845485772877,-0.751722486328025,0,-0.13533081262213553,0,0,0,0,0.4548756810796748,0.014255918842625448,0,-0.46776426278156347,0.27525243640050157,-0.033878090204785494,0,-0.13112891594522047,-0.3593438989936537,0.40159425644659663,0,0.3399590912673762,0.2767057016747536,0.6773886852065782,0,0.4111200139117326,0,0,0,0,0.13400397228928185,0.49943810293488333,0,0.14840214063454304,0.13868849455704968,0.3054094508285079,0,0.2615745556627207,0.32269385253264815,0.2794266800037857,0,0.5638941385106264,0,0,0,0,0.45998075584962095,0.30667556474982405,0,0.33608223031848716],[0,-3.3961259560591746,0.08318070148865431,0.4141417778197489,0,-3.2011526670663724,0.06231574900434467,-0.05036694237905692,0,0,0,0,0,2.3783244602212683,-0.12758897842306194,0.05920076531451457,0,-1.94962164124453,-0.008974801907850605,-0.32860560155956975,0,0,0,0,0,-1.117126248500174,-0.034149955760948814,1.2127591346338598,0,-3.482110069053526,-0.8648218080608778,-0.8880065510563817,0.28586351004532595,1.9630873417402244,0.10648997163073748,0,-0.7922768202205628,0.2324915773115226,-1.658287933683325,0,-4.8463747174608365,1.8330668380208408,1.1879238635955467,0,0,0,0,0,0,0,0,0,3.6926532284447955,0,2.4482540929837615,1.5039092577320794,2.1812288665297004,0,0.17814442304157474,-3.8434437502347745,1.0777598204168122,0,-8.502907450023379,-0.31709020137044597,0,0,0,0,-1.9511908065049255,0,-3.1864702501725084,-4.020143786362709,0.49873465787782933,0,1.9298827033469292,-0.20100431664344942,3.4730386851608444,0,4.278077284358119,-0.6537607544760959,-6.6217564222228,-4.629766501342141,0,-1.5222743068556586,-4.181102492933795,0.16266486841496697,0,-1.7501614435589543,-0.1963710012565585,-0.4062652574853427,0,-0.23121966829086826,0,0,0,0,-4.427909713913573,-0.7890072421697925,0,-1.2141898058715137,0,0,0,0,-7.470827415015329,0.40012670873657896,0,-0.26005766478426384,-4.83865366761867,-0.04826924347072303,0,0.5089676210234639,-0.16515669878994643,-0.031556484627588866,0,0.015770624029400437,0,0,0,0,0.4852136119940331,-0.17408281865040376,0,0.5081437571737482,0.09642996908160306,0.09487027965885453,0,0.2843606963316212,-0.06445486692480706,-0.27686035985571067,0,-0.13337792295511264,-0.07733072106037753,-0.46772964746583945,0,-0.07068975221027785,0,0,0,0,0.2831230615066307,0.03958027656403296,0,0.26667504884978577],[0,-1.9911243930908142,0.3568593205708197,-0.7072620779229162,0,-2.1448207192279085,0.5003564477613729,-0.9022005686501657,0,0,0,0,0,0.28375053033030895,-3.604422740425248,0.031000667850420882,2.736623455453163,3.0680446765723914,0.37777581465621957,0,0,0,0,0,2.6956256543266637,4.064496222050089,0.47390506295043977,0,3.8404754386132454,1.896899524893434,0.6568966514704844,0,0.7815602016759335,0,1.4959112723984642,0.39685182617600834,1.7553450845619079,0,3.1996154645549826,1.501619368636888,-6.574360063244896,0,-0.3564058078287342,-2.891328233773655,0,0,0,0,0,0,0,0,-5.102793476612693,0,0.06651808187404207,0.8435940404769031,-0.2916655639875083,0,0.64790748498047,0.037765299921542095,-3.2854630460134144,0,-0.27124274270096205,0.47201920635793027,0,0,0,0,-2.8178719009936515,2.6022383293547886,0,