{"modelSettings":{"letterOrder":"ACGT","bindingModeInteractions":[],"bindingModes":[{"fitLogActivity":true,"flankLength":0,"singleStrand":false,"size":16,"dinucleotideDistance":0,"componentName":"Binding mode 0","positionBias":false,"modifications":[]},{"fitLogActivity":true,"flankLength":0,"singleStrand":false,"size":16,"dinucleotideDistance":0,"componentName":"Binding mode 1","positionBias":false,"modifications":[]}],"letterComplement":"C-G,A-T"},"coefficients":{"bindingModeInteractions":[],"bindingModes":[{"mononucleotide":[0,0,0,0,0,0,0,0,0,0,0,0,0,0,0,0,0,0,0,0,0,0,0,0,0,0,0,0,0,0,0,0,0,0,0,0,0,0,0,0,0,0,0,0,0,0,0,0,0,0,0,0,0,0,0,0,0,0,0,0,0,0,0,0],"activity":[[-7.64372204297743]],"dinucleotide":[],"modifications":[]},{"mononucleotide":[0,-0.27126343682194864,-0.3956686392895321,-0.06656312795092312,0,-0.17662270066247565,-0.16062822975118962,-0.04161122675937001,-0.1569986915962822,0,-0.11763078500840862,-0.14643474353684027,-0.1417581887911723,0,-0.3709271299671979,-0.34662852447142356,-0.036530238884310506,-0.14599629542241566,0,-0.42763575655674124,-0.326433947206624,-0.23244994502504923,0,-0.49233247159403337,-0.46397139733072557,0,-0.10856189589023657,-0.5877769361070957,-1.0609786549140887,-2.35302242826212,0,-2.317390911857048,-3.1481410197675395,-3.9440462865052828,0,-3.463914347625747,0,-1.5715764705851862,-3.92816008822805,-3.5379557955049163,-4.559177203525705,-3.3330437679758864,-6.481791692142568,0,-2.795104961586782,-1.9644670488388671,-6.316639930156374,0,0,-3.6328025424024952,-3.1709578423756595,-1.875747222683409,0,-1.044822988165616,-0.4321023760861067,-0.6756815873334991,-0.3160117864078451,0,-0.019435407498370694,-0.27609907166413983,-0.00831229587566007,-0.20465167545332186,0,-0.22627169088936405],"activity":[[0]],"dinucleotide":[],"modifications":[]}]}}
