{"modelSettings":{"letterOrder":"ACGT","bindingModeInteractions":[],"bindingModes":[{"fitLogActivity":true,"flankLength":0,"singleStrand":false,"size":12,"dinucleotideDistance":0,"componentName":"Binding mode 0","positionBias":false,"modifications":[]},{"fitLogActivity":true,"flankLength":0,"singleStrand":false,"size":12,"dinucleotideDistance":4,"componentName":"Binding mode 1","positionBias":false,"modifications":[]}],"letterComplement":"C-G,A-T"},"coefficients":{"bindingModeInteractions":[],"bindingModes":[{"mononucleotide":[0,0,0,0,0,0,0,0,0,0,0,0,0,0,0,0,0,0,0,0,0,0,0,0,0,0,0,0,0,0,0,0,0,0,0,0,0,0,0,0,0,0,0,0,0,0,0,0],"activity":[[-7.886237136357717]],"dinucleotide":[],"modifications":[]},{"mononucleotide":[-0.4467899213548847,-0.4064975813207745,0,-0.6591957268348523,-0.37056842328369655,0,-1.3784391158110267,-0.03722482640829483,-2.9105905141269233,-4.039111693964863,-2.912225596824012,0,0,-6.651921718269386,-2.2166753516210704,-4.034950446528018,0,-10.580971043000387,-13.222514972685648,-6.721150889680332,-10.196357162681865,-4.98885510368606,-2.1492667806645898,0,-3.7926094082423205,0,-6.805821323186513,-3.4970691539173835,-2.5531818818694916,0,-3.3942117508939305,-1.1418873002982544,-0.5753630747165364,0,-0.5592667425395526,-0.3920791619382715,-1.1559961539630947,0,-1.3137863620240378,-0.6701173885181451,-0.5974900089021755,0,-0.9209074424341654,-0.5160845372687461,-0.4570888257188557,-0.360246077738843,-0.10109642547926434,0],"activity":[[0]],"dinucleotide":[[-0.5155715446715305,0,0.9120760006125721,0.12883814477723732,0.10729224645295332,0,0.9501510068003611,0.40605031263225655,0,0,0,0,0.19603530538181957,0,0.6125503066071722,0.5755688478327663,-0.029092934526619985,-0.366914437530097,-1.5139665366848147,0,0,0,0,0,-0.17847932637919328,-1.4789368208170348,-0.508917783670964,0,0.8296523570243437,0.6605049323826577,-1.2522065224183763,0,0,1.0460541461850923,-0.4222303422952187,1.2862540079535245,0,2.854432959481139,1.5689634232069967,3.0536741093365816,0,4.683381833154201,0.69169824821671,0.07102306433413208,0,0,0,0,0,0,0,0,0,3.31323166720882,3.197686831332941,2.2502927857247155,0,3.247453442810711,7.072121396629772,3.7225647937925794,0,3.5271948124799675,2.752188597087219,2.7397191375477394,0,0,0,0,1.530891772935938,1.3866703498527393,0.87321664996945,0,7.073782953238812,0.030589885091327318,6.3437891513125635,0,-1.2222542864667396,-0.5273635682850148,-0.4583639600565359,0,4.211197232671848,0,1.941606553085709,0.41391380326403215,-0.8108703845615572,0,-0.3828872138947297,-3.3130348373448406,-2.2534116459861213,0,1.7710064218352466,1.4812511701269848,0,0,0,0,3.2433661406079786,0,1.5313525204436838,1.205639960811336,0,0,0,0,2.7077352337950913,0,1.856323008963713,0.6326437220359438,1.4152311271421176,0,0.4582512917299999,-4.762290296900131,-3.1563110789546567,0,-0.6963880713675827,-0.11145341805316811,0,0,0,0,-1.9874744056159788,0,-1.0747437087555891,-1.0944562636266726,-0.19310778002606277,0,-0.08018447765703485,-0.16773279916924722,0.3282742386728206,0,1.017058053804508,-0.016211255733992402,0,0,0,0,0.3590340923028261,0,1.2354940891984594,0.10937275459196982,0.5286117631412779,0,0.6791363298314774,0.008280127933671722,-0.17969162893533053,0,0.3611908723795043,0.3093177415143753,0,0,0,0,-0.1743930843858159,0,0.3819386293171583,-0.4289018997317964,0.08571048909986523,0,0.3462055522125542,-0.06171871041672361,0.1636032315208258,0.36124658255613085,0.33689742879596984,0,0,0,0,0,0.4314079723391213,0.24990114319538925,0.31119789581816626,0,0.4407889205728619,0.09398958185525608,0.16744453173773088,0],[0.8202237854159478,0.2007519390068886,0.025987864154647156,0,0.527096820364406,0.07277194307008727,-0.06388689872419206,0,0,0,0,0,1.010873480199045,0.5970605403556419,-3.8680095406080923,0,0,0.8104713041744365,0.5504497591737056,0.9850893558662221,0,0,0,0,0,-0.019459633739472793,-0.06257271631707795,-0.7304015934750794,0,-3.9008241445974496,0.15660584723316262,-0.2824504235418175,0,1.6388407259067854,0.09043150505867459,1.8661028679557141,0,1.2670065414696818,3.0801129916994032,4.418283922163087,0,1.487357060893867,-1.4352033057268088,0.9323006673410905,0,0,0,0,0,0,0,0,2.259167949831955,5.089766223239229,5.080575837753479,0,1.1538214610464887,0.7911376318363326,-0.18126820744997119,0,2.69087669740618,0.30441058050097425,0.2770823841972696,0,0,0,0,0,2.380158601084789,0,5.1625551084465116,-0.3824744111188547,4.568580443661684,0,6.341077461764483,3.2178267780941994,-1.3739428698273812,0,6.39466301343261,5.373230274071431,-3.0998852241248205,0,0.9322514278655589,0.593997033897347,0.1642692472198899,0,0.5369841890874616,-3.9130916956620254,0.13255820426764942,0,0.9429397955761711,0.34386148591612553,0,0,0,0,-0.8290155514803308,0,-2.3831211718967635,-0.8766547614555948,0,0,0,0,-3.2692122038688565,0,1.6035499580928363,0.8098736493631069,-4.358699463067445,0,-0.16064275557127772,0.0025616405685457977,0.7475923095371204,0,0.882467198899171,0.7081261939206449,0,0,0,0,0.7935905122852631,0,0.9920808777802321,0.21432336493895043,0.44825567761354357,0,0.18533825010767302,0.05645901451277879,-0.27298234302557667,0,0.40120348300506237,0.3165455215979627,0,0,0,0,0.3191602989868585,0,0.5829198916430727,0.3913985333100545,0.019910999075360536,0,0.05529914221372145,0.03397510563107353,0.04644470223169073,0.07374240704968926,0.1570043550505389,0,0,0,0,0,0.47286719801125976,0.4834220299794083,0.42738502322185923,0,0.30018730276018246,0.23840833653465232,0.15086226027933414,0],[0,-0.6684113936430656,0.28888803745751446,1.3322902520349835,0,-3.4315481562400825,0.23641254644052978,0.8515958981082186,0,0,0,0,0,-0.7428640157811452,-0.3361618433166811,0.9531939734249555,0,5.581867382910108,0.10310843223755484,-3.0730483521919565,0,0,0,0,0,5.9988404784909175,4.057790408994176,2.297090114377559,0,2.50036585300227,-2.450687628103985,-0.6432131069530529,-0.26790566040467745,0.10449093561842737,0.05917379638320597,0,-0.8670438249274284,3.03698019366512,-0.5691481669171319,0,2.5685692752300913,-2.867284393550497,-0.8282285996491705,0,0,0,0,0,0,0,0,0,-1.6639516612012581,0,-4.42089420155153,-5.154503453667772,1.9757941805487,0,-2.3694180343011233,-1.6823172334535972,0.23679138064948635,0,-6.322634227729726,2.005565602663107,0,0,0,0,-5.410498179084387,0,0.5929298032424644,-4.778628993567123,-5.65506456082748,0,-2.6781651076025703,-1.0814020226878434,0.3571376539528224,0,0.5834541993080915,-0.16913188348234254,-0.09627393707275544,0,5.2455362970749615,-0.7610511861927325,-2.8536008940699755,0,-2.64554593743663,0.8012815606975643,0.35030557672428664,0,0.42749846313575013,0.13620237035959093,0,0,0,0,-1.4347183255815255,0,0.1844442291950008,-1.8638104195068248,0,0,0,0,-1.544152332020258,0,-1.309573942389818,-3.642667106559636,-0.3006967712330688,0,0.5747109578353857,0.34819159644358066,-0.0218320688878606,0,0.11222014510866174,0.3741898208188559,0,0,0,0,0.5668247090359557,0,0.9760701618524905,1.4650467789857622,0.09839347637295148,0,0.2015687354178155,0.36318983487585754,-0.11277113041479936,-0.22004259229918688,-0.010046215841292394,0,0,0,0,0,-0.17165377897584477,-0.034569017545740266,-0.05897459925220616,0,-0.1648132254210264,-0.1876413733953619,-0.2148965986482363,0],[0,0.5284508290400307,-1.2063647121178906,-2.701788625074328,0,-4.286610673357655,-2.1651942530585764,-1.3313096253528611,0,0,0,0,0,1.0055362782224382,-0.6363748407725929,-4.0609652843964055,-0.3480845483393793,-2.8338531323257463,0.44478088985327346,0,0,0,0,0,-2.349525961226572,0.6421412360145675,0.37624612409667435,0,1.1791398120572811,-1.37975695011498,0.5026201327135524,0,-0.2349080045659777,0,1.6004666866760822,-0.014952882467141215,0.6279317746408406,0,-0.035058225085350614,-3.720438583430326,1.520334031489008,0,3.5976664911174723,2.0664343663653284,0,0,0,0,0,0,0,0,0.16306856570956363,0,-2.0817000570778124,-1.1740010767943163,-0.1884205385491331,0,0.78195580555892,-0.5349143138644727,0.07104626040071516,0,-0.727298806326008,0.5257292087147949,0,0,0,0,-0.5199057348874554,0,-2.4817378492722533,-0.7551649386462511,