{"modelSettings":{"letterOrder":"ACGT","bindingModeInteractions":[],"bindingModes":[{"fitLogActivity":true,"flankLength":0,"singleStrand":false,"size":12,"dinucleotideDistance":0,"componentName":"Binding mode 0","positionBias":false,"modifications":[]},{"fitLogActivity":true,"flankLength":0,"singleStrand":false,"size":12,"dinucleotideDistance":5,"componentName":"Binding mode 1","positionBias":false,"modifications":[]}],"letterComplement":"C-G,A-T"},"coefficients":{"bindingModeInteractions":[],"bindingModes":[{"mononucleotide":[0,0,0,0,0,0,0,0,0,0,0,0,0,0,0,0,0,0,0,0,0,0,0,0,0,0,0,0,0,0,0,0,0,0,0,0,0,0,0,0,0,0,0,0,0,0,0,0],"activity":[[-7.566690011135518]],"dinucleotide":[],"modifications":[]},{"mononucleotide":[-0.17595743821423326,-0.594080725837042,-0.2286354566780595,0,-1.6985488198620047,-2.851090421649528,0,-6.653059222506115,-3.6117573206801667,-3.1949275775804766,0,-9.46557218662811,0,-2.0534422283966514,-11.827308173209051,-12.495889273541817,-8.078030361741565,-18.91926497109786,-10.164537894223553,0,-3.3834162098140412,-3.127543443826604,-6.718273201769452,0,0,-5.990024677074037,-7.571266641612069,-3.448884634767885,-1.0936231012211408,-2.284403969540474,0,-1.3410375902801022,-1.0464668722356478,0,-0.8586143399997628,-0.562756027242294,-1.1735314090398852,-1.320946987435354,0,-1.2871005547070222,-0.9101878223386652,0,-0.4240377204887693,-0.8956046513697817,-1.1000152058587584,-0.39955150491845437,0,-1.0292245190664726],"activity":[[0]],"dinucleotide":[[0.4798173117109137,0.7425891899887356,0,4.2707071178464435,0.2598770762780518,1.331615901124903,0,4.888944640539214,0.24503955244910358,0.9596526906721694,0,4.955166892272895,0,0,0,0,-1.0226125558081893,-3.482890307848609,0,-0.09938199501222833,-0.45434883915493973,-1.4535739364862694,0,-0.7289352904802904,0,0,0,0,1.784874459546657,1.0745670327446604,0,0.8599966459226884,0,1.5070366034877534,0.6736881047949499,0.09937948802591023,0,0.9526870247217882,-3.1857333824298024,-3.2478120517936553,0,0,0,0,0,0.09403530783172975,-1.603523493021143,0.7675780021972471,0,0,0,0,-1.3170493110493133,-1.281125022239447,-4.2899717314045205,0,14.538056097367424,7.146303676455961,5.031374818225036,0,3.2535863353869594,-0.32872970441264826,-4.586493908001266,0,-5.549392957589042,1.4261189620816577,-3.93066902915729,0,6.723831917327569,4.063405503288639,3.4346453669976675,0,-2.5589684752458943,-3.305000526537846,1.4025827002927365,0,0,0,0,0,0,2.8536768225775306,5.619180539958667,2.2293033538541165,0,-2.830705819350259,-0.1738018249082618,-0.376307841580398,0,3.692227968715109,8.694212035715182,-0.2747916945518565,0,0,0,0,0,0,0,0,-0.5904333314178736,-0.44868209816041826,0,-0.6493992650515246,-2.099205355944811,5.189595128651132,0,1.765123059975191,1.3510008704979466,-3.775824920458555,0,0.7932988721369654,0.978770984301299,0,0.47809940364462555,0.1630687365404544,0.6097181336045798,0,1.1941633081487364,0.8131454518253047,0,0,0,0,0.15521893279624344,0,-0.2606510027572062,-1.047487397090717,-0.23303355867610254,-0.6047075373980979,0,-0.4152518609806828,0,0,0,0,0.3509915317125234,0.5133529290947063,0,-0.2468735507071056,-0.03499614387059147,-0.11893945559686792,0,-0.20697146507895425,0.2438250848816974,0,-0.06113690697483065,-0.02154612211307949,0.6140737802358309,0,-0.21910867759640063,0.23323818654216133,0,0,0,0,0.7046089917724689,0,0.0012378956800507268,0.14182796259488128,0.5298399312277908,0.1451272924750331,0,-0.03483497118348744,0,0,0,0,0.8920969816370317,-0.4169854516915148,0,-0.03577285238757888,1.0951576035379542,0.15203302833469046,0,0.4731309319451089],[0.37573766003404785,0.3831277242431135,0,1.513631095431471,0.2976565155606856,0.13376453275759914,0,2.8348469944218477,0.2346435143878658,-2.345481698356986,0,2.1485140554920106,0,0,0,0,0,0.5074837592264485,1.6269493979666922,1.3832007811828024,0,-0.5622991073137253,4.196740599320673,0.7090682056214099,0,0,0,0,0,-0.21991180324308957,3.473612788682866,-3.239828422039025,1.9168288331545895,5.61476150155848,3.5506745374162367,0,1.5319141904503688,9.246292529820506,-1.1581975851828012,0,0,0,0,0,0.6859972532963035,5.880714102114119,0.41694734897087926,0,0,0,0,0,0.5109885815632911,-0.4922227628371427,0.8359799510947132,0,3.677452213435391,-2.8370978071159314,3.816940991021557,0,2.8289477457868344,-0.7493467040290156,1.962455599594744,0,0,-0.13261919673898603,12.112660787665098,6.211562610457863,0,0.744580146740283,1.4773761818999418,-2.4308435086491684,0,-2.3694115095049426,1.2258085224244368,0.9847276962771865,0,0,0,0,0.15218211029838535,-3.1306821310182746,0,1.6930691843015033,0.6086126675733645,0.6370249630359357,0,0.32261905373401056,-0.3484051635006198,-7.394720738952156,0,0.8506041325719211,0,0,0,0,0,0,0,0,2.428449120243023,0,2.6982314491080004,3.124615744138712,-0.011282138343499781,0,-0.146060988594094,-0.7799798673503933,1.204661009481672,0,0.7683542424963505,1.056906125869716,0.33294197000064507,0.260332848197077,0,0.4506365835682864,0.061564909097122644,-0.6346785671057686,0,0.4938407679790169,0,0,0,0,0.9727765833796784,0.651493356627924,0,0.8586211367101342,0.21049944922090802,0,0.21304536815117459,0.026739200355024195,0,0,0,0,0.2654113070346362,0,0.34632358275621655,0.45495095428288046,0.010585027897901611,0,-0.23363750412977957,-0.0579113689039108,0.336069172072321,0.6550044252894978,0,1.0200098681471967,0.3837999492493598,1.062562015107627,0,1.1237243418255662,0,0,0,0,0.07094096817433204,0.1736535337804419,0,0.8226492846546201],[0,-0.032246242623021004,1.024083373232168,1.4050550158748276,0,1.2207822178641088,0.5207801571305577,6.496545345119643,0,-0.012166567557557073,2.1740831088889205,5.102770339088068,0,0,0,0,-1.3090785207130438,-3.077164114157938,-2.071258750647921,0,-1.789615820271873,1.216358027542011,3.6256035387089334,0,0,0,0,0,-4.158382676414266,1.2490561773913313,0.14501649488769885,0,1.7135732224653948,-0.0488696869089873,2.582567872903476,0,-5.928950399602156,-4.537922268106742,-2.3826826449780114,0,0,0,0,0,-0.4648010651004313,0.5661523506389443,2.3136990059422295,0,0,0,0,0,0,-2.3556297100377073,-6.734643065987338,-0.5066167550310912,0,5.459169342581774,-9.32756173067989,-1.521993106130946,0,1.6904560583677188,-6.4594394265958215,-0.5490640524135877,-0.5891656261993035,-7.08895850265089,0,-0.9672414795607231,-0.1639156213236319,-0.3211401200081525,0,0.6184068187034271,5.067295393696605,2.054711535164291,0,-0.36236984240457204,0,0,0,0,-0.21891234365949153,0,-4.1260382793810395,0.9213665977349841,-0.41383890720915595,0,-0.07250356665707614,-0.47413439662405743,0.4813483597810695,0,-0.5960977964141376,0.40570871977988077,0,0,0,0,0,0,0,0,0.9621070241808969,-0.6212863339394223,0,1.8369965959098167,-1.6904706236367115,-3.37499110909099,0,1.4740085567963126,0.37425590376884976,-0.03299103728943287,0,1.1482737420927087,0.49116083954111645,0,0.42063514320365236,0.468906947419768,0.7248754515698268,0,0.40611080705285474,0.671589785176784,0,0,0,0,0.0757918724782396,0,0.5795422530686256,0.288867278506876,0.28723162359115584,0.1395559172414167,0,0.2885336670766243,0,0,0,0,0.2534675283238794,-0.3415245892865766,0,-0.3204334809520173,0.6177240176397216,-0.2010444647880174,0,0.16981009062792118],[-0.8710381909221461,2.983838560426676,0.9236102384145148,0,-0.08206131062853927,2.2933061433564568,1.5691556277764889,0,-1.6420142215845033,-2.304357112204894,-1.9415761763990744,0,0,0,0,0,-0.820370660060858,0.7527896366868703,-0.482785467787167,0,-7.96605012968392,0.019738157291580016,-2.1465469254178764,0,0,0,0,0,-9.200374110563772,0.37291278779186854,-3.507213455112593,0,0,-5.602512996075562,-2.047376682884863,-0.01867305371344319,0,-1.109259598616843,0.2592546059344336,-0.5436520739130275,0,0,0,0,0,-5.984638769146606,-3.8141802227723183,1.7554866820964818,0,0,0,0,0.9101324738990506,0.17106833892986462,0,0.6040762494614418,2.174899555504382,4.5988343662406255,0,1.7651136171078026,4.917923956114382,5.498744552321803,0,4.4694702822363155,0.7988686131859435,0,1.5774096668782853,1.8914562855107402,1.1535533217304206,0,2.7451655694796955,2.596802323496867,