{"modelSettings":{"letterOrder":"ACGT","bindingModeInteractions":[],"bindingModes":[{"fitLogActivity":true,"flankLength":0,"singleStrand":false,"size":12,"dinucleotideDistance":0,"componentName":"Binding mode 0","positionBias":false,"modifications":[]},{"fitLogActivity":true,"flankLength":0,"singleStrand":false,"size":12,"dinucleotideDistance":12,"componentName":"Binding mode 1","positionBias":false,"modifications":[]}],"letterComplement":"C-G,A-T"},"coefficients":{"bindingModeInteractions":[],"bindingModes":[{"mononucleotide":[0,0,0,0,0,0,0,0,0,0,0,0,0,0,0,0,0,0,0,0,0,0,0,0,0,0,0,0,0,0,0,0,0,0,0,0,0,0,0,0,0,0,0,0,0,0,0,0],"activity":[[-8.0901073357126]],"dinucleotide":[],"modifications":[]},{"mononucleotide":[-0.9494183873243429,0,-0.8981516821264819,-1.1858603642171346,-1.025174203600013,0,-0.6834334169059382,-0.7592828199258115,-0.8193009364093697,0,-0.3471463233858074,-0.6752856016570412,-1.4530350133419319,0,-1.752032196968635,-0.5562649516137839,-1.420390968798138,-3.064310429876411,0,-1.7916470817909804,-2.4587796592899736,-4.283240370798509,0,-8.79390265474894,0,-1.6793733696082889,-8.634179308099188,-4.109483234527229,-8.759421438911009,-13.501312806118225,-16.236776117675376,0,-9.233288550062383,-2.60840416013359,-4.346459907149201,0,0,-5.268931559856007,-8.541151421289198,-1.2397647773872222,0,-1.3238911624386294,-0.7293458180199366,-0.1664882408178947,0,-0.24366083271891803,-0.1759707499006513,-0.6159019396792083],"activity":[[0]],"dinucleotide":[[0.25368124378634604,0,0.5268646970904989,0.07643666935727111,0,0,0,0,0.437617897992844,0,0.47160815136117407,0.06987032136699867,0.30365296495913086,0,0.18087393470026925,-0.23031292185081753,0.5474374879139781,0,0.8901011398100813,0.48367811153068985,0,0,0,0,0.27336311773818167,0,0.5783112968584305,-0.09810226677783973,0.3541750114055553,0,0.6264779366819475,-0.10360054085395021,0.38916872172796957,0,1.1144088483572077,0.04520079159725299,0,0,0,0,0.5002321417422202,0,1.2017917978932822,0.28502251552605173,0.6211981743893418,0,0.8614863898571237,0.05323600720993227,-0.1089590290959741,-1.170191238685124,0,0.22369730703138657,0,0,0,0,0.20814531217468613,0.19909898616073107,0,0.6685100128374835,-0.0668490413689895,-10.112572978119086,0,-6.191541177248492,-4.4327148648195625,-1.8792535061006461,0,2.5269391025173675,0.11549588329756943,1.9584341030692407,0,0.6675809453700037,0,0,0,0,1.4345213827166852,2.481942565833144,0,3.8497562609162834,0,2.161722864712374,2.8825873397232122,1.5966208858016095,0,2.911217216787904,3.004770798718713,1.6406859334783341,0,0,0,0,0,1.4309406698615117,0.4979103528812736,3.4952932982396856,0,0,0,0,-0.09804051052941531,6.2520523147685445,0.3677691749709524,0,-1.2184713893117483,7.076976953088387,0.48323306887343165,0,4.99859254812702,9.144653325137355,6.123834295535751,0,4.491728602624235,3.8419481973033296,0.14571075463444672,0,5.655839702897726,5.143474056917613,4.338083845028814,0,3.6734189697586856,3.8110923984524376,3.293264056853012,0,0,0,0,0,0,1.3698280575045096,-3.827345202839524,0.7445285825885009,0,-1.2391363177870875,-3.9493160286284343,-0.1859192888297514,0,-1.0065382182514284,4.347575073456426,2.1328973637324466,0,0,0,0,0,0,0,0,0,-2.6511890602908394,0.861662386048053,-1.6336353353068782,0,-2.447608542283458,-0.29953339760262665,0.3813154217755699,0,-3.0669967343025775,-0.7000412815022443,-0.7928056606522205,0,0,0,0,0,-0.04772543722014433,0.26766704997140245,0.488128211769455,0,0.7657058482125549,0.2646240168092966,0.5042407508905029,0,0.30523662642565874,-0.24015604852289307,-0.4576626646728936],[0.2769306565370293,0,0.42756605325575947,0.13927550741599504,0,0,0,0,0.22947577007860787,0,0.04530692939647096,0.15121545030793015,0.5628052186224011,0,0.28971512638698727,0.12518891742956129,0.023172657996962442,0,0.38762486999332424,-0.05344452120522192,0,0,0,0,0.3598438907978725,0,0.5755715800571757,0.1614836673750304,0.056572902909508116,0,0.3943496689945327,-0.4407612460753221,-0.27408006065643775,0.019669978663468868,0,-0.9451387990104934,0,0,0,0,-0.11960296626519451,-1.5851608742467533,0,-1.055199263440091,0.08934518106962486,0.012283922326002283,0,-0.689077124146138,0.7014754063085782,1.2528565282121917,0,0.5056870068513355,0,0,0,0,0.6052588258064802,-0.19156006604993792,0,1.4258785948152983,-3.8527463913653044,1.2978021612788204,0,-3.939378132141286,0,0.5009739797465116,0.762307656758594,-0.05920872307571301,0,0.6348096971013888,2.9803954775212773,1.4132857486192876,0,0,0,0,0,-0.3453626881062206,0.7925243166908444,0.5677182274149999,-0.6453222588222474,0.5441045279565948,0.14168466795930001,0,-0.1752233215618375,2.5756335375006287,1.8523698102900106,0,0,0,0,0,0.31595290013189725,0.34405316607857017,1.1452669425808217,0,0,0,0,0,-0.2782175489481773,0.2217090779147366,2.764440933347556,0,2.2468036970411234,1.7299050753474088,1.4462566177663643,0,0.28216509545306145,-3.4339586707648753,2.2677750679839583,0,0,6.609940268697646,10.283513214556034,3.079467133785407,0,5.851494186945704,2.7814456852181095,1.9607493419792128,0,8.980423597856761,9.884310987092144,2.4512613933019747,0,0,0,0,0,-5.180121026603651,0.3670411183448632,1.5974507161655254,0,0.11819267934168387,-0.12684916998975027,0.17677855618563854,0,1.0061134162605416,0.1905427359558356,-0.8265265662299957,0,0,0,0,0,0,0,0,0,-0.13341127216087845,1.6892414467173769,-1.8627844146884796,0,-3.88476103181687,-0.002854539489517194,0.6617899176240236,0,-1.27657180867212,-0.49657252525557816,-0.02308901613019998],[0.2424195930331976,0,-0.0712824136833774,-0.2938525227837836,0,0,0,0,0.06928865314989352,0,-0.21273591047446416,-0.21583919976104582,0.30515558607382687,0,0.0962672820605377,0.025413528581751166,0.274952595160336,0.7509668406377408,0,0.0851266900446781,0,0,0,0,-0.05000386338950946,0.4707422696153749,0,0.10581279928738141,0.13234173925099668,1.0169923367861067,0,-0.6139970075068639,0.29825034155225083,0.20908308357864058,0,-0.5241797716520722,0,0,0,0,-0.0036048170452929185,-0.32672887162694764,0,-1.0839024913877982,-4.400556405179582,-2.725898100985887,0,-1.3457558784012242,0,-0.5427397863421106,-3.133910139029581,-1.234272728439759,0,0,0,0,0,-0.5271119916184297,-1.8348480532535945,-0.9251501355375922,0,-0.2540665586782822,-5.17844622358237,-0.9604440876013527,-6.071414706664957,-3.95261782020183,-1.772295283604059,0,3.442807989190637,-0.43907202649614163,0.36317224652387736,0,0,0,0,0,0.9386287505375215,-0.1209196376315873,3.9255559011012604,0,0.7149017419499266,0.15907394288331922,-2.489871066923307,0,-2.5560552930746105,-1.4509678084477695,-4.013830836430817,0,0,0,0,0,0.7775326926103716,0.9643111082106657,-2.7241427423895583,0,0,0,0,0,0,-0.3588095234485058,-1.18640665360941,0.10610235581254202,0,-0.3339813285018671,5.348860482784854,1.7386849433037064,0,-3.4263573977368775,-4.356934201918667,-1.613187649863841,0,2.211725158406277,-1.4052232670222153,0.4461698013062545,0,2.9387743972739457,0.15292107631918128,-0.6877099801168889,0,3.5028030544359723,-0.2308478075550262,0.28252349720009917,0,0,0,0,0,-1.0686260692904597,-0.2932695102354117,0.2847220469298577,0,0.18488913584768696,0.27250465346669905,0.32957571959442333,0,-3.179308211655341,-0.7905296522749579,-1.4479218231607893,0,0,0,0],[0.3908277990367637,-0.018360805936168845,0,0.23577551540772745,0,0,0,0,0.13653667837072447,0.5518486383813404,0,0.8157231697401706,-0.032282121920136575,0.3175412031588536,0,0.17024136450475424,0.3336248430923767,-1.6997404757866832,0,-3.7161888234487144,0,0,0,0,-1.2853793119269028,-5.8106825257679695,0,-0.21368543625771075,-0.4085242179352626,-0.27032921023819867,0,-0.2975697473651824,0,-0.1322671456140192,0.35267421377497143,-0.9569467943508805,0,0,0,0,0,-0.1168895452086538,0.49818354430614775,-0.3266603870468856,0,0.039289466662655315,1.2527370971292662,0.5991160120966157,-2.2252570105014833,-6.851610313660181,-3.6785332155863273,0,0,0,0,0,3.005033482736403,1.5226670315811326,2.397880276172538,0,3.2583623846681444,-1.5027689824061525,0.7338192193233866,0,1.215606608439053,-0.26753161548165494,-4.0175085580882435,0,