{"modelSettings":{"letterOrder":"ACGT","bindingModeInteractions":[],"bindingModes":[{"fitLogActivity":true,"flankLength":0,"singleStrand":false,"size":12,"dinucleotideDistance":0,"componentName":"Binding mode 0","positionBias":false,"modifications":[]},{"fitLogActivity":true,"flankLength":0,"singleStrand":false,"size":12,"dinucleotideDistance":2,"componentName":"Binding mode 1","positionBias":false,"modifications":[]}],"letterComplement":"C-G,A-T"},"coefficients":{"bindingModeInteractions":[],"bindingModes":[{"mononucleotide":[0,0,0,0,0,0,0,0,0,0,0,0,0,0,0,0,0,0,0,0,0,0,0,0,0,0,0,0,0,0,0,0,0,0,0,0,0,0,0,0,0,0,0,0,0,0,0,0],"activity":[[-7.802191135737038]],"dinucleotide":[],"modifications":[]},{"mononucleotide":[-0.5216121015010629,0,-0.27486359645301306,-0.32807871289786306,-0.8358228135888996,-0.588986413513048,-0.9604292040178102,0,-1.8350044215451407,-3.409442380656171,-4.189361375278035,0,0,-7.5740375105768045,-1.9540942760179911,-3.014229098308559,0,-12.061248829081082,-17.089571827765198,-4.272073237151253,-4.259983872898945,-4.296086244615548,-1.8026052717134897,0,-3.592701158466368,0,-5.929410936166103,-3.201743562128809,-2.620269129144191,0,-2.4529631545513055,-1.1968222595159457,-0.5223666760983363,-1.192045385115831,0,-0.9893759191118008,-1.1782505072713967,-0.8635286252523695,0,-1.1595046680942698,-0.5229770421151816,-0.43663101314918684,0,-0.5933012566622171,-0.34264911733298753,-0.41997077565886975,0,-0.27134286816150066],"activity":[[0]],"dinucleotide":[[0.03045962334774366,0.49258086488068287,0.36057942711729396,0,0,0,0,0,0.5199772903522,0.6874532099587967,-0.22361763861060702,0,-0.01816692722613311,-0.04975514166403272,-0.22914858033716268,0,-0.3693011863726703,-0.14454887812656558,0.17244880290025044,0,-0.5581481031841342,-0.5534056355157251,0.5695057310602678,0,-1.0824196441128677,0.3473331028628621,1.651826453085043,0,0,0,0,0,0,1.8514033056426342,0.03635594641616802,1.5034126044810572,0,2.37852235397928,1.3199147341742847,2.6464046398268666,0,3.980959649215361,-2.5073823260519994,1.7278232135526057,0,0,0,0,0,0,0,0,0,-2.401960840099008,0.0802541986867773,-2.9795648838995987,0,2.2120652605804363,4.10814788501675,-0.3829754981887392,0,0.04281349359118636,2.514310687573822,-0.3544591139420392,0,0,0,0,0.08820110191456365,-0.41125434456720456,5.606433727604056,0,-1.4725657365660965,1.5390414131398202,5.044460500117893,0,-4.540754298331207,-5.632756717390645,-0.5520651106418804,0,3.1850666958245073,0,6.054679088332864,3.1002144422413753,1.7639550026468962,0,5.948544473589984,4.095991766926162,-3.9831159645671974,0,1.2512247357263613,2.0330255164548516,0,0,0,0,1.7474942475909563,0,-2.3544598993267476,0.5638533984409717,0,0,0,0,1.2134145082268786,0,2.09849696087068,-0.008360122974036877,2.2181315524002168,0,-0.3255901957510714,-4.287505308942731,-3.0223027369054254,0.9171557104257175,0,0.7863817498664298,0,0,0,0,-0.9077466330244173,0.27520004985941515,0,0.026065231548321854,-0.03625538017981533,0.2830323827019843,0,0.022919474275444607,0.30777348000276206,0.13421221122671945,0,0.15903726619218794,0.6341793373276694,0.8204901520837122,0,0.9315988079218513,0,0,0,0,0.7447256961774968,0.31919868971996745,0,0.46050794047837407,0.1522582586954897,0.020431372277275983,0,0.7873105072126183,0.5728864312706428,0.7243823215757459,0,0.9780850211368293,0,0,0,0,0.4342312090983622,0.17876898352984227,0,0.6861654156823782,-0.3543643931043725,-0.008327640462859165,0,-0.18930486556913806,0.03900511874670798,0.02387912027702299,0,-0.008933311375832531,0,0,0,0,-0.009722196382723425,-0.14412341095932568,0,-0.1871835369954784],[0.5810119517995318,-0.44770375527017237,0.3591913234632935,0,0,0,0,0,-0.14683641536831615,-0.03614188875636337,0.08841412338716559,0,0.5973179742922898,0.9699547664676906,0.09903663884707115,0,0,1.12603648211703,0.4197115363104089,0.5687540178047268,0,0.06103757545323418,-0.14637293353724878,-0.4337320520890433,0,0.09259709012966688,0.22692319472249878,-0.3334238911134566,0,0,0,0,0,1.3197765148334497,4.813029452940141,2.857287142228775,0,4.3046135849621905,3.251070473571641,3.335688103611072,0,6.298609547464636,7.514480819623655,3.10083574598014,0,0,0,0,0,0,0,0,1.9313025339912127,0.38844101518566987,4.414503621106658,0,-2.0047829424488555,-3.473772733224698,0.012139295119227178,0,3.0606845572086945,0.47232189858389884,0.5625539584319101,0,0,0,0,0,7.951522496697909,0,3.297197397988427,2.7025379047029396,10.298392142672757,0,9.35850812177782,3.321585024381246,0.3238544712840703,0,4.594925050511714,-1.2543808819424012,-2.9278323563456867,0,-1.1855642043148764,0.2189041336026385,-2.6223257337172186,0,-0.3226433261026509,-2.7050124708435526,0.044526144515946164,0,0.0895824910578149,0.417238852494239,0,0,0,0,-3.683393554297038,0.5688444659390495,0,0.366712829026544,0,0,0,0,-0.27464640739511825,0.8095765800501455,0,-1.5741725769943313,-2.8035010163017597,-1.539850731818678,0,-0.872469063311299,-0.0028138183927923777,-0.21058833094185658,0,-0.002237019729992795,0,0,0,0,-0.2650765432815376,-0.0647412870405697,0,-0.44315391102080604,0.2574975795679446,0.07969165200571648,0,-0.08178537523740381,-0.25051921944066,0.09879252803242622,0,0.06964287616781917,0.2802175893830565,0.768274727758266,0,0.2745671359169899,0,0,0,0,0.11120488277407325,0.47668791523252274,0,0.07153265002083398,0.05095623102248936,0.09668935134289036,0,0.28505579990447494,0.2306106492323945,-0.06137055889811904,0,0.3233496405630678,0,0,0,0,0.39942536248587146,0.22510369311781453,0,0.5179571208392169]],"modifications":[]}]}}
