{"modelSettings":{"letterOrder":"ACGT","bindingModeInteractions":[],"bindingModes":[{"fitLogActivity":true,"flankLength":0,"singleStrand":false,"size":12,"dinucleotideDistance":0,"componentName":"Binding mode 0","positionBias":false,"modifications":[]},{"fitLogActivity":true,"flankLength":0,"singleStrand":false,"size":12,"dinucleotideDistance":1,"componentName":"Binding mode 1","positionBias":false,"modifications":[]}],"letterComplement":"C-G,A-T"},"coefficients":{"bindingModeInteractions":[],"bindingModes":[{"mononucleotide":[0,0,0,0,0,0,0,0,0,0,0,0,0,0,0,0,0,0,0,0,0,0,0,0,0,0,0,0,0,0,0,0,0,0,0,0,0,0,0,0,0,0,0,0,0,0,0,0],"activity":[[-3.912023005428146]],"dinucleotide":[],"modifications":[]},{"mononucleotide":[0,-1.3962896450614437E-5,-1.5216782426996645E-5,-3.1227248511456196E-6,-5.511517211509442E-6,-2.631142413456189E-5,-1.7463191997357796E-5,0,0,-2.047318345255178E-5,-2.5587002951965587E-5,-5.668916285728187E-6,-5.967415355634387E-6,-2.9095582839033796E-5,-2.000036477767253E-5,0,0,-2.3116056513394767E-5,-2.953179141496065E-5,-6.393149662997644E-6,-6.476326306348312E-6,-3.156141993798656E-5,-2.2835043938407296E-5,0,0,-2.2835043366420393E-5,-3.1561418500913874E-5,-6.476321306791988E-6,-6.393145134175882E-6,-2.9531785667558097E-5,-2.311605271820838E-5,0,0,-2.0000366423467142E-5,-2.9095584195282242E-5,-5.96741787717292E-6,-5.66891870068531E-6,-2.5587001950988508E-5,-2.0473184788372123E-5,0,0,-1.74631919724888E-5,-2.6311421940761193E-5,-5.51151776928549E-6,-3.1227253547427836E-6,-1.5216783769034237E-5,-1.3962897270403118E-5,0],"activity":[[-12.97092131720471]],"dinucleotide":[[0,0,0,0,-8.869902057284662E-8,1.088031882279239E-5,4.882515221460437E-6,0,6.598791828515971E-6,1.0648080245090341E-5,1.0286900213429817E-5,0,5.214729747571312E-6,6.721721940827763E-6,8.22931029986762E-8,0,0,-1.5788363993962662E-6,5.2755308557195235E-6,5.479364499905159E-6,0,9.742382658828319E-6,1.061580769601278E-5,5.55958245040955E-6,0,2.6318763977073445E-6,9.299541602558747E-6,-1.463166958259876E-6,0,0,0,0,0,0,0,0,-8.807438867108885E-8,1.1925309337357248E-5,5.5249978769822405E-6,0,7.394472130606289E-6,1.200303450321627E-5,1.1595883961490472E-5,0,5.903698951925662E-6,7.596470728010729E-6,2.4717701485599264E-7,0,0,-1.927197600615216E-6,5.655063096909885E-6,6.0156620600437805E-6,0,1.0317999387332577E-5,1.157759167291772E-5,6.160458086768017E-6,0,3.048110609249477E-6,1.0084482825689634E-5,-1.7914669525609384E-6,0,0,0,0,0,0,0,0,2.611785436812397E-7,1.2517170798531652E-5,6.2194952876737375E-6,0,8.298613729529336E-6,1.3223627735037269E-5,1.2477937412214146E-5,0,6.506291602370595E-6,8.480618373774007E-6,6.127578444647952E-7,0,0,-2.01303543789777E-6,6.0412577873592E-6,6.777913733380103E-6,0,1.01080429715239E-5,1.1828877074293587E-5,6.041256898292602E-6,0,2.76979592950255E-6,1.0108043767331765E-5,-2.0130350755209747E-6,0,0,0,0,0,0,0,0,6.127555556290076E-7,1.247793597691782E-5,6.219493637438234E-6,0,8.480616214612269E-6,1.3223625813907347E-5,1.2517169133197115E-5,0,6.5062906591251135E-6,8.298611987811455E-6,2.611772478289254E-7,0,0,-1.7914674463881397E-6,6.1604570698037264E-6,6.015662212810469E-6,0,1.0084483033523384E-5,1.1577591194189552E-5,5.6550634583985016E-6,0,3.0481108579394345E-6,1.0317998949460616E-5,-1.927196995765712E-6,0,0,0,0,0,0,0,0,2.471780451429595E-7,1.1595883852244526E-5,5.524998258898961E-6,0,7.596471540693983E-6,1.2003034949081837E-5,1.1925309777005566E-5,0,5.9036987432037336E-6,7.394472710586797E-6,-8.807434959123839E-8,0,0,-1.463166460879961E-6,5.559582954006714E-6,5.479364860505598E-6,0,9.299541552820756E-6,1.0615807536140665E-5,5.27553090279298E-6,0,2.6318760681931508E-6,9.742383033639612E-6,-1.578836462456934E-6,0,0,0,0,0,0,0,0,8.22923995613678E-8,1.0286900232969742E-5,4.8825148430964305E-6,0,6.72172143101335E-6,1.0648079713071468E-5,1.0880318233930097E-5,0,5.214729595692802E-6,6.598791603806831E-6,-8.869908363351442E-8,0]],"modifications":[]}]}}
