{"modelSettings":{"letterOrder":"ACGT","bindingModeInteractions":[],"bindingModes":[{"fitLogActivity":true,"flankLength":0,"singleStrand":false,"size":12,"dinucleotideDistance":0,"componentName":"Binding mode 0","positionBias":false,"modifications":[]},{"fitLogActivity":true,"flankLength":0,"singleStrand":false,"size":12,"dinucleotideDistance":3,"componentName":"Binding mode 1","positionBias":false,"modifications":[]}],"letterComplement":"C-G,A-T"},"coefficients":{"bindingModeInteractions":[],"bindingModes":[{"mononucleotide":[0,0,0,0,0,0,0,0,0,0,0,0,0,0,0,0,0,0,0,0,0,0,0,0,0,0,0,0,0,0,0,0,0,0,0,0,0,0,0,0,0,0,0,0,0,0,0,0],"activity":[[-18.118353584368784]],"dinucleotide":[],"modifications":[]},{"mononucleotide":[-0.29625881021899225,-0.12678749766670983,-0.4007969848165711,0,-0.3914164194661005,-0.14524561875000863,0,-0.174261401784209,-0.4299248662344404,-0.20840111124294758,-0.9790068444570643,0,-1.636416380579604,-2.408983852106886,-2.983621045223012,0,0,-2.9794279863648314,-1.7769925528927653,-2.479943656492455,0,-3.6704069110748216,-3.008388220869881,-3.258553956340994,-2.56221706979763,-3.1129206170149675,-1.3414183916115459,0,-2.7399574478906676,0,-3.4319830625689787,-2.900518788910469,-2.1785879149371654,0,-2.0897294784760314,-1.0928302459337278,-0.545559090959272,-0.7599452826032831,0,-0.5655348108203055,-0.7147653820075757,-0.4939630487385829,0,-0.46932206779797436,-0.44484753935136023,-0.3724678585193928,0,-0.30923918542849016],"activity":[[0]],"dinucleotide":[[-0.08269455860950536,0.058479007743757805,0,0.04788377255938414,0.11005615383256817,0.25518715744479437,0,0.0756987483935685,-0.04931412652446454,0.26743272796075246,0,0.04056241083661938,0,0,0,0,-0.12563163738223437,0.19083700274418725,0.358277057117828,0,-0.1599178836980215,-0.2464569128693732,0.22181066451948084,0,0,0,0,0,-0.27859028421122467,-0.44567879601452454,0.00838674225318492,0,-0.3087942035849838,-0.24729848866348458,0.13109704242556797,0,-0.37816264971037805,-0.2540187771765057,0.06435144604487864,0,-0.25858089273071583,0.1767081468467211,0.5037462935317434,0,0,0,0,0,0,0.9589672505252058,0.35566236711475474,0.8885430442260254,0,1.0682857336271336,1.124568106813268,1.234413135013885,0,1.1530302080044494,0.595047037741212,1.1852442877868894,0,0,0,0,0,0,0,0,0,0.4965172048293365,0.816881446189524,0.7253738221155315,0,0.5317049279745847,0.7260758156680351,0.9165839360209826,0,1.0906257936574058,1.1031433548863303,0.9523080148105452,0,0,0,0,0.5221977415128016,0.33035212205686104,0.09600829612841189,0,0.2160285441716452,0.30534793389185744,0.12591520061743378,0,0.19944629067538067,0.37304730730634716,0.034043898564513064,0,0.8750924265526452,0,0.9112251606510684,0.7675351956596135,0.9012382535389509,0,1.475231694905501,0.9182981368329264,0.4861994192546564,0,1.196906971067213,0.5542101277700318,0,0,0,0,1.1436221970767648,0,0.7177872502257365,0.4048604379873062,0,0,0,0,0.7218838752213692,0,0.5124553484652772,0.08642326976059067,0.9097012709466812,0,0.5303714846271212,0.2539012761533499,-0.07037213082032334,0.707766344644988,0,0.20208127664242204,0,0,0,0,-0.13927368005699448,0.5319742325802745,0,0.10975310108449277,-0.08768937583700875,0.17013859363588058,0,-0.009013331213037823,0.22296288119129049,0.2865372382628353,0,0.08092707262537324,0.4397196391247693,0.672065077146101,0,0.5779260280786556,0,0,0,0,0.2676434872579909,0.262933991925018,0,0.2012901410011878,0.20884107124904983,0.23636336832989535,0,0.479176819409207,0.2743182999674749,0.3948436224758183,0,0.41980659756966787,0,0,0,0,0.21135285900465206,0.15790846715878537,0,0.3825103629549824],[0.02922191610688074,0.004577220758575251,0.13669800063050097,0,-0.15041591947748856,0.10095188671580857,-0.01790881287865531,0,0.29167175694988856,0.12261142794869784,0.0604240209412108,0,0,0,0,0,0.16143874326543717,0.07212627357058476,0.14103065117785585,0,0.17784298045047642,-0.020485815250855133,0.05871201518650615,0,0,0,0,0,0.29398098736778877,0.22049312441759206,-0.01971319837973695,0,0,0.24691182923247723,0.2848476577543533,0.08814643876198858,0,-3.833580461094499E-4,-0.004531830301582218,-0.10373097661237729,0,0.23923561811977034,0.3073776595120692,0.019772411173799576,0,0,0,0,0,0.9822654441883172,0.8967749174366424,1.1705164060094186,0,0.9895754140211039,1.0302599117897273,1.3547717284816168,0,1.1279639204014327,1.3196770893299323,1.145251714860656,0,0,0,0,0,0,0,0,0.6033524994832797,0.7380195899872879,0.46546485529961856,0,0.46627143933741566,0.6665943373875116,0.1773967246934567,0,0.43074045925794824,0.5746941259067624,0.3031851792227811,0,0,0,0,0,1.4489002069510217,0,1.364210668141447,1.5447961858878685,1.0573509137952968,0,1.6560389634389248,0.9700660080533314,1.1071814698217182,0,1.2929619112419113,1.5509434002684088,0.4728906752905315,0,0.4680060867727338,0.4643480162077367,0.5957052721648992,0,0.6922086461016459,0.5455690781835547,0.33626256706870405,0,0.1980342124968968,0.1569543662448134,0,0,0,0,0.1336016608447057,0.12164987756463308,0,0.25855568519936645,0,0,0,0,0.22702572428223888,0.46920467115685094,0,0.14652532108687089,-0.01666634435813119,0.0962310105801345,0,0.27637982302724096,0.15101272356295414,-0.1520079439282278,0,-0.061232413762204896,0,0,0,0,-0.05503509766162118,-0.18506371401453148,0,-0.2276594938311125,0.0873831412757271,0.08467154005718314,0,-0.0456855670707732,-0.06123738626656472,0.1960870025818906,0,0.02394670503766516,0.24446340430810842,0.5025893127464958,0,0.1591515529806795,0,0,0,0,0.0727650898121377,0.32131130700031285,0,0.0660547107338445],[0.2502213228635597,0.23971193933734813,0.4404969277338324,0,-0.03525814316803988,-0.010979837877026277,-0.008638473683185488,0,0.2783012668753395,0.16724186268466035,0.267822365376718,0,0,0,0,0,0,0.025080861636159302,0.010011439896720375,0.3759777983896395,0,-0.13272201247127535,-0.0186895392615245,0.1613763749667978,0,0,0,0,0,0.2213797690464041,-0.258670162875434,-0.0057444428154473925,0,-0.0181920885499407,0.3098409892485794,0.06568184755593665,0,4.6731551818668393E-4,0.13380597574266595,0.09252782479103594,0,0.1958921543359855,0.33983902554196277,0.3724489503798689,0,0,0,0,0.33419163703666355,0.2759550368084902,0.20455552050564885,0,0.670841607041063,0.9469981747319061,0.2744070071384179,0,1.083258248010969,0.9707571080298232,0.9747840769576208,0,0,0,0,0,0,0,0,0,1.4516139503232992,0,1.4601629494894244,1.2773061483033006,1.080462125729515,0,0.9329711351578212,1.0303117136399291,1.419876905796119,0,1.4233275273696817,1.3145129131308426,0,0,0,0,1.0699805739941546,0,1.2622135368612932,0.7768211340266364,0.684667834752176,0,0.9421870870782723,0.4653250826024933,0.6515189609670191,0,0.7870256527973556,0.596401690541406,-0.3359525280917066,-0.6740187240415394,0,-0.26721554641378154,-0.08056768662986746,-0.370121120506965,0,-0.22277438717383324,-0.042605965868721896,-0.28152541917791796,0,-0.33231466519580666,0,0,0,0,-0.18312038163416622,-0.5866904239862185,0,-0.2981349612372295,0,0,0,0,-0.029973117094105106,-0.05876212775032519,0,-0.38876461002985474,0.23540717306057912,-0.19672487551362794,0,-0.06071525302095315,0.017364807658146297,0.10243268033117969,0,-0.09027054090306263,0,0,0,0,0.3172352750911882,0.10594283035319974,0,-0.035192402065427064,0.20473361916483857,0.1508574025930054,0,0.11171401057359542]],"modifications":[]}]}}
