{"modelSettings":{"letterOrder":"ACGT","bindingModeInteractions":[],"bindingModes":[{"fitLogActivity":true,"flankLength":0,"singleStrand":false,"size":11,"dinucleotideDistance":0,"componentName":"Binding mode 0","positionBias":false,"modifications":[]},{"fitLogActivity":true,"flankLength":0,"singleStrand":false,"size":11,"dinucleotideDistance":0,"componentName":"Binding mode 1","positionBias":false,"modifications":[]}],"letterComplement":"C-G,A-T"},"coefficients":{"bindingModeInteractions":[],"bindingModes":[{"mononucleotide":[0,0,0,0,0,0,0,0,0,0,0,0,0,0,0,0,0,0,0,0,0,0,0,0,0,0,0,0,0,0,0,0,0,0,0,0,0,0,0,0,0,0,0,0],"activity":[[-7.074017055570758]],"dinucleotide":[],"modifications":[]},{"mononucleotide":[-0.2280793906904286,0,-0.20848146482079954,-0.0060635668811421795,-0.2679370526763627,-0.02760052870522145,0,-0.30780085445259076,-0.6612036851115413,-0.4581206527547401,-1.0527714255206782,0,-1.8226275878488316,-3.048166015050205,-3.70309557977739,0,0,-4.880698611035046,-1.9834154504013064,-2.664575609543707,0,-5.316085356927585,-3.2935525353252366,-3.981117238145096,-3.251765546392681,-3.833173361972106,-1.5481101657949168,0,-3.2661963290588485,0,-3.847307288800744,-3.0609663968616374,-2.229190271481741,0,-2.378770568429889,-1.0406468297615419,-0.5569643038341194,-0.08057462512116054,0,-0.41155041695492045,-0.49350561341970334,0,-0.20484050214959737,-0.2939965351288052],"activity":[[0]],"dinucleotide":[],"modifications":[]}]}}
