{"modelSettings":{"letterOrder":"ACGT","bindingModeInteractions":[],"bindingModes":[{"fitLogActivity":true,"flankLength":0,"singleStrand":false,"size":12,"dinucleotideDistance":0,"componentName":"Binding mode 0","positionBias":false,"modifications":[]},{"fitLogActivity":true,"flankLength":0,"singleStrand":false,"size":12,"dinucleotideDistance":0,"componentName":"Binding mode 1","positionBias":false,"modifications":[]}],"letterComplement":"C-G,A-T"},"coefficients":{"bindingModeInteractions":[],"bindingModes":[{"mononucleotide":[0,0,0,0,0,0,0,0,0,0,0,0,0,0,0,0,0,0,0,0,0,0,0,0,0,0,0,0,0,0,0,0,0,0,0,0,0,0,0,0,0,0,0,0,0,0,0,0],"activity":[[-6.580161899736867]],"dinucleotide":[],"modifications":[]},{"mononucleotide":[-0.1937135169363735,0,-0.21344109140339995,-0.0039140779632020894,-0.21596759144608768,-0.05089631578124809,0,-0.2652722351070622,-0.5107621334561827,-0.39863217320844413,-0.7628329854888332,0,-1.4821171514948688,-2.203372204795249,-2.341791104134865,0,0,-2.6267020556146132,-1.7017913255307278,-2.010010523115753,0,-2.734240229092981,-2.3632468675076517,-2.529515924794474,-2.3173293467921106,-2.474728276772222,-1.3629137093955155,0,-2.2847624136825964,0,-2.4375863709817462,-2.2716658342631018,-1.713174979989061,0,-1.7621203213553471,-0.8623860945040942,-0.43462946643184175,-0.03237677082903545,0,-0.2968933829517457,-0.3598144786151618,0,-0.14744541840073921,-0.20479095918299173,-0.2668576770907851,-0.031224862638870476,-0.15289173125232658,0],"activity":[[0]],"dinucleotide":[],"modifications":[]}]}}
