{"modelSettings":{"letterOrder":"ACGT","bindingModeInteractions":[],"bindingModes":[{"fitLogActivity":true,"flankLength":0,"singleStrand":false,"size":12,"dinucleotideDistance":0,"componentName":"Binding mode 0","positionBias":false,"modifications":[]},{"fitLogActivity":true,"flankLength":0,"singleStrand":false,"size":12,"dinucleotideDistance":0,"componentName":"Binding mode 1","positionBias":false,"modifications":[]}],"letterComplement":"C-G,A-T"},"coefficients":{"bindingModeInteractions":[],"bindingModes":[{"mononucleotide":[0,0,0,0,0,0,0,0,0,0,0,0,0,0,0,0,0,0,0,0,0,0,0,0,0,0,0,0,0,0,0,0,0,0,0,0,0,0,0,0,0,0,0,0,0,0,0,0],"activity":[[-7.0918310699940355]],"dinucleotide":[],"modifications":[]},{"mononucleotide":[-0.22930465004928635,0,-0.20974103058420646,-4.545280724830292E-4,-0.2611920750328256,-0.02522738615243547,0,-0.311062147073919,-0.6591715963200855,-0.45452679027488685,-1.0478008679140718,0,-1.8130705178825206,-3.080909434013276,-3.601128930360935,0,0,-4.939082768248727,-1.9818971268890309,-2.652630495564024,0,-5.380691892168364,-3.295642652876535,-3.972882620659189,-3.2653560553159346,-3.8552349052147266,-1.5581792926877984,0,-3.239239427675174,0,-3.807504351510948,-3.0237074212301263,-2.2288962940430768,0,-2.3723328765224903,-1.0383747702376258,-0.5447882306794902,-0.0821962628232118,0,-0.41143191775650045,-0.49020146302372325,0,-0.17042676652274302,-0.2889150681390351,-0.3347030876754058,0,-0.15435510018268594,-0.014933922602679672],"activity":[[0]],"dinucleotide":[],"modifications":[]}]}}
