{"modelSettings":{"letterOrder":"ACGT","bindingModeInteractions":[],"bindingModes":[{"fitLogActivity":true,"flankLength":0,"singleStrand":false,"size":12,"dinucleotideDistance":0,"componentName":"Binding mode 0","positionBias":false,"modifications":[]},{"fitLogActivity":true,"flankLength":0,"singleStrand":false,"size":12,"dinucleotideDistance":0,"componentName":"Binding mode 1","positionBias":false,"modifications":[]}],"letterComplement":"C-G,A-T"},"coefficients":{"bindingModeInteractions":[],"bindingModes":[{"mononucleotide":[0,0,0,0,0,0,0,0,0,0,0,0,0,0,0,0,0,0,0,0,0,0,0,0,0,0,0,0,0,0,0,0,0,0,0,0,0,0,0,0,0,0,0,0,0,0,0,0],"activity":[[-7.230301162950991]],"dinucleotide":[],"modifications":[]},{"mononucleotide":[-0.020957171621606818,-0.1545024077190611,0,-0.34172802530488156,-0.2943767995431372,-0.17179559495809116,0,-0.4988246686335067,-0.41998498931081585,0,-0.08690452331322973,-0.5488381548056616,-1.0449411672712543,-2.3909621673569994,0,-2.245890541969626,-3.059427638746109,-3.8895208380319746,0,-3.2909362865470237,0,-1.5636343608520598,-3.941538510945887,-3.307660891129969,-4.060811882092943,-3.311850359199478,-6.8925649763320544,0,-2.674302386300777,-1.9837492960401502,-5.930344126385591,0,0,-3.6587007008896935,-3.1124033931446258,-1.827580117016792,0,-1.054543047448668,-0.454581736477623,-0.6646074139094864,-0.314722376615725,0,-0.023571240830440487,-0.26457687243481764,-0.0030695967534732915,-0.20747713069535223,0,-0.23169501952502358],"activity":[[0]],"dinucleotide":[],"modifications":[]}]}}
