{"modelSettings":{"letterOrder":"ACGT","bindingModeInteractions":[],"bindingModes":[{"fitLogActivity":true,"flankLength":0,"singleStrand":false,"size":12,"dinucleotideDistance":0,"componentName":"Binding mode 0","positionBias":false,"modifications":[]},{"fitLogActivity":true,"flankLength":0,"singleStrand":false,"size":12,"dinucleotideDistance":12,"componentName":"Binding mode 1","positionBias":false,"modifications":[]}],"letterComplement":"C-G,A-T"},"coefficients":{"bindingModeInteractions":[],"bindingModes":[{"mononucleotide":[0,0,0,0,0,0,0,0,0,0,0,0,0,0,0,0,0,0,0,0,0,0,0,0,0,0,0,0,0,0,0,0,0,0,0,0,0,0,0,0,0,0,0,0,0,0,0,0],"activity":[[-20.25292967810816]],"dinucleotide":[],"modifications":[]},{"mononucleotide":[-0.08921424188970128,-0.44635220177026014,0,-0.24324834676755103,-0.5293260745387407,-0.8444706104126833,0,-0.8195946305790827,-0.8031546810010983,-0.5456807148829022,0,-0.6075630941056502,-1.2406547373800088,-2.6774695927413017,0,-2.0954418517745363,-3.415720930997031,-4.58212354716856,0,-4.034679565150663,0,-1.990593632158073,-3.5798702789802954,-3.971897056822576,-3.5454694514374347,-2.8741307491465724,-3.7831550622543393,0,-3.0720694839826974,-1.7567070488571135,-4.286824368532096,0,0,-2.2017862680064777,-3.011729616366128,-1.7066286106026132,0,-1.2221322777329675,-0.3891922973256001,-0.44751958141501547,-0.5710867198439917,0,-0.33484311567012526,-0.6272790922079743,0,-0.3079915004452971,-0.409076454232018,-0.5985829793761788],"activity":[[0]],"dinucleotide":[[0.05035316000795831,-0.12526430610693318,0,0.10038759565798827,0.2002032168548773,0.2525475112152886,0,0.09592477591589699,0,0,0,0,-0.05304436704319748,0.023748405586891508,0,-0.03960296831895782,0.03945506625301576,0.09656595854125705,0,-0.07708720799314861,0.34087368346059144,0.6876507743763938,0,0.3988598311660514,0,0,0,0,0.07649783929183762,0.09667638024622249,0,-0.09914648798310921,-0.0012227172572041312,-0.2643771138550255,0,-0.17836410622825305,-0.06514579002580767,-0.4687161222229195,0,-0.2749458683383752,0,0,0,0,-0.14196103913187308,-0.4770134270197781,0,-0.49538612072065114,-0.22316833421938487,0.21278416570578607,0,0.37792520087166714,0.015406678013135888,0.5496262012879258,0,0.5932168257273602,0,0,0,0,0.07197305407159238,0.4588032775977382,0,1.0533881242712289,0,0.830922351018371,0.5525292216747628,0.6513046080357539,0,0.8400585673641325,0.8320392877511402,0.7364292091125497,0,0,0,0,0,0.4659407081627469,0.6490649675933025,0.7721719783575836,0,0,0,0,0.3950192837884705,0.4097690189223888,0.9231697297951245,0,0.7675656312592789,0.8669072498960304,1.2205561300471475,0,1.0936088411307043,0.8618817705887842,1.0341057386975612,0,1.3557712627262095,1.1833969141518885,1.1201501369239661,0,1.586659077419652,1.4543815297533316,1.033655306873385,0,1.2565334415039855,1.5267580250164086,1.3566848589155622,0,0,0,0,0,0,0.6979280147285811,1.2517377670240464,0.6807183236907601,0,0.8100236606438882,1.018580576329284,0.4650903368574193,0,0.9016527077479184,1.0567110375373456,1.256446679302412,0,0,0,0,0,0,0,0,0,0.016574834174300612,-0.1536734059541347,-0.2762883561281173,0,0.13422977151921422,-0.198427119843398,0.07406065647483118,0,-0.4072047771619447,-0.3463007611773241,-0.32075057152510844,0,0,0,0,0.00831278308387784,0,0.2328766306920116,0.2986716134060732,-0.44528344478573345,0,-0.30259145373259067,0.09474748448863046,-0.1585227034864971,0,-0.25877994205594135,-0.25349308200382836,0,0.13513050938506943,0.2237561575922271,0.05112072699772696,0,0,0,0,0,0.19262338749057228,0.14484627350178947,0.047825044371231584,0,0.06555233937405447,0.13447806567463694,0.05373482603801705],[0.10580230321324002,0.08714229072284141,0,0.15922848129373435,0.15304037483108068,0.28568333827411685,0,0.262579196683399,0,0,0,0,-0.0014159594113873908,0.15045800210270244,0,-0.20066005588797076,-0.05571233936128461,0.09354432782131905,0,-0.053182566241024354,-0.009386658034499895,-0.015181572415285949,0,0.207345831162006,0,0,0,0,-0.00427997417147008,-0.14527849201091048,0,0.033914969848281906,0.38922548343402585,0.7975331402721819,0,0.15078550669889523,0.4200416538622145,0.4769604586419991,0,0.32194645878058825,0,0,0,0,-0.04788068541668977,0.37343077555854265,0,0.1774155188690152,0,0.15996717493624057,0.21260019855518575,0.6173817054073734,0,0.19101308829602637,0.8570594304927139,0.6453637896424018,0,0,0,0,0,0.2279716005777752,0.6480822407853841,0.6164574248364092,1.3059185623179426,0.7413659811662994,1.1304586193925363,0,0.981891045873116,0.7791586921075657,1.0704225697297272,0,0,0,0,0,1.014536787222636,1.1725259689308016,1.527266293331575,0,0,0,0,0,-0.013781828274352925,0.45627197902006067,0.70467579388818,0,0.45488181701688113,0.7514369899196209,0.8997184969200802,0,0.37142218694435236,0.648211018343984,0.8409437597437561,0,0,0.8002759115004894,0.9213467719232558,0.706344349554179,0,1.5729302035098778,0.6966249754371354,0.4199485141888797,0,0.9232392379457712,0.7270766650153471,0.18565400259331089,0,0,0,0,0,-0.1921314943978638,0.24777847533556496,0.19269043364651228,0,0.22830972719398446,0.017408816296697438,0.18577266898514733,0,0.10936694740902109,0.0914240646978115,0.31236228488758755,0,0,0,0,0,0,0,0,-0.3880531005112484,0,-0.2863976031257609,-0.16927862731786103,0.37987269235184673,0,0.04544144600535027,0.15057794025487503,0.44635188218329613,0,0.08497064716175373,0.20958976470726842,0,0,0,0,0,-0.08569048905590915,0.034813386740609076,0.23944272171709446,0,0.2084093346323641,0.2283925524025605,0.07515927698930192,0,0.20877410865391965,-0.1075277165707309,0.1031660226262403],[0.16030483302800214,0.43049426086468845,0,-0.18691675668779695,0.049508026339955435,0.2704187612665381,0,-0.03278002509286626,0,0,0,0,0.19855765461780273,0.42873572965883255,0,-0.07468332545952538,0.2828362468481531,0.3482343806023467,0,0.3975867767529264,0.11489852390651567,-0.008125285072995148,0,0.3571672776735779,0,0,0,0,0.2509331060002573,0.30313776538116155,0,0.1661356937856171,0,0.2217862585341006,0.5383437638873456,0.6863656148556059,0,0.5914964685919601,0.5781877639703339,0.5824345319524165,0,0,0,0,0,0.535104053604079,0.19574877033482085,0.21179869784676697,0.446874834139134,0.3109466743524232,0.4672959346882317,0,0.4364651071993242,0.7147869002727347,0.5174872959148349,0,0,0,0,0,0.5206208722235921,0.37764590398235587,0.5047984961072398,0,1.0186379843019626,0.8635920868398603,1.0307207313627735,0,0.6132668468232749,0.6424852701512274,1.0431935773110999,0,0,0,0,0,0.6497437668906203,0.8142862847145906,1.0608291212835113,0,0,0,0,0,0,0.4371836868592762,-0.142289454367039,0.3198196469137802,0,0.9228893249543306,0.2128367490591394,0.3004403317647144,0,0.49201586258523466,0.01858359226635109,0.5204360181943741,0,0.24144582337368803,-0.0013139369496943942,0.2520719196350223,0,0.22171498119951583,0.14213846342791925,0.17281315103409778,0,0.44145776055492014,0.46346178890630174,0.21285609375904002,0,0,0,0,0.3577385858211519,0,0.2976414503908247,0.5229626883973424,-0.25651760930464285,0,-0.14845587428531903,-0.03721665480521974,0.4554566885689528,0,0.320246785287269,0.2573429931502451,0,0,0,0,0,0,0,0,0,0.1884314706282897,-0.12834772802431793,0.1807417755005094,0,0.2979968378327458,-0.09031588095900211,0.3199829564748624,0,0.1129589948999481,-0.09492987711147016,0.2641424833316952],[-0.08564493678046059,0.15547542695822525,0,0.1165496308682421,-0.2139997401354643,0.3145348493635911,0,-0.12487315788203901,0,0,0,0,0.06223489171394636,0.06399141179016432,0,-0.20364994491664756,0,0.29819939032056464,0.25842977852329874,0.3059115673718198,0,-0.003660996082947676,0.0717191279433429,0.05173851933509077,0,0,0,0,0,0.22011156132147303,0.2628679377116141,0.3920396862209117,-0.014164306760907408,-0.35310320853467214,-0.052002646602587355,0,-0.01380311199483586,0.04110556072696969,0.0643179255666233,0,0,0,0,0,0.04478202869131209,-0.0330269279609956,-0.18816908279783018,0,0.44569315965579825,0.09516194869082106,0.5447612951950864,0,0.32581404133025416,0.2910399851892862,0.5584185195526263,0,0,0,0,0,0.3340241022131414,0.15487068711535912,