{"modelSettings":{"letterOrder":"ACGT","bindingModeInteractions":[],"bindingModes":[{"fitLogActivity":true,"flankLength":0,"singleStrand":false,"size":10,"dinucleotideDistance":0,"componentName":"Binding mode 0","positionBias":false,"modifications":[]},{"fitLogActivity":true,"flankLength":0,"singleStrand":false,"size":10,"dinucleotideDistance":0,"componentName":"Binding mode 1","positionBias":false,"modifications":[]}],"letterComplement":"C-G,A-T"},"coefficients":{"bindingModeInteractions":[],"bindingModes":[{"mononucleotide":[0,0,0,0,0,0,0,0,0,0,0,0,0,0,0,0,0,0,0,0,0,0,0,0,0,0,0,0,0,0,0,0,0,0,0,0,0,0,0,0],"activity":[[-6.9089085634008]],"dinucleotide":[],"modifications":[]},{"mononucleotide":[-0.31551004281699946,-0.20170603471044757,0,-0.5354901326960952,-0.4366674790106959,0,-0.09099518587692401,-0.5775484983806098,-1.0619370316262273,-2.419383112994778,0,-2.2918206574720728,-3.187408322531165,-4.190111375462488,0,-3.4641277890724744,0,-1.5508594393246078,-4.177448376376429,-3.457670065891447,-4.101193533626425,-3.2259778465339375,-6.8002180586568075,0,-2.759836571138118,-1.965189449876144,-6.2412209841817985,0,0,-3.6169685689436886,-3.069297827962272,-1.8573774077720948,0,-1.058601495243952,-0.4577664523327911,-0.6781660510189269,-0.31825816224225356,0,-0.026623454519150158,-0.2939964091591367],"activity":[[0]],"dinucleotide":[],"modifications":[]}]}}
