{"modelSettings":{"letterOrder":"ACGT","bindingModeInteractions":[],"bindingModes":[{"fitLogActivity":true,"flankLength":0,"singleStrand":false,"size":10,"dinucleotideDistance":0,"componentName":"Binding mode 0","positionBias":false,"modifications":[]},{"fitLogActivity":true,"flankLength":0,"singleStrand":false,"size":10,"dinucleotideDistance":1,"componentName":"Binding mode 1","positionBias":false,"modifications":[]}],"letterComplement":"C-G,A-T"},"coefficients":{"bindingModeInteractions":[],"bindingModes":[{"mononucleotide":[0,0,0,0,0,0,0,0,0,0,0,0,0,0,0,0,0,0,0,0,0,0,0,0,0,0,0,0,0,0,0,0,0,0,0,0,0,0,0,0],"activity":[[-6.814619977834417]],"dinucleotide":[],"modifications":[]},{"mononucleotide":[-1.0314061675888802,-2.505328409416162,0,-2.3994110084919367,-3.306763175455889,-3.9014686521030972,0,-3.3652195929555697,0,-1.5979481656692958,-4.703892292746425,-3.291654297919915,-6.753652731291496,-3.253678960286943,-10.04295063513811,0,-2.9918295711366403,-1.8286159752071978,-6.743642802394229,0,0,-5.716972403115393,-3.515678359853828,-1.6542789621358676,0,-0.774869464077037,-0.5124541850903945,-0.734772176458268,-0.05447032001554675,-0.3498732846637047,0,-0.2843784173165993,-0.25080448645577746,-0.014355552177061526,0,-0.4821349558491459,-0.07298625980876317,-0.2619482197625569,0,-0.1681675656900019],"activity":[[0]],"dinucleotide":[[-3.647431059680174,-1.9211943524790671,0,-0.3956786242541135,1.3286209661839603,1.8399293141967696,0,0.8356628100630843,0,0,0,0,2.131274564915577,1.042105174896344,0,1.7228234096585968,0,1.5229321875660986,3.1919781736946122,2.9602234597670067,0,1.915518253224711,4.3446847904978325,3.433125815967622,0,0,0,0,0,-1.0201864738411892,3.817205012342595,1.453377283793274,0,0,0,0,3.630263250898164,-3.1435626410581055,3.5961807321085875,0,2.4531788256915092,1.6439070198326142,7.414819387787031,0,2.632816315550082,-0.022856728665576753,5.616498307428128,0,0.32701992367013055,-1.1059115602742597,6.119663695581384,0,2.3901701741747834,-0.0013473190962915993,5.155940463937227,0,5.578227437195209,0.8228227978019618,9.36041055187827,0,0,0,0,0,0,-0.07927632856399747,-0.2655447668881328,1.2663203288496376,0,-1.9701707812211753,1.1415779716815964,-0.07944069715642144,0,3.92510996593097,3.9381932984978567,1.2972456393621439,0,0,0,0,0,0,0,0,0,3.355538311325846,2.1899485436264126,0.6988452760172077,0,1.2104707448929801,0.3233960612239528,0.4999611102922321,0,-0.7325135246604759,-0.732313280020902,-0.27332645625750285,0,0,0,0,-0.5612048715364502,-0.055886820705802975,0,0.04344215075873592,-0.09525448006784032,0.5660194525908544,0,0.37756913590319385,0.05764991097035477,0.5384315338748564,0,-0.18956037774407974,-0.08412291567907815,-0.48481496055498674,0,0.09572214186364114,0.2728334804712791,0.1821116387302375,0,0.28764233141734685,0,0,0,0,0.12170838901244352,-0.43740797124044306,0,-0.019526152921381268,0.09678932207519608,0.36748450745122696,0,0.03792354981268886,0.084868566074773,-0.08477137804284318,0,-0.09781534869821229,0,0,0,0,0.15146115397224413,0.20587690013528892,0,0.13094645990495302]],"modifications":[]}]}}
