{"modelSettings":{"letterOrder":"ACGT","bindingModeInteractions":[],"bindingModes":[{"fitLogActivity":true,"flankLength":0,"singleStrand":false,"size":11,"dinucleotideDistance":0,"componentName":"Binding mode 0","positionBias":false,"modifications":[]},{"fitLogActivity":true,"flankLength":0,"singleStrand":false,"size":11,"dinucleotideDistance":0,"componentName":"Binding mode 1","positionBias":false,"modifications":[]}],"letterComplement":"C-G,A-T"},"coefficients":{"bindingModeInteractions":[],"bindingModes":[{"mononucleotide":[0,0,0,0,0,0,0,0,0,0,0,0,0,0,0,0,0,0,0,0,0,0,0,0,0,0,0,0,0,0,0,0,0,0,0,0,0,0,0,0,0,0,0,0],"activity":[[-7.15142474479996]],"dinucleotide":[],"modifications":[]},{"mononucleotide":[-0.2308417139385206,0,-0.20690441380718738,-0.009591022180625686,-0.2713225148401648,-0.02574297395221592,0,-0.3115552616110513,-0.6675762264882721,-0.45848687477668193,-1.0601684076390576,0,-1.8375741825115455,-3.075906729007693,-3.784940118458259,0,0,-5.804426467341439,-1.9845981139323072,-2.686169863212445,0,-6.732130164808339,-3.3082686269424944,-4.080082638324942,-3.295333682713972,-3.917290589841331,-1.554059607691789,0,-3.319181859197423,0,-3.964416433762354,-3.096197132348264,-2.2473603368996553,0,-2.3981469633233363,-1.0470549747519637,-0.5611833627016392,-0.08546405184228334,0,-0.42016764357290803,-0.5012878905429137,0,-0.20627705594625212,-0.29953234834317755],"activity":[[0]],"dinucleotide":[],"modifications":[]}]}}
