{"modelSettings":{"letterOrder":"ACGT","bindingModeInteractions":[],"bindingModes":[{"fitLogActivity":true,"flankLength":0,"singleStrand":false,"size":11,"dinucleotideDistance":0,"componentName":"Binding mode 0","positionBias":false,"modifications":[]},{"fitLogActivity":true,"flankLength":0,"singleStrand":false,"size":11,"dinucleotideDistance":1,"componentName":"Binding mode 1","positionBias":false,"modifications":[]}],"letterComplement":"C-G,A-T"},"coefficients":{"bindingModeInteractions":[],"bindingModes":[{"mononucleotide":[0,0,0,0,0,0,0,0,0,0,0,0,0,0,0,0,0,0,0,0,0,0,0,0,0,0,0,0,0,0,0,0,0,0,0,0,0,0,0,0,0,0,0,0],"activity":[[-7.138928483383073]],"dinucleotide":[],"modifications":[]},{"mononucleotide":[-0.3341888085575313,0,-0.01553608092760328,-0.14813676866713088,-0.2945395972245972,0,-0.31806463514499583,-0.0664045991726514,-0.6972208364953758,-0.5443318755194095,-0.8051873512100194,0,-1.5170062041158943,-3.0766912510981506,-5.123084543634824,0,0,-8.335828483118236,-1.8742469840025144,-2.874757133675139,0,-11.140799299062202,-3.307366654653716,-4.236001164784471,-3.4167705649877265,-4.221322853808161,-1.5928665782473495,0,-3.4229691703211316,0,-4.0869102829863975,-3.2713306185117332,-2.2570743126723274,0,-2.630566176351527,-1.1132876706824337,-0.7129983007609102,-0.9803000191023816,0,-0.7538421741755634,-0.7022309944535348,-0.28015871533376036,0,-0.48030310904295703],"activity":[[0]],"dinucleotide":[[0.01843021318253335,0,0.22629352484183407,0.13048791036917606,0,0,0,0,-0.4286886323373462,0,0.09961824563989907,-0.3597245388253505,0.22862509768728323,0,0.24426310975261956,0.11797646169733333,-0.2479469383239028,0.3771714336447278,0.08461921656588878,0,0,0,0,0,0.5131988214762728,0.598979918440147,-0.06963185720556986,0,-0.006450475388124488,-0.2500234542405284,-0.6403239492342507,0,-0.5989205257493779,-0.05037150441834548,1.5370043532865658,0,-0.7479901894699559,-0.23808076979535908,1.6894164721666725,0,-1.0760400013410134,0.9670173886660844,2.9755549204332583,0,0,0,0,0,0,0.9293146257916689,-0.4405465203698,1.0254284788484647,0,3.683377689520329,0.9522528138515067,1.3677529800449069,0,4.065623000719905,-2.5591965513286086,-1.0863790460220857,0,0,0,0,0,0,0,0,0,10.933892513320991,5.991337416119404,2.845083768805445,0,2.318027034320348,0.6801326446358225,-1.804939910441031,0,4.468845524016164,2.1853209419678867,3.134728107130834,0,0,0,0,6.306676691526103,7.926446045864977,3.841273518709812,0,1.8050421466737667,-0.22707656245831753,-3.324285908104521,0,-0.0590339328869911,2.6826410462308274,0.5851629066463593,0,1.6406274125352436,0,2.8522049550602544,2.6655092288705404,3.2586124678779225,0,4.535073069304023,2.9771691646147485,0.08817463642227974,0,2.1024845937173415,1.6923133352654132,0,0,0,0,1.4731823926997176,0,-0.04006571252242175,0.45219037307686527,0,0,0,0,-2.0017315867119727,0,1.0821370130700538,-3.0117960435022004,1.907385489937023,0,0.7913803369011347,-3.5713666033959672,-1.7962960681745104,0.48843285361251265,0,0.13232149845897023,0,0,0,0,-0.39060968904310744,0.9265788488755602,0,0.35816482746821254,-4.7777782270230773E-4,0.26667545205312315,0,-0.009186163956958815,0.26571848984568547,0.3807285414786765,0,0.2008920505588705,0.8243820268832849,0.9631636479434533,0,1.0003882749777233,0,0,0,0,0.616704147437888,0.41152072189199984,0,0.2860021448815129]],"modifications":[]}]}}
