{"modelSettings":{"letterOrder":"ACGT","bindingModeInteractions":[],"bindingModes":[{"fitLogActivity":true,"flankLength":0,"singleStrand":false,"size":11,"dinucleotideDistance":0,"componentName":"Binding mode 0","positionBias":false,"modifications":[]},{"fitLogActivity":true,"flankLength":0,"singleStrand":false,"size":11,"dinucleotideDistance":1,"componentName":"Binding mode 1","positionBias":false,"modifications":[]}],"letterComplement":"C-G,A-T"},"coefficients":{"bindingModeInteractions":[],"bindingModes":[{"mononucleotide":[0,0,0,0,0,0,0,0,0,0,0,0,0,0,0,0,0,0,0,0,0,0,0,0,0,0,0,0,0,0,0,0,0,0,0,0,0,0,0,0,0,0,0,0],"activity":[[-7.345876701983018]],"dinucleotide":[],"modifications":[]},{"mononucleotide":[-0.43461874287771174,0,-0.2625876380866643,-0.674255053597479,-0.7307559972429623,0,-0.9541972318830592,-0.6847972382954772,-1.096623824317641,-2.606256008328261,0,-2.2566286947314573,-3.323566530363827,-4.050748185507031,0,-3.4964373285683674,0,-1.601963034093055,-4.131612757541174,-3.384199617358549,-8.317039444248293,-3.390386238498868,-10.300390157920425,0,-2.9682546196926687,-1.8819255950473472,-7.724767706893216,0,0,-5.193962369072465,-3.1937502526805996,-1.5510078843331971,0,-0.8049549946420935,-0.5329403176027174,-0.7033412941246802,-0.08240082883425082,-0.33040354217813217,0,-0.3029422127281869,-0.16721180732323226,-0.04781481401296617,0,-0.36902970507284927],"activity":[[0]],"dinucleotide":[[0.25168233043657295,0,0.9773537963169066,0.15004965653561442,0,0,0,0,0.40032191570316833,0,0.9760112560137806,0.39198627833394895,0.5679822194639801,0,0.8175133926658482,0.24557683083953386,-0.0341846678417177,0.29851575785721174,0,0.08154423657700072,0,0,0,0,0.22871400811855302,0.9062005348398205,0,0.4844341358090496,-0.05237367895153611,-0.43868257707795877,0,-1.469020207795916,-3.1017991976718875,-2.94486375919654,0,0.3479487173385909,0.7297922248707387,0.9048582443635356,0,0.003924056244026808,0,0,0,0,1.9162655567249853,-1.5273095666059824,0,1.620253508532107,0,1.7434812083760534,3.2169186533016765,2.7105034757430344,0,2.1053203165766874,4.437868004666033,2.7112259233810647,0,0,0,0,0,-0.01957665061782876,3.2717339480304917,1.22656206259476,0,0,0,0,1.8716087569357853,-3.078114585132198,3.7754223584763995,0,4.708076469463669,-0.3920936881187478,7.448727836975141,0,0.5899063549211228,1.660674081504105,6.5365335707549335,0,5.952571197751994,2.248443843495422,5.249294158996321,0,1.957078003945047,0.6496902175513224,5.624706959298656,0,4.332926416381671,1.3589528201940535,10.0905264339484,0,0,0,0,0,0,-1.4807746163293452,1.4780698473321792,1.3012544308839473,0,-2.5795689913911444,0.9406994300338836,-0.5285886847244257,0,3.6905972091413446,3.721902628889443,1.2269158554684214,0,0,0,0,0,0,0,0,0,2.9422075180792797,1.819331398065441,1.5868522848367714,0,1.118579571929553,0.0212898258785561,0.2773711029402097,0,-1.183566032187148,-0.7102374067548549,-0.4435114407718306,0,0,0,0,-0.6420176196925578,-0.12428120362976536,0,0.08447756737127321,-0.25440694839310574,0.5830009866785915,0,0.3795186076408097,-0.016431680838442375,0.5164596864280675,0,-0.2238503120673201,0.10791425935098076,-0.3493770798609095,0,0.15738678040660226,0.21248249551191023,0.13516303855461587,0,0.2417339889900667,0,0,0,0,0.17567977575060922,-0.42186122165628603,0,0.00997963782345579]],"modifications":[]}]}}
