{"modelSettings":{"letterOrder":"ACGT","bindingModeInteractions":[],"bindingModes":[{"fitLogActivity":true,"flankLength":0,"singleStrand":false,"size":11,"dinucleotideDistance":0,"componentName":"Binding mode 0","positionBias":false,"modifications":[]},{"fitLogActivity":true,"flankLength":0,"singleStrand":false,"size":11,"dinucleotideDistance":0,"componentName":"Binding mode 1","positionBias":false,"modifications":[]}],"letterComplement":"C-G,A-T"},"coefficients":{"bindingModeInteractions":[],"bindingModes":[{"mononucleotide":[0,0,0,0,0,0,0,0,0,0,0,0,0,0,0,0,0,0,0,0,0,0,0,0,0,0,0,0,0,0,0,0,0,0,0,0,0,0,0,0,0,0,0,0],"activity":[[-6.9750098847618665]],"dinucleotide":[],"modifications":[]},{"mononucleotide":[-0.31032340010856707,-0.20013410778885188,0,-0.5179112443467062,-0.4406071414617543,0,-0.09710137310721301,-0.5806843059144295,-1.06213031256158,-2.4050290699069965,0,-2.2860010504805484,-3.1929066171069547,-4.0829199716168265,0,-3.4528964156756956,0,-1.5391719966224837,-4.244723654599731,-3.433100677042095,-4.210438925224295,-3.270127971671343,-5.5774072635888015,0,-2.7338888137150246,-1.969837405743748,-5.488790797060238,0,0,-3.706939445004494,-3.0765457857233063,-1.875863779865437,0,-1.0519223380987714,-0.4568656404773481,-0.6776234638759657,-0.3367191187857834,0,-0.04589051805230149,-0.29762986937602776,-0.01260608832251009,-0.1878295976572364,0,-0.24205223046136126],"activity":[[0]],"dinucleotide":[],"modifications":[]}]}}
