{"modelSettings":{"letterOrder":"ACGT","bindingModeInteractions":[],"bindingModes":[{"fitLogActivity":true,"flankLength":0,"singleStrand":false,"size":11,"dinucleotideDistance":0,"componentName":"Binding mode 0","positionBias":false,"modifications":[]},{"fitLogActivity":true,"flankLength":0,"singleStrand":false,"size":11,"dinucleotideDistance":0,"componentName":"Binding mode 1","positionBias":false,"modifications":[]}],"letterComplement":"C-G,A-T"},"coefficients":{"bindingModeInteractions":[],"bindingModes":[{"mononucleotide":[0,0,0,0,0,0,0,0,0,0,0,0,0,0,0,0,0,0,0,0,0,0,0,0,0,0,0,0,0,0,0,0,0,0,0,0,0,0,0,0,0,0,0,0],"activity":[[-6.97388122617216]],"dinucleotide":[],"modifications":[]},{"mononucleotide":[-0.24027820661028265,0,-0.19035245014036128,-0.014088289599676784,-0.295694772745712,-0.03833136467308229,0,-0.3328133578458381,-0.680602104882233,-0.46037752817099786,-1.05535620389605,0,-1.8675332592701448,-3.1092538102917935,-3.6687277953278237,0,0,-6.040677857919963,-1.9724065720188158,-2.7200163357881486,0,-6.876102887359528,-3.226771729820994,-4.13182427427283,-3.4297047344215486,-4.123497223288867,-1.5445153983100184,0,-3.4645942398638567,0,-4.11322385105154,-3.1890198648555224,-2.2848457903831374,0,-2.404011604990359,-1.0564586674863445,-0.5806185010291607,-0.09996410018521829,0,-0.4414414893961016,-0.5220370354863118,0,-0.19980533969881265,-0.31089548862946437],"activity":[[0]],"dinucleotide":[],"modifications":[]}]}}
