{"modelSettings":{"letterOrder":"ACGT","bindingModeInteractions":[],"bindingModes":[{"fitLogActivity":true,"flankLength":0,"singleStrand":false,"size":11,"dinucleotideDistance":0,"componentName":"Binding mode 0","positionBias":false,"modifications":[]},{"fitLogActivity":true,"flankLength":0,"singleStrand":false,"size":11,"dinucleotideDistance":1,"componentName":"Binding mode 1","positionBias":false,"modifications":[]}],"letterComplement":"C-G,A-T"},"coefficients":{"bindingModeInteractions":[],"bindingModes":[{"mononucleotide":[0,0,0,0,0,0,0,0,0,0,0,0,0,0,0,0,0,0,0,0,0,0,0,0,0,0,0,0,0,0,0,0,0,0,0,0,0,0,0,0,0,0,0,0],"activity":[[-7.137923343832949]],"dinucleotide":[],"modifications":[]},{"mononucleotide":[-0.3348883300007941,0,-0.013406956044024199,-0.1468006632713852,-0.2935502007980375,0,-0.31661966830163735,-0.06497104890202898,-0.6972101666874,-0.5448328001956586,-0.8049964852580764,0,-1.5163587609111424,-3.073546451977948,-5.134866990036478,0,0,-8.229267922225844,-1.8745969624366055,-2.8726012952684217,0,-11.23927924301774,-3.3046051953621065,-4.206674611088407,-3.413715854055779,-4.216422021990435,-1.594085120292302,0,-3.4223790146225914,0,-4.088829350666865,-3.2689084498895236,-2.2579075569567015,0,-2.6329368303249048,-1.1140833338392628,-0.7140295179751899,-0.9799082713457814,0,-0.7549520667523097,-0.7029107193920847,-0.2800383870473091,0,-0.48087433363855503],"activity":[[0]],"dinucleotide":[[0.019915532730552243,0,0.22627730209211627,0.133070989007404,0,0,0,0,-0.43131089553182633,0,0.09733885516734553,-0.36088244849530504,0.2279404824518405,0,0.24406617869983016,0.11765247242423804,-0.25022923364954863,0.37841685740213826,0.08467993677199637,0,0,0,0,0,0.513002474696064,0.5998456143496664,-0.0718128961019957,0,-0.007096897042140782,-0.250440914319892,-0.6402033408007259,0,-0.5994686786653043,-0.04945969052361843,1.5673967314018178,0,-0.7495246476482418,-0.24436887568228904,1.7089572800067163,0,-1.0737022805331966,0.9606799977475271,2.991084812064692,0,0,0,0,0,0,0.9129119911250392,-0.437523790320026,1.0231841871466392,0,3.687827272548593,0.9539823496133639,1.397391330462404,0,4.058501956819073,-2.493217287070703,-0.974618790027165,0,0,0,0,0,0,0,0,0,10.898724594588383,5.862476154810363,2.9059338104780927,0,2.2906544403373843,0.6830017608038776,-1.853157794794039,0,4.457657220479348,2.1695290490354715,3.108084895626818,0,0,0,0,6.342736234803562,7.949400262682061,3.8975136604386957,0,1.7652842986840254,-0.2768773044985888,-3.314945272933186,0,-0.11244144606791284,2.637865341927875,0.5790081901864603,0,1.616977646766724,0,2.849518508177524,2.656798242020674,3.2426708358942564,0,4.527984020069173,2.9760844363290895,0.09953433222866881,0,2.1101234986750157,1.691039317658615,0,0,0,0,1.4812622129181179,0,-0.04723056913065182,0.4475510426681213,0,0,0,0,-1.8167392577678383,0,1.0905211087305275,-2.8884614321156405,1.9027837392412765,0,0.8027556276712327,-3.706924538787132,-1.7884496790512205,0.4892711883467733,0,0.13366467365096568,0,0,0,0,-0.38758253474493376,0.9279575119327612,0,0.3595141502964898,-8.827371055843969E-4,0.2685506099565025,0,-0.007945525883675586,0.26795737789911556,0.3814787724179123,0,0.2018211487515913,0.8241129000160399,0.9618277740456485,0,1.0001068482247,0,0,0,0,0.6172582647238833,0.4124797274592993,0,0.2865159745661092]],"modifications":[]}]}}
