{"modelSettings":{"letterOrder":"ACGT","bindingModeInteractions":[],"bindingModes":[{"fitLogActivity":true,"flankLength":0,"singleStrand":false,"size":10,"dinucleotideDistance":0,"componentName":"Binding mode 0","positionBias":false,"modifications":[]},{"fitLogActivity":true,"flankLength":0,"singleStrand":false,"size":10,"dinucleotideDistance":1,"componentName":"Binding mode 1","positionBias":false,"modifications":[]}],"letterComplement":"C-G,A-T"},"coefficients":{"bindingModeInteractions":[],"bindingModes":[{"mononucleotide":[0,0,0,0,0,0,0,0,0,0,0,0,0,0,0,0,0,0,0,0,0,0,0,0,0,0,0,0,0,0,0,0,0,0,0,0,0,0,0,0],"activity":[[-6.070589022520291]],"dinucleotide":[],"modifications":[]},{"mononucleotide":[-0.5330636522068932,-0.11242856740805607,0,-0.5077440222483798,-0.609406685809228,-0.044849601825928787,-0.6320639090267495,0,-1.4272656471976592,-2.436578879687321,-3.064038857668468,0,0,-3.3802966665937344,-1.5849857421051485,-3.55003780319808,0,-3.4565824007245496,-3.1455991615035774,-4.272246876898896,-3.16827881837834,-2.903134954620226,-1.3781110168239437,0,-3.3122303404350877,0,-3.5815989707248086,-3.7235336742336624,-1.1648912455171967,0,-1.5950439366882918,-1.0074734060992814,-0.3725968073945509,0,-0.2726077854768718,-0.5335595946563156,-0.5169913100008259,0,-0.6682893747658003,-0.23513733772356638],"activity":[[0]],"dinucleotide":[[-0.09570584130085535,0.3674946001087953,0.13564584967692106,0,0.08220473722876598,-0.2728994005943921,0.2755871032866093,0,0,0,0,0,0.22808903363230826,-0.22624107839984475,0.348579938033156,0,-0.4062417340433022,0.48410497573266653,0.03049693254143726,0,-0.18111708464900467,-0.5431964929096722,-0.2628448673461765,0,-0.2798094547671397,0.16515176193468228,0.1803196454699041,0,0,0,0,0,0,1.603412439236516,-0.102336166923509,1.596477631461001,0,2.273013263445378,1.4931732864214347,2.4017357854782198,0,2.728761151428186,1.579743069843854,3.2375172984145504,0,0,0,0,0,0,0,0,0,2.931531786606657,2.8675755153290687,4.2633790531333915,0,0.9779321819810463,0.905494227175673,3.0311899403716662,0,2.789914575549517,2.8986531249489023,4.36527585091547,0,0,0,0,4.100155588579362,2.8840211176991737,1.9081093986988016,0,3.4039926802735394,2.7514209829349987,0.6767618434557718,0,2.1317345067069766,2.533335427402548,1.2708087143540947,0,2.167272132754322,0,-2.1075034286314356,1.5345700721256232,3.53380905145913,0,3.539503747338106,2.6994492023253898,-0.16416989682282335,0,1.1649897333357515,2.627700381929051,0,0,0,0,-0.8888546472497314,0,0.35012404340826286,-0.021397116303329966,0,0,0,0,1.5717000111164925,0,-0.0372367384154888,1.283140793668224,1.122262660241116,0,0.1924445055595978,0.17653508860096778,-0.9478748653430298,0,-0.6874578856030134,-0.7023203080382814,0,0,0,0,-1.5184028992634513,0,-0.8362222955603009,-1.104275749862225,-0.08628034467499113,0,0.09435111886096514,-0.2438991633701164,-0.24934071575644978,0,0.35139879376790617,-0.058383867176424076,0,0,0,0,0.25426871528729933,0,0.8361794071041118,0.12203952633810644,0.3983980453420344,0,0.6198980436290498,-0.029350377649256743]],"modifications":[]}]}}
