{"modelSettings":{"letterOrder":"ACGT","bindingModeInteractions":[],"bindingModes":[{"fitLogActivity":true,"flankLength":0,"singleStrand":false,"size":10,"dinucleotideDistance":0,"componentName":"Binding mode 0","positionBias":false,"modifications":[]},{"fitLogActivity":true,"flankLength":0,"singleStrand":false,"size":10,"dinucleotideDistance":0,"componentName":"Binding mode 1","positionBias":false,"modifications":[]}],"letterComplement":"C-G,A-T"},"coefficients":{"bindingModeInteractions":[],"bindingModes":[{"mononucleotide":[0,0,0,0,0,0,0,0,0,0,0,0,0,0,0,0,0,0,0,0,0,0,0,0,0,0,0,0,0,0,0,0,0,0,0,0,0,0,0,0],"activity":[[-5.507983559017797]],"dinucleotide":[],"modifications":[]},{"mononucleotide":[-0.23018944370801364,-0.10229823249984804,0,-0.4361473657674253,-0.4603296281359128,-0.039026137553516804,0,-0.4219717134194205,-1.07837808926838,-2.4311429298311324,0,-1.646803852433429,-3.0570965594136243,-3.805874199885692,0,-3.588870900516243,0,-1.5167634931971676,-6.5166627916111555,-4.035066828065822,-7.881041444124804,-5.529981959423598,-7.5102656391009415,0,-5.217875229452031,-1.7864719279396226,-8.056334668114317,0,0,-7.000032076681028,-3.743582287171103,-1.7742351355509545,0,-0.4602384813787257,-0.05458675915094169,-0.6069000794195869,-0.4691992344577294,0,-0.15182060040579692,-0.39687084863179045],"activity":[[0]],"dinucleotide":[],"modifications":[]}]}}
