{"modelSettings":{"letterOrder":"ACGT","bindingModeInteractions":[],"bindingModes":[{"fitLogActivity":true,"flankLength":0,"singleStrand":false,"size":10,"dinucleotideDistance":0,"componentName":"Binding mode 0","positionBias":false,"modifications":[]},{"fitLogActivity":true,"flankLength":0,"singleStrand":false,"size":10,"dinucleotideDistance":1,"componentName":"Binding mode 1","positionBias":false,"modifications":[]}],"letterComplement":"C-G,A-T"},"coefficients":{"bindingModeInteractions":[],"bindingModes":[{"mononucleotide":[0,0,0,0,0,0,0,0,0,0,0,0,0,0,0,0,0,0,0,0,0,0,0,0,0,0,0,0,0,0,0,0,0,0,0,0,0,0,0,0],"activity":[[-5.228223674254817]],"dinucleotide":[],"modifications":[]},{"mononucleotide":[-0.5465041186745001,-0.1299697277476275,0,-0.5271118952107008,-0.6168703651716072,-0.06548807388391165,-0.6886825831836791,0,-1.4848707797707483,-2.5712806857573787,-3.077141277945547,0,0,-3.6495703707950495,-1.6195587248569012,-3.7868042956172214,0,-3.92202332567036,-3.210063729434662,-4.591430469640001,-3.2332140908785965,-2.9263825909876044,-1.4204820494745123,0,-3.1857079334599314,0,-3.634037239708924,-3.4959215771447196,-1.1640887006323037,0,-1.6679970252007492,-0.9971118800827448,-0.3633314117839799,0,-0.2762182220270395,-0.527591075887857,-0.5110144848807865,0,-0.6998807204851039,-0.23169125988779804],"activity":[[0]],"dinucleotide":[[-0.12983171383313286,0.38545410280605275,0.17399447464153184,0,0.07634776050324721,-0.24779938289636227,0.37855400578172915,0,0,0,0,0,0.2307115124333503,-0.206087299212939,0.4096752504959582,0,-0.3747281028995353,0.4946440793956963,-0.17534637271208142,0,-0.1805317279936225,-0.29640949241331516,0.05514113668966303,0,-0.07413755052317361,0.02812103311472658,-0.17828589768867653,0,0,0,0,0,0,1.676151252323483,-0.3757269848714677,1.7566302366091406,0,2.3321186104188474,1.5801032719616273,2.6065833888662437,0,2.3155329054638063,1.0109573730539498,3.5546710801780854,0,0,0,0,0,0,0,0,0,3.2902229239793037,3.0345532748712456,4.760450021650896,0,0.7343509645555084,-0.23568300483876214,3.201283345928279,0,2.8663791605676217,2.8303582259024314,4.645945088354702,0,0,0,0,4.621684558647423,3.305438497536976,2.3293296020414087,0,3.003399733135187,2.941835257274883,0.9632193144588457,0,2.229977033757444,2.6606179680056297,1.4512106000976672,0,1.9183159080407322,0,-1.7874262316818657,2.223348424268168,3.491266777193591,0,3.5970583976062196,2.7778245407671127,0.9531439057004798,0,1.4485170651404142,2.519537624745044,0,0,0,0,0.10365372305322484,0,0.5677235402351766,-0.10126798504349566,0,0,0,0,1.6107429689266812,0,1.015300169041387,1.175541150497276,0.9954186581870452,0,0.7496441053149869,0.02981475027936309,-0.896465089792911,0,-0.6761818302646536,-0.7510449163802644,0,0,0,0,-0.9007513098008837,0,-0.6584429227336059,-0.749620983205217,-0.09779430037600267,0,0.12162212226077873,-0.26519397806593625,-0.2637626501178243,0,0.390252906189426,-0.07690182694293934,0,0,0,0,0.24485169259556017,0,0.8361471769019859,0.1175324880288322,0.39382516705879045,0,0.6441643445529195,-0.032145329632399466]],"modifications":[]}]}}
