{"modelSettings":{"letterOrder":"ACGT","bindingModeInteractions":[],"bindingModes":[{"fitLogActivity":true,"flankLength":0,"singleStrand":false,"size":10,"dinucleotideDistance":0,"componentName":"Binding mode 0","positionBias":false,"modifications":[]},{"fitLogActivity":true,"flankLength":0,"singleStrand":false,"size":10,"dinucleotideDistance":0,"componentName":"Binding mode 1","positionBias":false,"modifications":[]}],"letterComplement":"C-G,A-T"},"coefficients":{"bindingModeInteractions":[],"bindingModes":[{"mononucleotide":[0,0,0,0,0,0,0,0,0,0,0,0,0,0,0,0,0,0,0,0,0,0,0,0,0,0,0,0,0,0,0,0,0,0,0,0,0,0,0,0],"activity":[[-5.132776200404954]],"dinucleotide":[],"modifications":[]},{"mononucleotide":[-0.265009478980744,-0.12193227705055332,0,-0.4804566331221398,-0.5006132723338492,-0.05558464609337754,0,-0.46342951210094085,-1.1412744005254485,-2.4916457521929747,0,-1.7208388547486573,-4.874475360057549,-5.149724636358185,0,-6.531499014819436,0,-1.493527971028752,-5.816706631007952,-4.894321696584459,-7.5403602625203066,-4.140899304883394,-5.794286522358387,0,-6.072966885132052,-1.7537829145906239,-5.605506161064336,0,0,-5.43317744614545,-3.3647960778958517,-1.8132265486576467,0,-0.43610398248973503,-0.03742945718539925,-0.6232272298813211,-0.5115498218290009,0,-0.14963612800448,-0.4254346712066992],"activity":[[0]],"dinucleotide":[],"modifications":[]}]}}
