{"modelSettings":{"letterOrder":"ACGT","bindingModeInteractions":[],"bindingModes":[{"fitLogActivity":true,"flankLength":0,"singleStrand":true,"size":20,"dinucleotideDistance":0,"componentName":"Binding mode 0","positionBias":false,"modifications":[]},{"fitLogActivity":true,"flankLength":0,"singleStrand":false,"size":10,"dinucleotideDistance":0,"componentName":"Binding mode 1","positionBias":false,"modifications":[]}],"letterComplement":"C-G,A-T"},"coefficients":{"bindingModeInteractions":[],"bindingModes":[{"mononucleotide":[-0.043479344749989934,-0.08391711471955254,-0.1231597551999184,0,-0.02461058408067318,-0.016576139962888092,0,-0.02212285573560724,-0.014797034472535664,-0.006983329546630834,-0.015904086565305064,0,-0.028964040077125386,-0.00589915752863357,0,-0.017473652085371327,-0.0306309037461161,-0.01692801342031558,0,-0.039887230735742296,-0.04010337448109347,-0.012250737326453542,0,-0.04923946706386628,-0.046895557143512345,0,-0.017845171802724824,-0.03621396225661355,-0.0418390371055577,0,-0.012581051090443385,-0.03020089517973279,-0.030900874825902314,0,-0.007903554048986017,-0.030956271081625797,-0.023504105657397023,0,-0.002300123082592531,-0.01880962896149807,-0.03569479377758,-0.022566882832183666,0,-0.04839383191617008,-0.024279698478114398,-0.00815870694873233,0,-0.024280165709475554,-0.02038625580857012,-0.005757777884438653,0,-0.0029170549954318226,-0.03526771503194981,0,-0.02325311889783066,-0.019771138905542607,-0.04260310100665077,0,-0.0179188207865959,-0.022141982977720964,-0.05232986543420326,0,-0.02291541466835234,-0.040611048434683994,-0.05126967121999204,0,-0.016438176989298725,-0.044224150076648705,-0.08436894890901803,0,-0.04254687644151023,-0.08706219559905293,-0.08351706845113416,-0.02092589614527718,0,-0.10623608720512667,-0.1119199818112393,0,-0.04878415221180976,-0.04780965584332675],"activity":[[-0.9600316917087777]],"dinucleotide":[],"modifications":[]},{"mononucleotide":[-0.3982606213923372,-0.15234451822659167,0,-0.4694804044502696,-0.6050202254948509,-0.045969327044076636,-0.4730833632638909,0,-1.7772767197959558,-3.6858003538235744,-6.406651035260504,0,0,-5.883645981742154,-1.7888883595510743,-5.21121836040199,0,-6.405134836275814,-4.516027919859433,-6.8773545992007,-4.066424298490643,-7.194933674685081,-1.5285056447448762,0,-3.9257205622848037,0,-4.4181374839150935,-3.4261352536713394,-1.664574251571719,0,-2.5058700873356594,-1.0997070107517075,-0.4258069312664734,0,-0.031031595578099314,-0.4644615885010488,-0.4398341486749828,0,-0.0901327479008085,-0.2326547448489933],"activity":[[0]],"dinucleotide":[],"modifications":[]}]}}
