{"modelSettings":{"letterOrder":"ACGT","bindingModeInteractions":[],"bindingModes":[{"fitLogActivity":true,"flankLength":0,"singleStrand":false,"size":10,"dinucleotideDistance":0,"componentName":"Binding mode 0","positionBias":false,"modifications":[]},{"fitLogActivity":true,"flankLength":0,"singleStrand":false,"size":10,"dinucleotideDistance":1,"componentName":"Binding mode 1","positionBias":false,"modifications":[]}],"letterComplement":"C-G,A-T"},"coefficients":{"bindingModeInteractions":[],"bindingModes":[{"mononucleotide":[0,0,0,0,0,0,0,0,0,0,0,0,0,0,0,0,0,0,0,0,0,0,0,0,0,0,0,0,0,0,0,0,0,0,0,0,0,0,0,0],"activity":[[-7.0509882293087145]],"dinucleotide":[],"modifications":[]},{"mononucleotide":[-0.4747855085796484,0,-0.26732465353721935,-0.7039129577590639,-0.7457381992974348,0,-0.9794606472634344,-0.7001616987176238,-1.116711290158963,-2.6575230466927255,0,-2.2930136349183616,-3.2726451257312625,-4.051148669534694,0,-3.3964007660592586,0,-1.5814713926661756,-4.214922499108413,-3.4816754494652287,-4.352289007806828,-3.3371727527811483,-10.847758501715186,0,-2.9248430014465345,-1.874955440971382,-8.215745789039676,0,0,-5.1912318648103435,-3.042680615730717,-1.5047328658589025,0,-0.795212780085107,-0.5349662025907307,-0.6791694968070061,-0.07892157963602742,-0.176196160979611,0,-0.2934361922908728],"activity":[[0]],"dinucleotide":[[0.2848811865998675,0,1.00079218513567,0.15636565909924993,0,0,0,0,0.38245782204585765,0,0.9517156829241555,0.3609069764496393,0.60013112312439,0,0.8236706069542992,0.22887133167607576,-0.0190753735898328,0.40862789171871583,0,0.15903012499460445,0,0,0,0,0.26200777293647626,0.9142491538565247,0,0.5161721888623019,-0.010751059829464005,-0.44573669612281996,0,-1.9142926678230845,-3.6593301283424973,-3.487606179696992,0,0.5958135983411728,0.8529081148022328,1.1500273283946747,0,0.11484034820118971,0,0,0,0,1.9245074854242716,-1.379417128352836,0,1.5722831222611386,0,1.645850817338454,3.017745263337539,2.7097411490974412,0,2.073308753808835,4.461209227440749,3.1242441306417463,0,0,0,0,0,0.01626920358929773,3.1963600375728767,1.9730096366523195,0,0,0,0,0.98048036246594,-3.1725532518363924,3.8351905604783347,0,2.9208830831852595,-0.07780923055420708,7.933939989903177,0,0.11581282710106322,1.9612539141748018,6.150234382597011,0,3.1962555150591943,-1.8330287395376175,3.1200847875351663,0,2.113855813133277,0.8146367238565144,5.972881557457254,0,4.656225165284365,1.9125689529659464,10.586972222741608,0,0,0,0,0,0,-1.1687525571265276,1.445391528266808,1.0943887954815317,0,-2.468528185928842,0.9695168662847928,-0.5686734934905928,0,4.023464703224441,3.5655695217877614,1.0772019085056215,0,0,0,0,0,0,0,0,0,3.0247942182681475,1.8036395966997851,1.6680443095772315,0,0.9029977036888983,-0.2702028360372477,-0.10046585725469104,0,-1.1191318766021885,-0.7622693483519978,-0.5903760344661988,0,0,0,0,-0.6227553327588513,-0.07165174265654439,0,0.07644828269916193,-0.1972277879929054,0.5995029736094111,0,0.3652597217247129,-0.012486574548037588,0.49365613604764924,0,-0.24950983440436314]],"modifications":[]}]}}
