{"modelSettings":{"letterOrder":"ACGT","bindingModeInteractions":[],"bindingModes":[{"fitLogActivity":true,"flankLength":0,"singleStrand":false,"size":11,"dinucleotideDistance":0,"componentName":"Binding mode 0","positionBias":false,"modifications":[]},{"fitLogActivity":true,"flankLength":0,"singleStrand":false,"size":11,"dinucleotideDistance":0,"componentName":"Binding mode 1","positionBias":false,"modifications":[]}],"letterComplement":"C-G,A-T"},"coefficients":{"bindingModeInteractions":[],"bindingModes":[{"mononucleotide":[0,0,0,0,0,0,0,0,0,0,0,0,0,0,0,0,0,0,0,0,0,0,0,0,0,0,0,0,0,0,0,0,0,0,0,0,0,0,0,0,0,0,0,0],"activity":[[-6.973668541257513]],"dinucleotide":[],"modifications":[]},{"mononucleotide":[-0.23997969746173453,0,-0.1906164736529199,-0.014059126258224808,-0.29544018198772193,-0.03841109965441447,0,-0.3326884234602048,-0.6804225601305944,-0.4604162390883779,-1.0557332367315944,0,-1.8672234596645705,-3.1088935245422604,-3.6657378765596995,0,0,-6.053456451108875,-1.9725991438003518,-2.719614545410227,0,-6.90867840804038,-3.2268034102409207,-4.1301836229778,-3.432498889370015,-4.117840490930714,-1.5444048128920969,0,-3.466450072957622,0,-4.109818433595505,-3.190004713675135,-2.283925718081994,0,-2.40461137129957,-1.056459329475146,-0.5802077046648257,-0.09983595754091823,0,-0.441212183467929,-0.5218216452121212,0,-0.1998007532490611,-0.31112594363582247],"activity":[[0]],"dinucleotide":[],"modifications":[]}]}}
