{"modelSettings":{"letterOrder":"ACGT","bindingModeInteractions":[],"bindingModes":[{"fitLogActivity":true,"flankLength":0,"singleStrand":false,"size":12,"dinucleotideDistance":0,"componentName":"Binding mode 0","positionBias":false,"modifications":[]},{"fitLogActivity":true,"flankLength":0,"singleStrand":false,"size":12,"dinucleotideDistance":1,"componentName":"Binding mode 1","positionBias":false,"modifications":[]},{"fitLogActivity":true,"flankLength":0,"singleStrand":false,"size":12,"dinucleotideDistance":1,"componentName":"Binding mode 2","positionBias":false,"modifications":[]}],"letterComplement":"C-G,A-T"},"coefficients":{"bindingModeInteractions":[],"bindingModes":[{"mononucleotide":[0,0,0,0,0,0,0,0,0,0,0,0,0,0,0,0,0,0,0,0,0,0,0,0,0,0,0,0,0,0,0,0,0,0,0,0,0,0,0,0,0,0,0,0,0,0,0,0],"activity":[[-7.597334312841802]],"dinucleotide":[],"modifications":[]},{"mononucleotide":[-0.3224398569392637,0,-0.043309656540422736,-0.2985506309668189,-1.8549582940751543,-0.2967286162959688,-1.1594941601510271,0,-0.681092888822187,-0.9510146626382685,0,-0.6604173747307289,-1.5553012710176572,-0.35717857929748575,0,-2.9872000245336485,-0.7133209691795006,-0.18860427909208788,-0.5211112197737844,0,-2.1020781739369365,-5.269661105399415,-4.170199403452145,0,0,-3.939907490174479,-1.8335115865080853,-4.408314358355089,0,-11.722976888663805,-3.417921926659915,-3.003737356692141,-2.46521833655808,-3.3530990916844727,-1.0728347656186044,0,-2.228098049412905,0,-5.392345939683704,-4.907987506311423,-2.3915632751340627,0,-2.662542512702765,-0.5542495179953599,-0.7603570906825485,-0.18777193044518725,0,-0.2481213261890689],"activity":[[-1.0895949176556217]],"dinucleotide":[[0.49621048972570847,-0.10472064873454912,-0.11939562870745402,0,0,0,0,0,-0.06936066138781793,-0.7942550999876303,0.20308859490701536,0,0.8630809362870737,0.1557768984560397,0.024765697191793556,0,1.2554218054619932,1.8672130255548778,0,1.377835544463971,0.2218072945452647,0.5483703076866746,0,0.30357237544147964,0.08032347068085244,0.8402767369529656,0,1.5601394142661142,0,0,0,0,-0.01578809540063375,-1.061346680073072,0,2.3066609515642833,0.44748906633102514,0.3376372913563248,0,3.105536338246755,0,0,0,0,-0.08142202072202576,-1.493015344054088,0,2.532242858018658,0.9418030520172094,0.8731664135450563,0.1993152533696998,0,-2.884748195144471,0.002298336859530181,-0.061962595702613754,0,0,0,0,0,-0.3323923830656552,-0.9527402591845116,-3.507578868098282,0,0.8058382785855054,0.6354884219138999,-1.205904788226512,0,-1.1144739115945308,1.623129262667784,-0.051532147249105265,0,0.9407910431086108,2.655258294458658,1.9413126957434055,0,0,0,0,0,0,1.9676250495624785,0.6202864820886722,-0.37449946349152974,0,3.6980135310990025,0.23742848744771994,-1.175435376978724,0,3.8125044445591243,-1.5756688855984997,2.9909482058447026,0,0,0,0,0,0,0,0,0,7.8064845463939,3.5572630399561276,0.4411526530815939,0,2.6340479966454637,-1.6901757938355209,-2.2850043534108258,0,8.200986110937905,3.92889551280849,3.232305582645492,0,0,0,0,5.482806749041057,8.040854951932381,3.257322723028796,0,2.0903878475938664,0.4253164065562469,0.4766830370062296,0,2.0423046858210423,-1.408625141993789,-0.05974283694070692,0,-0.45620733060928575,0,1.6303842635386774,2.9014066305658455,2.8104631304782677,0,5.409883551255586,2.64218613376603,0.18771172843514616,0,3.959079675784674,1.9590721318749393,0,0,0,0,-2.292720984279055,0,-0.3176242158105289,-1.7312349578202522,0,0,0,0,-2.196957996554479,0,-1.0459213860056629,-4.06615219070683,4.233523625735351,0,2.314060331390551,-1.7722127437514805,-3.2210849865021096,0.5303815059879513,0,-3.077656166261348,0,0,0,0,0.3208762220267314,1.6414385370908766,0,-2.4394324107794407,0.17266707161960948,-0.6623687646424203,0,-0.6749338977325277]],"modifications":[]},{"mononucleotide":[-0.3336731730119009,0,-0.6117091034600524,-0.4372887281348987,-0.8071221094314227,0,-0.593108820694944,-0.7043241151032387,-1.2070667284717809,0,-1.0557997227689961,-1.42744944029001,-1.0545236347944753,0,-1.2177241640208551,-0.8864027751641261,-1.413695615869596,-2.613217304036569,0,-2.2791033208856746,-2.720550140736874,-3.5649799349697817,0,-5.9501116661693185,0,-1.8946169761163443,-7.40801025097027,-5.07318367445219,-7.568224538533269,-3.492603206768707,-6.4153275928965,0,-2.668927848152606,-1.8709089255855762,-7.250771631502311,0,0,-5.379544305235638,-2.7969584571729182,-1.357902928151888,0,-0.7553181893540799,-0.6520739076573818,-0.4333170049194006,-0.1870962009554269,-0.7300779795454648,0,-0.18566247623902576],"activity":[[0]],"dinucleotide":[[0.1766477360746599,0,0.41858968052573964,0.09253092500226412,0,0,0,0,0.04472525434263552,0,0.42133210200020343,0.09196323247785809,0.10768187369103366,0,0.23268872750718206,-0.37745803616139995,0.9909660616538014,0,1.1394117474799792,1.083720563570715,0,0,0,0,0.6090073320172387,0,0.8578399822220506,0.22260567910811346,0.5074985312321028,0,0.7240559313739734,0.326363584439731,0.3812383620083697,0,1.3401365723093823,0.5221314869637812,0,0,0,0,0.7181815576473429,0,1.172981127302136,0.633490385653892,1.0489860240881894,0,1.099284624693131,0.6615957104478989,0.24360156665982569,0.6871826971334469,0,0.5907016374610707,0,0,0,0,0.7271232012306106,0.5319851636689785,0,0.5358378169690736,-0.03978502353016378,-0.5176243332575448,0,-1.8881679406240783,-4.132321785032662,-2.336521997365982,0,3.6918606556389975,0.16864312364272127,0.9095539991407104,0,0.6442916993550183,0,0,0,0,0.875666721224384,2.0303812402700157,0,4.826861007696259,0,1.4571110447385696,6.382725589386656,2.547291232536651,0,0.347261869161021,3.4950579803774415,4.411531345543724,0,0,0,0,0,0.7304449555178492,6.02705925012117,3.82217238555966,0,0,0,0,3.6771388960443687,-3.2031544275274735,3.052099122714875,0,5.938376164199941,-1.5090866823008646,2.2591622240736555,0,3.8243716315286225,-0.03049472028323663,6.17148454693031,0,4.165946656694639,1.7096825212855578,1.6106787173349293,0,2.104359245054032,1.1766389440783245,1.402144272324259,0,2.214661211787674,-0.4367354327929629,0.7632453619819817,0,0,0,0,0,0,-1.927587708264502,1.6732620220481378,0.9874028271594311,0,-3.21233625377461,1.1195108417688848,-0.43822077761807243,0,1.6170568885967445,1.3534918206871804,3.177496809417592,0,0,0,0,0,0,0,0,0,2.1347913410717965,2.719804311232532,3.1156090086334363,0,0.7433906051796475,-1.175086351818238,-0.17179748741546863,0,-1.987216299695456,-0.654606884676344,-1.2253639520491806,0,0,0,0,-0.2674296123101847,-1.6594569410184956,0,-0.0782986909213097,0.09433781645272354,0.9509342767276348,0,0.22148425471874056,-0.08533767764916078,0.5142466899023024,0,-1.1325200886291302]],"modifications":[]}]}}
