{"modelSettings":{"letterOrder":"ACGT","bindingModeInteractions":[],"bindingModes":[{"fitLogActivity":true,"flankLength":0,"singleStrand":false,"size":12,"dinucleotideDistance":0,"componentName":"Binding mode 0","positionBias":false,"modifications":[]},{"fitLogActivity":true,"flankLength":0,"singleStrand":false,"size":12,"dinucleotideDistance":0,"componentName":"Binding mode 1","positionBias":false,"modifications":[]}],"letterComplement":"C-G,A-T"},"coefficients":{"bindingModeInteractions":[],"bindingModes":[{"mononucleotide":[0,0,0,0,0,0,0,0,0,0,0,0,0,0,0,0,0,0,0,0,0,0,0,0,0,0,0,0,0,0,0,0,0,0,0,0,0,0,0,0,0,0,0,0,0,0,0,0],"activity":[[-6.701179370830918]],"dinucleotide":[],"modifications":[]},{"mononucleotide":[-0.4048010421847579,0,-0.08509535609331209,-0.5575877952583861,-1.0419347461543795,-2.390948190894618,0,-2.2971739165269467,-3.2461171067641414,-3.991442672084932,0,-3.325653978746968,0,-1.5383302063976672,-4.062036606491395,-3.4107922076750112,-4.109036835424453,-3.3234640089427883,-5.746682772299216,0,-2.782011943493896,-1.9494885103048851,-4.676940490818373,0,0,-3.584207827541131,-3.0757810862558896,-1.8576635108733281,0,-1.0272347639200712,-0.3855708799026196,-0.7156641132948325,-0.2640670033679342,0,-0.029701383549227245,-0.3059659007623168,-0.03732328743843816,-0.22102678709329737,0,-0.2854267465296978,-0.004409642599172869,-0.11747557787063378,0,-0.17820393414096358,-0.08657137756118338,-0.23627946760662155,0,-0.18808441922562658],"activity":[[0]],"dinucleotide":[],"modifications":[]}]}}
