{"modelSettings":{"letterOrder":"ACGT","bindingModeInteractions":[],"bindingModes":[{"fitLogActivity":true,"flankLength":0,"singleStrand":false,"size":10,"dinucleotideDistance":0,"componentName":"Binding mode 0","positionBias":false,"modifications":[]},{"fitLogActivity":true,"flankLength":0,"singleStrand":false,"size":10,"dinucleotideDistance":1,"componentName":"Binding mode 1","positionBias":false,"modifications":[]}],"letterComplement":"C-G,A-T"},"coefficients":{"bindingModeInteractions":[],"bindingModes":[{"mononucleotide":[0,0,0,0,0,0,0,0,0,0,0,0,0,0,0,0,0,0,0,0,0,0,0,0,0,0,0,0,0,0,0,0,0,0,0,0,0,0,0,0],"activity":[[-6.560492671585186]],"dinucleotide":[],"modifications":[]},{"mononucleotide":[-1.0135223726613685,-2.5010284743052775,0,-2.379461032873289,-3.257899482631478,-3.811633144984648,0,-3.3843555782098296,0,-1.5900010090202805,-4.699980995431094,-3.4057824319049477,-3.7972067545584665,-3.192357256686673,-11.523189092738034,0,-2.9912721867250394,-1.832741257756691,-7.361531702733118,0,0,-4.981736268934286,-3.4456740862993502,-1.6333983779355137,0,-0.8111487274912985,-0.537168229856043,-0.7343865379286143,-0.5377229323764112,-0.171913748103929,0,-0.7420244677171368,-0.21153850014228404,0,-0.05705360610880206,-0.39874827709899563,0,-0.39722184035757824,-0.038838915105936955,-0.3104146019902858],"activity":[[0]],"dinucleotide":[[-3.671931255685058,-1.9224083038098607,0,-0.19947107741203496,1.1992826218633894,1.826388272007713,0,0.8331415900194656,0,0,0,0,2.096646980912393,0.02360089409225008,0,1.414960346724527,0,1.5374980236142957,2.7689008786679103,3.1464452703161143,0,1.8790670529537215,4.363695091225965,3.4005951191553745,0,0,0,0,0,-0.48215603281092356,3.851745759976149,1.9300679839829495,0,0,0,0,-0.5102498979062116,-3.5965521742478455,4.03524708539994,0,2.4962605646049036,1.66561131975595,8.174687816232225,0,1.4387921502696717,1.2914591249780347,5.8547759161414845,0,2.6098291946777215,-2.2129060135010015,2.1122964846733456,0,2.70301107838832,-0.1226039790884137,5.639561720489286,0,6.161697124190095,2.729344635536238,10.595139749940639,0,0,0,0,0,0,1.5366293947127971,-1.2881003634988506,1.0862468722541312,0,-1.9570245921342568,1.1061549912920237,-0.04210026376579101,0,4.077785920722638,3.7927213452913797,1.2152363335239542,0,0,0,0,0,0,0,0,0,2.7928144432315527,1.4395512393927508,0.7760304971716483,0,1.2956388553584475,0.12514920692472398,0.15558037830031157,0,-0.7182067819422446,-0.749582148711605,-0.4579852098409294,0,0,0,0,-0.49618585162954254,0.039898000405356626,0,0.08168786191655641,-0.06200016162301658,0.6065622889509132,0,0.38483125604141755,0.07776227328675134,0.5444034951408945,0,-0.23450694880829204,0.3708693368957894,0,0.4644664632321316,0.5175776059711756,0.09489474200607795,0,-0.19167030659954776,0.08905571623495767,0,0,0,0,0.6216336880242048,0,0.4515937885712962,0.41706401536368265,0,0.46396263463121734,-0.02779270596349903,0.11275389123622226,0,0,0,0,0,0.13260565566013138,0.030317707430612906,0.1621035261541932,0,0.26663370732945246,-0.06940700113875753,0.18193994158277516]],"modifications":[]}]}}
