{"modelSettings":{"letterOrder":"ACGT","bindingModeInteractions":[],"bindingModes":[{"fitLogActivity":true,"flankLength":0,"singleStrand":false,"size":19,"dinucleotideDistance":0,"componentName":"Binding mode 0","positionBias":false,"modifications":[]},{"fitLogActivity":true,"flankLength":0,"singleStrand":false,"size":19,"dinucleotideDistance":1,"componentName":"Binding mode 1","positionBias":false,"modifications":[]}],"letterComplement":"C-G,A-T"},"coefficients":{"bindingModeInteractions":[],"bindingModes":[{"mononucleotide":[0,0,0,0,0,0,0,0,0,0,0,0,0,0,0,0,0,0,0,0,0,0,0,0,0,0,0,0,0,0,0,0,0,0,0,0,0,0,0,0,0,0,0,0,0,0,0,0,0,0,0,0,0,0,0,0,0,0,0,0,0,0,0,0,0,0,0,0,0,0,0,0,0,0,0,0],"activity":[[-6.6370587735749424]],"dinucleotide":[],"modifications":[]},{"mononucleotide":[-0.304922405553258,0,-0.30885691782797586,-0.30951172547006145,-0.18551005543577404,0,-0.32557004966541925,-0.38423405776443786,-0.5951355487070309,0,-0.36979125212141817,-0.03826293572503481,-1.7027322085183467,-0.754308256128498,-0.0230589076252965,0,0,-2.148715121407358,-1.957656658809661,-1.711570072411483,0,-3.217745756436466,-3.175927091083441,-3.52006939645124,-2.924213136644566,-2.77196812422331,-2.210359062212948,0,-3.2476314575721954,-1.731372234916666,-1.4069553091530622,0,0,-2.7954199997422506,-0.22720809122768593,-1.8029033618402135,-0.17908464486772147,-0.4928586697665267,0,-0.790655659005834,-0.39578468767036945,-0.08031503545302598,-0.43921824945453203,0,-0.2149323866886892,0,-0.4936801509628843,-0.041117306035985735,0,-0.15718184537080404,-0.4788893021815852,-0.021064251373525522,0,-0.37179864035760524,-0.9745300677162909,-0.08103273713338766,0,-0.5031058796317236,-0.9852686045494838,-0.00947564347422336,-0.13312060073637788,-0.9861436366779834,-1.6600382759897094,0,-0.2900396651976642,-0.8662298590616029,-1.1045316742449538,0,-0.4200567146462184,-0.9807316287527144,-1.1355392734309717,0,-0.2612140088985164,-0.35198263522467244,-0.663257216615806,0],"activity":[[0]],"dinucleotide":[[-0.08186630672032358,0,0.29328531352999754,0.6763223903426603,0,0,0,0,-0.011468365120860469,0,-0.02503151575865914,0.010284347369164948,0.10283251019131079,0,0.30568885569377,0.5216513980932795,-0.5264344837545245,0,-0.1781671173843229,-0.22353337979071952,0,0,0,0,-0.08503015055811325,0,0.012654805671488134,0.07479974886391005,-0.12607776611092092,0,-0.24396708994013316,-0.10496061220302977,-0.028938513888537187,-0.302776048159636,-1.5255581084730796,0,0,0,0,0,-0.6955667824930352,-0.42953231979223894,-1.9969642264726453,0,-0.4834805434708951,-0.3341761876922984,-1.632526668416979,0,0,1.9102375308976463,0.8859717062653427,1.3765373534186285,0,0.9591877384410807,0.609918933774285,0.5017196468958094,0,-0.485911275554578,-0.3884282103267971,-0.8856156421976635,0,0,0,0,0,0,0,0,0,2.4468936149127725,1.8624064175050714,2.8000217516384778,0,1.4661392121520738,0.16076249927082387,2.5899037861467837,0,1.723926471636278,1.7504704976777594,2.5251071257084297,0,0,0,0,2.791361038777038,3.034021069838568,1.6841984104550738,0,2.6137289180920513,1.0148389606043988,1.0574697575180938,0,2.5324881811751654,2.158283057492368,2.345496912580357,0,1.450352934937916,1.695311117441431,-0.11250355640883924,0,2.623547503901336,1.7356969997591953,1.0119330906345594,0,0.788581753173526,0.12304115131328519,-0.7210256332054179,0,0,0,0,0,0,2.917205394615377,0.21816157681835158,1.611132236410513,0,1.5680871192365977,-0.20095496675200586,1.5492156614031192,0,1.0128656069636977,-1.675704142779895,0.7027621868042111,0,0,0,0,0,0,0,0,0.6104969202509345,1.4819315950563556,0,1.0752703985263405,-0.07190241141312192,0.07151123039859897,0,0.03942384636077101,-0.0640232519224071,0.6154330843070142,0,-0.07447065854170987,0.1367031204471214,0.08368571584705009,0.280283610868711,0,0.13150928668315665,0.25398891138330626,0.1432953887954902,0,0,0,0,0,0.18347501205574446,0.34926579189450635,0.3062540640571836,0,-0.022838042276740467,0,-0.059779257623139515,-0.015358075583073116,0.1345343796003231,0,0.044749315665436384,-0.019262779207057434,-0.0010482341818924823,0,-0.2060845641017739,-8.059209187099015E-4,0,0,0,0,0,0.004691786636399797,-0.08240022044052786,-0.07825163078662456,0,0,0,0,0,0.309098300279663,0.1344167501213711,0.3236041641147942,0,-0.0160809433505662,0.0035640766021920456,-0.015078703313507802,0,0,0,0,0,0.26453362043586104,0.21554149441572967,0.19906044212949858,0,0.3988709748116168,0.35146625701890066,0.37149949537086435,0,0.031925802368879985,0.2258310818517426,-0.0017353686425529702,0,0,0,0,0,0.5154962958373925,0.5206478558176304,0.14049961716446546,0,0.7323907030702248,0.4028711344163476,0.43513999267510783,0,0.005020436492280567,0.40254604620529655,-0.03330642762715996,0,0,0,0,-0.09661255386464873,0.7789485269949719,0.20505366702002092,0,-0.1581466902932629,0.5705478139661206,0.05373552393271286,0,0.00944806331125747,0.3156601907253389,0.46421344999326664,0,0.04353188949571596,-0.27587563039215457,0.42071870821313695,0,-0.033067003616041646,0.4156841043179238,0.1789073576755964,0,0.27263409192571775,0.39320459692631804,-0.055788366761730934,0,0,0,0,0,0.12630737513440593,-0.03074655147291594,0.5602869613435422,0,0.22497063214162782,0.4691344543033207,0.6934473246340058,0,0.18768165990386532,0.43371304213353845,0.3301263486757877,0,0,0,0,0,0.1164936001191137,-0.03293001820654062,0.5089265986114206,0,0.28046155850665855,0.33982490250695374,0.8208924066459753,0,0.2949064574058733,0.4069923675702878,0.5700196925640109,0,0,0,0,0]],"modifications":[]}]}}
