{"modelSettings":{"letterOrder":"ACGT","bindingModeInteractions":[],"bindingModes":[{"fitLogActivity":true,"flankLength":0,"singleStrand":false,"size":12,"dinucleotideDistance":0,"componentName":"Binding mode 0","positionBias":false,"modifications":[]},{"fitLogActivity":true,"flankLength":0,"singleStrand":false,"size":13,"dinucleotideDistance":1,"componentName":"Binding mode 1","positionBias":false,"modifications":[]},{"fitLogActivity":true,"flankLength":0,"singleStrand":false,"size":12,"dinucleotideDistance":1,"componentName":"Binding mode 2","positionBias":false,"modifications":[]}],"letterComplement":"C-G,A-T"},"coefficients":{"bindingModeInteractions":[],"bindingModes":[{"mononucleotide":[0,0,0,0,0,0,0,0,0,0,0,0,0,0,0,0,0,0,0,0,0,0,0,0,0,0,0,0,0,0,0,0,0,0,0,0,0,0,0,0,0,0,0,0,0,0,0,0],"activity":[[-6.454504566753144]],"dinucleotide":[],"modifications":[]},{"mononucleotide":[0,-0.3510654901980428,-0.045255708525324234,-0.04557128569627933,-0.2211657607084665,-0.5294773933163652,0,-0.38969736337021654,-0.2876440645090197,-0.34324685939868615,0,-0.3335099545291851,-0.10489840586728105,-0.08955886734268548,0,-0.07675390966822793,-0.19708462078022193,-0.08735077985400297,0,-0.41357503420389463,-0.39532383210000765,-0.04596393559061962,-0.4079984672574479,0,-2.016474932976173,-0.5561746003775063,-2.3856919166729025,0,0,-1.8101461435308595,-2.4936325594819317,-3.609929210528394,0,-2.5667373412982437,-2.7478705820833538,-3.55493615217891,-3.105699313497749,-3.1399286043301684,-2.5823348356754336,0,-3.1821603936065666,-2.986943155704349,-3.228638277674106,0,-0.5454682153851795,0,-0.9407785579299834,-2.3053472414791996,-2.1211688098959787,-2.134754306258893,0,-2.3686093462169024],"activity":[[-0.11953778962935586]],"dinucleotide":[[0,0,0,0,-0.1094167729920934,-0.4820403450621711,0,-0.23768405358479083,-0.25985995031148645,0.022173164973021464,0,-0.035773774081428567,0.13626156940725354,-0.360604828989491,0,0.22062102728035637,0.0708300706564442,0.14108250785376342,0,0.04467808557219066,0.3482303762189449,0.2035787024914253,0,0.3303813981470969,0,0,0,0,0.1418499989010633,-0.02566719540174356,0,0.3288958177408301,-0.0168991796758573,0.07819407697309222,0,-0.030320746989899172,0.0731854206189233,0.0022564556153674697,0,0.032985549465912145,0,0,0,0,-0.12186159714750011,-0.14018755965280127,0,-0.17035366256825157,-0.16717011342629706,-0.01603956201257062,0,0.0699833348412664,-0.021900542447382598,-0.05965238423942365,0,0.014321748383512523,0,0,0,0,-0.16776487798569084,-0.07921033132321775,0,0.06675672125056487,-0.30351073132972983,0.22057757503481423,0.14901830247839598,0,-0.07782483317011946,-0.14808055353290817,-0.027552232668162535,0,0,0,0,0,-0.029001872116949157,0.05573362705675722,0.04759206910919955,0,0.11015781304957795,-0.054220369348748854,0.42833192396174624,0,0.05381932768553277,0.11572260090172914,-0.175953277402507,0,0.6164585020125832,0.19607092381119662,0.7423562047297905,0,0,0,0,0,0,1.040800736650957,1.789601086347651,1.9827763463310157,0,-0.7337498600604837,0.21761682988248676,0.7879220070928747,0,1.1806023208096237,2.7909822808443843,3.0340661641302367,0,0,0,0,0,0,0,0,0,0.4832426873620128,0.6629394502716095,1.0697884779769824,0,1.6578269861843582,2.3765906471390377,2.8322981704952426,0,1.583250454402691,2.549045010015819,1.941018001229124,0,0,0,0,2.6849154062048957,2.052178228458301,2.218830250699284,0,2.8371280045788154,2.334903773249101,2.0236771553317756,0,2.613009086552692,2.272584698549328,2.973869763486492,0,2.855180117469721,2.4574647469312154,2.9333167179365427,0,2.4457041171209264,1.6583048647410346,3.0840602193415023,0,2.2654645014381654,1.714525323387754,2.7394323634557747,0,0,0,0,0,0.7325861598891259,0,0.9268251943810779,1.2875515358397704,0.7395424919907612,0,0.8109353283352299,1.4579909935025226,0.8085691129579939,0,1.9323778759879966,2.5769747968211467,0,0,0,0,1.8194323663515632,1.6673283791397349,0,1.480303216083098,0,0,0,0,1.7481132731481228,1.5633351374156166,0,1.8414711168243665,1.0198486537558744,1.1438980952629296,0,1.2035800590252936]],"modifications":[]},{"mononucleotide":[0,-2.431609671709291,-3.4294665277100687,-2.9766373383902143,-2.1874796268005015,-1.9492605397478893,-2.19013338855637,0,-2.085027314702628,-1.68676848767953,-2.2574784627969806,0,-0.17051530513811236,-2.108859713398583,0,-1.7336601622586656,-0.35481437279522715,-0.6011264110660728,0,-1.2574256618740693,-0.5053464403020482,-0.18153465139834407,-0.5295391668767306,0,-0.6173061582873791,-0.11048231055797919,-0.48816508498203987,0,-0.053272584657853006,-0.16747792323828142,-0.6860514434760625,0,0,-0.7288223263292886,-1.0193177405829048,-0.40100687618729564,-0.151090153624869,-0.9986885922476239,-1.40489204811408,0,0,-2.0411908640449363,-2.2303175967252398,-0.13858099432699678,-0.33043839229082284,-1.86689163449609,-1.662891376314449,0],"activity":[[-0.7730987892943473]],"dinucleotide":[[0,0,0,0,1.3173812878926863,1.2707149953396901,1.1828946664058022,0,1.7119897961463262,1.6169480687374898,1.6701985557292,0,1.3377628633816259,1.5069927813757729,1.6195880890873506,0,1.017266801607335,1.3245182136357019,0.9567780478502903,0,1.3798858902077797,0.7977059981730279,1.1792395128664226,0,0.9646180704763485,0.6273781840394554,0.7523955039032688,0,0,0,0,0,-0.24541067842717057,1.2345354808666156,0,0.5882802976793027,0.2620567685327806,0.9793019497661359,0,0.8007796598547481,0.8623637751311375,1.75391162038524,0,1.3406580510861863,0,0,0,0,0.11810507067060533,0.28754675731421436,0,0.2783643434124914,0.09700555970552793,0.08819988281306035,0,0.4785252978683636,0,0,0,0,-0.1986915588594158,0.13971966145565506,0,0.12175681813068095,0.05579168125007583,0.04148317002613494,0.05249679040177413,0,-0.10645424745156173,0.28756635457771956,-0.04163374519764984,0,0,0,0,0,0.026497130785997802,0.41972954766756976,0.08702270192318928,0,-0.20645640158029188,0.036806743564390954,0.024511357179301863,0,0.3340646632084528,-0.3323103041823969,0.06426193327004337,0,0.14767740192223344,0.1920002723151517,0.29280292214527903,0,0,0,0,0,0.1347997518030304,0.0788995786419675,0.04835315202264412,0,0.021947937670899753,-0.3816444574444892,-0.019886789078317868,0,-0.29350913738885787,-0.017006974736917924,-0.04508431447952144,0,0,0,0,0,0,0.011017910454287572,-0.1547461839695039,0.3040145058601283,0,-0.3034752104371379,-0.2596456048770108,0.19920721254149698,0,0.3730297295496343,0.1323592411424923,0.41370060875825243,0,0,0,0,0,0,0,0,0.26870316324064347,0.3316051144293537,0.2960548927370792,0,0.3302764972034785,0.6492473613408984,0.6538635934289978,0,0.11343513326176907,0.6342458175152209,0.5214635248513912,0,0,-0.1074568627142849,0.049259465998105156,-0.008447405656952844,0,-0.0656933099784589,-0.06977435107518737,-0.5370307446926876,0,0.2635417184947655,0.31776910902836786,-0.32733272705582284,0,0,0,0,0,0,0,0,0.4688273091049089,0.9824940161251545,0.7514753590511969,0,0.11351449535580427,0.8247637067662135,0.5146028746384093,0,0.22610559168965727,0.5169896587092766,-0.29167073486719763,0]],"modifications":[]}]}}
