{"modelSettings":{"letterOrder":"ACGT","bindingModeInteractions":[],"bindingModes":[{"fitLogActivity":true,"flankLength":0,"singleStrand":false,"size":12,"dinucleotideDistance":0,"componentName":"Binding mode 0","positionBias":false,"modifications":[]},{"fitLogActivity":true,"flankLength":0,"singleStrand":false,"size":12,"dinucleotideDistance":20,"componentName":"Binding mode 1","positionBias":false,"modifications":[]}],"letterComplement":"C-G,A-T"},"coefficients":{"bindingModeInteractions":[],"bindingModes":[{"mononucleotide":[0,0,0,0,0,0,0,0,0,0,0,0,0,0,0,0,0,0,0,0,0,0,0,0,0,0,0,0,0,0,0,0,0,0,0,0,0,0,0,0,0,0,0,0,0,0,0,0],"activity":[[-5.764570701671526]],"dinucleotide":[],"modifications":[]},{"mononucleotide":[-0.3447483286488815,-0.023514435634194975,0,-0.24563707313036964,0,-0.13249375758782378,-0.1321764180292817,-0.24506813819339968,-1.0486247209057105,0,-0.6886717682213828,-0.4452961976847343,-1.8230325642737495,-0.3331803918291447,-2.603378707218249,0,0,-1.2228601826739398,-2.062539860495018,-2.682071854388472,0,-3.4439870768552585,-8.039638136423052,-7.7020851296450665,-2.5557413581580817,-6.275098394851437,-5.8343084448038,0,-2.456504738117777,-3.1022651775966703,-2.9516400130416423,0,-1.2812759459962235,0,-0.6379185423541669,-2.6889792893488242,-2.2113340172266978,-2.5040976944697584,0,-2.9521606356472483,0,-3.8954959234242064,-2.380971506702297,-2.363482186152648,-1.2589665854086016,-1.9669195302009266,-1.438712867581697,0],"activity":[[0]],"dinucleotide":[[0,0.04953880903329644,0.3157478074113902,0.008167699708907072,0,-0.14042819573794496,0.09201521615407238,-0.08509261849494365,0,0,0,0,0,-0.10354383818047541,0.16510788349946015,0.14807081363214802,0,0,0,0,0.7110444787665031,0,0.457209073149218,0.46364298880635246,0.4770828150802826,0,0.0999576348208775,0.09325926988380218,0.6147549676009652,0,0.20768798730600402,0.27323667924148154,-0.8264068776662343,-0.048209697226888615,-0.17693669590980088,0,0,0,0,0,-1.4596367888559043,-0.02567726560562189,-0.6078829751802695,0,-0.09547412658423671,-0.09579687381410018,-0.11153167602620062,0,0,0.5336217775973084,0.03745174987317412,0.9063185930357558,0,-0.8031532610773868,-0.4442822457360638,0.6039534304797334,0,0.5469004877661039,0.05732051354854395,1.5097036741609604,0,0,0,0,0,0,0,0,0,-0.20764665589473186,0.9873642034608654,-0.4996229110487551,0,1.2949947507621742,2.8108100889893812,3.4236019943279974,0,1.2978573174306671,1.9405830462666778,3.0089030310382174,0,0,0,0,1.037353115644164,0.12218925107204903,1.2057087918829534,0,2.015339074755481,0.8500456521066742,3.672482651006767,0,1.625849429193412,1.3236703998413795,2.1672159575375556,0,0.7852958157461218,0.1917771870378724,1.1912077229763076,0,1.9593811048000536,2.0771324816629857,3.313475319046691,0,0.2518995570453093,0.18865427296042192,-0.4867646461229711,0,0,0,0,0,0.4892455247899301,0,0.3276745797628733,1.3408680117228151,0.6249690564564632,0,0.6336921226216043,0.8712441900591532,0.4691576941323041,0,0.8306469718685108,1.8089952284079787,0,0,0,0,1.4314856699056984,2.1189431410328052,0,2.002140852535487,0,0,0,0,1.654153486488736,1.909543339858176,0,2.0240669003639336,2.042679302490179,2.3197792182181263,0,1.7221689437056469,0,-0.06014184067034911,0.15374475752588435,0.1902063975700763,0,0.1288160546887056,-0.01892717023459678,0.008137707305012398,0,0,0,0,0,0.08531904763288978,-0.052741278630850985,-0.020581199254795735,0,0,0,0,0.044585183733476086,0.06758362198215462,-0.020714020319261728,0,0.12477259482121905,0.10461109278177894,0.08025068370729205,0,0.04219114380668465,0.14814050285718494,0.1779413189079171,0],[0.036488590358985995,0,0.051159399913339065,0.1406773388853031,-0.06039909946841071,0,0.009513093247913496,0.16518105623335888,0,0,0,0,-0.15199896807980462,0,0.05965792071741127,0.21753867375426417,0,0,0,0,-0.2058144304925671,-0.3756794179973175,0.0011497927765260485,0,0.18141574853243858,-0.08182997127257607,-0.45414093566052927,0,-0.04111780399851561,-0.10498082490483451,0.4838565676981137,0,0,0.09790359798708925,0.26235327291400967,-0.9785183337428331,0,0,0,0,0,0.1260944729018041,0.47372916077042504,-0.273108857543483,0,-0.34268109925934054,-0.11998307379096662,-0.3772536828703199,0,0.8907039880214853,2.7021560226712804,1.8997574157180246,0,-0.23552818907880502,1.3145033191633022,0.5874811053586768,0,0.45282909789434633,3.2483067758501267,2.9108248622216575,0,0,0,0,0,0,0,0,-0.49903167784229696,-1.5990179247014416,1.0909899326073704,0,0.3797485430788301,-0.2525062492233445,1.4013750442575885,0,-0.20875940907674906,-0.16334391410314808,0.8613228092646397,0,0,0,0,0,-0.3806358899528792,0.07192477816410747,-0.3193206308668275,0,2.6948050655459816,2.3034523830572393,2.966822354206503,0,2.3673803000928526,2.059586990601453,2.6094678514785734,0,-0.016544191360654992,0,-0.3823620489374542,-1.3867740494125016,-2.097668955225296,0,-2.305034297342261,-1.954408439499014,-1.0882875553605977,0,-0.1677184268823968,-0.27855087297094805,0,0,0,0,0.05389365652405331,0.16315631830483746,0,0.32119281999308047,0.19262887909029303,0.20632286916171338,0,0.19464280241428433,-0.5531667284317452,-0.3434686166480523,0,-0.36132170963820887,0,0,0,0,0,4.03635994106541,2.6572024904490505,2.6213461888958753,0,0,0,0,0,3.9378086173144418,2.293914928252119,2.5402587337642406,0,3.82475981398047,2.4186511441224385,2.401239196384218,-0.012001158266413015,0.01468971360782323,0.18951807292352996,0,0.08261105626240806,-0.056662544844007456,0.028053186632524874,0,0,0,0,0,-0.10270500464983279,0.003792260107069012,-0.05901829815077875,0],[0.3074652225360186,0.09409999115505663,0.5208336121460366,0,-0.5915326836281487,-0.26781126792318855,0.11554878706113936,0,0,0,0,0,0.1424065525600735,-0.07005397771132493,-0.18810198779755272,0,0,0,0,0,0,-0.7778718834103411,-0.5809861662808906,0.15655570445122535,0,-0.6419052774325338,-0.21035696666953907,0.08751656843317335,0,-0.3988216984622057,-0.004544014535646568,-0.0055938886307442814,0,0.36919586496345413,2.0767720514384376,2.141291137193786,0,0,0,0,0,-0.22378500716926997,3.7950382113113097,3.333089400150074,0,0.6468617411473003,1.4862834454214884,0.20648461579434496,0.9075987889441857,-2.254852621266778,0.6962092764540939,0,-0.06636435711113631,-1.1291117424021078,1.2762556723969514,0,0.9569400822827356,-1.0197359895942277,0.8403234472315537,0,0,0,0,0,0,0,0,0,-0.3496755027805496,0.6045753359685664,0.6966710609132112,0,0.6565400210925318,0.692310214070571,-0.7506124602512383,0,0.499009628093658,0.24432647994547008,0.7510985146637612,0,0,0,0,0,-0.4109736821271923,0,-1.117850720899642,0.3707414072458217,-0.01691388001884775,0,1.19652296915302,2.3767336581421716,0.29030887824952956,0,1.2744593076350936,2.6867704586652668,0.4301293885770203,-0.2057375507736836,0,-0.26089345556618504,2.2440787722440287,1.93069573439214,0,2.443713644318544,-0.6348773558376752,-0.8138430329681032,0,-1.2563900764522007,0,0,0,0,0,0.11476626042780058,-0.057149113878240954,-0.09057850342694795,0,0.10768640606431834,0.03481026079357363,0.38532247415676224,0,-0.24676593410805658,0.33073366857847386,-0.4813307840090868,0,0,0,0,0.9269688825535622,2.1052370155781874,1.5144984020770353,0,0,0,0,0,0.9598439810192838,1.8660570881227994,1.164143024471815,0,0.8783123137022963,1.7551124528744033,1.5142456185753845,0],[0,0.12129851529760316,0.4655137792187789,-0.30258000921929096,0,-0.3469001540948584,-0.010834116139617045,-0.3294400078049895,0,0,0,0,0,-0.27460907970649995,-0.11252550969738184,0.43061791067257893,0,0,0,0,0,-0.6617450954788073,-0.396859576127806,-0.15474904485486007,0,-0.3812753334253025,0.463340965824349,0.38413084650339613,0,0.23341452953920694,-0.811291407464104,-0.4026388770765692,-0.14759055800491572,1.0201590409267514,-0.5346600430308381,0,0,0,0,0,-0.46085457784133643,0.31760476613784316,-0.05486130253105426,0,-0.6603466078757063,3.4031100292033365,-0.3218114546278059,0,0.18780791059796353,0.1731584542525244,-0.039412082540881244,0,-0.4199761062376277,-0.2185339851710233,-0.05527510827299498,0,-0.19602299017181313,-0.476410999173277,