{"modelSettings":{"letterOrder":"ACGT","bindingModeInteractions":[],"bindingModes":[{"fitLogActivity":true,"flankLength":0,"singleStrand":false,"size":19,"dinucleotideDistance":0,"componentName":"Binding mode 0","positionBias":false,"modifications":[]},{"fitLogActivity":true,"flankLength":0,"singleStrand":false,"size":19,"dinucleotideDistance":1,"componentName":"Binding mode 1","positionBias":false,"modifications":[]}],"letterComplement":"C-G,A-T"},"coefficients":{"bindingModeInteractions":[],"bindingModes":[{"mononucleotide":[0,0,0,0,0,0,0,0,0,0,0,0,0,0,0,0,0,0,0,0,0,0,0,0,0,0,0,0,0,0,0,0,0,0,0,0,0,0,0,0,0,0,0,0,0,0,0,0,0,0,0,0,0,0,0,0,0,0,0,0,0,0,0,0,0,0,0,0,0,0,0,0,0,0,0,0],"activity":[[-6.61315995160788]],"dinucleotide":[],"modifications":[]},{"mononucleotide":[-0.31350276539185984,0,-0.3237078995587588,-0.31353685808695353,-0.2111407354639443,0,-0.3436850274215075,-0.3846133341418412,-0.6031170928475795,0,-0.38167914425280003,-0.05920435179559291,-1.6070598821797226,-0.739726875164644,-0.027362297156022564,0,0,-2.019633026770933,-1.9200302000742724,-1.7548726105506889,0,-2.9258675696391725,-3.2203193852028447,-3.126456514406301,-2.954770623695314,-2.5924698594193183,-2.311286306191082,0,-2.9398460580696417,-1.7155626724097823,-1.4478072357314007,0,0,-2.463986559272784,-0.2347227739436839,-1.8206542832131811,-0.1944341971848207,-0.48043029450409236,0,-0.8146867613572173,-0.4024400104753836,-0.06842796322522915,-0.43820831676126915,0,-0.23892601466841334,0,-0.4967765701014555,-0.06370569803867632,0,-0.13879303418483602,-0.4690304295142873,-0.022407129250993307,0,-0.3426557247392772,-0.9638891877102163,-0.07114774840596638,0,-0.4875053914648264,-0.9443307498060465,-0.007153248891521358,-0.1312095201181691,-0.9467769133878674,-1.5963627866462726,0,-0.27902170482481914,-0.842790701442687,-1.08708198094741,0,-0.4134914997167396,-0.9662869713560758,-1.1125817026105462,0,-0.25370174244463684,-0.3478739970739504,-0.6483654069277858,0],"activity":[[0]],"dinucleotide":[[-0.06071594631897881,0,0.29490480842570044,0.6910872361851599,0,0,0,0,0.014676443744857437,0,-0.02954112700773237,0.03421359004727975,0.10154817820864892,0,0.31777227941513253,0.5289811515231246,-0.4884155713035607,0,-0.169933553609523,-0.19614992949382604,0,0,0,0,-0.06553444704066091,0,-4.442862804161507E-4,0.09102719369322365,-0.15326809407737318,0,-0.24852720388979854,-0.1045559145494579,-0.22626846032057912,-0.3389143963788097,-1.1567048953711039,0,0,0,0,0,-0.6439538046472375,-0.42445324973146015,-1.542875249290164,0,-0.5542810225558661,-0.34543673358277616,-1.4059203336124568,0,0,1.7665728513408698,0.8547200151185965,1.0147210642093043,0,0.9052147674811515,0.3762888142126215,0.5179835267628379,0,-0.41647681521923463,-0.40896985420283194,-0.5451767239624337,0,0,0,0,0,0,0,0,0,2.3069109043464175,1.6793857160845516,2.3380555075234435,0,1.2828968970987775,0.8245280808192446,2.141566680448456,0,1.5774303297548764,1.5142662832142948,2.099669823712917,0,0,0,0,2.497295959841206,2.726798721896717,1.8207978115476235,0,2.178745276657909,1.3776034535205586,1.3653691402479975,0,2.2488782824435347,1.9883194168011062,2.3183303213327697,0,1.2740137178410622,1.8018501050141582,0.4494164260924052,0,2.3283399968343828,1.606260854096253,0.8819358314948635,0,0.9442051122005122,0.5024059912077306,-0.11268775431172617,0,0,0,0,0,0,2.5948206689587288,0.16662864451069392,1.5728577410185078,0,1.5498450652487339,-0.1735542341663736,1.4903245363669617,0,0.8594037230947587,-1.164189348403081,0.7226727106472985,0,0,0,0,0,0,0,0,0.37064647030131326,1.2576027057657244,0,0.7779385081919568,-0.06324603081364355,0.0670755301715733,0,0.06112132527957659,-0.11704035529329282,0.6004159129747331,0,7.777456559328044E-4,0.13542805549354942,0.09429485479797073,0.2926434630245751,0,0.1438712383012266,0.2567003896575919,0.1606695674427545,0,0,0,0,0,0.22402422164567337,0.3636362334003218,0.3505764518616772,0,-0.03252152634051342,0,-0.060949185098946757,-0.02220890341378734,0.13082624204663773,0,0.03945438862042305,-0.019327265378882075,-4.8382238038335856E-4,0,-0.21421548703078486,-0.0037363974463540117,0,0,0,0,0,0.016651959984118392,-0.07199963008697985,-0.06340049629693034,0,0,0,0,0,0.312996367872743,0.13182561729707754,0.32778404650669923,0,-0.008267424562726333,0.008219681774473742,-0.008182628057815222,0,0,0,0,0,0.24758860402455518,0.20156067076200124,0.18211869167134864,0,0.3960148284808813,0.34552118773448726,0.36446904425019966,0,0.03537942330686761,0.2184914047516031,-0.010327722900408176,0,0,0,0,0,0.4971193193895038,0.4855261728292719,0.12326382779604295,0,0.7161981845954344,0.4313928064482697,0.43271339112057117,0,0.00834080959507233,0.3790371297234323,-0.03654447074548983,0,0,0,0,-0.08055051726228157,0.7457585366826933,0.20104413266761423,0,-0.17646901305452367,0.5071198762173266,0.15182503215523102,0,0.013964059332270295,0.2913197281602349,0.41312300419446135,0,0.0365031065490351,-0.25318721162916713,0.390990848090472,0,-0.021746822308130298,0.39631370019710577,0.2055883605652964,0,0.21670884835192972,0.357452208843406,0.17084436697752636,0,0,0,0,0,0.1196015431598525,-0.02136404981828033,0.5408336199929167,0,0.2081314926370128,0.45166346565282556,0.6699639380201106,0,0.16264378253066525,0.41720536616459203,0.3130942739014131,0,0,0,0,0,0.1160097432425502,-0.015883754321401433,0.49507645157404934,0,0.2743529746007809,0.35046097016764044,0.8067541768112791,0,0.2833946196725128,0.3959569279612216,0.5425457759810204,0,0,0,0,0]],"modifications":[]}]}}
