{"modelSettings":{"letterOrder":"ACGT","bindingModeInteractions":[],"bindingModes":[{"fitLogActivity":true,"flankLength":0,"singleStrand":false,"size":20,"dinucleotideDistance":0,"componentName":"Binding mode 0","positionBias":false,"modifications":[]},{"fitLogActivity":true,"flankLength":0,"singleStrand":false,"size":20,"dinucleotideDistance":0,"componentName":"Binding mode 1","positionBias":false,"modifications":[]}],"letterComplement":"C-G,A-T"},"coefficients":{"bindingModeInteractions":[],"bindingModes":[{"mononucleotide":[0,0,0,0,0,0,0,0,0,0,0,0,0,0,0,0,0,0,0,0,0,0,0,0,0,0,0,0,0,0,0,0,0,0,0,0,0,0,0,0,0,0,0,0,0,0,0,0,0,0,0,0,0,0,0,0,0,0,0,0,0,0,0,0,0,0,0,0,0,0,0,0,0,0,0,0,0,0,0,0],"activity":[[-12.196378717854424]],"dinucleotide":[],"modifications":[]},{"mononucleotide":[-0.10095727526540799,-0.23180711827610878,-0.4417745358513461,0,0,-0.5567210469276365,-0.6932482409532597,-0.14187946579122723,0,-1.0411720204154875,-1.1432457054273932,-0.15937514697889554,0,-1.5350610012396118,-1.232353483839308,-0.06640549715103639,-0.003392127371682818,-1.8311435095368935,-1.2765974880304611,0,-0.013486234192498614,-1.3454370971350826,-1.1549235170224676,0,-0.22696367072230217,-1.071867613022416,-0.6524428341003876,0,-0.027390139544767322,-0.5320438243844592,-0.06642711221085662,0,0,-0.3619067703321708,-0.1480504200109074,-0.3023509800863984,0,-0.1583119695898958,-0.057390714335378235,-0.4808737742011342,-0.821990131024581,0,-0.6733314892817468,-0.05296975272339566,-2.523345519358525,-1.3216286639509036,-4.129362092267044,0,0,-2.314489947723658,-2.6423683116323495,-2.58096614122765,0,-4.133131837649126,-3.696772877462653,-5.300012768692194,-5.034923438141208,-8.057605521762767,-5.289392248554406,0,-2.121528988822819,-2.404919715590056,-2.3765437211551816,0,0,-1.325535305919054,-1.2252350588137428,-2.0140155251641154,-0.6213640534240383,-0.8854183168424417,0,-1.5237914288986136,0,-0.5599414445750561,-0.453788410534699,-0.36700458469379704,-0.5132863743890343,-0.9020975593512919,-0.6146958891071037,0],"activity":[[0]],"dinucleotide":[],"modifications":[]}]}}
