{"modelSettings":{"letterOrder":"ACGT","bindingModeInteractions":[],"bindingModes":[{"fitLogActivity":true,"flankLength":0,"singleStrand":false,"size":15,"dinucleotideDistance":0,"componentName":"Binding mode 0","positionBias":false,"modifications":[]},{"fitLogActivity":true,"flankLength":0,"singleStrand":false,"size":15,"dinucleotideDistance":0,"componentName":"Binding mode 1","positionBias":false,"modifications":[]}],"letterComplement":"C-G,A-T"},"coefficients":{"bindingModeInteractions":[],"bindingModes":[{"mononucleotide":[0,0,0,0,0,0,0,0,0,0,0,0,0,0,0,0,0,0,0,0,0,0,0,0,0,0,0,0,0,0,0,0,0,0,0,0,0,0,0,0,0,0,0,0,0,0,0,0,0,0,0,0,0,0,0,0,0,0,0,0],"activity":[[-9.149893996720717]],"dinucleotide":[],"modifications":[]},{"mononucleotide":[-0.14728130015489072,-0.3997887417484236,0,-0.3492801334011908,0,-0.4002010470077373,-0.4335789392182505,-0.12564372666412282,-0.9694790423557684,-1.0823715309064106,-1.0508482216803756,0,-0.10351187790779548,-0.6919207384578208,-0.594161972721583,0,0,-1.2568654531873733,-1.2090558676028387,-0.8903906132789707,0,-0.6660542657693291,-0.21047949570507996,-0.2245474670849248,-0.5660712970609652,0,-0.19025113941323468,-0.9870350254982725,-0.7870988226583684,-1.5359206169749982,0,-1.6119686337082513,-1.8973558548178389,-2.316659065299792,0,-1.935822018961293,0,-1.6523879506672934,-3.4099606372536506,-2.850138040631961,-4.820454849681102,-4.48146987359522,-4.575797573798848,0,-2.5351279750693436,-2.746160119624893,-3.558983803170019,0,0,-3.55374761054871,-2.9630816185549964,-1.9177210462638143,0,-0.6946881726535121,-0.027532767449754303,-0.2048926877365158,-0.27356861855157355,-0.019353332944845647,0,-0.22573359513245883],"activity":[[0]],"dinucleotide":[],"modifications":[]}]}}
