{"modelSettings":{"letterOrder":"ACGT","bindingModeInteractions":[],"bindingModes":[{"fitLogActivity":true,"flankLength":0,"singleStrand":false,"size":15,"dinucleotideDistance":0,"componentName":"Binding mode 0","positionBias":false,"modifications":[]},{"fitLogActivity":true,"flankLength":0,"singleStrand":false,"size":15,"dinucleotideDistance":0,"componentName":"Binding mode 1","positionBias":false,"modifications":[]}],"letterComplement":"C-G,A-T"},"coefficients":{"bindingModeInteractions":[],"bindingModes":[{"mononucleotide":[0,0,0,0,0,0,0,0,0,0,0,0,0,0,0,0,0,0,0,0,0,0,0,0,0,0,0,0,0,0,0,0,0,0,0,0,0,0,0,0,0,0,0,0,0,0,0,0,0,0,0,0,0,0,0,0,0,0,0,0],"activity":[[-9.382016540074792]],"dinucleotide":[],"modifications":[]},{"mononucleotide":[-0.2352300614143097,0,-0.010962440035942933,-0.2891643668854904,-0.21618314283526274,-0.02298017217118442,-0.7326927628985729,0,-1.9964229179526605,-3.1078406522979307,-4.024209761991962,0,0,-3.9535500264163836,-2.8335492108052875,-2.625234016633158,0,-7.458128443797548,-7.561896208663764,-8.563475297782922,-2.9677906538121377,-3.7490292124468034,-1.697091032402387,0,-2.011829980573342,0,-2.426610947332808,-1.9751407564956338,-1.6918160570554868,0,-1.6080470201461594,-0.8379927705817032,-1.0405846791471909,-0.19766513042043599,0,-0.6070152210595268,-0.23880037413507083,-0.22997964966175743,-0.6968938063539909,0,-0.9308278360717033,-1.2504839042080569,-1.2864109412911162,0,0,-0.6173906029069016,-0.7143624015291969,-0.09572116457289326,0,-1.10161435877097,-1.136487063509362,-1.019913863065847,-0.13255961495377555,-0.44210377133910406,-0.41339204688977915,0,-0.36759030011344507,0,-0.408615625123641,-0.1509899851419867],"activity":[[0]],"dinucleotide":[],"modifications":[]}]}}
