{"modelSettings":{"letterOrder":"ACGT","bindingModeInteractions":[],"bindingModes":[{"fitLogActivity":true,"flankLength":0,"singleStrand":false,"size":15,"dinucleotideDistance":0,"componentName":"Binding mode 0","positionBias":false,"modifications":[]},{"fitLogActivity":true,"flankLength":0,"singleStrand":false,"size":15,"dinucleotideDistance":0,"componentName":"Binding mode 1","positionBias":false,"modifications":[]}],"letterComplement":"C-G,A-T"},"coefficients":{"bindingModeInteractions":[],"bindingModes":[{"mononucleotide":[0,0,0,0,0,0,0,0,0,0,0,0,0,0,0,0,0,0,0,0,0,0,0,0,0,0,0,0,0,0,0,0,0,0,0,0,0,0,0,0,0,0,0,0,0,0,0,0,0,0,0,0,0,0,0,0,0,0,0,0],"activity":[[-8.575273247832103]],"dinucleotide":[],"modifications":[]},{"mononucleotide":[-0.22478958189203624,0,-0.03954062212652509,-0.262878206022803,-0.17266638055870054,-0.009944049725415738,-0.5730224013378145,0,-1.7658660941296649,-2.467756128113667,-2.7043524238944805,0,0,-2.7618983860655053,-2.407713805059542,-2.2920819876327574,0,-3.1671064821632697,-3.104880176236044,-3.2749643757241502,-2.4557150170606956,-2.6366491475810125,-1.525471223682196,0,-1.7789962832605646,0,-1.982444394685011,-1.7283733823387593,-1.4256932393134338,0,-1.3104775946998402,-0.7037916113078246,-0.8784632094244778,-0.1798725930388212,0,-0.503960382434105,-0.1755356735536786,-0.1299542182452864,-0.5298814662297708,0,-0.7960003732478533,-1.0530244101210062,-1.1001741996319616,0,0,-0.4987541558884008,-0.5774124425016307,-0.09531256460681092,0,-0.9019635283799445,-0.9096892222479944,-0.8324472223553041,-0.11981994643730687,-0.3767903249346123,-0.3300742216166359,0,-0.3298158385698642,0,-0.36493214207014013,-0.16735110358279393],"activity":[[0]],"dinucleotide":[],"modifications":[]}]}}
