{"modelSettings":{"letterOrder":"ACGT","bindingModeInteractions":[],"bindingModes":[{"fitLogActivity":true,"flankLength":0,"singleStrand":false,"size":15,"dinucleotideDistance":0,"componentName":"Binding mode 0","positionBias":false,"modifications":[]},{"fitLogActivity":true,"flankLength":0,"singleStrand":false,"size":15,"dinucleotideDistance":0,"componentName":"Binding mode 1","positionBias":false,"modifications":[]}],"letterComplement":"C-G,A-T"},"coefficients":{"bindingModeInteractions":[],"bindingModes":[{"mononucleotide":[0,0,0,0,0,0,0,0,0,0,0,0,0,0,0,0,0,0,0,0,0,0,0,0,0,0,0,0,0,0,0,0,0,0,0,0,0,0,0,0,0,0,0,0,0,0,0,0,0,0,0,0,0,0,0,0,0,0,0,0],"activity":[[-9.705008398148621]],"dinucleotide":[],"modifications":[]},{"mononucleotide":[-0.2963631067302863,0,-0.01606839370465707,-0.3675346924370331,-0.24824713175006963,-0.012737380683233823,-0.8064730015102377,0,-2.2562324476061946,-3.3637599476121807,-4.534895827601936,0,0,-4.369108478624394,-3.0660763083303735,-2.9932851047411972,0,-8.568209522136133,-8.275544655877011,-8.67226725099566,-3.3552007617717727,-4.267811056645565,-1.7869617090175751,0,-2.271054227837375,0,-2.6660919030970014,-2.226414444430251,-1.939503921472376,0,-1.750686031647696,-0.9593501946192937,-1.2179716281690283,-0.2401031136522107,0,-0.7245505509828511,-0.26745498885991736,-0.19560211449559262,-0.6943496734654175,0,-1.0451313439766565,-1.3314679050206593,-1.331123346003281,0,0,-0.6291473243717967,-0.7249268752630904,-0.09757449391818795,0,-1.1909484108903463,-1.1955666196078898,-1.1260639792460712,-0.12209089028398523,-0.4402317964304352,-0.41718761033532026,0,-0.4358195287537967,0,-0.443412411640594,-0.20642708188635517],"activity":[[0]],"dinucleotide":[],"modifications":[]}]}}
