{"modelSettings":{"letterOrder":"ACGT","bindingModeInteractions":[],"bindingModes":[{"fitLogActivity":true,"flankLength":0,"singleStrand":false,"size":10,"dinucleotideDistance":0,"componentName":"Binding mode 0","positionBias":false,"modifications":[]},{"fitLogActivity":true,"flankLength":0,"singleStrand":false,"size":10,"dinucleotideDistance":0,"componentName":"Binding mode 1","positionBias":false,"modifications":[]}],"letterComplement":"C-G,A-T"},"coefficients":{"bindingModeInteractions":[],"bindingModes":[{"mononucleotide":[0,0,0,0,0,0,0,0,0,0,0,0,0,0,0,0,0,0,0,0,0,0,0,0,0,0,0,0,0,0,0,0,0,0,0,0,0,0,0,0],"activity":[[-6.66840984920184]],"dinucleotide":[],"modifications":[]},{"mononucleotide":[-0.3144313526755731,-0.07820809939491191,0,-0.2700430458973262,-0.17295976961126946,-0.07977721491944934,-0.40530719124199877,0,-2.130238545366412,-4.127158402306366,-3.742070978686467,0,0,-5.257405645979006,-2.7981071460971627,-2.3163893650768017,0,-3.2326993440756358,-7.2787328208003945,-9.055471538187135,-4.9451394792102565,-5.094177546880905,-1.536261664824881,0,-1.6021251737324569,0,-1.6222258253789459,-1.3407512968254736,-1.4975596304866006,0,-0.6270637492714801,-0.6270261573419749,-0.9146027374244099,-0.39659664115505144,0,-0.4126007375277325,0,-0.358602660645051,-0.8079427172861369,-0.06728837084907191],"activity":[[0]],"dinucleotide":[],"modifications":[]}]}}
