{"modelSettings":{"letterOrder":"ACGT","bindingModeInteractions":[],"bindingModes":[{"fitLogActivity":true,"flankLength":0,"singleStrand":false,"size":10,"dinucleotideDistance":0,"componentName":"Binding mode 0","positionBias":false,"modifications":[]},{"fitLogActivity":true,"flankLength":0,"singleStrand":false,"size":10,"dinucleotideDistance":1,"componentName":"Binding mode 1","positionBias":false,"modifications":[]}],"letterComplement":"C-G,A-T"},"coefficients":{"bindingModeInteractions":[],"bindingModes":[{"mononucleotide":[0,0,0,0,0,0,0,0,0,0,0,0,0,0,0,0,0,0,0,0,0,0,0,0,0,0,0,0,0,0,0,0,0,0,0,0,0,0,0,0],"activity":[[-7.357915307078157]],"dinucleotide":[],"modifications":[]},{"mononucleotide":[-0.3541520958229789,-0.9683314522432447,-0.47565671031533796,0,-0.828056833646496,0,-0.7415774942213993,-1.2299964386690476,-0.6598705960542155,-0.5364155073080674,0,-1.6069869529369534,-1.0966857724588408,-1.3142947502738629,0,-1.2207997036819478,0,-1.4221659856522422,-3.8496822108320297,-3.6619565632342157,-10.085757337901011,-8.861377118684029,-5.755148923675875,0,-2.4060501173097713,-2.6257599964503804,-5.636693635362932,0,0,-5.158791073369627,-3.2659872753212795,-1.896734223460264,0,-0.4939536942090399,-0.21308697432677803,-0.11751676687129375,-0.2760416535974599,0,-0.13788945021407528,-0.5676750994019688],"activity":[[0]],"dinucleotide":[[0.7483254959376886,0,0.6296640644980016,0.6649229886955617,0.6261709550299663,0,0.5227124589176633,0.8637374219670662,0.49835294705021127,0,0.36695851557345094,0.6708882245519519,0,0,0,0,0.226953063912255,-0.28742126077125363,0,-0.0217394245398026,0,0,0,0,0.2875600122371722,-0.0987333055687536,0,0.7512634044179194,-0.010666211842082163,-0.7861468695888973,0,-1.0892468697744784,-1.4541801674323693,-1.7391659436993523,0,-1.3899532079966583,-1.0526405157279228,-1.2970794780555295,0,-0.285188053882095,0,0,0,0,0.3568313393536364,-0.6771519310815597,0,-0.7956305890729878,0,0.45288517626007163,0.7585367918568497,0.13030802601805114,0,-6.5793762157579305,1.8369663011549138,-1.5231784403473618,0,0,0,0,0,0.36426546682482197,1.778722070851317,0.5241426310173178,0,0,0,0,4.849610919719476,1.5364044745495065,3.4751648438695852,0,5.504762012864077,2.458384050104165,5.21783790255193,0,3.2529698598149572,2.9148755185034325,5.965872403271542,0,3.5221813087364886,6.239552055774102,8.036159832295606,0,7.341280169828196,7.5017843955387,9.376326656237431,0,2.6069114251248253,2.832671178851979,4.22826623874095,0,0,0,0,0,0,3.0630882068830916,1.9685734467022868,0.25263390902951866,0,3.9085707215953516,1.3784749907122986,-1.2586944157849294,0,5.825996754847872,4.963275261376057,3.1266931014993666,0,0,0,0,0,0,0,0,0,1.1712209860502218,1.022883150546038,1.2385651113454141,0,-0.0967122443210986,-0.852115325515495,0.27064751852305236,0,-0.7337970040427315,-0.013844340803441213,-0.8344046147647894,0,0,0,0,0.004502578354559361,0,0.16383703869114186,0.2087558271636567,-0.0215931947826018,0,0.10287377178876156,0.5615539834616676,-0.10701248856261181,0,-0.038837191725153986,-0.02579819232842695]],"modifications":[]}]}}
