{"modelSettings":{"letterOrder":"ACGT","bindingModeInteractions":[],"bindingModes":[{"fitLogActivity":true,"flankLength":0,"singleStrand":false,"size":15,"dinucleotideDistance":0,"componentName":"Binding mode 0","positionBias":false,"modifications":[]},{"fitLogActivity":true,"flankLength":0,"singleStrand":false,"size":15,"dinucleotideDistance":0,"componentName":"Binding mode 1","positionBias":false,"modifications":[]}],"letterComplement":"C-G,A-T"},"coefficients":{"bindingModeInteractions":[],"bindingModes":[{"mononucleotide":[0,0,0,0,0,0,0,0,0,0,0,0,0,0,0,0,0,0,0,0,0,0,0,0,0,0,0,0,0,0,0,0,0,0,0,0,0,0,0,0,0,0,0,0,0,0,0,0,0,0,0,0,0,0,0,0,0,0,0,0],"activity":[[-5.758319281327628]],"dinucleotide":[],"modifications":[]},{"mononucleotide":[-0.39237003635366285,-0.0770758910535072,0,-0.3223645403134796,-0.19726548320436166,-0.0011231134374884988,-0.39745141368927506,0,-2.4977382018307726,-3.0710232415982155,-5.936039580771527,0,0,-4.323859430313701,-3.368539832820172,-3.6636617658299766,0,-5.786683505209735,-6.0977454743544985,-7.8683746687699365,-6.083477358855976,-6.456013743612546,-2.423145602472598,0,-2.921894629511959,0,-3.5875804245312466,-3.820535627114918,-2.912570781559781,0,-0.912317907901592,-1.2091531057456795,-1.7490791790887439,-0.9156171794820143,0,-0.6341065732031446,-0.27181912145747944,-1.1784981915685897,-1.370125166125776,0,-1.7948624156061914,-1.9571412678265538,-2.2279062728021852,0,0,-1.574851608156468,-1.9123743882488995,-0.1283809451977138,0,-2.821873209521234,-2.9295997938723435,-1.8189685182513067,-0.12771712083333675,-0.7520968748668881,-0.12599022943774685,0,-0.6145165080462185,0,-0.488598301784231,-0.5974817167966151],"activity":[[0]],"dinucleotide":[],"modifications":[]}]}}
