{"modelSettings":{"letterOrder":"ACGT","bindingModeInteractions":[],"bindingModes":[{"fitLogActivity":true,"flankLength":0,"singleStrand":false,"size":15,"dinucleotideDistance":0,"componentName":"Binding mode 0","positionBias":false,"modifications":[]},{"fitLogActivity":true,"flankLength":0,"singleStrand":false,"size":15,"dinucleotideDistance":1,"componentName":"Binding mode 1","positionBias":false,"modifications":[]}],"letterComplement":"C-G,A-T"},"coefficients":{"bindingModeInteractions":[],"bindingModes":[{"mononucleotide":[0,0,0,0,0,0,0,0,0,0,0,0,0,0,0,0,0,0,0,0,0,0,0,0,0,0,0,0,0,0,0,0,0,0,0,0,0,0,0,0,0,0,0,0,0,0,0,0,0,0,0,0,0,0,0,0,0,0,0,0],"activity":[[-6.017491971173262]],"dinucleotide":[],"modifications":[]},{"mononucleotide":[-0.8040410588127784,-0.08285636475368818,0,-0.2122697759993173,-0.18710605787249435,-0.057836328033818774,-0.47371848055865584,0,-2.426337809086924,-3.443847705724993,-8.28734490769649,0,0,-3.949307917854469,-3.2811222546953855,-3.707079201653258,0,-8.197878717520634,-7.62419133413195,-9.480272481404581,-4.855840178291511,-5.907628236902308,-2.404551696490813,0,-2.384356107768797,0,-2.7871101927404247,-3.55447968797834,-2.7660059676134754,0,-0.6463630318975859,-1.5758738097319256,-1.7813826690464953,-1.443933575765989,0,-1.305594536451789,0,-0.9919987693643932,-1.103875013074589,-0.4420618137695804,-2.293700051351564,-3.151075290420379,-2.8375642875323575,0,0,-1.6522824288913327,-2.045034073799515,-0.2583499989421689,0,-3.0615078753792915,-3.5780097800026427,-3.0806849657536404,-0.48471192408534236,-1.263014201271698,-0.6160750423107153,0,-0.9400396940182016,0,-0.8308981382561988,-1.1589468394000324],"activity":[[0]],"dinucleotide":[[0.05186443306025268,0.7381081961076426,0.3046468394454891,0,-0.06018795661889342,-0.23822385186510076,0.23118372942063203,0,0,0,0,0,0.01490073503870093,-0.18404228559721858,-0.2892144796645191,0,-1.0234259961284344,0.41707318456654274,0.42102928396476536,0,0.23622700720486023,-0.011944208538290368,0.9450206173094173,0,-0.596012407431342,-0.089000993504321,0.9029712137492982,0,0,0,0,0,0,0.46727471081785144,1.6640864732779646,1.1311073172101471,0,-0.45100510771464997,1.075304593266166,2.0583782688537458,0,2.716322691198023,3.0616195142525484,4.06450079162428,0,0,0,0,0,0,0,0,0,4.406161010707636,5.259367487227005,6.5348701660136435,0,3.2071178751269045,5.687454298369228,4.167416373581389,0,4.933682364966322,3.164362683521082,6.4222662257351715,0,0,0,0,6.3830339443138815,5.642188721142622,1.5439637555921628,0,3.8076471367665192,3.9842154041594657,-0.18319233565395265,0,3.9052668860449806,5.382806867087652,1.2396125208184348,0,0.02302207384487165,0,1.1420426344823147,2.7334672759010186,3.4079912273483117,0,1.2683118794494757,2.005554891739508,0.7742440323162061,0,-2.8985571834593635,1.97755730680041,0,0,0,0,1.1079336709453003,0,-1.4701967516692918,-0.6980221598314795,0,0,0,0,-0.07593312747259429,0,-2.062973173762063,-3.520268208796268,2.406951020720081,0,-1.1365256963615238,-1.0189465595415008,-0.5919227884871106,0.9156441019944914,0,-0.2712459296403118,0,0,0,0,-1.1291452210877626,-0.2815722141865411,0,-0.9780574306818082,0.49581508039227273,0.9011726341658175,0,0.727895631787149,0,0.30471653303304436,-0.14180272800277116,0.42286814069598755,0,0.6920199446556161,-0.12238939813275174,1.124809647965865,0,0,0,0,0,0.6418770277585377,-0.49190530422485423,1.4913715519983057,0,0,0,0,0.5563940651656569,0.5175609835554615,-0.755074772728082,0,1.3635523462177517,-0.4152200781055786,-0.8040015867711814,0,0.32377492458323864,-1.6690179235149039,-2.1041288302478387,0,0,-0.9946553087134573,0.1596737722796444,0.37476264390044634,0,1.8889062936704368,1.5621285574401123,2.0506944947569012,0,-0.9207517955379219,2.712538626117814,1.8900822923581888,0,0,0,0,0,0,0,0,0,1.165594834603695,1.7154859729950136,0.8623754783542372,0,0.27638427139925703,2.0156731088020763,1.2844289788828087,0,0.5944164099878435,1.7469283536723994,1.1931912482428544,0,0,0,0,-0.7378444309906014,0.13836621166336283,-0.0628094355344393,0,-0.1466251635066964,-0.4167216951488548,-0.186284322793826,0,0.4015960364064801,0.28716860591995985,-0.12082771974055806,0,0.445483712406471,0,0.6896780691149953,1.0389702522620752,0.7748788405903344,0,0.9932364347352856,1.015259833770017,0.7322937940875018,0,0.3963695426362044,1.0073715559568708,0,0,0,0]],"modifications":[]}]}}
