{"modelSettings":{"letterOrder":"ACGT","bindingModeInteractions":[],"bindingModes":[{"fitLogActivity":true,"flankLength":0,"singleStrand":false,"size":10,"dinucleotideDistance":0,"componentName":"Binding mode 0","positionBias":false,"modifications":[]},{"fitLogActivity":true,"flankLength":0,"singleStrand":false,"size":10,"dinucleotideDistance":0,"componentName":"Binding mode 1","positionBias":false,"modifications":[]}],"letterComplement":"C-G,A-T"},"coefficients":{"bindingModeInteractions":[],"bindingModes":[{"mononucleotide":[0,0,0,0,0,0,0,0,0,0,0,0,0,0,0,0,0,0,0,0,0,0,0,0,0,0,0,0,0,0,0,0,0,0,0,0,0,0,0,0],"activity":[[-10.058468652598634]],"dinucleotide":[],"modifications":[]},{"mononucleotide":[-0.3839809745861533,-0.04474434829676888,0,-0.264031694631635,-0.21992624883443668,-0.12073847707174146,-0.43335157347632425,0,-2.043127520150227,-3.2809241574327146,-2.6070945735710005,0,0,-3.86551660962499,-2.4189868425251095,-2.2682548777244627,0,-2.462976576276361,-4.48975142995078,-7.4826913591104205,-3.6567635444043756,-3.645770737843378,-1.6984076008128124,0,-1.7784181740083032,0,-1.8613627707911924,-1.802216795183396,-1.4204836232546523,0,-0.6207276902429086,-0.6629717129275416,-0.979761968342185,-0.4415731758126267,0,-0.5017009928742535,0,-0.416176702193205,-0.9572399832804876,-0.2111716565026871],"activity":[[0]],"dinucleotide":[],"modifications":[]}]}}
