{"modelSettings":{"letterOrder":"ACGT","bindingModeInteractions":[],"bindingModes":[{"fitLogActivity":true,"flankLength":0,"singleStrand":false,"size":15,"dinucleotideDistance":0,"componentName":"Binding mode 0","positionBias":false,"modifications":[]},{"fitLogActivity":true,"flankLength":0,"singleStrand":false,"size":15,"dinucleotideDistance":1,"componentName":"Binding mode 1","positionBias":false,"modifications":[]}],"letterComplement":"C-G,A-T"},"coefficients":{"bindingModeInteractions":[],"bindingModes":[{"mononucleotide":[0,0,0,0,0,0,0,0,0,0,0,0,0,0,0,0,0,0,0,0,0,0,0,0,0,0,0,0,0,0,0,0,0,0,0,0,0,0,0,0,0,0,0,0,0,0,0,0,0,0,0,0,0,0,0,0,0,0,0,0],"activity":[[-5.743703071972494]],"dinucleotide":[],"modifications":[]},{"mononucleotide":[-0.8526515139777828,-0.10067020437149665,0,-0.25587763498691096,-0.22765520942353845,-0.0614326323040526,-0.46535658141899994,0,-2.4595102956423904,-3.319125382325213,-4.5417209648716925,0,0,-4.02596945662935,-3.3212155992504577,-3.9097063865365778,0,-9.557703658172843,-6.366043135244805,-9.814353661910994,-5.02045397028649,-5.73599383470126,-2.397021788091971,0,-2.413002045423802,0,-2.784052426551746,-3.704132415598174,-2.7730667746003785,0,-0.6224937363296483,-1.5948694108835664,-1.7948745668841664,-1.4307877716508823,0,-1.295446317330276,0,-0.9659333223272473,-1.0511201116456323,-0.41143256403675643,-2.365155502833293,-3.1626690886630637,-2.963144180743697,0,0,-1.648018948892144,-2.0599175735186783,-0.2654005335304479,0,-3.059015404835087,-3.6000065778293004,-3.180907617191732,-0.4862362623483829,-1.2312653011743393,-0.5909071679072042,0,-0.9693065815831599,0,-0.838155718626874,-1.1687616820448419],"activity":[[0]],"dinucleotide":[[0.1084470838146423,0.7822248794524835,0.3320627006418224,0,-0.009342174304110884,-0.2000495450952382,0.24579653466958895,0,0,0,0,0,0.06615993023870281,-0.09478478139808466,-0.2717995901348278,0,-1.1892864568351023,0.052000559159739446,-2.2237503749517264,0,0.26758826906561595,-0.17303684902947225,-3.4074253894421913,0,-0.6433828320820094,-0.25622732167100004,0.6893810692532893,0,0,0,0,0,0,0.5487793606555664,1.6342857679913951,0.9550972947078682,0,-1.2837288911469402,0.44378540442016234,2.234162538355373,0,-0.42915685863881414,-0.23722275083072208,0.04956832281662926,0,0,0,0,0,0,0,0,0,5.5272169410403915,3.477976682549696,6.649933811573548,0,3.8564533168549247,4.807311952205095,2.676884310292083,0,5.587398715171819,0.9029047532497412,3.0496682523912924,0,0,0,0,7.057283327277526,6.61157110718397,2.8758331287717365,0,3.3523599095459744,3.5423357946199747,0.4530819825119732,0,4.103017677139601,3.9712345635092934,3.1895811615535923,0,-0.9602584681711006,0,1.8724284239464284,2.65937440263426,3.090469247562152,0,1.151244781252366,0.5650078174178415,0.6824387001507857,0,-2.975073919365183,2.0529120444489184,0,0,0,0,0.9434411145053669,0,-1.5968460666293502,-0.8205118993412324,0,0,0,0,-0.2668646300544104,0,-2.202152121467819,-3.9291733281919594,2.4293060106594897,0,-1.245830939907596,-1.4243175660174598,-0.9274662516466865,0.8768075151944181,0,-0.35717698316679414,0,0,0,0,-1.3336467703010735,-0.31182216035523247,0,-0.9834202208310998,0.4442717860742178,0.8748013721667025,0,0.7221296747962942,0,0.3174394646287446,-0.1719805277351547,0.39668752557266984,0,0.7487404707726064,-0.20398851674536367,1.1021210582942,0,0,0,0,0,0.6054708138919551,-0.5567648601575073,1.4382381795775014,0,0,0,0,0.620576324213733,0.5791825955220196,-0.8258884910412085,0,1.4018978763077001,-0.3732906629461956,-0.7584955760985501,0,0.40865019505494615,-1.7212161082887087,-2.197112020701053,0,0,-1.0422107142051207,0.14485610623849787,0.34527699433071746,0,1.9715142836507464,1.684601007145912,2.100570391666386,0,-0.9396787842020187,2.870535602487701,2.0607871134950777,0,0,0,0,0,0,0,0,0,1.3393922701976724,1.683071438606924,0.9311017361346128,0,0.4265377324299058,2.07586026030755,1.223436125134259,0,0.5037371419676901,1.7702046220306906,1.2547425100538252,0,0,0,0,-0.8187136591519311,0.11047631927513812,0.008567129719368793,0,-0.12015494415783312,-0.3597303912102321,-0.08412566614874528,0,0.43777746743908885,0.25579893033803813,-0.10983120723066175,0,0.46102318474729387,0,0.7043802012160434,1.055347977387715,0.761720993119237,0,0.9884286802013325,0.9823029073912224,0.7225556995384608,0,0.3885390067421195,0.9819647016364268,0,0,0,0]],"modifications":[]}]}}
