{"modelSettings":{"letterOrder":"ACGT","bindingModeInteractions":[],"bindingModes":[{"fitLogActivity":true,"flankLength":0,"singleStrand":false,"size":15,"dinucleotideDistance":0,"componentName":"Binding mode 0","positionBias":false,"modifications":[]},{"fitLogActivity":true,"flankLength":0,"singleStrand":false,"size":15,"dinucleotideDistance":1,"componentName":"Binding mode 1","positionBias":false,"modifications":[]}],"letterComplement":"C-G,A-T"},"coefficients":{"bindingModeInteractions":[],"bindingModes":[{"mononucleotide":[0,0,0,0,0,0,0,0,0,0,0,0,0,0,0,0,0,0,0,0,0,0,0,0,0,0,0,0,0,0,0,0,0,0,0,0,0,0,0,0,0,0,0,0,0,0,0,0,0,0,0,0,0,0,0,0,0,0,0,0],"activity":[[-5.761257198698824]],"dinucleotide":[],"modifications":[]},{"mononucleotide":[-0.8527806600811401,-0.10050123924843213,0,-0.255968811978736,-0.22749735604211807,-0.0613845154512358,-0.4655847204173975,0,-2.4598068459991733,-3.306783429616406,-4.5655387463558545,0,0,-4.031631906511571,-3.318845721830102,-3.9073815221216694,0,-9.365702583055027,-6.306331257674775,-9.438037955662155,-5.016679509419791,-5.748162155158346,-2.3965677646983856,0,-2.4119604036920137,0,-2.78410939349596,-3.7045357547764777,-2.7742691165462023,0,-0.6226795771170419,-1.5945285533172182,-1.7941302529216578,-1.4310913336324296,0,-1.2955305340285692,0,-0.9659204657242588,-1.0500601484456782,-0.41148250334561354,-2.364571726801035,-3.1584151531032054,-2.96237596857772,0,0,-1.6483453564339605,-2.0597711495663784,-0.2652310684592365,0,-3.0593177023131943,-3.594976170928204,-3.176149329325204,-0.4862178107003263,-1.2310051292041093,-0.5909079321723016,0,-0.9693924953631532,0,-0.8379461751758175,-1.1686370245768245],"activity":[[0]],"dinucleotide":[[0.10825565854740304,0.7822776658115247,0.33329426567674414,0,-0.009859763048122971,-0.20048170755982753,0.24597272758362987,0,0,0,0,0,0.06631223661894303,-0.09482606085612844,-0.27228294038411605,0,-1.1875071176642296,0.03844595400043449,-2.146704703057684,0,0.26692806479088915,-0.1903722026510133,-3.3021997778800616,0,-0.6466585181652516,-0.2759065239841423,0.7324758515295064,0,0,0,0,0,0,0.6050886415646488,1.6326909376073067,0.9644097964933316,0,-1.2911931876530076,0.3982315499302871,2.221620249499848,0,-0.3374383799971916,-0.23119468842780933,0.13495193719454335,0,0,0,0,0,0,0,0,0,5.486464669569335,3.5987681025664013,6.24639507307772,0,3.8113108123470205,4.748556808352662,2.203847790724982,0,5.558878375135288,0.6158676383570061,2.3842366306641516,0,0,0,0,6.905792314971095,6.375811927571224,2.81180806137454,0,3.3753370588405716,3.560409333867918,0.39550042155936715,0,3.9801638123388763,3.7521016092892676,3.3144154135073496,0,-1.127846099310971,0,1.8556747953293549,2.6544757420125995,3.1169382095011455,0,1.173452127309595,0.4636050624713626,0.6799656115803794,0,-2.984939552251509,2.052919868216595,0,0,0,0,0.942501320797299,0,-1.6022003269161216,-0.8213601633824057,0,0,0,0,-0.2705784376683482,0,-2.171001057916989,-3.871820397903843,2.4315322776725035,0,-1.2614211667491304,-1.4261261279377857,-0.9237371951310864,0.8780166818216637,0,-0.3539127044579162,0,0,0,0,-1.3227737928943881,-0.3121142232284422,0,-0.983874268432241,0.4445946606858193,0.8744382717831369,0,0.7216089934491956,0,0.3158920173047539,-0.17438356320003212,0.39597122433722554,0,0.7505108861887688,-0.20862917242898238,1.1026859411422416,0,0,0,0,0,0.6048669855912667,-0.5572260057648979,1.4386552372677253,0,0,0,0,0.6168489077662569,0.5782448232016941,-0.8217170501276012,0,1.4026202769551608,-0.3823732456348212,-0.7554279304042533,0,0.408971174895596,-1.7260853197418733,-2.197840597468357,0,0,-1.0318729358049143,0.1410583702450614,0.34605394751973684,0,1.9622844047665557,1.6852979282690193,2.0961602880715198,0,-0.8738094463736426,2.8705138800271595,2.058268238156071,0,0,0,0,0,0,0,0,0,1.3413505698558934,1.6793032024471515,0.9281502537725395,0,0.4343828767426352,2.07442329539895,1.2109064469161614,0,0.5036555532512281,1.7660384725770264,1.2503983600431754,0,0,0,0,-0.811246914947569,0.10454567153093386,0.0070882548066171225,0,-0.12279488074404199,-0.3604687519719061,-0.08716144971937645,0,0.4372150862137021,0.25629354497540113,-0.10929599466089535,0,0.4612806245152319,0,0.7040428275231383,1.0552719143088618,0.762780274091102,0,0.9876527750405328,0.9812495843446829,0.7227906611958552,0,0.3887154242776205,0.9819181301403201,0,0,0,0]],"modifications":[]}]}}
