{"modelSettings":{"letterOrder":"ACGT","bindingModeInteractions":[],"bindingModes":[{"fitLogActivity":true,"flankLength":0,"singleStrand":false,"size":15,"dinucleotideDistance":0,"componentName":"Binding mode 0","positionBias":false,"modifications":[]},{"fitLogActivity":true,"flankLength":0,"singleStrand":false,"size":15,"dinucleotideDistance":0,"componentName":"Binding mode 1","positionBias":false,"modifications":[]}],"letterComplement":"C-G,A-T"},"coefficients":{"bindingModeInteractions":[],"bindingModes":[{"mononucleotide":[0,0,0,0,0,0,0,0,0,0,0,0,0,0,0,0,0,0,0,0,0,0,0,0,0,0,0,0,0,0,0,0,0,0,0,0,0,0,0,0,0,0,0,0,0,0,0,0,0,0,0,0,0,0,0,0,0,0,0,0],"activity":[[-5.510423137478997]],"dinucleotide":[],"modifications":[]},{"mononucleotide":[-0.5719087153131568,-0.4925168230718704,0,-0.5805321391256264,0,-0.15030400828215917,-0.7316112277962006,-0.15978931290147358,-1.640800226038487,-2.3437319336942934,-2.192168990455034,0,-0.0798739012773595,-1.4410743142325764,-1.3528480417161113,0,0,-1.92055590602771,-1.825897688048638,-1.5877543226963882,0,-1.1586174876969153,-1.0055827064381866,-0.13113151265889655,-0.551150638527627,0,-0.8233307957919109,-1.4871150043209242,-1.1022302555404764,-0.9287856792770448,0,-2.202588492179009,-2.7234396261905225,-2.7370141616200616,0,-2.396225742781228,0,-2.2064469034589465,-2.909524855583049,-3.0525161088061576,-3.0196892988586175,-2.823917239774369,-2.692545530626699,0,-2.6529722690962547,-2.4294069453404505,-2.4482073268467444,0,0,-2.7621334598105225,-2.3679564821181804,-2.164688822229907,0,-0.43351575448851243,-0.05281383268082429,-0.21227424244470683,-0.28340327676446897,0,-0.06307604464499583,-0.3489243504682342],"activity":[[0]],"dinucleotide":[],"modifications":[]}]}}
