{"modelSettings":{"letterOrder":"ACGT","bindingModeInteractions":[],"bindingModes":[{"fitLogActivity":true,"flankLength":0,"singleStrand":false,"size":10,"dinucleotideDistance":0,"componentName":"Binding mode 0","positionBias":false,"modifications":[]},{"fitLogActivity":true,"flankLength":0,"singleStrand":false,"size":10,"dinucleotideDistance":0,"componentName":"Binding mode 1","positionBias":false,"modifications":[]}],"letterComplement":"C-G,A-T"},"coefficients":{"bindingModeInteractions":[],"bindingModes":[{"mononucleotide":[0,0,0,0,0,0,0,0,0,0,0,0,0,0,0,0,0,0,0,0,0,0,0,0,0,0,0,0,0,0,0,0,0,0,0,0,0,0,0,0],"activity":[[-6.56401547144055]],"dinucleotide":[],"modifications":[]},{"mononucleotide":[-0.06347664943819709,-0.8174046585249215,-0.35407394167095063,0,-0.4207178646167087,0,-0.3930428048733994,-0.9454084502296833,-0.6523376371784533,-0.6393522403234009,0,-1.5817259823570904,-1.4320687381911341,-1.6764185718369067,0,-1.7090004672805854,0,-1.5554247315988352,-7.3220822456966825,-7.394421395923672,-9.372223170042943,-6.122950692057225,-3.3629630692096146,0,-2.357617145996578,-2.7152590711748434,-5.207817877086471,0,0,-3.7693277502549525,-4.107041575120665,-2.2243471847731815,0,-0.391070198855358,-0.060252351209248545,-0.1821466663787259,-0.29381104035953776,0,-0.0740328998280706,-0.3434898235345818],"activity":[[0]],"dinucleotide":[],"modifications":[]}]}}
