{"modelSettings":{"letterOrder":"ACGT","bindingModeInteractions":[],"bindingModes":[{"fitLogActivity":true,"flankLength":0,"singleStrand":false,"size":10,"dinucleotideDistance":0,"componentName":"Binding mode 0","positionBias":false,"modifications":[]},{"fitLogActivity":true,"flankLength":0,"singleStrand":false,"size":10,"dinucleotideDistance":1,"componentName":"Binding mode 1","positionBias":false,"modifications":[]}],"letterComplement":"C-G,A-T"},"coefficients":{"bindingModeInteractions":[],"bindingModes":[{"mononucleotide":[0,0,0,0,0,0,0,0,0,0,0,0,0,0,0,0,0,0,0,0,0,0,0,0,0,0,0,0,0,0,0,0,0,0,0,0,0,0,0,0],"activity":[[-7.059640779410648]],"dinucleotide":[],"modifications":[]},{"mononucleotide":[-0.3439409000187119,-0.9771495806381587,-0.4776381870090258,0,-0.8378534004340903,0,-0.7513473715915797,-1.2592234461677574,-0.6737501460205486,-0.5447625835512149,0,-1.6223686818490641,-1.1093532340806949,-1.3107604790443759,0,-1.2584712586280347,0,-1.3660597330741702,-3.689488988664322,-3.7423817791209517,-10.235399516164087,-6.038664361324064,-6.162791162248719,0,-2.376243331501146,-2.5937237168531704,-5.234341270995005,0,0,-4.487924066124823,-3.3681631081030527,-1.929134430773951,0,-0.48335092699986326,-0.19598545992818295,-0.12294420527370598,-0.27653919452616016,0,-0.1252573084137456,-0.5732563194666511],"activity":[[0]],"dinucleotide":[[0.7558333632282395,0,0.6363047253983467,0.6639898181097763,0.6409655324497088,0,0.5338639359746775,0.8853689906717008,0.5223486728359763,0,0.37586208520612274,0.6837951250185785,0,0,0,0,0.22621621744072407,-0.2852839950531365,0,-0.05962794754639145,0,0,0,0,0.3073340947448475,-0.0871706572107609,0,0.7416832869361443,-0.0012866810719085464,-0.7974581408127177,0,-1.2587511594957386,-1.7176864314918925,-1.835509758073992,0,-1.5196342238190121,-1.06675899914947,-1.3046728462670538,0,-0.24806201642405767,0,0,0,0,0.34949785419349144,-0.6784064893771431,0,-0.8027248383750019,0,0.36881846406041774,-0.027527632775544042,0.11052278805851401,0,-4.424048239301698,1.7077772176603592,-1.3135520405252317,0,0,0,0,0,0.3107496158103187,1.5297675374935675,0.4486821315977405,0,0,0,0,4.199192155079858,1.4260321516472887,3.7695024132455295,0,5.408909814267879,2.5087324243917415,5.410579432308233,0,3.7309564371706063,2.803245430555644,6.466251076499243,0,4.583400572436759,6.980208313606589,8.619954870359111,0,4.4096166540844495,4.858017301200079,6.564828719137295,0,2.6222816398894455,2.9494470063612583,4.1657370772671,0,0,0,0,0,0,2.667261172011094,1.8448109109734734,0.060378282704697916,0,3.3054453581479155,1.7197908167539673,-3.1451250409609175,0,5.084667246901248,4.791490994393077,3.0177560169620543,0,0,0,0,0,0,0,0,0,0.8583120745864754,0.8681324282512168,0.9505568833301581,0,0.16484759412394645,-0.3780917295344528,0.2144492305351049,0,-0.6736144949600176,0.013228714126777064,-0.966088096258968,0,0,0,0,-0.003067351027906895,0,0.14920820791969547,0.20158499363305715,-0.01278974262766397,0,0.10140071743530399,0.5516092177815413,-0.11083496554759087,0,-0.04705310225077852,-0.03852442099487341]],"modifications":[]}]}}
