{"modelSettings":{"letterOrder":"ACGT","bindingModeInteractions":[],"bindingModes":[{"fitLogActivity":true,"flankLength":0,"singleStrand":false,"size":13,"dinucleotideDistance":0,"componentName":"Binding mode 0","positionBias":false,"modifications":[]},{"fitLogActivity":true,"flankLength":0,"singleStrand":false,"size":13,"dinucleotideDistance":1,"componentName":"Binding mode 1","positionBias":false,"modifications":[]}],"letterComplement":"C-G,A-T"},"coefficients":{"bindingModeInteractions":[],"bindingModes":[{"mononucleotide":[0,0,0,0,0,0,0,0,0,0,0,0,0,0,0,0,0,0,0,0,0,0,0,0,0,0,0,0,0,0,0,0,0,0,0,0,0,0,0,0,0,0,0,0,0,0,0,0,0,0,0,0],"activity":[[-5.265090272761916]],"dinucleotide":[],"modifications":[]},{"mononucleotide":[0,-0.9813090300011442,-0.02797048355869869,-0.5367062572811081,-0.28442001397589944,-0.5297801955739541,0,-0.5953365096206831,-0.7820365698187919,-0.7476630380333287,0,-0.8115985748782819,-0.18034945838554783,-1.0341032410040585,0,-0.8685792542183615,-0.3974148551465193,-0.28004792708572257,0,-0.6370716992891694,-1.1561214565981608,-0.040054562833573115,-0.6829683099596071,0,0,-1.8239484525640286,-1.8973637345783398,-2.672844037122685,0,-3.0301176287497036,-2.8563005456299155,-3.5391574404804675,-2.684414396061994,-7.317435289982316,-3.198909214181186,0,-2.663142119552025,-2.9899449812690735,-2.4660093690065894,0,0,-3.436726605073815,-2.4767685118358393,-2.410238662177572,-0.1445340306168612,-0.982460618867945,0,-0.6903965188485417,-0.30707140020228074,0,-0.14066794899357227,-0.09133115344232134],"activity":[[0]],"dinucleotide":[[0,0,0,0,0.33823092190318693,0.4348381752054893,0,0.4383420860309313,-0.0620709623475344,-0.6439270651086382,0,-0.20931071190245554,-0.07884369717184114,-0.4839510200921584,0,0.7974464970463284,0.3021080442665207,0.22074045759026273,0,0.6528491224415491,0.1211836928915222,0.2556612450095219,0,0.1375308964480073,0,0,0,0,-0.027388007583823537,-0.08129789007935884,0,-0.0312886738870235,0.4203155587885883,0.19159170722636532,0,0.39208841630635227,-0.16902628334849457,0.319083826007839,0,0.31024809857094837,0,0,0,0,-0.10414968190385743,-0.5622058439419018,0,-0.042048779597473995,0.19000464269631223,0.2229970182554757,0,-0.3032824607748692,-0.42056322554410297,0.5687694121395168,0,-0.15695326216739147,0,0,0,0,0.012714029843023944,-0.3071334627086717,0,-0.6308798327585476,0.4063745822692093,-0.2863269319197377,0.2373612900138653,0,-0.9802961613730243,0.009676936235668343,-0.4493175397397602,0,0,0,0,0,-0.014768203878020358,0.4878091149228778,0.9448141512175283,0,0,0.3338821081731451,1.2757799780639738,1.2735047418384884,0,-4.386630037942747,-0.21876954124963532,-2.621489284248275,0,-1.03485674110492,0.5027761206879005,0.38993674304938875,0,0,0,0,0,0,0,0,0,-3.994927369462159,0.7695210731124051,-2.3505851144637333,0,-2.051064357726222,1.779428296907838,1.9081382498407287,0,-2.8051662970164326,2.263108889021467,1.7164637542738355,0,0,0,0,1.8141015330679462,2.9979476331415666,2.361831220799581,0,2.4251325248760223,2.7783777169378414,2.8699824978120168,0,2.323869463038843,1.3343083552259802,2.9559862721249885,0,3.046448057846816,2.534405238322763,2.8158530364530945,0,5.5661989935978005,2.963686038361586,6.616547280773496,0,3.1391386744867162,2.2105347467229084,3.2148051900658423,0,0,0,0,0,0,2.185069274317966,2.3509431598525588,1.7582136436372275,0,-1.1006877993076136,2.072820517744563,-2.189650353908604,0,1.6517106407923192,2.4649662006679165,1.0541383636917665,0,0,0,0,0,0,0,0,0.5582756620661922,-3.9438626163663066,0,-3.435407104783394,-0.05509613382760392,-0.4570569494028547,0,-0.25811308817902123,0.15426925941714842,-3.4080699404326813,0,-3.270629475954572,0.2120409631540161,0,0.2517214101907257,-0.3950340553733378,0.555666019176388,0,0.5048100369991104,0.039640142804240774,0,0,0,0,0.3734373048410662,0,0.26249804914316854,-0.9114549244291696]],"modifications":[]}]}}
