{"modelSettings":{"letterOrder":"ACGT","bindingModeInteractions":[],"bindingModes":[{"fitLogActivity":true,"flankLength":0,"singleStrand":false,"size":12,"dinucleotideDistance":0,"componentName":"Binding mode 0","positionBias":false,"modifications":[]},{"fitLogActivity":true,"flankLength":0,"singleStrand":false,"size":12,"dinucleotideDistance":1,"componentName":"Binding mode 1","positionBias":false,"modifications":[]}],"letterComplement":"C-G,A-T"},"coefficients":{"bindingModeInteractions":[],"bindingModes":[{"mononucleotide":[0,0,0,0,0,0,0,0,0,0,0,0,0,0,0,0,0,0,0,0,0,0,0,0,0,0,0,0,0,0,0,0,0,0,0,0,0,0,0,0,0,0,0,0,0,0,0,0],"activity":[[-4.525447478980009]],"dinucleotide":[],"modifications":[]},{"mononucleotide":[-1.5699316698148689,-0.38588329383432773,0,-0.0850437508176114,-0.15564318669876132,0,-0.6134613163351159,-0.4413661225478127,-1.1488366535474857,0,-0.6844457395330665,-0.551516544614302,-1.6108223566362163,0,-1.3215497549443054,-0.08732414028748359,0,-1.545756261264489,-2.0491541560745885,-1.6800457352512579,0,-1.98884417456682,-3.8103604119587655,-1.931381174215594,-2.999501648111595,-2.6689096234633345,-7.643277429157995,0,-3.1798873434239643,-2.1151600825706067,-3.12382797070923,0,0,-1.9402225650437588,-2.222377339546604,-1.8278858663456123,-0.07268588284335564,-0.2982593210471278,0,-0.458547080329772,-0.9649714811893624,0,-0.8994374730933883,-0.19062664820531916,-0.6650604947952656,0,-0.2299002044011189,-0.10824359113078152],"activity":[[-0.11927393535352966]],"dinucleotide":[[1.3969020547111768,0,0.9998799761343631,1.425675078454077,-0.7392531759921201,0,0.24088125038666464,0.31145533326198427,0,0,0,0,-0.19897163967882747,0,0.6707128424826032,0.050276297868405706,0.1729847600870582,0,0.23130937415089514,0.0062829247900375584,0,0,0,0,0.05933352144600823,0,-0.005634638299948591,0.5754750113730602,0.46434523606555045,0,0.5948996131163651,0.2148162106893543,0.16646237156429233,0,-0.3023245873625626,0.2796282384323483,0,0,0,0,-0.32376011596915033,0,-2.223585875232288,0.12402381884827296,-0.021180289284078224,0,1.2244906714614991,-0.08066854605670581,0,1.467466551205594,0.493196377120241,1.0814536347489767,0,0,0,0,0,-0.20886684131435462,0.19218112088599515,0.08301654599833963,0,0.06761354224188576,0.0224068659271639,0.18889733789499807,0,0,0,0,0,1.7658799614933764,2.3715837854013353,1.6933471843877195,0,1.5046195234339468,-0.5628701250112105,1.3876512608432199,0,1.4571382212637847,1.2929271704089098,1.6782653691136913,0,0,0,0,2.2690701313059267,2.1873232834275598,5.811460271857443,0,2.620593676032021,2.493606489606703,2.3635273543107687,0,1.8225702552463927,2.0179014854994533,6.076820070002986,0,1.6837002106200236,2.283127444283618,1.7139299742783285,0,2.705627296193746,2.1034067663398277,2.415170731356153,0,2.6074963856101743,1.3589002068931144,-0.20939744088003387,0,0,0,0,0,0,2.38914255764361,1.5892455091148698,1.9402061181848107,0,1.6307523073186623,1.512808066286166,1.1773590755380177,0,1.7558343446825333,2.4230171372615903,0.23749538890860844,0,0,0,0,0,0,0,0,-0.21685781672352222,0.8553062792705024,0,0.7690069141012468,-0.5257963635649103,0.5748048584583811,0,1.1076047317974202,0.02039646709726739,0.7643639188147198,0,0.9022436674049548,0.34685778046976745,0,0.16783353724938843,-0.5478146419335137,-0.28662388637451475,0,-0.03504834793767442,-0.16563148474063238,0,0,0,0,0.3058886885368799,0,0.32204798423346803,-0.23856214844042167,0.6272226227006525,0,0.041567605273928,-0.17230812754276537,0,0,0,0,0.7723912516440059,0,0.534561532911197,0.6173493774287513,0.4480986371475155,0,0.3251318462644952,-0.04239003787606643]],"modifications":[]}]}}
