{"modelSettings":{"letterOrder":"ACGT","bindingModeInteractions":[],"bindingModes":[{"fitLogActivity":true,"flankLength":0,"singleStrand":false,"size":13,"dinucleotideDistance":0,"componentName":"Binding mode 0","positionBias":false,"modifications":[]},{"fitLogActivity":true,"flankLength":0,"singleStrand":false,"size":13,"dinucleotideDistance":0,"componentName":"Binding mode 1","positionBias":false,"modifications":[]}],"letterComplement":"C-G,A-T"},"coefficients":{"bindingModeInteractions":[],"bindingModes":[{"mononucleotide":[0,0,0,0,0,0,0,0,0,0,0,0,0,0,0,0,0,0,0,0,0,0,0,0,0,0,0,0,0,0,0,0,0,0,0,0,0,0,0,0,0,0,0,0,0,0,0,0,0,0,0,0],"activity":[[-4.247809377375591]],"dinucleotide":[],"modifications":[]},{"mononucleotide":[-0.2748018347690344,-0.13285855368754085,0,-0.34360147829887033,-0.6940997958837851,0,-0.7829545270070017,-0.28266458794174376,-3.6558130519292478,-3.3044057883842646,-7.366511750845701,0,0,-2.188843360846593,-4.925593922462174,-2.7914886951924727,0,-3.833813287948794,-7.315011642874188,-3.0271479249964957,-6.898710146005085,-6.7782207542209925,-6.236800765652988,0,-4.277461278487656,-2.2209494382830437,-3.4864912684385088,0,-0.14774574339143065,-0.5666133797825328,0,-1.9233445729439005,0,-0.023965695854474944,-0.09738050668936538,-0.9070939431971539,-1.0669379332535929,0,-0.8321499979062708,-0.4037693947397898,-0.2646609262827724,0,-0.6317332778910725,-0.6049336272819481,-0.38346946895496536,-0.34599798132455994,-0.6896625476678686,0,-0.33806928331757913,-0.02765956555416782,-0.5899417914363561,0],"activity":[[0]],"dinucleotide":[],"modifications":[]}]}}
