{"modelSettings":{"letterOrder":"ACGT","bindingModeInteractions":[],"bindingModes":[{"fitLogActivity":true,"flankLength":0,"singleStrand":false,"size":13,"dinucleotideDistance":0,"componentName":"Binding mode 0","positionBias":false,"modifications":[]},{"fitLogActivity":true,"flankLength":0,"singleStrand":false,"size":13,"dinucleotideDistance":1,"componentName":"Binding mode 1","positionBias":false,"modifications":[]}],"letterComplement":"C-G,A-T"},"coefficients":{"bindingModeInteractions":[],"bindingModes":[{"mononucleotide":[0,0,0,0,0,0,0,0,0,0,0,0,0,0,0,0,0,0,0,0,0,0,0,0,0,0,0,0,0,0,0,0,0,0,0,0,0,0,0,0,0,0,0,0,0,0,0,0,0,0,0,0],"activity":[[-5.451438660642092]],"dinucleotide":[],"modifications":[]},{"mononucleotide":[-0.11529369056150074,-0.17710323030536657,0,-0.31626570209009586,-0.7307057277286839,0,-1.2960049304711605,-0.1640957017672875,-2.6587883162587067,-2.7459683956505527,-3.499171353077039,0,0,-2.4768372321720618,-3.2368437556293355,-2.8293992439460034,0,-3.254153219367999,-9.2976216578116,-2.633717799556706,-3.4739012504507993,-2.8403987502747077,-3.4312900894845058,0,-2.495761984211452,-2.01282654515333,-1.947714617549476,0,0,-0.8257740339385711,-0.09081082681435149,-1.287777764673761,-0.7946767684818896,0,-0.4301278005622464,-0.46409036118982705,-0.9269195465802937,0,-1.121103815218448,-0.2661425039622234,-0.8592653159003651,0,-0.8465836968046325,-0.7563295861681096,-0.8983772275254243,0,-1.0364529471266586,-0.44765321450631745,-0.634326587505921,0,-1.0111807212569515,-0.05764551622125502],"activity":[[0]],"dinucleotide":[[-0.9420659167396224,0,0.33844841111411395,-0.4283533476250474,0.32726934505012917,0,0.8287080937287028,0.2556620802800822,0,0,0,0,0.41580624036788993,0,0.9732778756712204,0.19491494397139064,-1.570525107044924,-0.3090070114275303,-2.364391186441905,0,0,0,0,0,-1.3692554728086996,-0.34082430094397864,-2.4828633841758263,0,0.28160769374533334,0.05705689183629037,0.6797020031093117,0,0,1.3780485307631576,-1.5156812665739734,1.9704734219492943,0,2.740633088541827,2.6329343755250845,2.4935193929525,0,1.7990445078791009,0.39597790413233813,2.16949058571869,0,0,0,0,0,0,0,0,0,3.226059509807496,8.275394068463994,2.746088820422714,0,2.421806000917793,3.5235835216639995,2.422432685316351,0,3.2955382906324218,2.354537427051122,3.0699785415568694,0,0,0,0,2.809399089219979,2.84282013512298,2.6927460464252277,0,0.9154566770121697,3.1016504876265785,3.34176146413364,0,2.0041059056611257,2.5272207469097427,2.3944376364570052,0,1.2890394373598042,2.2326729995375194,-2.266852321275584,0,2.1158739646989986,1.9030463214251885,1.1025013573711764,0,-3.503813084066227,-3.563980043734216,-4.338121857655697,0,0,0,0,0,0,0.28225219383491673,-1.217792023711051,1.284616244021871,0,0.5073352194818774,-0.39073183623016305,1.1891846150634011,0,-0.8183984204863854,-3.989398408385229,0.26285291960694046,0,0,0,0,0,0,0,0,1.1371472230291548,0,-0.36471475587901825,0.48195185913383387,0.6112602188414753,0,0.024528584964496503,-0.3356127131497759,0.2774862046209332,0,-0.5717364566005356,0.5032463472514568,-0.45059121901589627,0,-0.18097600156357974,-0.25386495478290705,0,0,0,0,-0.2209156132920338,0,0.7556135358422207,0.3109901003038473,-0.14415220537888374,0,-0.44143189218454637,0.2428322387649775,0.0533493362676829,0,0.4442804222115502,0.3283976139840368,0,0,0,0,-0.8553760115134637,0,0.40749812842507627,0.12759953259117474,-0.05496464515193544,0,-0.13205770833205932,0.4567158596637375,-0.036135712636286677,0,0.11166009891729534,0.7028632569094002,0,0,0,0,-0.07634928167500732,0,0.17490400992096689,0.2977790033478227,-0.1135823998124863,0,0.06847512050537397,0.2533877143255907,1.2198214389295057,0,0.6826000012158939,0.26063695154705435,0,0,0,0,0.3449065350297449,0,0.9464494785249391,0.6099024800879862,0.197106576977907,0,0.5572629944994416,0.19741458838426418]],"modifications":[]}]}}
