{"modelSettings":{"letterOrder":"ACGT","bindingModeInteractions":[],"bindingModes":[{"fitLogActivity":true,"flankLength":0,"singleStrand":false,"size":12,"dinucleotideDistance":0,"componentName":"Binding mode 0","positionBias":false,"modifications":[]},{"fitLogActivity":true,"flankLength":0,"singleStrand":false,"size":12,"dinucleotideDistance":1,"componentName":"Binding mode 1","positionBias":false,"modifications":[]},{"fitLogActivity":true,"flankLength":0,"singleStrand":false,"size":14,"dinucleotideDistance":1,"componentName":"Binding mode 2","positionBias":false,"modifications":[]}],"letterComplement":"C-G,A-T"},"coefficients":{"bindingModeInteractions":[],"bindingModes":[{"mononucleotide":[0,0,0,0,0,0,0,0,0,0,0,0,0,0,0,0,0,0,0,0,0,0,0,0,0,0,0,0,0,0,0,0,0,0,0,0,0,0,0,0,0,0,0,0,0,0,0,0],"activity":[[-4.751098350541177]],"dinucleotide":[],"modifications":[]},{"mononucleotide":[-0.14663714401207795,-0.09942426164395979,-0.12100374522004387,0,-0.2512107062191353,0,-0.2780525146629691,-0.1975780516485497,-0.04704350815719405,-0.2440062884579659,0,-0.7006468322628336,-0.7364295770880185,0,-1.1177532717092167,-0.2984479000035807,-2.63923364178556,-2.501625256479677,-3.057155821118069,0,0,-2.575764887816859,-2.5337328485391497,-3.05620665618227,0,-3.164941050658319,-3.1300782407176557,-3.049195668480386,-2.905467250138315,-2.8958528358890767,-2.656039416176866,0,-2.1793554426874153,-1.816726234050117,-2.170292807572129,0,-0.7305489501086271,0,-0.02672464280057696,-1.6056443130555118,0,-1.821239452558797,-1.5892602754569916,-2.0296732408979685,-1.3650108461968782,0,-1.2100734109546396,-0.681235611429932],"activity":[[-0.15013766912010654]],"dinucleotide":[[-0.16668329873664578,0,-0.05016970130840437,-0.07352652135725646,0.0030373361179290015,0,-0.13546034409637353,0.08509445386804959,0.0725035788772157,0,-0.08090660601782518,0.14903848562479305,0,0,0,0,-0.14614168551873585,-0.25882529941732013,0,-0.031056209244696875,0,0,0,0,0.09338196215469008,0.20406955257707282,0,0.09053361986678099,-0.03961249439189629,0.016374871898768628,0,0.03674709969275436,-0.5647822709812316,0,-0.05510264144724042,-0.4629775045155926,0.1495358641596376,0,0.3914375382196398,0.27457696497454376,0,0,0,0,0.5717081060664464,0,0.5963544894021626,0.34983044612690617,0.27292844191951815,0.18045867988476783,0.3572711092591332,0,0,0,0,0,0.39042649878851643,0.31777188060480555,0.3785973021595339,0,0.23165367730136754,-0.00690053165123361,-0.04570507375555488,0,0,1.2740030583344848,1.177934635097078,1.3888556592084313,0,1.1029116878099283,1.1086849496441986,1.230503063086947,0,1.366851949160064,1.322449379023345,1.5697570862852777,0,0,0,0,0,0,0,0,0,1.0638951128783543,1.1323642650511028,1.079333670575525,0,1.0693416680641121,1.1093111213929179,1.034802043337189,0,1.2647591847626662,1.2607895679103445,1.2392632625490538,0,0,0,0,1.4005280764438304,1.4805774547921944,1.38897603701899,0,1.4218682116266832,1.5733947613941952,1.4353100376997716,0,1.36765875730483,1.4408004784351105,1.337586283788558,0,1.302390874927355,1.1950559585152458,1.1500485736252841,0,1.2649754869293308,1.0543483080996774,1.0720756944970251,0,1.161135604777225,1.0078074269572195,1.0444768185180955,0,0,0,0,0,-0.20820678207899324,0,-0.30474804440934955,0.5842155544294774,-0.2232310036553793,0,-0.4196957375159458,0.4356431440225088,0.3515716018464321,0,-0.2185762422883779,0.7370431454166644,0,0,0,0,0,2.2109165070260435,2.0041970029136644,1.5937879164029805,0,0,0,0,0,1.4489215867141447,1.326211905644461,0.7268286205089747,0,1.1688695646214158,1.1594017484963905,0.9986560873178458,0,0,0,0,1.232237860884576,0,0.740696012422799,0.7888199870450467,0.847774477476468,0,1.0614982227181327,0.4823936087951035,0.9720905221385321,0,0.7644143243874741,0.8139312202193749]],"modifications":[]},{"mononucleotide":[-0.4794556790529636,-0.06932062782354587,-0.2625330081923334,0,-0.35534935475866725,0,-0.2600424827627619,-0.06012166091967175,-0.2597876369831582,0,-0.25281417410584006,-0.003515208953743576,-0.09578950935158947,0,-0.31297459890131163,-0.10351314110268905,-0.2866567802902139,0,-0.44774918176487033,-0.2130980482935998,-0.37239656624112594,0,-0.5942302986291748,-0.29772543564368603,-0.39524255533097796,0,-0.47715179772497884,-0.1924773733483478,-0.3262602693002298,0,-0.5860080578603121,-0.10079117748328748,-0.3147368607693324,0,-0.5557778120826679,-0.09880849469700115,-0.8345383186802666,-0.826887097901847,0,-1.3278091258822085,-1.5143339837360998,-1.42724837474219,0,-1.6122097038623833,-1.5482264738398752,-1.1313020168779802,-1.5388949986902885,0,-2.149192190706341,-1.4619211057341386,0,-1.2188108432093114,-0.8744448396189161,-1.3502678503496828,-0.8262210881282558,0],"activity":[[-0.6074404555166255]],"dinucleotide":[[0.21608197457489098,0,0.023988729599764613,0.2869972726376948,-0.01825166910865006,0,-0.028760722872125943,0.08944844954448117,-0.049858567946473475,0,-0.2536086375757368,0.09318690956873166,0,0,0,0,0.054343890936603745,0,-0.050713969243419754,0.08289196502130736,0,0,0,0,-0.05264400035634287,0,-0.22192677254506765,0.034940036938424734,-0.07092916930328241,0,-0.012211675799659538,-0.006331205255978523,-0.12671216070457947,0,-0.0022707898282964267,1.1623794720505565E-4,0,0,0,0,-0.1680657216360285,0,-0.21957477194489405,-0.046904395371341834,-0.16502361761479256,0,-0.02496977748715945,0.0016413538863797594,-0.14791961089079797,0,-0.1665772253756137,-0.04631392173933191,0,0,0,0,-0.18257268803776627,0,-0.20711795814646872,-0.05364894116265928,0.047076032245215615,0,0.0751834253102166,0.12613297357796993,-0.08029561001413099,0,-0.1441378589325054,0.0903609684271659,0,0,0,0,-0.12981799589482057,0,-0.35065854359865245,0.10273658504115346,0.06660349013230882,0,0.09296133615303825,0.2098862867047303,-0.04134771227818601,0,-0.17328118323224562,0.03375322002941383,0,0,0,0,0.05567409443150573,0,-0.20494639566304307,0.1655441008928873,0.12320483143736005,0,0.01613106575407086,0.1334754501330946,0.0023155764288991243,0,-0.09694534359688312,-0.0464169240012311,0,0,0,0,-5.952411316634265E-5,0,-0.19444353778495183,-0.021175051582433935,0.06749278425916005,0,0.1043533364685425,0.0108044293230255,0.020148231314871312,0,0.05492573696509884,0.04730246989782172,0,0,0,0,0.14332781232974323,0,-0.17524463015748992,-0.19916654176576631,0.11714555469196009,0,0.14074883637364488,-0.040689645099858396,-0.010678025713255268,0.1253045469284837,0,0.30471073132776083,0,0,0,0,0.20079284030814804,0.05179220027304399,0,-0.29117082789448956,-0.22803000797738426,-0.013941516671510668,0,0.2336833697531282,0.8714560338668953,1.0287195135447504,0,1.2566178805934285,1.26434229150471,1.1350266663041384,0,1.244476366634918,0,0,0,0,1.1802770419873259,1.2329448088440755,0,1.7567188313090667,1.0812476533284194,0.7790006730069563,1.4667044973226784,0,1.6955802336260384,0.8658414600965794,1.3560480348960455,0,0,0,0,0,1.179086753772931,0.6339168485165367,0.8576876711749635,0,1.2769581843661761,0.726060784909456,0,0.9905514166327558,-0.2981781248664519,1.0488084675210883,0,0.8321508180729844,1.1676981228247025,0.8093446040232353,0,-0.34453540327499743,0,0,0,0,1.3052938002477665,1.725316235616226,1.0650965777710373,0,-0.6649887649926187,1.510488281017923,0.9535919792930567,0,0,0,0,0,0.8137758266659372,1.2895968388484698,0.2955442644670523,0]],"modifications":[]}]}}
