{"modelSettings":{"letterOrder":"ACGT","bindingModeInteractions":[],"bindingModes":[{"fitLogActivity":true,"flankLength":0,"singleStrand":false,"size":13,"dinucleotideDistance":0,"componentName":"Binding mode 0","positionBias":false,"modifications":[]},{"fitLogActivity":true,"flankLength":0,"singleStrand":false,"size":13,"dinucleotideDistance":0,"componentName":"Binding mode 1","positionBias":false,"modifications":[]}],"letterComplement":"C-G,A-T"},"coefficients":{"bindingModeInteractions":[],"bindingModes":[{"mononucleotide":[0,0,0,0,0,0,0,0,0,0,0,0,0,0,0,0,0,0,0,0,0,0,0,0,0,0,0,0,0,0,0,0,0,0,0,0,0,0,0,0,0,0,0,0,0,0,0,0,0,0,0,0],"activity":[[-2.872856762796451]],"dinucleotide":[],"modifications":[]},{"mononucleotide":[-0.46087811231727294,0,-0.1309156281340993,-0.07599257051925346,-0.6643101621909686,0,-0.8027625360368162,-0.2701878524722705,-2.5086584935964176,-0.8942556510520063,-3.6402317947355534,0,0,-0.8106853462077623,-2.784620244299521,-1.3046578804268654,0,-1.054520632216347,-4.8456897050264685,-1.0816453854022976,-2.9617619124171055,-1.165650786640767,-4.30462478382557,0,-2.3468837334690864,-1.0690993571980405,-4.453983966316718,0,0,-0.17600904706648013,-0.3334727072397472,-0.7328870811221262,-0.2482157899867241,0,-0.27702341124276586,-0.46647721831477407,-1.1363422010523259,0,-0.9754389783629831,-0.24453391834021732,-0.4255102767868033,0,-0.5674011666020471,-0.4452557259829071,-0.4394738642813487,-0.17550694819015566,-0.6221392326061428,0,-0.34233359627858206,-0.03401941024394928,-0.6291107075122726,0],"activity":[[-0.28768207245128147]],"dinucleotide":[],"modifications":[]}]}}
