{"modelSettings":{"letterOrder":"ACGT","bindingModeInteractions":[],"bindingModes":[{"fitLogActivity":true,"flankLength":0,"singleStrand":false,"size":17,"dinucleotideDistance":0,"componentName":"Binding mode 0","positionBias":false,"modifications":[]},{"fitLogActivity":true,"flankLength":0,"singleStrand":false,"size":17,"dinucleotideDistance":0,"componentName":"Binding mode 1","positionBias":false,"modifications":[]}],"letterComplement":"C-G,A-T"},"coefficients":{"bindingModeInteractions":[],"bindingModes":[{"mononucleotide":[0,0,0,0,0,0,0,0,0,0,0,0,0,0,0,0,0,0,0,0,0,0,0,0,0,0,0,0,0,0,0,0,0,0,0,0,0,0,0,0,0,0,0,0,0,0,0,0,0,0,0,0,0,0,0,0,0,0,0,0,0,0,0,0,0,0,0,0],"activity":[[-8.020125838742008]],"dinucleotide":[],"modifications":[]},{"mononucleotide":[0,-0.08320893307257826,-0.07977511847148833,-0.17555501893129133,0,-0.4207382923485721,-0.4905075096195457,-0.2684514010714807,-0.15901736828778823,-1.1215483578780976,-0.7366846470129271,0,-1.936506783081084,-1.141105937502651,-2.6592350842773538,0,0,-2.2819492314849885,-1.9505304366534837,-1.2996538194718426,-2.5703276410495466,-1.6730987448312113,-5.1580165449387865,0,-2.143015041123256,-3.230320540875976,0,-3.2264417947131996,-2.4878579035501414,0,-1.467001717669092,-0.657015650777506,0,-2.5292868458567046,-2.1059907592526645,-0.23248177464559205,0,-3.051361673265845,-2.4471629023408408,-0.3387933852581302,0,-1.272719934415104,-3.069583916230462,-3.248527647903396,-2.0851849801263924,-2.68313496059341,-3.283257025090771,0,-1.3865070499984,-0.17241530154638873,-0.10616107207928138,0,0,-2.364391344036349,-1.7728845975481597,-1.8570554877556553,-0.7871159812752726,-1.1287577550932806,0,-0.13035685902709915,-0.45712326446724916,-0.09076186216883642,-0.006656886058065581,0,-0.2099988842652607,-0.30280280423687067,-0.49821761139406107,0],"activity":[[0]],"dinucleotide":[],"modifications":[]}]}}
