{"modelSettings":{"letterOrder":"ACGT","bindingModeInteractions":[],"bindingModes":[{"fitLogActivity":true,"flankLength":0,"singleStrand":false,"size":12,"dinucleotideDistance":0,"componentName":"Binding mode 0","positionBias":false,"modifications":[]},{"fitLogActivity":true,"flankLength":0,"singleStrand":false,"size":12,"dinucleotideDistance":1,"componentName":"Binding mode 1","positionBias":false,"modifications":[]},{"fitLogActivity":true,"flankLength":0,"singleStrand":false,"size":12,"dinucleotideDistance":1,"componentName":"Binding mode 2","positionBias":false,"modifications":[]}],"letterComplement":"C-G,A-T"},"coefficients":{"bindingModeInteractions":[],"bindingModes":[{"mononucleotide":[0,0,0,0,0,0,0,0,0,0,0,0,0,0,0,0,0,0,0,0,0,0,0,0,0,0,0,0,0,0,0,0,0,0,0,0,0,0,0,0,0,0,0,0,0,0,0,0],"activity":[[-4.939677273923406]],"dinucleotide":[],"modifications":[]},{"mononucleotide":[-0.7330461530389192,0,-1.6263376907990228,-1.4390493498805723,-1.3772771441699883,0,-1.2261673339886014,-1.458827347314135,-1.7371705367406163,0,-1.779099262371516,-0.8009149965455151,-1.9508203452677568,-3.154673090753463,-2.03325859050135,0,0,-3.4195271478805025,-0.518247016902941,-3.075131317650978,-3.9103282401296506,-4.597543047095206,0,-3.8169629481506395,-9.10667247522973,-4.474635701720334,-9.395722622323664,0,-0.6951759762891632,-2.3048046953150885,-3.03209859734519,0,0,-1.9074012695591698,-2.731122258413645,-3.190085683420213,-0.9690592246851732,0,-2.455691889759876,-3.00327750792953,-1.9862647429145115,-1.1118626610287965,0,-0.7646632864783172,0,-1.4599041149604064,-1.7877890128349017,-1.4900327084261025],"activity":[[-0.2769658882767591]],"dinucleotide":[[0.9545119654439906,0,0.6287270099707793,0.345632518690973,0,0,0,0,1.2613031262057532,0,1.4262512740149553,1.4334864112248278,1.5131815886022846,0,1.2092042018965232,1.4499037902863305,0.8387074050323253,0,0.5961084100390237,1.0219077825031002,0,0,0,0,0.28739508342223985,0,0.4238906042593431,-0.020375143939666884,0.3241067365914345,0,0.2581882193580234,0.6370913077705564,0.6834948410149599,0.5041951314276751,0.3109965122672187,0,0,0,0,0,0.4641373570281222,0.6312413870381626,-0.21907022266666765,0,0.146308442429683,0.15979742583912682,-0.9503045098088507,0,0,1.8887950665608915,0.9236229967869187,1.6279921681688578,0,3.056313189388771,1.1916011700388798,2.931007189575333,0,1.809883031029655,-0.22032760671632667,1.4675611526583086,0,0,0,0,0,0,0,0,3.9246042580975993,4.781489355886249,0,3.8336130264105694,0.5223439038274775,0.803650192264791,0,1.5096415521005264,2.426887226537123,3.548660439647092,0,3.8054458225069197,3.5180484089870205,3.754703522217028,4.13918660813556,0,6.534872257667579,4.943304522211475,6.961077443442488,0,0,0,0,0,3.3191031281411973,3.3195341216165097,6.323595469968985,0,-0.26153300518313927,4.3728507379833825,4.279456476170589,0,1.2407048135636476,2.178967185011908,2.7772138782126223,0,2.7538055640520778,3.0060392802090785,1.6963986212602098,0,0,0,0,0,0,1.3508915630320733,0.34421204872244715,1.1975763089087734,0,2.5241744463189333,2.5868412391008717,3.254903937440589,0,2.413697144343958,2.18876097058975,2.5154071887510465,0,0,0,0,0,0,0,0,-0.9462193725338279,0,-1.5446529183558084,-0.4910130833379185,-1.4872013224884197,0,-2.391983108136337,0.01833845896984254,-1.9632951352828245,0,1.419799905708091,0.8492348870998505,0.9512612540702943,0.780348880438769,0,-0.05394749482000272,0,0,0,0,1.236715373663011,0.5246601007789549,0,0.9591630773428683,2.2268171680094233,1.878036487544338,0,1.7274810748729363,0,1.7138440208467824,1.1485738883998917,1.8557340414041246,0,2.0276477991901682,2.1570183043139255,2.2480698342300562,0,0,0,0,0,1.0616552467667626,1.0687350024565956,0.8973834016553273]],"modifications":[]},{"mononucleotide":[-0.2709885984426452,0,-0.9575258808676719,-0.1574150863520401,-0.4062847664427187,0,-1.9173529131247886,-0.4565522874344447,-0.03422845011183573,-0.34830071989535805,-1.0303091386557406,0,-1.171018935250396,0,-1.2786812679999668,-0.43039560614437916,-0.5654108916984684,-0.8887069753434969,-1.8073582018116385,0,0,-0.08793970877279439,-0.8685331375922176,-0.03699281436590063,-0.5860815060039718,-0.7182980964928607,-0.6835229340399098,0,-0.43116551077089643,0,-0.6632651838176907,-0.2452119422207156,-0.10867592045841429,-0.31442569119298835,-0.37281059682353423,0,-0.4935267441115526,-0.49740735427317745,-0.5088372386962667,0,-0.3048685803600003,-0.27333838956808143,-0.5239652268385016,0,-0.16023898246737117,-0.10070408087102328,-0.649507110198551,0],"activity":[[-1.2565491906077597]],"dinucleotide":[[0.01598800099905584,0,0.6169146470577138,-0.07897127214544097,0,0,0,0,0.5064941631566968,0,0.8354692441824851,0.7961958327044185,0.48099115948225024,0,1.0937537876964358,0.44553369249043867,-0.055555261667375455,-0.2575942996633733,-0.21198271943750324,0,0,0,0,0,0.31632907416516454,0.3171705916768135,0.39772623963426845,0,-0.17638463400703402,0.1587185861098095,0.06183166960876063,0,-0.697255744587302,0,-0.030542002730066686,-0.10366897669532033,0.7040691705711593,0,0.779600724350791,-0.0866617508212435,1.0445108906250073,0,0.7087701356148908,1.3681213124584752,0,0,0,0,0.615435751308754,0.5120200331744718,1.2668502962221797,0,0,0,0,0,0.18490590249743355,0.8302313952310163,1.5686316257515402,0,-0.009122711394987437,-0.17318483034626464,0.6463703463890604,0,0,0.09373018115114506,0.35062402055252506,0.3967550678055803,0,0.8328903626002035,1.1994422876743338,0.5575868574066477,0,0.6193253090639042,0.5425636533311193,0.13535196765727164,0,0,0,0,0,0,0,0,-0.06262423006423545,-0.2762079076110413,0.4177262322832118,0,0.7022232464253747,0.5954870606496747,0.5934282527152808,0,-0.015694658065833478,0.014809231262177702,0.31227499482404797,0,0.47607592770060925,0,0.24834753176562652,0.21683009871772518,0.6582825996508967,0,0.262167982720495,0.5925228959424659,0.23921247452054217,0,0.30105833949145433,0.043099029559726665,0,0,0,0,-0.2983284567408673,-0.11893372079530573,-0.22271581438444232,0,0,0,0,0,-0.5479379023339079,0.16713207760027038,-0.47674192150337436,0,-0.19835506806711523,-0.11970859220138375,0.08035772053886958,0,0.03932638364073571,0.18019459982965097,0.08576079056254626,0,0.4731811326064299,0.489708735772792,0.06677342794060692,0,-0.010232263422582322,-0.11437900384919719,-0.007248002800523623,0,0,0,0,0,0.13974500995049044,0.3360326396222344,0.0968234108568542,0,0.2673749408460777,0.38833788009737347,0.1474064246927298,0,-0.05755331245660966,0.011405465749216415,0.004056303696550634,0,0,0,0,0,0.0156676762195726,0.10183192313708361,0.16697711500727308,0,-0.40748369229715936,-0.09891922558066824,0.25617563001985366,0,0.04461330377195405,-0.22550470836381153,0.01087625473325815,0,0,0,0,0]],"modifications":[]}]}}
