{"modelSettings":{"letterOrder":"ACGT","bindingModeInteractions":[],"bindingModes":[{"fitLogActivity":true,"flankLength":0,"singleStrand":false,"size":12,"dinucleotideDistance":0,"componentName":"Binding mode 0","positionBias":false,"modifications":[]},{"fitLogActivity":true,"flankLength":0,"singleStrand":false,"size":12,"dinucleotideDistance":0,"componentName":"Binding mode 1","positionBias":false,"modifications":[]}],"letterComplement":"C-G,A-T"},"coefficients":{"bindingModeInteractions":[],"bindingModes":[{"mononucleotide":[0,0,0,0,0,0,0,0,0,0,0,0,0,0,0,0,0,0,0,0,0,0,0,0,0,0,0,0,0,0,0,0,0,0,0,0,0,0,0,0,0,0,0,0,0,0,0,0],"activity":[[-3.4011948724385146]],"dinucleotide":[],"modifications":[]},{"mononucleotide":[0,-0.2643468268119751,-0.17692239365178253,-0.521383224492129,0,-0.6858630660697074,-0.041274764172374745,-0.5515713303400176,-0.12512042392297396,0,-0.08565823025031527,-0.23618821963280645,-0.47345024405233005,-1.2434555762112875,-0.1380734756554336,0,0,-0.7964661257579424,-0.07772447500034652,-0.7941174126508663,-0.8241154753016904,-1.854365869059846,0,-0.9437669216697424,-0.7981506561743625,-1.3858426817221083,-0.31430771168123606,0,-0.268235900921276,-0.775576894644292,-0.17077163869507217,0,0,-1.1480059937715508,-0.44141572314532773,-0.8670844573550633,-0.11331129147104235,0,-0.19280255423073278,-0.720740032070835,-0.4352891184270815,-0.2951815772465949,0,-0.5844738333842159,-0.051569255644244194,-0.8151671893984576,0,-0.5556081454817106],"activity":[[0]],"dinucleotide":[],"modifications":[]}]}}
