{"modelSettings":{"letterOrder":"ACGT","bindingModeInteractions":[],"bindingModes":[{"fitLogActivity":true,"flankLength":0,"singleStrand":false,"size":12,"dinucleotideDistance":0,"componentName":"Binding mode 0","positionBias":false,"modifications":[]},{"fitLogActivity":true,"flankLength":0,"singleStrand":false,"size":12,"dinucleotideDistance":1,"componentName":"Binding mode 1","positionBias":false,"modifications":[]},{"fitLogActivity":true,"flankLength":0,"singleStrand":false,"size":12,"dinucleotideDistance":1,"componentName":"Binding mode 2","positionBias":false,"modifications":[]}],"letterComplement":"C-G,A-T"},"coefficients":{"bindingModeInteractions":[],"bindingModes":[{"mononucleotide":[0,0,0,0,0,0,0,0,0,0,0,0,0,0,0,0,0,0,0,0,0,0,0,0,0,0,0,0,0,0,0,0,0,0,0,0,0,0,0,0,0,0,0,0,0,0,0,0],"activity":[[-6.640423149683128]],"dinucleotide":[],"modifications":[]},{"mononucleotide":[-1.0501828204406003,0,-1.3853434502822357,-0.30450624852762354,-0.6000624753970496,0,-0.623709220000707,-1.3654915136640962,-1.0295327761710293,-0.595303162007935,0,-0.5093010748586708,-2.4742889064667297,-1.9758427392631988,-2.7501614139262025,0,0,-1.8713619181274945,-1.6152448563334676,-0.9245913041269734,0,-1.875263625675983,-2.5078837839075545,-1.705035610919167,-2.3686600842591177,0,-2.801076652713406,-2.3755078809704524,-1.5268947637320602,-0.5042876242950427,-0.9036453940643193,0,0,-1.5635066972350666,-2.0360180498289795,-1.4952089466896852,-0.07725022952398519,-1.437098364925007,0,-0.7311715101501229,-0.9289406174478038,-0.49601392733982985,-0.06394934289134002,0,-0.3453782311530631,-0.5058798134008524,-0.3469495409041352,0],"activity":[[-0.20922914200043732]],"dinucleotide":[[0.871642324231711,0,1.4286373018232321,0.8918427198351893,0,0,0,0,0.8216380695538161,0,0.999648093528338,0.7052778105716722,0.8585550508234803,0,0.6728112711184844,0.2503277101526791,-0.28242304167565946,-1.3976873964472114,0,-0.3079166891596594,0,0,0,0,7.834452095940581E-4,-1.0059755153434728,0,0.32536222130842496,0.5712283311155208,-0.22091397983446415,0,0.9029259858593935,1.1227463860008688,0.7461832978000431,1.1748159690555018,0,1.8168199566074983,1.2936515146404224,1.884864354016185,0,0,0,0,0,0.32087094938512317,0.22173393969153654,0.5723220316998066,0,0,1.5674162057599315,1.051438235917562,0.49767156098184495,0,1.4949798997038686,1.6034054778085358,0.8339215257030554,0,1.334577185705733,0.8291643503604051,0.3148438034591572,0,0,0,0,0,0,0,0,0,2.7134954906511064,1.6521125397993104,1.1927407478909524,0,1.3864122621218762,0.8404097168943867,0.5119846932746195,0,1.1993807094293354,0.8507172753809051,0.5439820374493998,0,0,0,0,0.7748278829590038,0,0.6926419049963299,0.7008284026964642,1.0606083710479797,0,1.1627815419817802,1.1240425649558454,1.2486971542871275,0,1.2186002880311717,1.2035116597864395,0.2387988919833579,0.2675984856516269,0.3373181516765511,0,0,0,0,0,0.2808346055346984,0.4360790511629835,0.38101070629971723,0,0.28052368493062385,0.7559582867070471,0.6877715209154984,0,0,1.3125865620114099,0.8784599876738666,0.965062610677379,0,0.39724749745592236,0.2212263010473614,0.4961879416949322,0,0.43916789314411186,0.09951358525442977,0.2728189271098014,0,0,0,0,0,0,0,0,0.29228067031921,1.646679142242352,0,0.4369729899419368,0.38014986107877236,1.0531902135410869,0,0.44189797154357224,0.19491598536759946,0.682505682376005,0,0.4255299196437492,-0.0960971473432024,-0.5380652074360428,-0.27559663924666955,0,0.44843993573365326,1.0135720628842564,0.20276519591755426,0,0,0,0,0,-0.08427872754597332,0.554539695521378,-0.22567710047116762,0,0.2368483601966891,0.6871114936786609,0.1796240330292842,0,-0.12240861847151963,0.6086825297196947,0.6832314853561461,0,-1.818069218656109,-0.3743262879299383,-0.720403932572034,0,0,0,0,0]],"modifications":[]},{"mononucleotide":[-0.12197702989966841,0,-0.5367821450275774,-0.12804800901670116,-0.3004327023319967,0,-0.9666686509232347,-0.270658522478063,-0.5805029772901433,0,-0.788205723424092,-0.6016623601590587,0,-0.39409790048654575,-0.17246137440527165,-0.4976452897525721,-0.5444010602388307,0,-0.5396740119664603,-0.6634966987754956,-1.1232304499283194,0,-0.8244160205880611,-0.6702842288109101,-0.7096304050076152,-0.8069706758258803,0,-0.5724824035241505,0,-0.3278990949357668,-0.682145661163621,-0.6331643574206482,0,-0.15729425096382849,-0.7601082628852456,-0.3092055151117695,-0.6723927439055628,0,-0.7737831786155407,-0.2391652215049288,0,-0.5880352374991167,-1.0109589367125924,-0.5513729573507111,-0.2847913476736683,0,-0.8196745070260305,-0.24876044521584023],"activity":[[-0.9727068173571279]],"dinucleotide":[[-0.05429479555034705,0,0.17221063738734943,0.06363238265252547,0,0,0,0,0.19936519505668182,0,0.1752967468039166,0.18318703412041082,0.26429534924183645,0,0.607790697705173,0.37773495235054283,-0.026327155116246836,0,0.03377185529506965,-0.025499078638534844,0,0,0,0,0.2579774201672105,0,0.17814879789968785,0.0559557564261286,0.11924603022115121,0,0.18031676066250357,-0.020434297735378526,0,0.5558750663024987,0.14204884933701933,0.4893566701974559,0,0,0,0,0,0.054501262872172385,-0.0018767012522380444,0.3823696416062794,0,0.9538482276945837,0.33897416593732704,0.6143327808675352,0,0,0,0,0.41709481966613415,0,0.22477619624711664,0.6456436304610046,0.11567862999885814,0,0.332224834177827,0.4272905698545702,0.4410089057750588,0,0.3657003712870819,0.5922219948545653,0.36769296963930365,0,0.23616885862575754,0.24040529320383408,0,0,0,0,-0.2068493965175775,0,0.046404791785085386,-0.30548796105700204,0.5423808351403578,0,0.3360700557085392,0.37290553384807934,0.33787163254036456,0.6347977562621931,0,0.6372152121285264,0,0,0,0,0.311127070954875,0.6856018856975234,0,0.03394088098331194,0.5073095734180915,0.5792928366210754,0,0.46722169561806837,0,0.25329035526604304,0.12944160874824462,0.48593067493861697,0,-0.07613980152570243,0.018362401879228996,0.6015490903828689,0,0,0,0,0,0.7395674500653469,0.34726792413069085,0.6686158292615929,0,0,0,0,0,0.15654584775034758,-0.1450517951952417,0.17372069777438615,0,0.6791192378615278,0.22933217319827404,0.3584561340477359,0,0.14055050143136838,0.30179270889185883,0.29683346038000846,0,0,0,0,0.13945145427509864,0,0.31957538455440515,-0.10045688338463926,0.22464483697603677,0,0.2899130243311365,0.3303883697714053,0.18090238206744502,0,0.21764404192135367,0.13028783419692103,0,0.20367337429755206,0.47102110842526845,0.4251816608357184,0,0,0,0,0,0.15465886816987062,0.3879985408288553,0.3299595983219774,0,0.1738446918479032,0.5349455822052731,0.5994063667459848,0,0,0,0,-0.21585075021870215,0,0.6154832185506611,0.4792843016809938,0.4543642513789554,0,0.37523177574675803,0.4691333160372002,0.14902710619182102,0,0.2414370138646591,0.27978659662942884]],"modifications":[]}]}}
