{"modelSettings":{"letterOrder":"ACGT","bindingModeInteractions":[],"bindingModes":[{"fitLogActivity":true,"flankLength":0,"singleStrand":false,"size":10,"dinucleotideDistance":0,"componentName":"Binding mode 0","positionBias":false,"modifications":[]},{"fitLogActivity":true,"flankLength":0,"singleStrand":false,"size":10,"dinucleotideDistance":0,"componentName":"Binding mode 1","positionBias":false,"modifications":[]}],"letterComplement":"C-G,A-T"},"coefficients":{"bindingModeInteractions":[],"bindingModes":[{"mononucleotide":[0,0,0,0,0,0,0,0,0,0,0,0,0,0,0,0,0,0,0,0,0,0,0,0,0,0,0,0,0,0,0,0,0,0,0,0,0,0,0,0],"activity":[[-2.5280774396345667]],"dinucleotide":[],"modifications":[]},{"mononucleotide":[-0.6949264559648594,0,-0.9688140150714251,-0.09709622940202056,-0.7173899606753125,0,-0.5957051989107152,-0.8343279855441574,-0.8748294251238571,0,-0.014383584756679113,-0.29739523774212007,-1.2626970861415994,-0.2247365356470672,-1.3919285556561838,0,-0.06153331752617763,0,-0.5224801362488414,-0.23805600039461616,0,-0.1333550666370229,-0.914977791922917,-0.8145370224678548,-1.1655718466487044,0,-1.878091902330214,-1.1512501111682965,-1.2431513086619748,0,-1.1279552469747105,-0.18139783524841846,0,-0.07285757201474397,-0.7284276162564121,-0.34015337084805974,-0.49485191927728245,-0.1888506038699047,0,-0.2982134246173116],"activity":[[0]],"dinucleotide":[],"modifications":[]}]}}
