{"modelSettings":{"letterOrder":"ACGT","bindingModeInteractions":[],"bindingModes":[{"fitLogActivity":true,"flankLength":0,"singleStrand":true,"size":3,"dinucleotideDistance":1,"componentName":"Binding mode 0","positionBias":false,"modifications":[]},{"fitLogActivity":true,"flankLength":0,"singleStrand":false,"size":10,"dinucleotideDistance":0,"componentName":"Binding mode 1","positionBias":false,"modifications":[]}],"letterComplement":"C-G,A-T"},"coefficients":{"bindingModeInteractions":[],"bindingModes":[{"mononucleotide":[-0.2603932490722076,-2.130299298841051,-1.1012256624732362,0,-0.3899079897315201,-0.9597190153791777,-0.5683538638093784,0,-0.2830884289130109,-0.5365031876694664,-0.5047173822176583,0],"activity":[[-1.7190343473434069]],"dinucleotide":[[0.3648991132908206,0.8645902444777345,-0.16205903653221387,0,0.24011968650821558,1.06772478392622,0.6047295446038783,0,1.1147290740211457,1.203683384529791,1.3319639611197904,0,0,0,0,0,0.46829739227376543,0.03568137110012648,-0.04253151788971632,0,0.5067989321675941,0.5165000050928912,0.452499735872514,0,-0.2814664450927902,0.19389963948767974,0.3373717593208543,0,0,0,0,0]],"modifications":[]},{"mononucleotide":[-0.39228707680298047,0,-0.775985627903608,-0.46962325537084726,-1.1724274966406845,-0.27051534007383615,-1.005853536008201,0,-0.19167857865969667,0,-0.9041258302359119,-0.7292254025280384,-1.1043829960333054,-0.3672536719368912,0,-0.73687316844203,-1.0570432946617738,-0.4645292271964743,-1.702012415592629,0,-0.2449054614877767,-0.08959586593174662,-0.9328026061699906,0,0,-0.19944443147915297,-1.0551427816009895,-0.7265120602604672,-0.55899008134616,0,-1.316696427042562,-0.6357185665210083,-0.7609041565817514,0,-0.7824443774169858,-0.24801558094923648,-0.08500487171337529,-0.0025016237106433303,-0.8001615282374172,0],"activity":[[0]],"dinucleotide":[],"modifications":[]}]}}
