{"modelSettings":{"letterOrder":"ACGT","bindingModeInteractions":[],"bindingModes":[{"fitLogActivity":true,"flankLength":0,"singleStrand":false,"size":12,"dinucleotideDistance":0,"componentName":"Binding mode 0","positionBias":false,"modifications":[]},{"fitLogActivity":true,"flankLength":0,"singleStrand":false,"size":12,"dinucleotideDistance":0,"componentName":"Binding mode 1","positionBias":false,"modifications":[]}],"letterComplement":"C-G,A-T"},"coefficients":{"bindingModeInteractions":[],"bindingModes":[{"mononucleotide":[0,0,0,0,0,0,0,0,0,0,0,0,0,0,0,0,0,0,0,0,0,0,0,0,0,0,0,0,0,0,0,0,0,0,0,0,0,0,0,0,0,0,0,0,0,0,0,0],"activity":[[-2.933677010276792]],"dinucleotide":[],"modifications":[]},{"mononucleotide":[-0.5870782567844657,0,-0.8621398657235559,-0.03694311762316538,-0.7525855242075989,0,-0.4614002453387629,-0.7519506651702521,-0.7599842635060137,-0.08525076582605795,0,-0.19442555691836194,-1.1119229099673351,-0.42255440378536324,-1.386857938324209,0,0,-0.1724069442836882,-0.6314573168488966,-0.21632992786797,0,-0.32488142296251077,-1.3255739764972079,-0.7302970073386437,-1.1195847134286359,0,-2.344870103235081,-1.0400346993041465,-1.026046890794711,-0.0016454564143320027,-1.1063917094342228,0,0,-0.11929737817018182,-1.2803520165980151,-0.5141242533990873,-0.303731306685985,-0.06640788633088768,0,-0.29348341581504567,-0.5927206204685982,-0.062072419605907925,-0.5682391711978632,0,-0.4778518530022575,-0.11892159801390179,-0.44066833937836947,0],"activity":[[0]],"dinucleotide":[],"modifications":[]}]}}
