{"modelSettings":{"letterOrder":"ACGT","bindingModeInteractions":[],"bindingModes":[{"fitLogActivity":true,"flankLength":0,"singleStrand":false,"size":15,"dinucleotideDistance":0,"componentName":"Binding mode 0","positionBias":false,"modifications":[]},{"fitLogActivity":true,"flankLength":0,"singleStrand":false,"size":15,"dinucleotideDistance":1,"componentName":"Binding mode 1","positionBias":false,"modifications":[]}],"letterComplement":"C-G,A-T"},"coefficients":{"bindingModeInteractions":[],"bindingModes":[{"mononucleotide":[0,0,0,0,0,0,0,0,0,0,0,0,0,0,0,0,0,0,0,0,0,0,0,0,0,0,0,0,0,0,0,0,0,0,0,0,0,0,0,0,0,0,0,0,0,0,0,0,0,0,0,0,0,0,0,0,0,0,0,0],"activity":[[-2.290685366106798]],"dinucleotide":[],"modifications":[]},{"mononucleotide":[0,-0.7686248703679812,-0.290611213021978,-0.08123326687146992,-0.11037889257349054,-0.9583719155668797,0,-0.0546352267998218,-1.191932917216568,-0.8820635443007792,0,-1.3947013914324797,-1.6562839612315647,-0.6309835872092222,-2.0902155979782293,0,-1.285789242207228,0,-2.686144735179859,-1.6639237755100327,-0.016610093800475845,-1.9850280448409232,0,-0.32242584033926125,-3.5829445862486877,-3.1975254038399212,-3.8409397450739493,0,0,-1.9868932534598107,-2.3277568786078895,-0.24060714663260097,0,-3.16879111202545,-3.078215316633183,-1.8958723310204553,0,-1.6163582003189707,-2.0335139770535204,-1.4916518090034527,0,-0.552292437866087,-0.6340735000252105,-0.4502062521404504,-0.12954129559486738,-0.19344729532768312,-0.3595923079943528,0,-0.49380620805165165,-0.45448401386569337,-0.46027960872313933,0,-0.5074648472060312,-0.5711960352927239,-0.5443288758499207,0,-0.22665447184420628,-0.44510162893286864,-0.49814081271817834,0],"activity":[[-0.2876019441293709]],"dinucleotide":[[0,0,0,0,0.4028121064915018,0.1353159097374368,0,0.6026868127763176,-0.058998504312306466,-0.1009012157527005,0,-0.20483272795959007,-0.15390234692924665,0.4268323340096778,0,-0.25555924435064536,0.4803158797953868,0.12717096111162718,0,0.3199282356303179,1.3710358116730958,1.2527904341948632,0,1.3024708595749797,0,0,0,0,0.6421057243830832,0.1399956437854648,0,0.2326806502405896,0.6171409059203006,0.31517812636585685,0.6435024329764327,0,1.06225489186743,0.847973968983113,1.5130758781126383,0,0,0,0,0,1.0197475105513183,0.5443572126277028,1.2647904640050998,0,-0.2992089881343918,0,0.10117585863969492,0.36274374778078666,0.26421667639620683,0,0.3299553324841571,0.26881567577964116,-0.048791245751296675,0,-0.08537389286675712,0.19219105859528884,0,0,0,0,0.8392628009945486,1.6082474851858248,0,-0.24379814443497105,0,0,0,0,1.344274164934193,1.4570112543437426,0,0.1036076920061002,0.5384013520341506,0.7297074759173205,0,-0.4670494797821605,-0.5829224845161973,-0.3900058934539494,-0.365549674869841,0,1.3559682239021793,1.577810326241413,1.175439569159911,0,0,0,0,0,-0.19219967326084975,-0.11989999787037275,-0.1289727188761285,0,0,1.6482519696539288,1.1971099287292546,0.5884212666376323,0,2.488769252861507,1.441047474734428,0.5732029271864656,0,1.582537056964557,1.22574973159002,0.21131783374448299,0,0,0,0,0,0,0,0,0,2.351024337068009,1.8803857495998098,1.0160703297066958,0,1.631585134659117,1.0019919380753404,0.9088076793192488,0,0.8721762037562377,0.5817921072738055,0.35052582937319965,0,0,0,0,0,1.7097458188457133,1.4183957491491936,1.4440729749554344,0,1.2969456667098904,1.074021454760385,1.4212814768642419,0,0.9396235839751013,0.7352657137543961,0.7512924232579095,0,0,0,0,0,0.6276842272470775,0.6365912011008827,0.5711869741350788,0,0.6955201364635926,0.5677010010827881,0.5901087618636534,0,0.5001283436434574,0.5737750275773701,0.595294590225647,0,0,0,0,-0.06740205877263516,0.0042889378912507325,-0.004448014691055491,0,-0.22166469202821037,-0.25700634541876255,-0.23594728040220492,0,-0.1156660125396014,-0.01932740139284128,0.0528107382800016,0,0.1695650807525304,0.04462375897187787,0.09533863144267496,0,0.20187386950158182,0.16845742050113977,0.07197936105878266,0,0.10898343180885561,0.022034503337108546,-0.11691027485359484,0,0,0,0,0,0.15543116551858116,0.15472214799002337,0.23750388192071092,0,0.2197854667305954,0.2758102069895987,0.27622185026195556,0,0.12920158599862752,0.11782638140237989,0.11261508917971774,0,0,0,0,0,0.018523854651259164,0.14607496809202658,0.24448908562279925,0,0.10367709641496248,0.2787039936806037,0.34312021355649414,0,-0.016559261453448215,0.19069081964011847,0.22863056235865198,0,0,0,0,0]],"modifications":[]}]}}
