{"modelSettings":{"letterOrder":"ACGT","bindingModeInteractions":[],"bindingModes":[{"fitLogActivity":true,"flankLength":0,"singleStrand":false,"size":14,"dinucleotideDistance":0,"componentName":"Binding mode 0","positionBias":false,"modifications":[]},{"fitLogActivity":true,"flankLength":0,"singleStrand":false,"size":14,"dinucleotideDistance":0,"componentName":"Binding mode 1","positionBias":false,"modifications":[]}],"letterComplement":"C-G,A-T"},"coefficients":{"bindingModeInteractions":[],"bindingModes":[{"mononucleotide":[0,0,0,0,0,0,0,0,0,0,0,0,0,0,0,0,0,0,0,0,0,0,0,0,0,0,0,0,0,0,0,0,0,0,0,0,0,0,0,0,0,0,0,0,0,0,0,0,0,0,0,0,0,0,0,0],"activity":[[-4.7908319784182885]],"dinucleotide":[],"modifications":[]},{"mononucleotide":[0,-0.3902201903815996,-0.4481414041540024,-0.19820587233355624,0,-0.3725655061136166,-0.38716355957295434,-0.30785635244728304,0,-0.36312250646835587,-0.3022179469018136,-0.23347968200440228,0,-0.37008666037883664,-0.23389556362853003,-0.10844095168124923,-0.2990387809428672,-0.5250947513482238,-0.49014320590768357,0,-0.8640336148386556,-1.4506869077921833,-1.0677471166780306,0,-1.456195548857039,-2.279401535606854,-2.18810781555709,0,-0.23295921668931996,-2.417800796149784,-2.0068736366041215,0,0,-7.9385110592283645,-3.6336730845898293,-2.3572120468432445,0,-0.11973093449099537,-2.7922286695017897,-0.018780391142330544,-1.9065240431235964,-2.0351355848379176,0,-0.7862585377961526,-0.06372181308459357,-1.2283089142282178,0,-0.9570462503912767,-0.9184889296541945,-0.1634291516644213,0,-0.6678737318348853,-0.0758702928845052,-0.27575806995303687,0,-0.22010467992650184],"activity":[[0]],"dinucleotide":[],"modifications":[]}]}}
