{"modelSettings":{"letterOrder":"ACGT","bindingModeInteractions":[],"bindingModes":[{"fitLogActivity":true,"flankLength":0,"singleStrand":false,"size":15,"dinucleotideDistance":0,"componentName":"Binding mode 0","positionBias":false,"modifications":[]},{"fitLogActivity":true,"flankLength":0,"singleStrand":false,"size":15,"dinucleotideDistance":0,"componentName":"Binding mode 1","positionBias":false,"modifications":[]}],"letterComplement":"C-G,A-T"},"coefficients":{"bindingModeInteractions":[],"bindingModes":[{"mononucleotide":[0,0,0,0,0,0,0,0,0,0,0,0,0,0,0,0,0,0,0,0,0,0,0,0,0,0,0,0,0,0,0,0,0,0,0,0,0,0,0,0,0,0,0,0,0,0,0,0,0,0,0,0,0,0,0,0,0,0,0,0],"activity":[[-2.259030180801618]],"dinucleotide":[],"modifications":[]},{"mononucleotide":[-0.038294775908054746,-0.7036138533944083,-0.4885511278509842,0,-0.18020022728491725,0,-0.16562181962541445,-0.024856611324224787,-0.7101165568193402,0,-0.1336360781399506,-0.8870781362694906,-1.0728801498370544,-0.06514367776629904,-1.3011326499209108,0,-0.7517764570015739,0,-2.144310951751885,-1.8458693783703786,0,-2.3540767205342097,-0.12139406320552482,-0.27051314540555893,-3.2812838312977193,-3.5360589462349883,-8.34247254724173,0,0,-2.2248483169007565,-2.855790047236924,-0.2721801329629816,0,-2.8528096365063615,-2.910149966888333,-1.6600974532839667,0,-1.3177193433318806,-1.7114400449011913,-1.1048370934244023,0,-0.5821570932321087,-0.7127095521028775,-0.393996773207661,-0.14284665006698383,-0.2361153101969613,-0.4194912064564935,0,-0.28001006976898424,-0.38138150421490025,-0.4182975790038945,0,-0.3528013985386327,-0.43035301389353364,-0.3836835412503934,0,-0.22631320531903398,-0.45858143538012897,-0.3424963394860576,0],"activity":[[-0.2872419192556803]],"dinucleotide":[],"modifications":[]}]}}
