{"modelSettings":{"letterOrder":"ACGT","bindingModeInteractions":[],"bindingModes":[{"fitLogActivity":true,"flankLength":0,"singleStrand":false,"size":14,"dinucleotideDistance":0,"componentName":"Binding mode 0","positionBias":false,"modifications":[]},{"fitLogActivity":true,"flankLength":0,"singleStrand":false,"size":14,"dinucleotideDistance":1,"componentName":"Binding mode 1","positionBias":false,"modifications":[]}],"letterComplement":"C-G,A-T"},"coefficients":{"bindingModeInteractions":[],"bindingModes":[{"mononucleotide":[0,0,0,0,0,0,0,0,0,0,0,0,0,0,0,0,0,0,0,0,0,0,0,0,0,0,0,0,0,0,0,0,0,0,0,0,0,0,0,0,0,0,0,0,0,0,0,0,0,0,0,0,0,0,0,0],"activity":[[-5.63671446923993]],"dinucleotide":[],"modifications":[]},{"mononucleotide":[0,-0.46471729531506156,-0.41744434778163964,-0.45042901149082226,0,-0.46169655686136224,-0.40881904144123027,-0.5046085981081285,0,-0.37433371914242386,-0.18986945055197424,-0.13228011555243313,-0.4502632099292754,-0.630125211969685,-0.5470110507542509,0,-1.4832289485151096,-1.8868827519674758,-1.606208435625823,0,-1.828788581332792,-3.0392124702711767,-3.3207056590962365,0,-0.23332186227539609,-2.195025641713351,-1.848931332504729,0,0,-13.74874878268865,-6.149625733790071,-11.663439282166435,-0.32000901434260953,0,-2.17503011714997,-0.07702020688942923,-1.408755608724495,-3.0694829518186273,0,-1.1255921989545117,0,-2.2772743848764705,-0.5969459283762886,-1.7221083945812916,-1.402090534963829,0,-0.8500345700851346,-1.0927620667393452,-0.034500094135864856,0,-0.9271349577953298,-0.0011918256625023105,-0.08180560257840774,-0.3649979714963152,-0.7217731386111437,0],"activity":[[0]],"dinucleotide":[[0,0,0,0,0,0.0902756602922059,0.2769848276277722,0.19833784966019508,0,0.12344308524879555,0.24436598582666047,0.18266246292213317,0,0.14614577306958854,0.21779872439583325,0.19089801801281148,0,0,0,0,0,-0.10496111131071917,0.07759399470169281,0.07613226534790396,0,-0.015180917719017195,0.1136257657935511,0.02256112582221892,0,0.10180443833205821,0.1927585744449818,0.183871994929512,0,0,0,0,0.07860166673436897,-0.17746526758707049,0.0025426188499277913,0,-0.03717438452207755,-0.2337678245100836,0.007625251822465984,0,-0.1213163726872617,-0.20408635390359464,-0.08067855791476042,0,0.6497441660052417,0.501004429813996,0.6055570686315122,0,0.5683508227459635,0.37125400210516357,0.6716019853734023,0,0.5258780315511862,0.5777974295176156,0.6051891401657512,0,0,0,0,0,0.8861233954607899,1.5130924009023614,1.5280238125911483,0,0.839022309690356,1.1251688884490676,1.6742456508390893,0,0.9700454418220206,1.2716066141888414,1.6044841608305846,0,0,0,0,0,0.5301626432609545,1.152052438192734,1.1252172543863415,0,0.6740670363956411,0.49626908542602255,1.7525154913466041,0,1.1980975690488513,1.7023592854210072,2.0499762127672776,0,0,0,0,0,0,1.5050230257827195,3.126953981362033,4.778267144468559,0,-1.373196473526221,1.1611430109423377,-1.4169120107428768,0,7.796362630901171,4.816969775782946,5.722159578088753,0,0,0,0,0,0,0,0,0.7859873781007138,0,6.011720003226241,1.700909656403443,-0.5934499766052443,0,2.5040885965007194,-0.09077474474798297,3.6009404606666564,0,6.747413463721943,-0.46568948858204884,-0.9117497958257896,-2.520482446996147,0,-0.7257420652897402,0,0,0,0,1.0263658608244492,2.3364091814889028,0,1.741423373446911,0.479072453232412,1.9774830779221997,0,0.7710404089259244,0,0.20339229478192067,0.32105242673777656,0.5598506561453194,0,-1.4510761975033306,0.40050942820731805,0.03013238129303719,0,0,0,0,0,-0.13715042120609588,0.26590466725963857,0.05249380698089201,0,0,0,0,1.6241999985976916,0,1.709263642853946,0.8857796286154667,0.5911100703855627,0,0.7525364933878924,0.3312882386230571,1.0418804602348768,0,0.9239616354858944,0.9037931312475118,0.2576661284208326,0,1.3528176611351155,0.43524086747963153,0,0,0,0,0.14302974504064636,0,1.251113143635,0.13245586490623218,0.5974737295918642,0,1.195583195550535,0.5749156597024934,-0.2536969567452374,-0.17854393105506627,0.5370811455658222,0,0,0,0,0,0.4253083480987989,-0.0485564446318536,0.12296247832803697,0,-0.2002349836520132,-0.10993062175218604,0.23234081476890633,0]],"modifications":[]}]}}
