{"modelSettings":{"letterOrder":"ACGT","bindingModeInteractions":[],"bindingModes":[{"fitLogActivity":true,"flankLength":0,"singleStrand":false,"size":14,"dinucleotideDistance":0,"componentName":"Binding mode 0","positionBias":false,"modifications":[]},{"fitLogActivity":true,"flankLength":0,"singleStrand":false,"size":14,"dinucleotideDistance":0,"componentName":"Binding mode 1","positionBias":false,"modifications":[]}],"letterComplement":"C-G,A-T"},"coefficients":{"bindingModeInteractions":[],"bindingModes":[{"mononucleotide":[0,0,0,0,0,0,0,0,0,0,0,0,0,0,0,0,0,0,0,0,0,0,0,0,0,0,0,0,0,0,0,0,0,0,0,0,0,0,0,0,0,0,0,0,0,0,0,0,0,0,0,0,0,0,0,0],"activity":[[-5.565240611703697]],"dinucleotide":[],"modifications":[]},{"mononucleotide":[-0.01616042901863768,-0.6628596521324712,-0.5788667861580477,0,-0.12572225576901097,-0.02146162890241854,-0.19019533777224007,0,-0.5858540104180658,0,-0.16886159180291616,-0.7494299603080377,-0.8937448291488876,-0.08268822792668828,-1.2165197388815159,0,-0.7415595650109346,0,-1.8539973380471422,-1.6154423057476412,0,-2.0225145160030866,-0.06611257456952746,-0.1812416597254427,-2.0879501424477382,-2.51086136170754,-7.759438648793981,0,0,-1.7465327824272887,-2.088167645552251,-0.1756101063744384,0,-1.7870371950135493,-2.1833577000858666,-1.2224568557667617,0,-1.019717174034398,-1.423049756745535,-0.8359235736973538,0,-0.4359744009799864,-0.5794455925978577,-0.27331491019461307,-0.1345990981703351,-0.20675465220067446,-0.4208625764960119,0,-0.2545344474068849,-0.31217395048583896,-0.41938082092449624,0,-0.3557598222374465,-0.3419484751919293,-0.39352489447428285,0],"activity":[[0]],"dinucleotide":[],"modifications":[]}]}}
