{"modelSettings":{"letterOrder":"ACGT","bindingModeInteractions":[],"bindingModes":[{"fitLogActivity":true,"flankLength":0,"singleStrand":false,"size":14,"dinucleotideDistance":0,"componentName":"Binding mode 0","positionBias":false,"modifications":[]},{"fitLogActivity":true,"flankLength":0,"singleStrand":false,"size":14,"dinucleotideDistance":0,"componentName":"Binding mode 1","positionBias":false,"modifications":[]}],"letterComplement":"C-G,A-T"},"coefficients":{"bindingModeInteractions":[],"bindingModes":[{"mononucleotide":[0,0,0,0,0,0,0,0,0,0,0,0,0,0,0,0,0,0,0,0,0,0,0,0,0,0,0,0,0,0,0,0,0,0,0,0,0,0,0,0,0,0,0,0,0,0,0,0,0,0,0,0,0,0,0,0],"activity":[[-2.3017324128733248]],"dinucleotide":[],"modifications":[]},{"mononucleotide":[-0.01293144424840964,-0.7258678429562888,-0.5492790775680598,0,-0.1381958088175601,0,-0.19050321020010852,-0.0231396377863069,-0.6744974546635403,0,-0.14264311795597706,-0.8667395566988381,-1.0540393987983316,-0.07819975262380208,-1.2996496427177373,0,-0.7586708551853638,0,-2.1442556848523693,-1.81611381806513,0,-2.28089985478947,-0.10570937835686056,-0.23060671413759337,-3.063561320251287,-3.357033529346567,-6.4030371263992665,0,0,-2.2143722101016143,-2.882956701450258,-0.27317277866333356,0,-2.682437845026045,-2.9079825585754504,-1.6633834829930922,0,-1.3118342908636382,-1.7920895972767665,-1.094469519035946,0,-0.5821130596547937,-0.7071772388136175,-0.3804939622505943,-0.15026207127783753,-0.22917001068386877,-0.44026467202614317,0,-0.30041272039635203,-0.376807856779636,-0.4234267347859335,0,-0.385081937476623,-0.4620709727631107,-0.41664709486557694,0],"activity":[[-0.2854757617988323]],"dinucleotide":[],"modifications":[]}]}}
