{"modelSettings":{"letterOrder":"ACGT","bindingModeInteractions":[],"bindingModes":[{"fitLogActivity":true,"flankLength":0,"singleStrand":false,"size":14,"dinucleotideDistance":0,"componentName":"Binding mode 0","positionBias":false,"modifications":[]},{"fitLogActivity":true,"flankLength":0,"singleStrand":false,"size":14,"dinucleotideDistance":0,"componentName":"Binding mode 1","positionBias":false,"modifications":[]}],"letterComplement":"C-G,A-T"},"coefficients":{"bindingModeInteractions":[],"bindingModes":[{"mononucleotide":[0,0,0,0,0,0,0,0,0,0,0,0,0,0,0,0,0,0,0,0,0,0,0,0,0,0,0,0,0,0,0,0,0,0,0,0,0,0,0,0,0,0,0,0,0,0,0,0,0,0,0,0,0,0,0,0],"activity":[[-5.46024330820793]],"dinucleotide":[],"modifications":[]},{"mononucleotide":[0,-0.39874056262971713,-0.385386713056759,-0.3568851356673681,0,-0.40494073656452567,-0.3305518499382405,-0.2664119594618475,0,-0.4281158192906265,-0.20312777698434736,-0.12704537332703136,-0.358164762616048,-0.6333947991786397,-0.49928772102332974,0,-0.9544063627705128,-1.5314679927157169,-1.0944771032243006,0,-1.4303397140404073,-2.358564485888733,-1.9947329356607577,0,-0.270415582670787,-2.353622971642543,-1.928440162655141,0,0,-6.12141837672655,-2.5829047598147223,-2.0090499909576724,-0.1515170687006675,-0.07809706041702569,-1.9509930380514122,0,-1.6907277862501928,-1.7829212793286509,0,-0.6929080552375853,0,-1.2558308793773394,-0.13089646958240753,-0.8982987821690669,-0.7729881275631438,-0.14203077539941056,0,-0.5061986042867899,-0.008960504851399875,-0.16128613213195298,0,-0.06493809146312834,0,-0.5570517695489015,-0.706459338699668,-0.022621100259979876],"activity":[[0]],"dinucleotide":[],"modifications":[]}]}}
