{"modelSettings":{"letterOrder":"ACGT","bindingModeInteractions":[],"bindingModes":[{"fitLogActivity":true,"flankLength":0,"singleStrand":false,"size":15,"dinucleotideDistance":0,"componentName":"Binding mode 0","positionBias":false,"modifications":[]},{"fitLogActivity":true,"flankLength":0,"singleStrand":false,"size":15,"dinucleotideDistance":0,"componentName":"Binding mode 1","positionBias":false,"modifications":[]}],"letterComplement":"C-G,A-T"},"coefficients":{"bindingModeInteractions":[],"bindingModes":[{"mononucleotide":[0,0,0,0,0,0,0,0,0,0,0,0,0,0,0,0,0,0,0,0,0,0,0,0,0,0,0,0,0,0,0,0,0,0,0,0,0,0,0,0,0,0,0,0,0,0,0,0,0,0,0,0,0,0,0,0,0,0,0,0],"activity":[[-2.217198904902417]],"dinucleotide":[],"modifications":[]},{"mononucleotide":[0,-0.31629106533140305,-0.423607253726213,-0.21238867247327242,0,-0.3596580423877773,-0.40337519131657107,-0.3259918442874925,0,-0.390470655813389,-0.3573986549941939,-0.2523572524018487,0,-0.39568695613919846,-0.22362151822067933,-0.13272358735121248,-0.36878676112607867,-0.6721107509741611,-0.5539719849043854,0,-1.0323966611482582,-1.596952598561412,-1.240785964088615,0,-1.5866302032476938,-2.42423998112244,-2.376525082599061,0,-0.2668347804471489,-2.280292238117406,-1.9821237878837152,0,0,-3.3395289102384726,-2.8919475352937543,-2.7459303153824655,-0.21950579173009466,-0.10078749419694599,-1.7839029832288524,0,-1.7740290144049427,-1.8955064704279128,0,-0.7432863390201074,0,-1.2203623375446755,-0.06205007740610924,-1.0192867283360174,-0.8611912340130887,-0.1423844813213897,0,-0.658771551444314,-0.05133407743218488,-0.16252763438886308,0,-0.18409418175366543,0,-0.5004459107417158,-0.7107265106450376,-0.06586444444475159],"activity":[[-0.2876121460296652]],"dinucleotide":[],"modifications":[]}]}}
