{"modelSettings":{"letterOrder":"ACGT","bindingModeInteractions":[],"bindingModes":[{"fitLogActivity":true,"flankLength":0,"singleStrand":false,"size":14,"dinucleotideDistance":0,"componentName":"Binding mode 0","positionBias":false,"modifications":[]},{"fitLogActivity":true,"flankLength":0,"singleStrand":false,"size":14,"dinucleotideDistance":0,"componentName":"Binding mode 1","positionBias":false,"modifications":[]}],"letterComplement":"C-G,A-T"},"coefficients":{"bindingModeInteractions":[],"bindingModes":[{"mononucleotide":[0,0,0,0,0,0,0,0,0,0,0,0,0,0,0,0,0,0,0,0,0,0,0,0,0,0,0,0,0,0,0,0,0,0,0,0,0,0,0,0,0,0,0,0,0,0,0,0,0,0,0,0,0,0,0,0],"activity":[[-6.61179437039525]],"dinucleotide":[],"modifications":[]},{"mononucleotide":[0,-0.9227897355073758,-0.8166516192834541,-0.4567519103751847,0,-0.13867643371710425,-0.2630737846954583,-0.2528194425325747,0,-0.4503007584150689,-0.24547142985064152,-0.06401633763585757,0,-0.7559305207135614,-0.6590924691843396,-0.3185560638245031,0,-0.22088125234600575,-0.13360232604712774,-0.13209831035005237,-0.5905731331712829,0,-0.008304487387315262,-0.4189937978524645,-1.0714385792445,-0.36753988764314727,-0.7053502532430507,0,0,-0.3147615449026704,-0.576162725288758,-0.9033906177217315,0,-2.2662114065941052,-2.4893560274297197,-1.9169828411996024,-3.5566927056220843,-3.333138358453472,-3.2266233157580837,0,-2.31256312736753,-1.7251295101927475,-1.625805624726353,0,0,-2.439426929789665,-2.945281727427745,-2.7127476653535982,-0.24375632150926396,-0.5484758041045286,0,-0.192753835167645,-0.06508325580966279,0,-0.22427475080791037,-0.09110172584357557],"activity":[[0]],"dinucleotide":[],"modifications":[]}]}}
