{"modelSettings":{"letterOrder":"ACGT","bindingModeInteractions":[],"bindingModes":[{"fitLogActivity":true,"flankLength":0,"singleStrand":false,"size":12,"dinucleotideDistance":0,"componentName":"Binding mode 0","positionBias":false,"modifications":[]},{"fitLogActivity":true,"flankLength":0,"singleStrand":false,"size":12,"dinucleotideDistance":1,"componentName":"Binding mode 1","positionBias":false,"modifications":[]},{"fitLogActivity":true,"flankLength":0,"singleStrand":false,"size":12,"dinucleotideDistance":1,"componentName":"Binding mode 2","positionBias":false,"modifications":[]}],"letterComplement":"C-G,A-T"},"coefficients":{"bindingModeInteractions":[],"bindingModes":[{"mononucleotide":[0,0,0,0,0,0,0,0,0,0,0,0,0,0,0,0,0,0,0,0,0,0,0,0,0,0,0,0,0,0,0,0,0,0,0,0,0,0,0,0,0,0,0,0,0,0,0,0],"activity":[[-6.9571653383045895]],"dinucleotide":[],"modifications":[]},{"mononucleotide":[-0.6932923080023263,-0.1707810759130659,-0.4499535468691249,0,0,-0.339013777400079,-0.2502963976333952,-0.4176458097746618,-0.45114678345847103,0,-1.1574089290819662,-0.5372075530867528,-2.3719360783136616,-3.3086426105182762,-1.858422171303734,0,0,-1.942148614704823,-1.4234305364328517,-2.309042281473821,0,-3.934325126495188,-3.8967173873514565,-4.133662348259868,-2.6786132217798637,-2.8556055480872002,-1.9671642739507178,0,-2.2218691187522834,-1.2751233928834318,-0.1739802400588224,0,0,-2.346825797817392,-0.7057569694710781,-2.3567495842124577,-1.1451811659552922,0,-0.18509566239769937,-0.6959565037989157,0,-0.21157439888407348,-0.40254233218030855,-0.13687603424388906,-0.6445241260795682,-0.5693412879429331,-0.8265137888637648,0],"activity":[[-0.09284202148697891]],"dinucleotide":[[0,0.06976453023426288,0.5417811875745437,0.5502178469789936,0,-0.5440546380267142,0.04756116650168529,-0.2782865441417366,0,-0.08104622132328654,-0.00887132898576759,0.4556166053990873,0,0,0,0,0,0,0,0,0.4446320595491562,0,0.7276065772415574,0.6932239706209824,0.41786784892227047,0,0.28755038497054386,0.3090109253989537,0.38199514268758517,0,0.3100927975366554,0.7390427813224179,-0.30040850386968687,0.13370891276589214,-0.9657361109240501,0,0,0,0,0,0.33120462877939394,0.8034281508589838,-0.5183154313303406,0,-0.23397118963364383,0.19116304648223936,-0.9601126305552015,0,0,0.6558326261559002,0.4075426385761558,0.7735912072159699,0,0.7314114867701571,0.4576290148455868,0.9270345362129362,0,0.21845744211330365,-0.10123542402027308,0.3337176464313436,0,0,0,0,0,0,0,0,0,1.1910915729514873,0.895838696616404,1.0456411119799318,0,1.1004194088089934,0.9060308116040874,0.9574707034419827,0,1.1400061655828617,1.1316491883064916,1.025022110427373,0,0,0,0,1.3238114674477064,1.2113370871875926,1.1748222451211152,0,1.3297658035522097,1.4021376909303287,1.4473275380913826,0,1.5847545421816998,1.51160505098676,1.6902357134142667,0,0.9452123975072535,1.5952350938619437,-0.06950010798557216,0,0.5042444376160828,0.32545417698584433,1.1579041153051575,0,0.20494964511127112,0.12880509278001728,-0.7707935927816112,0,0,0,0,0,0,1.4469535435717065,0.8303655733963393,1.7036752955558212,0,-0.435253421360402,0.7876500983830539,1.4471637618313689,0,-0.44785845034764193,-0.4105065527712286,0.6773086112800049,0,0,0,0,0,0,0,0,1.190045500150302,0,2.133837898500146,0.7609894297555293,0.6510620283582713,0,0.1847440182691953,0.09442452860854988,1.1715534621829145,0,0.5437814798622271,0.27518324612011824,0,0.39355273593054907,0.39824734758638614,0.32233596721370095,0,0,0,0,0,-0.4844414615114867,0.2502708880813951,-0.0664727017816289,0,-0.0984752079499569,0.3600783185579721,0.002665458726692105,0,0,0,0,0.37266047322528584,0.25722956587593204,0.3895159495830436,0,0.02221258584542274,-0.10553478286964646,-0.45521701097426615,0,0.546773945989488,-0.3205803390778992,0.14405583594014937,0]],"modifications":[]},{"mononucleotide":[-1.816306349139784,-1.2133968521890437,-1.0629388743958073,0,0,-1.3423648016522338,-1.3251945857193197,-1.3132434418892966,0,-1.7179799134733225,-2.0954187207926784,-1.9206456758645662,-1.491707093756412,-1.189112125312152,-1.3850518866419206,0,-0.9735982300725288,0,-0.4629819980920187,-0.106562366505353,-1.0436088952983198,-0.3604850034013889,0,-0.2725604498994656,0,-0.21588477319178612,-0.8903446817507347,-0.49237772844252103,-1.3067227461171464,-0.6592249413692592,-1.2928045004414106,0,-0.8059997790550482,-0.344874265779167,-0.7680383828899098,0,-0.9343444957217792,-0.6435936732321881,-1.1729129335211568,0,-0.856280023934702,-0.620310688652985,-0.9922355793631791,0,-0.8890295786593474,-0.9255738190954372,-1.4282399580356455,0],"activity":[[-0.8169024316253435]],"dinucleotide":[[0,1.54858793195252,0.8008305632141406,0.6456154986045708,0,1.1524822095975966,0.5837350062466724,0.8074565941475411,0,0.40915371297715275,-0.09055233172150334,-0.04833937049670123,0,0,0,0,0,0,0,0,0,1.5846179662116897,1.1045309840873085,1.5027153537297537,0,0.7593023596910875,0.4567463897883606,0.764473067411791,0,0.973829377983801,0.7764685332229817,1.1535746276217749,0,0,0,0,1.2677744324192424,1.225193726795986,0.6232340563335428,0,1.087424521554273,1.2354576033600146,0.5361025788708305,0,0.7472218179908139,1.1027317770503822,0.5522348440333453,0,0.2726782820698497,0,-0.2801317592490298,-0.47730301573751066,0.6597908894433249,0,0.15347494816155782,0.07721413348210615,0.036817950461042415,0,-0.15289129082827224,0.16935319102766133,0,0,0,0,0.08565431504067611,0.25548237361224424,0,0.0993815256787347,0,0,0,0,0.28226113210813275,0.38458056855781453,0,-0.022515267609344303,0.10114666493737778,-0.4155543063242543,0,-0.30596807920547064,0,1.1265404092566293,1.2524161295240321,0.24554825911188893,0,0.21720871688723653,-0.2105381014459513,0.16360953736904116,0,0,0,0,0,0.38368559694591253,0.602424336278865,-0.04614804834274899,0,0,0,0,0.3162748428508597,0.38302450258430154,0.3474095963604442,0,-0.21208869647963136,0.2940157287980434,0.004268919217259359,0,0.18689822100736575,0.5036800411546525,0.24819014096562042,0,1.0003466654847242,0.637802718138943,0.787875031084039,0,0.6418807383747993,0.3082815421591507,0.5453430307394448,0,0.5715234788470429,0.6862114698279197,1.1431664062593205,0,0,0,0,0,0.4630289084527366,0.24081951470743723,0.286994760240741,0,0.7523157284896653,0.4297507779547587,0.6649821669741784,0,0.2646461431490883,0.28361669028147674,0.2983402661593859,0,0,0,0,0,0.29013760706920677,0.23980895212160758,-0.006224319581741078,0,0.3734325421106277,0.47369831985533395,0.12200152137923892,0,0.013624964116614624,0.049615294384459,-0.13119774941296702,0,0,0,0,0,0.4674627923950625,0.6096673787236959,0.3473939307446938,0,0.4461439679189092,0.7812265236794125,0.3729902824492912,0,0.0969846955610909,0.4477711030076579,0.30732277085694326,0,0,0,0,0]],"modifications":[]}]}}
