{"modelSettings":{"letterOrder":"ACGT","bindingModeInteractions":[],"bindingModes":[{"fitLogActivity":true,"flankLength":0,"singleStrand":false,"size":14,"dinucleotideDistance":0,"componentName":"Binding mode 0","positionBias":false,"modifications":[]},{"fitLogActivity":true,"flankLength":0,"singleStrand":false,"size":14,"dinucleotideDistance":1,"componentName":"Binding mode 1","positionBias":false,"modifications":[]}],"letterComplement":"C-G,A-T"},"coefficients":{"bindingModeInteractions":[],"bindingModes":[{"mononucleotide":[0,0,0,0,0,0,0,0,0,0,0,0,0,0,0,0,0,0,0,0,0,0,0,0,0,0,0,0,0,0,0,0,0,0,0,0,0,0,0,0,0,0,0,0,0,0,0,0,0,0,0,0,0,0,0,0],"activity":[[-7.385107205249977]],"dinucleotide":[],"modifications":[]},{"mononucleotide":[0,-0.9523993798262342,-0.9418490198258525,-0.694960159275249,0,-0.8289262921420057,-0.6427509164098701,-0.5957729843752215,0,-0.9254559920928198,-0.4642553965445373,-0.3790919052667121,0,-0.8414412467185493,-1.0013565111560823,-0.30732782204901987,0,-0.5120485423499499,-0.20114683230601038,-0.16919540702920877,-0.77575249382744,-0.40252764934956353,0,-0.9221130810312577,-2.5003367238674192,-0.7307051436404137,-2.5114553105120683,0,0,-0.17822202930806164,-1.0576186412138684,-2.3529904336669665,0,-1.9682650754925204,-3.5861913341153047,-3.0803767066798615,-9.879027008298614,-9.55216007679307,-7.694826728313822,0,-1.948424039404979,-1.5353107472856378,-1.8708107240231326,0,0,-1.4434453658063582,-5.002466564422565,-2.3841295554360027,-0.513004012098131,-1.0084757673208946,0,-0.47026194824833034,-0.23581246350397578,-0.15688937936907088,-0.495645905864496,0],"activity":[[0]],"dinucleotide":[[0,0,0,0,0,0.2513452066681703,0.5383444658096197,-0.27874837503679206,0,0.17464672093659583,0.23920609877275023,0.42962847474773636,0,0.34500680003164685,0.4115919509717614,0.32932645251428916,0,0,0,0,0,0.5636944453729908,0.5070396303614437,0.6651542932198744,0,0.18253711837960918,0.08192498536787429,0.1605078086911771,0,0.5208561627050976,0.29761865482014827,0.2487827901517612,0,0,0,0,0,0.49034645726606296,0.09935351821902128,0.37554294234949026,0,0.18392906527966257,0.0726681551917645,-0.13616646073420213,0,0.040894511295534564,0.05544959012371553,-0.02900123551154188,0,0,0,0,0,-0.07375515866456528,0.37445434910263664,-0.08233931954579443,0,0.43146552669192584,0.6439741083695605,0.5047616226590055,0,-0.04983831472124223,0.17173641191393862,-0.08534278652932414,0,0,0,0,0.20625373437132932,0.33908961216344125,0,-0.12697674801119074,-0.22188143025297347,-0.34331090526340446,0,-0.12339171365403256,-0.16332389378767775,0.045941869500348176,0,-0.36557842217702774,0.3413993931207999,0.3749225616244045,0.9541311706879849,0,0.6275885344503109,0.1582898477773078,2.0505979085787915,0,0,0,0,0,1.3329402569165332,0.9946538325735741,1.6345897728681038,0,0,0.902968411791381,1.6240743062947134,1.9760874917506515,0,-0.3870208178235748,0.6894542753657227,0.8778040319620999,0,-0.24656309544818278,-0.6417342749197399,1.6914384664026736,0,0,0,0,0,0,0,0,0,-1.5345824705607143,1.7364624390963552,-1.0228967938679432,0,-0.1704935697691532,-1.1607302237511217,1.5220035984571618,0,0.21615784887980016,0.2196527144189595,1.2921458375070456,0,0,0,0,4.6455513953036665,5.2476711577113475,2.1809112595944384,0,2.951135970557484,2.8726652768493217,2.606551496149038,0,3.1522037429743968,3.4572634728247014,3.3603840357357093,0,1.4941035227260926,3.211955291037004,0.8701056261178266,0,0.015024462482678302,3.376275267747669,1.3970335033419765,0,-0.4448098375794274,0.9553414243644482,0.6369920626945387,0,0,0,0,0,0,-1.6328245656624807,-1.750682654597849,-1.0656287194779859,0,-1.6641747271569267,-2.414062214069043,-0.18032855583709484,0,-2.214678274111473,-1.7072096164616077,-2.0334209640914116,0,0,0,0,0,0,0,0,-3.2062721733817767,-1.6327848166040972,0,-2.5976946948862327,1.1152173064856177,2.9820925534438416,0,-1.5289942022598604,-0.09444395109040382,0.5713813251025854,0,-0.1969711199673272,0.5571063116003234,0.29996784146858957,0.6676722928558405,0,0.18542953564514075,0.28161591022041055,0.642638992367746,0,0,0,0,0,0.3444907609924517,0.4541463998470032,0.4695983509664785,0]],"modifications":[]}]}}
