{"modelSettings":{"letterOrder":"ACGT","bindingModeInteractions":[],"bindingModes":[{"fitLogActivity":true,"flankLength":0,"singleStrand":false,"size":15,"dinucleotideDistance":0,"componentName":"Binding mode 0","positionBias":false,"modifications":[]},{"fitLogActivity":true,"flankLength":0,"singleStrand":false,"size":15,"dinucleotideDistance":1,"componentName":"Binding mode 1","positionBias":false,"modifications":[]}],"letterComplement":"C-G,A-T"},"coefficients":{"bindingModeInteractions":[],"bindingModes":[{"mononucleotide":[0,0,0,0,0,0,0,0,0,0,0,0,0,0,0,0,0,0,0,0,0,0,0,0,0,0,0,0,0,0,0,0,0,0,0,0,0,0,0,0,0,0,0,0,0,0,0,0,0,0,0,0,0,0,0,0,0,0,0,0],"activity":[[-7.487835971288069]],"dinucleotide":[],"modifications":[]},{"mononucleotide":[0,-0.5533593401667467,-0.15257779678130845,-0.22788207951609785,-0.41260374368206776,0,-0.8591645805051495,-0.4904775509798487,-2.3834247822196364,-5.464256852578811,-1.4222274742859664,0,0,-1.8099975992566737,-1.4660673205186558,-1.9320489149157165,0,-8.451084374320313,-5.451585215880079,-8.050171873623224,-3.1173394937424805,-3.487654271910128,-1.9858019329182,0,-2.2397672203276073,-1.008042443562129,-0.16100222094502392,0,0,-2.7931828462840564,-0.7117884713150602,-2.5690085452250777,-0.8684481187962323,0,-0.3038588802377227,-0.6840936094380545,-0.2025923488597421,-0.2561921371054865,-0.5398701052917083,0,-0.3397591018326729,-1.0584444902717554,-0.8021824128711259,0,-0.39509154266638724,-0.452306907121228,-0.8657746767033512,0,-0.42674021481911506,-0.6072453272097524,-0.7203304734534912,0,-0.7444541220096461,-1.0958133615291512,-1.6075926436836552,0,0,-0.7930949784520687,-0.8471276486409653,-0.6305922226604963],"activity":[[0]],"dinucleotide":[[0,0,0,0,0.46577855729562145,0,0.5336684339166986,0.6637048320377907,0.43954240792787047,0,0.31427004450964624,0.31505527521179744,0.25462683630899186,0,0.09656059239379111,0.5078480002706414,0.08002482128264532,1.8736157009121195,-1.4313411722733798,0,0,0,0,0,0.8640316004148012,3.7037203025472234,-0.31259673232467033,0,0.12918867413277724,2.6519877548606994,-1.8042685848216267,0,0,0.211783042089277,1.0063087130426323,-2.7708216631913007,0,-3.2408564307689103,-4.105059580334857,-3.852345309807734,0,-3.6306928262735623,0.28027780821416126,-1.3697624654895382,0,0,0,0,0,0,0,0,0,2.332938284075235,-4.023785959004013,0.24365696493701527,0,-0.6693930132003594,2.523576345526595,-0.9394583257793787,0,0.5588564398835949,-2.2643319328477878,-2.437375265528054,0,0,0,0,6.19267036219933,4.5459160493880155,0.4196001428998599,0,0.5128333253386241,1.8853121970239357,3.7490299339953874,0,6.273260676487768,2.287725858889221,4.423244994753203,0,1.3422953928466583,1.6290071372830521,-0.47314157831282966,0,0.4252393491596633,-3.6643388902819733,1.785289035111648,0,0.3676733136798114,-0.07123944750442801,-0.06685206166311985,0,0,0,0,0,0,1.538968015935755,0.9345706643496996,1.9811207904211936,0,-1.0537027600597866,0.6559797568642995,1.4720241193549057,0,-0.22573235051024465,-0.326887528569058,0.9067176800015417,0,0,0,0,0,0,0,0,1.9443047837917669,0,2.1931338041854738,1.1778354698798137,0.9587644262080985,0,0.18407390126161438,0.3244700598360275,1.3458102964870093,0,0.7252021219946947,0.3508147130719128,-0.3231379970187369,-0.08352400047042963,0.020394917753019826,0,0,0,0,0,-0.010804256149409497,-0.30943225678563024,0.3547099348617859,0,-0.1667458290565893,-0.15840404345323655,0.2955546587933906,0,-0.040962769443245506,0.5521862588991091,-0.014085346004431898,0,0.16200934529333466,0.6944717251113843,0.43328494082640034,0,-0.09396619393077543,0.5661586360443813,0.10406448166071769,0,0,0,0,0,-0.015452814822776162,-0.08661539195844803,0.4210988137326339,0,0.005402635993217331,0.0744507602276645,-0.046895889886171105,0,0.012181471273114752,0.18744267885267618,0.5223031531637066,0,0,0,0,0,0.3278966682825466,0.24047513264485865,0.627489426491465,0,0.2912277901846654,0.08555473668647728,0.22038577673690973,0,0.591942578583156,0.20886608232203407,0.4127180731715878,0,0,0,0,0,0.12564702114415827,0.2655199001781696,-0.3572360286690728,0,0.3050857508677707,0.11044610370509744,0.47092277175822694,0,0.22056756629498953,0.20269870247700084,0.1758627687518306,0,0,0,0,0,0,0.10951506015466883,0.22916133649462278,0.5922375774725115,0,0.16787801947341663,0.5189427669244342,0.6634533008399623,0,1.0098448298386744,1.1110315376934974,1.2716338659939916,0,0,0,0]],"modifications":[]}]}}
