{"modelSettings":{"letterOrder":"ACGT","bindingModeInteractions":[],"bindingModes":[{"fitLogActivity":true,"flankLength":0,"singleStrand":false,"size":14,"dinucleotideDistance":0,"componentName":"Binding mode 0","positionBias":false,"modifications":[]},{"fitLogActivity":true,"flankLength":0,"singleStrand":false,"size":14,"dinucleotideDistance":0,"componentName":"Binding mode 1","positionBias":false,"modifications":[]}],"letterComplement":"C-G,A-T"},"coefficients":{"bindingModeInteractions":[],"bindingModes":[{"mononucleotide":[0,0,0,0,0,0,0,0,0,0,0,0,0,0,0,0,0,0,0,0,0,0,0,0,0,0,0,0,0,0,0,0,0,0,0,0,0,0,0,0,0,0,0,0,0,0,0,0,0,0,0,0,0,0,0,0],"activity":[[-6.617080011837301]],"dinucleotide":[],"modifications":[]},{"mononucleotide":[-0.07000508806231309,-0.2274179499622102,0,-0.07465683350145724,-0.20638108814009737,0,-0.5767135175803526,-0.26462921949806084,-3.1223074159131308,-3.852125661991435,-2.533304472893299,0,0,-1.7072045807377343,-1.7435708287284388,-2.501550246570707,0,-5.273081464544401,-5.343763635198383,-6.748584588994328,-2.0005923781762283,-2.5977175062724944,-2.3223891747015513,0,-0.9441140811967168,-0.609432861096562,-0.3270775855710637,0,0,-0.7325572509605589,-0.35463974487767214,-1.100135580446322,-0.4168102554292359,-0.007991996633965215,0,-0.6138455166899641,-0.12926555274802354,-0.1272626745431289,-0.22481558984682426,0,-0.32847741111650297,-0.6797399845040388,-0.7669596351711405,0,-0.055817946501022675,-0.24824625526411204,-0.4712691330677137,0,-0.25622412466621025,-0.2747619153070211,-0.14664534469525847,0,-0.45719965412358743,-0.8303061639655542,-0.924298574220666,0],"activity":[[0]],"dinucleotide":[],"modifications":[]}]}}
