{"modelSettings":{"letterOrder":"ACGT","bindingModeInteractions":[],"bindingModes":[{"fitLogActivity":true,"flankLength":0,"singleStrand":false,"size":12,"dinucleotideDistance":0,"componentName":"Binding mode 0","positionBias":false,"modifications":[]},{"fitLogActivity":true,"flankLength":0,"singleStrand":false,"size":12,"dinucleotideDistance":1,"componentName":"Binding mode 1","positionBias":false,"modifications":[]},{"fitLogActivity":true,"flankLength":0,"singleStrand":false,"size":12,"dinucleotideDistance":1,"componentName":"Binding mode 2","positionBias":false,"modifications":[]}],"letterComplement":"C-G,A-T"},"coefficients":{"bindingModeInteractions":[],"bindingModes":[{"mononucleotide":[0,0,0,0,0,0,0,0,0,0,0,0,0,0,0,0,0,0,0,0,0,0,0,0,0,0,0,0,0,0,0,0,0,0,0,0,0,0,0,0,0,0,0,0,0,0,0,0],"activity":[[-6.675966917444136]],"dinucleotide":[],"modifications":[]},{"mononucleotide":[0,-1.1343568803534794,-1.0190110909027261,-0.7787353525724852,0,-1.439433004652428,-0.7091626041456198,-0.4191816651057554,0,-1.1789183735650477,-1.544111646163107,-0.7938045317053986,-0.20787715170041832,-0.30362243153116264,-1.2327302253230945,0,-2.311116297762571,0,-2.1153547208674883,-1.8291048748676353,-1.8057525064126847,-0.7321490438072136,0,-0.6876761572593466,0,-0.6741424662264084,-1.7688348739861603,-1.0146495415004617,0,-2.1849230008829474,-2.6606824217762983,-2.6311420438445827,-3.6760773687489072,-3.669588795406548,-3.744217623082815,0,-2.092599143658033,-1.4260466335050084,-1.6016536452525416,0,0,-1.8968327441321275,-2.602001924214625,-2.3039149725268153,-0.10221173672547268,-0.6659865170983021,0,-0.12843277115776042],"activity":[[0]],"dinucleotide":[[0,0,0,0,0,0.6237757273893472,1.0082173066760873,0.9810954494474755,0,0.3716977182178427,0.3145532193878515,0.06900446713239017,0,1.0055286267932306,0.5740066347397716,0.2959033311946051,0,0,0,0,0,0.11736202337855062,0.12636564601962608,0.699447313187954,0,-0.288210455442913,-0.32191871012165674,-0.6225304099384257,0,-0.48387476759110637,-0.004313270880733633,1.101493369173312E-4,0,0,0,0,0.10964822728559209,-0.13161585884297988,0.29776115078358956,0,-0.2339568723408192,0.2269680905949616,0.5208223083589587,0,0.5167144461208304,-0.3966177084441176,0.3681758277800662,0,0.8137500806578022,0,0.25855225277980054,0.7992053309167058,0.5100577603241936,0,-0.28316800886528437,0.048308957586412404,1.0659511392785062,0,0.6940447242123469,0.8695546072516045,0,0,0,0,0.7390800913617159,1.4251971906364025,0,1.1066869478182886,0,0,0,0,1.2688670701064138,1.8871728818658218,0,2.0484731748686835,1.3229105923205968,1.445797776992511,0,0.0358757604714981,0,1.2930260217609417,2.054270195393239,0.7022952299189442,0,0.29947068985480296,1.720119296740703,-0.1661215557299831,0,0,0,0,0,1.1480211772314517,1.108166091569522,-0.3807392625290156,0,0,0,0,0,-0.5148406921084314,0.9813008536516761,0.08497906587399218,0,0.35486477550257556,0.20998092613749275,1.4432379759357232,0,0.3425379106416866,0.30261430439328185,0.8774994000469727,0,0,0,0,1.3873235168698255,1.1149709934041407,1.017799093326543,0,1.1757043609548905,1.080857508205515,1.0145186320414936,0,1.5352698652381953,1.0547922781720072,1.14802357310408,0,1.2227272184146116,0.97092506775925,0.8703444544007146,0,1.3305007433446834,0.9291393162558954,0.8148553902976081,0,1.3670500169712412,1.0883874790595227,1.1337846533256117,0,0,0,0,0,0,0.22442869488268702,0.36372906216749357,0.43812106867064493,0,-0.1114697606493169,-0.35942210417147447,0.24702941878967755,0,0.28945710707514616,0.469306800471581,0.524129218284755,0,0,0,0,0,0,0,0,-0.6313983159280079,-0.4384026302551298,0,-0.7155088559692158,0.20858351362469785,0.9032437731008454,0,-0.21567946593717657,0.19543528799007603,0.2933669709227731,0,-0.0905975694926906]],"modifications":[]},{"mononucleotide":[-0.10931938224574456,-0.3350473949002062,0,-0.25134539908255604,-0.10704861857973746,-0.567247697403918,0,-0.19276419835147518,-0.5291296636252814,-0.4735917003444181,0,-0.6783482291243867,-1.5280554878970993,-0.6343228313423259,-2.0488077611598063,0,0,-0.4841646492477205,-0.9210348932748476,-2.274235988313353,0,-1.7161921312974044,-2.394774101796715,-3.140945790118778,-3.117722537028029,-3.3429419575213033,-3.1701992718732717,0,-1.8913184235692262,-1.7001429941463058,-1.7919725497800436,0,0,-3.2422034245792823,-2.139648827166563,-1.841036594628668,-0.5965868634712475,-1.1683669618785926,0,-0.8720522206741244,-0.6226579986303229,-0.3599609672774613,-0.2756944339623755,0,-0.04128533665192746,-0.457104705070416,0,-0.8100143261315012],"activity":[[-0.4957334064955518]],"dinucleotide":[[0.019255056218889344,-0.10347787158644706,0,-0.31590418231596895,-0.13181421266781546,-0.03838339267516333,0,-0.17259086697060688,0,0,0,0,-0.3693056769905261,-0.17524925427294114,0,-0.2585610742813831,-0.16947845428132546,-0.01297988522058846,0,-0.12414274632950617,0.08317988529607057,0.001749303248882672,0,-0.14411363704587177,0,0,0,0,-0.02555196972164775,-0.31617293786282086,0,-0.2414152174983979,0.11614304978100676,-0.14200793325748284,0.19044887867889848,0,-0.2193864928049849,-0.4371027280191302,-0.5289953811918187,0,0,0,0,0,0.39118582318123507,0.39309580423599866,0.4452611166532776,0,0,0.4070977919238983,1.175355242540451,1.0654241979649872,0,-0.41684401442260244,0.10057767402636641,0.34986561396158944,0,0.8081844119329245,1.2282571069980146,1.746889269727621,0,0,0,0,0,0,0,0,0,-0.8878852975723448,0.6242443495945258,0.02884511028173442,0,-0.05797422861801804,0.9351554467385661,0.8511979220952606,0,0.18667180615303103,1.714414450929798,1.2441377706166614,0,0,0,0,0.9739205940132472,0.8074597071828311,1.0784167785801104,0,2.034799938494108,1.700072867772466,2.290606179534776,0,1.3654166617419543,1.4375155042746002,2.237174195776956,0,2.0665732424923275,1.237287246228977,2.1772532664128694,0,1.5984497781292952,1.085996509248396,2.0932994734300094,0,2.06670726941515,1.3889585416915846,2.3349688182868418,0,0,0,0,0,0,1.2961499636237597,1.6596076555187755,0.7981739700443091,0,0.9574898994264256,1.1827075220825622,0.5478415483064967,0,1.609336097291628,1.92489296561727,1.3893949002361734,0,0,0,0,0,0,0,0,-0.029201375694476006,0.013654254065984972,0,-0.025956880387312253,-0.2741730014904471,-0.25823833347315706,0,-0.3634097731874695,-0.7219784991171805,-0.5197105798828794,0,-0.5934890320043031,0.8200784809339652,0.31976267638649025,0.656575417201412,0,0.3899519820654116,0.24711759632781471,1.0971776651988385,0,0,0,0,0,0.7261390401998256,0.6113951311800372,0.5442390734224498,0,0.22564413677263873,0.6268799126260662,0,0.5290026207898089,0.1730183872564166,-0.07501610223215005,0,0.6530563012676267,0.14781537979346204,0.059036438041842665,0,0.41191908697580404,0,0,0,0]],"modifications":[]}]}}
