{"modelSettings":{"letterOrder":"ACGT","bindingModeInteractions":[],"bindingModes":[{"fitLogActivity":true,"flankLength":0,"singleStrand":true,"size":3,"dinucleotideDistance":1,"componentName":"Binding mode 0","positionBias":false,"modifications":[]},{"fitLogActivity":true,"flankLength":0,"singleStrand":false,"size":10,"dinucleotideDistance":0,"componentName":"Binding mode 1","positionBias":false,"modifications":[]}],"letterComplement":"C-G,A-T"},"coefficients":{"bindingModeInteractions":[],"bindingModes":[{"mononucleotide":[-0.7801999675018263,0,-0.6635696539269489,-0.04905700457124684,0,-0.2908740111496728,-0.37190331009615596,-0.5694328061771974,-0.13929241076520227,0,-0.7405239944086497,-0.004144873259645632],"activity":[[-3.9008789834407804]],"dinucleotide":[[0,-0.3913943821293895,0.07424842593389958,-0.5261538999802164,0,0,0,0,0,-0.5154696886319869,0.12963411444015138,-0.044384633018238695,0,0.017037526082779753,-0.12551300340440896,0.04033562482529529,0,0,0,0,-0.651629360562652,0,-0.3594000836020257,-0.20126116618309586,0.33092291427981424,0,0.3911605397458726,0.2648524658343896,-0.3324383377692124,0,0.02692032744463857,0.20663546503409025]],"modifications":[]},{"mononucleotide":[0,-0.8740977778417487,-0.6748701217795467,-0.4241738714333909,0,-0.3713381582384585,-0.1565232428509855,-0.0759495161742132,-0.69218171820983,0,-0.1242061793472713,-0.51919582956232,-1.0725451750589552,-0.31421068484327996,-0.5836569701396908,0,0,-0.32091456927427586,-0.5898461337335297,-0.9120484515240972,0,-2.34155809867753,-2.506187405931196,-1.8700570792965867,-3.5922041642325304,-3.155194957928644,-3.1772731632272553,0,-2.64686735799969,-1.7307390629491957,-1.6941997501415402,0,0,-2.5311261489275534,-3.0093228050533467,-2.591335193124131,-0.12343700760201193,-0.6021837210893519,0,-0.14683750701714882],"activity":[[0]],"dinucleotide":[],"modifications":[]}]}}
