{"modelSettings":{"letterOrder":"ACGT","bindingModeInteractions":[],"bindingModes":[{"fitLogActivity":true,"flankLength":0,"singleStrand":false,"size":14,"dinucleotideDistance":0,"componentName":"Binding mode 0","positionBias":false,"modifications":[]},{"fitLogActivity":true,"flankLength":0,"singleStrand":false,"size":14,"dinucleotideDistance":0,"componentName":"Binding mode 1","positionBias":false,"modifications":[]}],"letterComplement":"C-G,A-T"},"coefficients":{"bindingModeInteractions":[],"bindingModes":[{"mononucleotide":[0,0,0,0,0,0,0,0,0,0,0,0,0,0,0,0,0,0,0,0,0,0,0,0,0,0,0,0,0,0,0,0,0,0,0,0,0,0,0,0,0,0,0,0,0,0,0,0,0,0,0,0,0,0,0,0],"activity":[[-6.754377650238421]],"dinucleotide":[],"modifications":[]},{"mononucleotide":[-0.06863130881065693,-0.22765070370948948,0,-0.07517386934408954,-0.20737909141506705,0,-0.5775780219589564,-0.2659569764392291,-3.1143572262539037,-3.890833878446366,-2.5292678891418765,0,0,-1.7107809665973361,-1.7420346089653487,-2.498616542351571,0,-6.073128778299602,-6.088641522870496,-8.553737742409952,-1.9996286914501074,-2.5834512966140837,-2.3139169634378893,0,-0.9447933968272908,-0.6105728985943326,-0.3269886104243387,0,0,-0.7338983741879126,-0.3544394995897022,-1.1012112086166095,-0.41592016935480913,-0.00800157805769075,0,-0.6133648864788803,-0.12891131714736126,-0.12746887276387753,-0.22512387665788225,0,-0.3286497065734526,-0.6803841713266117,-0.7670578689856029,0,-0.055093894090436635,-0.24853416671347706,-0.47194091765836177,0,-0.2560735334648747,-0.27551132685863955,-0.14712736764175993,0,-0.4560337301751263,-0.8303881844655328,-0.9231433342336262,0],"activity":[[0]],"dinucleotide":[],"modifications":[]}]}}
