{"modelSettings":{"letterOrder":"ACGT","bindingModeInteractions":[],"bindingModes":[{"fitLogActivity":true,"flankLength":0,"singleStrand":false,"size":14,"dinucleotideDistance":0,"componentName":"Binding mode 0","positionBias":false,"modifications":[]},{"fitLogActivity":true,"flankLength":0,"singleStrand":false,"size":14,"dinucleotideDistance":20,"componentName":"Binding mode 1","positionBias":false,"modifications":[]}],"letterComplement":"C-G,A-T"},"coefficients":{"bindingModeInteractions":[],"bindingModes":[{"mononucleotide":[0,0,0,0,0,0,0,0,0,0,0,0,0,0,0,0,0,0,0,0,0,0,0,0,0,0,0,0,0,0,0,0,0,0,0,0,0,0,0,0,0,0,0,0,0,0,0,0,0,0,0,0,0,0,0,0],"activity":[[-5.26412764861101]],"dinucleotide":[],"modifications":[]},{"mononucleotide":[-0.19427463923340405,0,-0.3777762482288036,-0.0790195387346273,-0.12291919612306224,-0.14240113410846789,-0.36369874608706,0,-0.36940465113236876,-0.39652635443093764,-0.4463529300025595,0,-1.2291892264011581,-0.7795168340386898,-1.0748726174624093,0,-1.8231016343536766,-1.3769708137591365,-1.6216343672180722,0,-2.3102582153814653,-2.093693084119694,-2.3494882676315627,0,-0.4270516572931147,-1.4319093646307914,-1.7992549638903403,0,0,-1.9654869685480576,-2.0809663852121942,-2.6280584994838216,-2.792237964532947,-0.6049252764264121,-1.6884781462090315,0,-1.3814118476092299,-0.46705238527102555,-0.07282414493451839,0,0,-1.375312617488091,-0.26058887888218685,-1.243528922198693,-1.5060406965451216,0,-0.9888603681270158,-0.6024380881533578,-0.9669162014731061,0,-0.7016375969817377,-0.406557654306563,-0.5124957142247197,0,-0.3087291459997257,-0.18514864441423828],"activity":[[0]],"dinucleotide":[[0.19383484428252196,0.20353642829048368,0.04514153040597613,0,0,0,0,0,0.03536739506511033,0.09371832459386198,0.0010374312579868317,0,-0.02961141687937463,0.06399914271907647,0.06095231899351816,0,0.05591251212845805,0.14837486697492253,0.03932647237259168,0,0.1589412251492437,0.17203679418164342,0.19076597695629616,0,0.18560233400773019,0.1679491457471567,0.11640640019559267,0,0,0,0,0,0.11827402895399697,0.18218590200509688,0.0963997808445134,0,0.2328547940819492,0.13606832917559952,0.060594801920969665,0,0.2248681959106813,0.12832771102695517,0.1257780723912436,0,0,0,0,0,0.5164799085984488,0.4291636418921123,0.3220707780168044,0,0.4211175836561094,0.26685825442132494,0.31926125355567825,0,0.6218015701845689,0.4730475341011884,0.4028230141493956,0,0,0,0,0,0.4232054382344499,0.4844190990585604,0.1929082080027662,0,0.9221983273341183,0.8790266134935729,0.7416610095322889,0,0.8106155701597015,0.7563373010441437,0.4822047059986767,0,0,0,0,0,0.4213297389739439,0.7036221198815471,0.42446818839514533,0,0.16869420101366295,0.6241918188252833,0.07556777533725523,0,0.53934425725968,0.7058591457084464,0.43680055771497805,0,0,0,0,0,0,0.766562057774903,0.14492779035498327,0.2997752711210109,0,1.4648315712566924,0.7617406258996411,1.6118160170694082,0,1.3182490975059715,0.34939057444815447,1.115105594906706,0,0,0,0,0,0,0,0,1.5635683121543216,0.5116846339768304,-0.2563685794046351,0,1.1056283269077203,0.2970047762326544,0.9321455185777192,0,0.5778898440849165,0.17048579373291028,0.7837243737161934,0,0.4496685518560182,-0.056278830120637835,-0.11476641964301537,0,0.41156263558150386,0.047584358506867375,0.5666688253355927,0,0.07288710241110996,-0.15357778452999726,-0.3616565337328326,0,0,0,0,0,0,0.7725031664434328,0.5106999668139132,0.8038247899304967,0,0.14062964593809557,-0.24647123700469553,-0.1480276149468196,0,-0.3475795187325046,-0.19835034166642274,0.24290475930872013,0,0,0,0,0,0,0,0,0.7924998136577917,0,0.5449149849138148,0.6257517053774455,0.5001381595263199,0,0.3088921996890175,0.09306541299754478,0.7446480115651393,0,0.526578444327626,0.3154999664693836,-0.1598084210467725,0,-0.05666783354639149,0.027471173933729,0,0,0,0,-0.0019637490949433456,0,0.21662722287592118,0.07951496962742066,0.23985666014961282,0,0.13467543775954738,-0.017162351301171164,0.11249959868797621,0,0.361824889316555,0.23941703488595145,0,0,0,0,0.2295807626840327,0,0.0115172868522464,0.16709377769836387,0.13165973506703743,0,-0.014989814866868123,0.2196528375991056],[-0.058528439818719136,-0.0398884065879459,-0.06849808357093412,0,0,0,0,0,0.005644155425389208,-0.03927805283607455,-0.0031296376030329753,0,-0.06626659634424747,7.412052545952008E-4,-0.06308853525918234,0,0.09266388393933056,0.04097970182332045,0.2160367141384354,0,0.09493950116489103,0.038701157510733,0.18787093333078442,0,0.07787813004686939,0.05095942917587326,0.1815136834786637,0,0,0,0,0,-0.06294109703363171,0.07711043227326364,0.07640954503162156,0,0.11982217119430105,-0.047479408356704944,0.03666630808905014,0,0.13232583230634765,0.08709094912307869,0.08545769705239303,0,0,0,0,0,0.18827287069572396,0.06614638454448185,0.2903550582771617,0,0.40366836863329913,0.15917699399390672,0.3544365531409772,0,0.3348155273213784,0.2488474777497487,0.3736813056072599,0,0,0,0,0,0.3065166498895744,0.4520352727764787,0.8318391632229427,0,0.29661187570075054,0.06955512172154465,0.3712298745984377,0,0.34608668602070036,0.3664416242812276,0.6513265931693373,0,0,0,0,0,0,0.5038975141085338,0.23804519266770363,0.3319278676836168,0,0.9037558900282061,0.6176998502724018,0.850586903130166,0,0.5483909824619015,0.6476490818559264,0.6288242456180244,0,0,0,0,0.2598041442520298,-0.004116731571934373,0.17931384176826715,0,0.7510196214125213,0.2841237015917306,0.3283611378619615,0,0.6543572836133729,-0.24393180709452933,0.6178788126054227,0,0,0,0,0,0,0,0,0,-1.0314253031202525,0.26247916622560785,-0.3528343405109884,0,-0.4446305804179178,0.6148113812895084,-0.7087384581073852,0,-0.40698778851692996,0.6132201426753894,-0.10581144152812705,0,0,0.7333713787090281,0.7092348501852692,0.3750884532493264,0,0.07696600508012352,-0.7217431606101519,-0.6010475455364173,0,-0.7953148564118413,0.02205583955902668,-0.307531246615218,0,0,0,0,0.2758191073952223,0,0.25201549003331847,0.05321272632847318,0.12116000896941781,0,0.06397103605641963,-0.09969425518645636,0.2716314423423416,0,0.15718189231904311,0.0751536274948732,0,0,0,0,0,0,0,0,0.789886081121506,0,-0.043449792787644714,0.20464421364292829,0.3046748941112609,0,-0.1324387153758959,0.24113445325817562,0.42836776884650796,0,-0.04420718548669322,0.2908960596524617,-0.1900391540279367,0,0.03118167171181252,-0.1890077353746742,0,0,0,0,0.012128352523831154,0,0.21256977542251576,-0.20400395578438069,-0.21097907961828977,0,-0.09182185604129245,-0.060753200460508694],[0.05737958699049717,0.04196780797967836,-0.027689516112432422,0,0,0,0,0,0.1136071381740491,0.04050863474684796,0.03086926644363608,0,0.007036764782977656,0.00705880693319294,-0.05229987402314151,0,-0.00820360967993139,-0.0047512563194374025,0.02606788663296733,0,0.08996546503091984,0.1055615349718817,0.010391911942443599,0,0.12586293499560997,0.09609546943277802,0.08497024586614366,0,0,0,0,0,0.024038021287318134,-0.04895189936423039,-0.07504776761883791,0,0.219706852619856,0.20477686104475712,0.13793545597720414,0,0.14754980063871592,0.13154926139463008,0.0062291098566120695,0,0,0,0,0,0.2133256258779781,0.23998825602699236,0.41146807883310155,0,0.12579361512844578,0.11866405509471134,0.14312008849476276,0,0.11700532743228909,-0.17149068427340186,0.07828064406977386,0,0,0,0,0,0,0.22947081436468686,0.02487135192890877,0.27256872428222767,0,0.4213650698530902,0.35340972170974094,0.562560036903573,0,0.09360928477856012,0.2916221119395277,0.07643517998800586,0,0,0,0,0.5214734944555373,0.057845933648501546,0.0757315816783386,0,0.7233774806834221,0.17634062086949065,0.48465049234666324,0,0.7678650858672551,-0.09976631727280072,0.435404736623898,0,0,0,0,0,0.04489246826365534,-0.06311745064986862,-0.07838444280139978,0,0.36155432369476337,0.08730460773430249,-0.07492899965787903,0,0.7941569218711093,0.28990632378262227,0.14751185604190287,0,0,0,0,0,0,0,0,0,0,-0.020854134754462628,-0.6383891873685621,0.6140797874679289,0,0.7292649427560263,0.15584998786253035,0.9067409847403103,0,0.6951502465390131,-0.462257681183194,1.0333656248842873,