{"modelSettings":{"letterOrder":"ACGT","bindingModeInteractions":[],"bindingModes":[{"fitLogActivity":true,"flankLength":0,"singleStrand":false,"size":14,"dinucleotideDistance":0,"componentName":"Binding mode 0","positionBias":false,"modifications":[]},{"fitLogActivity":true,"flankLength":0,"singleStrand":false,"size":14,"dinucleotideDistance":1,"componentName":"Binding mode 1","positionBias":false,"modifications":[]}],"letterComplement":"C-G,A-T"},"coefficients":{"bindingModeInteractions":[],"bindingModes":[{"mononucleotide":[0,0,0,0,0,0,0,0,0,0,0,0,0,0,0,0,0,0,0,0,0,0,0,0,0,0,0,0,0,0,0,0,0,0,0,0,0,0,0,0,0,0,0,0,0,0,0,0,0,0,0,0,0,0,0,0],"activity":[[-5.234397290429727]],"dinucleotide":[],"modifications":[]},{"mononucleotide":[-0.1866843890192902,-0.35480992809266,0,-0.36109915966714556,-0.33001389799590886,-0.7020701266205416,0,-0.7154848512112588,-0.677537672761118,-1.0667225344995774,0,-1.100580190887631,-0.6151496678747703,-0.08354832916525634,-0.4774489653704981,0,0,-0.04798907125204188,-0.3723837440835762,-1.1033250918863873,0,-1.3925995257567427,-0.8986859707273576,-2.690879776511487,-2.7106857226757892,-2.383006106344432,-2.0365608776176067,0,0,-1.788644504942873,-1.4522197594563568,-0.23035095344204848,0,-2.260052300561669,-1.7202337670526173,-1.9228536748226404,0,-1.5914371739904754,-1.1641084338967849,-1.449493568418081,0,-0.7801694923787759,-0.37721812487570805,-0.40385590233796975,-0.04261144877933276,-0.2751227687772104,0,-0.11318971814547574,-0.23375968812625825,-0.5823653566103841,0,-0.27227913711398166,-0.17248184241689746,-0.41750849588970773,0,-0.23160851801458282],"activity":[[0]],"dinucleotide":[[0.33900338898246574,0.34085549878783805,0,0.38796562093989273,-0.028251867745837878,-0.16932362708673132,0,0.33121456103522817,0,0,0,0,0.09904813951405078,0.33032673987380434,0,0.013571516185138854,0.16017516367427387,0.10360756345189337,0,0.018093232929706993,0.08819949160807905,-0.03967975229163301,0,-0.3397972712156099,0,0,0,0,0.3815777550624011,-0.16855490959017239,0,-0.08581202972399282,0.2806535508399799,0.15747249845705102,0.5627021192875397,0,0.3937652763281161,0.4671097526388124,0.30630189233188077,0,0,0,0,0,0.17232985421048408,0.3373896225892503,0.6592730925773216,0,0,-0.08527170213168489,0.032645543868637716,0.47102624679244354,0,-0.49994506214295065,-0.5812179652541971,0.09069857054383057,0,-0.6031359192825141,0.01647595863811624,0.20454010302430792,0,0,0,0,0,0,0,0,0,-3.9963004516944594,0.43447343365798474,-3.998565016435613,0,0.049558455847767746,0.4122654462225146,0.8888360107441216,0,0.072835569334611,0.6849605022004477,1.367633095785652,0,0,0,0,0.6893792645407872,1.3786123096175,0.8599137799321026,0,1.0674730738178217,0.3592543826031678,0.9022079646855916,0,0.7758447529286858,1.2580884169034001,1.7411314254253796,0,0,1.4261230854963376,2.2965466207226743,-1.3931740115531168,0,0.013144006945188913,1.1897929825866838,-0.8858513775094927,0,1.3045042899391488,1.6549532746071023,-3.7195870155579085,0,0,0,0,0,0,0,0,0,0.23264855107032467,1.151878883791258,-0.134164516651039,0,1.0618175276671007,1.160935178117703,1.3366310394887613,0,0.1972058845858351,-0.15468274967952578,0.057389781481456126,0,0,0,0,0,0.22282875664860669,1.326122929277095,0.6394114026315192,0,0.8550845207649003,1.0805435692153722,0.9743900857867693,0,0.3230414499324574,1.1231992667751935,0.5089437231604563,0,0,0,0,0,0.1606740937087343,0.6657633229403368,0.3670728957303515,0,0.29135998333284974,0.6342363958018664,0.44600208370088534,0,0.022001600503377183,0.814204590186149,0.2777230297098816,0,0,0,0,-0.13222397010321618,-0.38611259414296306,0,0.04466261516675907,-0.30445673242612425,-0.41107409767350855,0,-0.19417735770085542,-0.3894464144771881,-0.5565422552566659,0,-0.4384997531025956,0.21221782017879853,0.2275755130900139,0,0.25349016708015704,0.27614879560194705,-0.0374511244515876,0,0.15131043951755885,0,0,0,0,0.1313284580596461,0.15045742281598162,0,0.056902749435528754,-0.14915023961304197,0.05886804327516337,0,-0.06797473900693873,0.25722765908351697,-0.12350472722467387,0,0.21697472288163766,0,0,0,0,0.07068277883425544,0.05244486590748121,0,0.07267148418826785]],"modifications":[]}]}}
