{"modelSettings":{"letterOrder":"ACGT","bindingModeInteractions":[],"bindingModes":[{"fitLogActivity":true,"flankLength":0,"singleStrand":false,"size":12,"dinucleotideDistance":0,"componentName":"Binding mode 0","positionBias":false,"modifications":[]},{"fitLogActivity":true,"flankLength":0,"singleStrand":false,"size":12,"dinucleotideDistance":1,"componentName":"Binding mode 1","positionBias":false,"modifications":[]},{"fitLogActivity":true,"flankLength":0,"singleStrand":false,"size":12,"dinucleotideDistance":1,"componentName":"Binding mode 2","positionBias":false,"modifications":[]}],"letterComplement":"C-G,A-T"},"coefficients":{"bindingModeInteractions":[],"bindingModes":[{"mononucleotide":[0,0,0,0,0,0,0,0,0,0,0,0,0,0,0,0,0,0,0,0,0,0,0,0,0,0,0,0,0,0,0,0,0,0,0,0,0,0,0,0,0,0,0,0,0,0,0,0],"activity":[[-4.700663473702354]],"dinucleotide":[],"modifications":[]},{"mononucleotide":[0,-0.18439884679991403,-0.25642340335635305,-0.16578933928325812,0,-0.3446987177519003,-0.20097929106035695,-0.17361792828375355,-0.15284969924603375,-0.38295802907242615,-0.3306067285502441,0,-1.0420160982774092,-1.0629863150887426,-1.1346423994354198,0,-1.779392741961638,-1.952577541342849,-1.6359085206182522,0,-2.0421861127243983,-3.2123166143938344,-2.940156919463753,0,-0.152071150266615,-2.954055977634941,-2.016518274664316,0,0,-8.935785907598724,-3.4274609725653757,-3.742255798883146,-2.003902546535869,-0.7197278599147987,-1.6008792908756653,0,-1.5792655659050858,-0.7372251289021357,-0.035742278248203974,0,0,-1.887005016003207,-0.20117687861480027,-1.8977860458759879,-1.8190137209273942,0,-1.413885192492641,-0.6511499123424898],"activity":[[-0.20974231631040258]],"dinucleotide":[[0,0,0,0,0,0.02472998234317947,0.05378704631805009,0.1502668194412986,0,0.10609389058588592,-0.05807101047433649,0.16067477573321876,0,0.09983832902913337,0.11410689543000219,0.19142479997936013,0,0,0,0,0.013631712309072785,0.0735778906419422,0.23480468185376457,0,-0.03881991386491501,-0.02272666220657049,-0.012559711301202814,0,-0.19028202327529753,-0.21628371381397082,0.03510066878134177,0,0.3147800338739697,0.29489854099424173,0.4229189866237042,0,0.3885007558876814,0.1988602363448746,0.29153181287414887,0,0.05593252665122206,0.06716177351829034,0.15600040401023163,0,0,0,0,0,0.6393247087388749,0.9466712641895021,0.555827933817914,0,0.8507835088091955,1.010204917179117,0.7962791414317874,0,0.7249662305380462,1.030614635893997,0.587603945165569,0,0,0,0,0,-0.20911042426082993,1.4992751287961723,0.36043813133720803,0,1.0841579353085011,0.8763159609915059,1.9538501986930257,0,1.076350135529907,1.511245652951907,0.36082076943865093,0,0,0,0,0,0.34386577018020814,1.4747448308592706,1.196439039000874,0,0.40927695555473287,-0.09467109903540205,1.7616602189687818,0,0.6105574706910475,2.4417217219145524,-0.591492179447842,0,0,0,0,0,0,3.125754192929614,0.679167394963629,2.242935008392407,0,4.980575274548485,0.3885629489321616,-0.5516183469777705,0,2.0686388699336486,2.7690963921715035,1.8363587475042156,0,0,0,0,0,0,0,0,1.7286138668542002,2.0593470195075145,5.4300019721083395,0,-1.2960995682246326,0.2103223688123692,-0.8739423351432851,0,1.1141615930215236,0.08302582699088301,1.9437551987055155,0,-1.2980189582799246,-0.8324515043278642,-0.8063193008388376,0,0.00595718881087226,-1.1322386179840542,0.4521529397624513,0,0.7189364083785095,0.49825971783042045,-0.5268849048558155,0,0,0,0,0,0,-0.3482415858773926,1.0088260010556516,1.4736106182848152,0,-1.2968014882359782,-0.3381262864121868,-0.0166495211426545,0,-1.3977146824799829,-0.27531155714278066,0.5118620722607075,0,0,0,0,0,0,0,0,0.5320699298118763,0,0.8071063981302458,2.270653840863556,0.534892340000023,0,0.8640012278557654,0.10862219146245655,0.43465502313476767,0,1.0239303898516203,0.4787457321362458]],"modifications":[]},{"mononucleotide":[-0.15657242120214399,-0.695802889712593,0,-0.43628923367154027,-0.15342827244717672,-0.5404090009952811,0,-0.44436482856777015,-0.17050035650969386,-0.3684385700181956,0,-0.40294050763549416,-0.28967707129747566,-0.48901881335544006,0,-0.18858240374871293,-0.3537407150817753,-0.4212810881514235,0,-0.1583559226778939,-0.18124479249685566,-0.5198593536218579,0,-0.3022513508775839,-0.1488981248477872,-0.46405628276173916,0,-0.2027813875496598,-0.31623537723075223,-0.4606922534606732,0,-0.22084122012196428,0,-0.6990165142248475,-0.13525683080704853,-0.5878686925544776,-0.31131299308074567,-0.9528670490117346,0,-0.5300103334843844,0,-0.973765792635064,-0.1605262281135751,-0.5563140788038221,-0.4036010548614386,-0.7823807566563583,0,-1.0169856225727871],"activity":[[-1.4654116666377635]],"dinucleotide":[[-0.07558049804299172,0.06608192809827917,0,-0.07583532429098927,-0.19567576005967924,-0.5360710366753956,0,-0.24552421228555588,0,0,0,0,-0.1733194399260083,-0.4577159840565903,0,-0.0771395508453705,0.15847919943116207,-0.06791625578295424,0,0.03338560495896914,-0.0784623725270106,0.07411944615900579,0,0.027174700616841463,0,0,0,0,-0.04340742630752148,-0.049855293171277015,0,0.055762445909838476,0.07319852377162128,0.01529772573514343,0,-0.1621505103262928,-0.21256141907659698,-0.047201409253620596,0,-0.1033809948281732,0,0,0,0,0.010821565875219097,0.24778021082921553,0,-0.026693273526873007,0.2278849529542728,0.17543344149954843,0,0.1890311189326086,0.36153212763250986,-0.24513061856679208,0,-0.22913038224949833,0,0,0,0,0.2183289115658189,-0.04375371705784303,0,-0.06429496165014292,0.23870903293700563,0.24051735747819558,0,0.06782054976422813,0.19221510266881747,0.056600399910563315,0,-0.12717662464263224,0,0,0,0,-0.05123454672171679,-0.11855908386977321,0,-0.2675662997167061,0.015666336179218643,0.04328699919092793,0,0.2125944458149056,-0.17601144462067309,0.17400189901229535,0,-0.050505807936057856,0,0,0,0,-0.03775219361763993,0.08568026769054038,0,-1.9273665315466815E-4,0.05814263367587369,-0.1381088743125285,0,0.06797789673877785,0.3433471102425316,-0.19907299682967983,0,0.04132568892651367,0,0,0,0,-0.10084561147088333,-0.08377880961706508,0,-0.01310520003599569,0,0.23400034254504032,-0.04831658342928158,0.009866019437423379,0,0.46872425535132756,0.2115385703311765,-0.010464751649834625,0,0,0,0,0,0.06378615767066176,0.0742920225406376,-0.5204870261482544,0,0,0,0,0.16151104589507836,0.3580957907155904,0,0.14337416510310197,-0.33010779221423636,0.32373898865501793,0,0.12066627407318187,-0.11535699402837896,0.13584709421082275,0,0.4507970333968916,0,0.18618133026055883,-0.024928634915480696,0.27690248674260776,0,0.623463715555244,0.2675455360093344,0.534602875210684,0,0,0,0,0,0.9355540794007609,0.14748235880521365,-0.28127792494101156,0,0,0,0,0.21045426947345325,-0.46943622299917953,0,-4.202741774763879,0.10173349992335234,0.09733267928831912,0,0.5397145744203273,0.08019408225918623,-3.109069623019015,0,0.5175803130322647]],"modifications":[]}]}}
