{"modelSettings":{"letterOrder":"ACGT","bindingModeInteractions":[],"bindingModes":[{"fitLogActivity":true,"flankLength":0,"singleStrand":false,"size":14,"dinucleotideDistance":0,"componentName":"Binding mode 0","positionBias":false,"modifications":[]},{"fitLogActivity":true,"flankLength":0,"singleStrand":false,"size":14,"dinucleotideDistance":20,"componentName":"Binding mode 1","positionBias":false,"modifications":[]}],"letterComplement":"C-G,A-T"},"coefficients":{"bindingModeInteractions":[],"bindingModes":[{"mononucleotide":[0,0,0,0,0,0,0,0,0,0,0,0,0,0,0,0,0,0,0,0,0,0,0,0,0,0,0,0,0,0,0,0,0,0,0,0,0,0,0,0,0,0,0,0,0,0,0,0,0,0,0,0,0,0,0,0],"activity":[[-5.786321541008797]],"dinucleotide":[],"modifications":[]},{"mononucleotide":[-0.20793427577767076,0,-0.32486822941713456,-0.157908642723946,-0.1931056933666646,-0.2849927171625204,-0.49138128834905004,0,-0.4110215024575439,-0.3899909561381989,-0.4006526651714388,0,-1.1230103753213143,-0.7552806540670334,-1.324312553547971,0,-2.3864148263867895,-1.552567076435941,-2.231360879231965,0,-2.467172137970026,-1.9369123400061294,-2.6475499744577125,0,-0.5316296217424377,-1.8045459945384588,-1.9079671352469267,0,0,-1.878068934899681,-2.8673325229066835,-3.359489119699827,-4.2968392299140685,0,-2.793829858062974,-0.12522986010197457,-1.9064469532213932,-1.0026584637402713,0,-0.8046712922250956,0,-1.9315744878846202,-1.252172757556873,-1.697424330860315,-1.742821256271303,0,-1.3600443921986436,-0.6361893481115066,-1.2753813283390603,0,-0.7279874411988407,-0.5036808609209942,-0.5919454771406967,0,-0.23811536535345645,-0.3248215677581161],"activity":[[0]],"dinucleotide":[[0.20915968017890663,0.19664413772797573,0.09220804551120576,0,0,0,0,0,0.017807104450245248,0.0722796842090041,0.025628348168364568,0,-0.10533317478905602,-0.05350495819754286,-0.004009826801286032,0,0.15017449909970892,0.2286754610476116,0.0805513626750809,0,0.2644103836214313,0.3136709218494289,0.254084686472293,0,0.201489219540945,0.23598454187551265,0.1811591033073947,0,0,0,0,0,0.2084450368125479,0.1801447522197126,0.20300784641876124,0,0.19368080568869583,0.19348694640922215,0.2149443219218945,0,0.19888570360086888,0.08056679541692091,0.17244438901348502,0,0,0,0,0,0.484291883779413,0.4416164052474594,0.20193496871742767,0,0.5472526188235154,0.44772930535560285,0.40257379656187364,0,0.562107929441404,0.4788915520503423,0.3056328893105702,0,0,0,0,0,0.38425107227248656,0.30849531577010403,0.3089741372568282,0,0.8586466523681748,0.6929281219909686,0.8697503188101852,0,0.6774853520862534,0.6577760791071334,0.6970489385636869,0,0,0,0,0,0.49694510294691163,0.7430176161593156,0.5219676276482073,0,0.17607726363375065,1.2816945853238808,0.48092251754441584,0,0.5743648844479008,0.8839870030370864,0.7841604977028371,0,0,0,0,0,0,0.7341482683282816,0.7545109540325425,1.372397332730424,0,0.9847700892110627,0.7652695627200101,1.5886250066791607,0,1.6382054786502387,0.8532704168438103,1.6974343858721728,0,0,0,0,0,0,0,0,0.9626537349121902,0,-1.440144560976778,-0.6490185078119959,1.4689451779381075,0,0.5884997496957931,-0.0379529642790688,1.2027220802496945,0,1.4990102661140003,0.009497901246988683,0.8581369908689824,0.42985614356928004,0,0.5166054001694773,0,0,0,0,0.6878776288285104,0.6702658263608248,0,1.1277331003769184,0.4242490949453064,0.5272066062663106,0,0.76290532498522,0,1.3278199963324875,0.7349847540019816,0.5842416665977712,0,0.6443098893982091,-0.0305850537905199,-0.20778405514793086,0,0,0,0,0,0.5859061545365316,0.2546593400869872,-0.27340603981597855,0,0,0,0,1.111347394868214,0,0.8408552490244698,0.8131818795701777,0.521281945650891,0,0.2990585484158643,0.08382955499693345,0.6874558412518894,0,0.4335375517289819,0.2837015947172965,0.009967290377550064,0,-0.04790109485484173,-0.007008274064916442,0,0,0,0,0.010658319852695719,0,0.20036716468184412,0.1435419900851258,0.25731471542591233,0,0.1325308279413333,-0.0027741199221003043,0.16273441742057138,0,0.433170826642729,0.34770838913142654,0,0,0,0,0.2989748552317142,0,0.06038073896901519,0.25906423412208834,0.23244193982439487,0,0.03474534282172659,0.3529865581549725],[-0.00899783399412879,0.026860719101576613,-0.008570075289585866,0,0,0,0,0,0.02449221907444521,0.019672564471638232,0.053702564843294276,0,0.003723978948175777,0.031110778082759083,-0.04624952992107989,0,0.00190083706802735,-0.001376723472001018,0.20093227990118656,0,-0.038301293832819994,-0.06162246019576223,0.14156541096704522,0,-0.044070377011326656,0.007636465243403556,0.12992130711942362,0,0,0,0,0,-0.004178623029167383,0.049924572465150696,0.20897736117332677,0,0.23108865586122107,0.06852178513838147,0.12350569721283478,0,0.21593638042633856,0.09028569780263052,0.24032623309715184,0,0,0,0,0,0.164453179349489,0.04953487905440923,0.40207946214048373,0,0.18134925648771016,0.09925067816671174,0.1542333213434537,0,0.24878332399681735,0.3157255878757166,0.5847213169023755,0,0,0,0,0,0.6058704679556062,1.165411322670316,1.1362135290325392,0,0.4940716933904241,0.6593750993447713,0.47768144008534374,0,0.6553005411782689,0.913838995515583,0.7760356155001729,0,0,0,0,0,0,1.0203475598192195,0.5687765096544686,0.7136591073500504,0,1.134042201601181,1.277955780920145,1.0572767836661203,0,1.1298368959832015,1.094525401043291,0.7150362296345296,0,0,0,0,1.3630275706006172,0,0.627842529006152,0.049616909456526415,1.6640956463644683,0,0.5952533503709976,-0.2432544142069739,1.9868199520540237,0,1.3036299100541253,0.2768235486081343,0,0,0,0,0,0,0,0,0.02577444438885923,0.6160640304817964,0,0.7980042284797575,-0.11994494413567658,0.6758280579773439,0,0.4168762158600794,-0.4670951815286388,0.5949869812372848,0,-0.07658383175705374,0,-0.8290205072940697,0.4806038494389542,-0.03153092281576342,0,0,0,0,0,-1.5834110535945403,0.6702475455920673,0.22973130101184225,0,-0.28734262777131114,0.7958131389190619,0.6152943158675264,-0.01956826069853257,0,0.1799136444296483,0.011176749881141923,-0.0021861867768597776,0,0.04077699589265116,-0.08235303747686373,0,0,0,0,-0.2569645526337103,0,-0.1337804090048742,-0.08542087198627257,0,0,0,0,0.8995132821837579,0,0.1335062077735074,0.2898588114802916,0.2182847787486324,0,-0.10018231276460199,0.20795327833450283,0.44618621864584007,0,-0.0046586621789073135,0.24740626448088499,0.050158000668377056,0,0.20986204751462445,0.08999477684815638,0,0,0,0,0.07742945721340977,0,0.29210638723863536,-0.21416050263265607,-0.12038401562113155,0,-0.06894438374467615,-0.020557435652238],[0.07698962666496367,0.015773905826691248,0.052697407899795934,0,0,0,0,0,0.06414156278238803,0.013923809909600848,0.17480331917211878,0,0.0777354396293557,-0.010316883816475553,0.061848660074792505,0,0.0018946146453462376,-0.06365260085938296,0.08367645705619342,0,0.009095057858966804,0.09505402130051088,-0.042011758769849195,0,0.055106042903068087,0.08187493857597428,0.1515920525227692,0,0,0,0,0,0.07518620198785175,-0.17507460996704083,-0.15387577858397705,0,0.20390266273870328,0.22527026608401535,0.17260826386262895,0,0.17546183411338312,-0.04096054203449384,-0.1209518050502183,0,0,0,0,0,0.3403039184895187,0.28271477867149475,0.5301971581406573,0,0.17525004596588367,0.20516859343392646,0.09310153885032779,0,0.14978668670744444,-0.13307962364766102,0.20931835314650726,0,0,0,0,0,0,-0.025882625418258698,0.19414305038696433,-0.05865540303724526,0,0.130958991941295,0.29521210254021124,-0.04788942203537605,0,-0.27236007878595103,0.1096357417819771,-0.41398232087633335,0,0,0,0,0.4189812570444573,0,0.38193583537753995,-0.1910732583600092,0.07978323418701017,0,0.058275810992705956,-0.4683841480335884,0.451058645502858,0,0.5675270320772476,0.03582296552252817,0,0,0,0,0.14069861896042202,0.01629732296373465,0,0.05526280096617864,0.26545594326331656,-0.11074346656195999,0,0.08924338119936692,0.5406191942771326,0.12257922329895798,0,-0.3623727129798002,0,0,0,0,0,0,0,0,0,-0.32366683502023097,-0.22093239263815168,0.6810267782705566,0,-0.028973993738308224,-0.17758338120426487,0.5394354618323032,0,0.7606484744688702,0.2601706720200889,1.114041950473485,0.6776157702886527,0,