{"modelSettings":{"letterOrder":"ACGT","bindingModeInteractions":[],"bindingModes":[{"fitLogActivity":true,"flankLength":0,"singleStrand":false,"size":14,"dinucleotideDistance":0,"componentName":"Binding mode 0","positionBias":false,"modifications":[]},{"fitLogActivity":true,"flankLength":0,"singleStrand":false,"size":14,"dinucleotideDistance":0,"componentName":"Binding mode 1","positionBias":false,"modifications":[]}],"letterComplement":"C-G,A-T"},"coefficients":{"bindingModeInteractions":[],"bindingModes":[{"mononucleotide":[0,0,0,0,0,0,0,0,0,0,0,0,0,0,0,0,0,0,0,0,0,0,0,0,0,0,0,0,0,0,0,0,0,0,0,0,0,0,0,0,0,0,0,0,0,0,0,0,0,0,0,0,0,0,0,0],"activity":[[-5.105905557392843]],"dinucleotide":[],"modifications":[]},{"mononucleotide":[0,-0.5175684880688429,-0.10548904661265546,-0.3812298806754342,-0.13361241964777726,-0.4274500302506814,0,-0.2335819409036599,-0.33301517635682387,-1.0068652053882126,0,-0.9680593989020867,-0.5556774668640481,-0.2113364099638515,-0.1850580456386286,0,0,-0.25815143365932514,-0.3112297734906049,-0.8273005481955806,0,-2.1689909592009524,-0.38975930920410917,-1.3632546223940878,-1.5827012889291776,-1.4071423334624056,-1.022747746922473,0,0,-1.5939497292435787,-0.5775713237028732,-0.20749464855859046,0,-1.4330938852146797,-0.866242840087688,-1.0618350015305174,0,-1.2140194660616421,-0.7098179385970962,-0.9432327003045513,0,-0.7745363424523468,-0.24894160636227092,-0.4812193075347242,-0.11028939590562548,-0.5324902478022135,0,-0.25784903934267156,-0.23830539727684297,-0.5897318577391006,0,-0.15935820899946407,-0.23699855018669425,-0.49555272925907445,0,-0.12844988309393202],"activity":[[0]],"dinucleotide":[],"modifications":[]}]}}
