{"modelSettings":{"letterOrder":"ACGT","bindingModeInteractions":[],"bindingModes":[{"fitLogActivity":true,"flankLength":0,"singleStrand":false,"size":14,"dinucleotideDistance":0,"componentName":"Binding mode 0","positionBias":false,"modifications":[]},{"fitLogActivity":true,"flankLength":0,"singleStrand":false,"size":14,"dinucleotideDistance":1,"componentName":"Binding mode 1","positionBias":false,"modifications":[]}],"letterComplement":"C-G,A-T"},"coefficients":{"bindingModeInteractions":[],"bindingModes":[{"mononucleotide":[0,0,0,0,0,0,0,0,0,0,0,0,0,0,0,0,0,0,0,0,0,0,0,0,0,0,0,0,0,0,0,0,0,0,0,0,0,0,0,0,0,0,0,0,0,0,0,0,0,0,0,0,0,0,0,0],"activity":[[-5.768312322381094]],"dinucleotide":[],"modifications":[]},{"mononucleotide":[-0.3822598558941781,-0.09813902855941059,0,-0.4206258192981398,-0.27197215368376604,-0.7127538945802954,-0.254441023063956,0,-1.4145548579009812,-2.2317258697618705,-0.9231088459571097,0,-1.6723003899629507,-2.5121481638490923,-2.361526030988335,0,-0.6301450052799371,-1.5415369322425825,-2.0340455818898757,0,0,-3.4163621895556786,-2.456639277097535,-3.878859216896936,-1.0467465553006114,0,-1.8865872520073008,-0.2194546753750224,-0.949006962547065,-1.800863905333573,0,-1.2795077029355344,0,-1.4973898602185471,-0.49909226566374265,-1.0057568812215845,-1.1657562811329818,-0.4889975724116695,0,-0.7838083147606127,-0.261543974028724,-0.11075181861377725,0,-0.19073787879425375,-0.12745245390453697,-0.13969030640367652,0,-0.0034015045629223195,-0.21523474399901943,-0.2198318539987092,0,-0.10882164201867983,-0.1265939527135327,-0.35576211965133275,0,-0.1314318188818424],"activity":[[0]],"dinucleotide":[[0.11294078906842842,0.5131696773530923,0.329687894767293,0,-0.26932049873187935,-0.19976939864022647,-0.39517529050645983,0,0,0,0,0,-0.05263072916950762,0.11512318424312795,0.279390829422681,0,0.6167433198222714,0.4522979881620923,-0.11106803042396685,0,0.32828575283659767,0.4418313367077733,-0.10196586714353728,0,-1.0058671369083632,0.5322612898963435,-0.09351992732847592,0,0,0,0,0,1.2421135197720918,1.0551293274809783,1.234600223978287,0,1.3556017234933027,1.3138706147598396,1.6323559639722713,0,1.5716392670798918,1.269147139867183,1.3995876724368461,0,0,0,0,0,0.3902156499231797,0.46436004328145764,1.257701424575405,0,0.6584453121432112,1.0119634752029723,1.967315409480788,0,0.751480476979852,1.1502470031834227,2.0684613413707247,0,0,0,0,0,0,0.7804755689378005,0.9160874322051633,1.1536812396237548,0,1.4594956484425947,1.7746135505152019,1.5384822304715784,0,2.2336331166425114,2.4691734020099716,3.306582096751983,0,0,0,0,0,0,0,0,0.7207746829441066,0,1.8862041182832905,-0.219532094758228,0.6758732106662402,0,1.9399273342223626,-0.048856054390021164,0.7378268197338089,0,2.308901687058269,-0.5085528720115411,0.36897276640904764,0.9598549339862679,0,0.9261447732639496,0,0,0,0,0.32233274665236245,0.9493895283930316,0,0.921887935298459,0.25294678599206044,0.7128797075595319,0,1.0617155097440527,0,0.6829604578396573,0.5797275552200372,0.3512222402225458,0,0.09111579024592631,0.14142139514341956,-0.643499772684264,0,0,0,0,0,0.044632464966821495,0.6339066285231567,-0.637042956823799,0,0,0,0,0.6279961558804281,-0.3398184074769084,0,-0.282382719193091,0.49754047783188327,0.15211828672479832,0,0.2967561243594883,0.06806918222873293,-0.44554829827978715,0,-0.2437698160695554,-0.3819069304795164,-0.00980111429635766,0,-0.12115640781896708,0.21243506668381418,0.09295160234725053,0,-0.02470388971569193,0,0,0,0,-0.3621554554561879,-0.12257970122094797,0,-0.3333193794106988,-0.09109444500636421,0.032750016174174945,0,0.0247626044059448,0.17025404801239574,0.0648113576399938,0,0.01195943069988914,0,0,0,0,-0.10532597735382332,-0.05398550651352618,0,-0.07074788856843472,-0.08202170777591622,0.11923326365340703,0,-0.017314308420763425,0.17636011732910184,0.12715678014345144,0,0.033974393387516955,0,0,0,0,-0.01929296226654742,0.04382793281228459,0,-0.07634026207180433,0.0868266086861702,0.21336228109389044,0,0.17625577260770253,0.12902276837666093,0.06994463384255845,0,0.013115612816601008,0,0,0,0,0.12473905948903052,0.1137598851880357,0,0.1555034743847017]],"modifications":[]}]}}
