{"modelSettings":{"letterOrder":"ACGT","bindingModeInteractions":[],"bindingModes":[{"fitLogActivity":true,"flankLength":0,"singleStrand":false,"size":13,"dinucleotideDistance":0,"componentName":"Binding mode 0","positionBias":false,"modifications":[]},{"fitLogActivity":true,"flankLength":0,"singleStrand":false,"size":13,"dinucleotideDistance":0,"componentName":"Binding mode 1","positionBias":false,"modifications":[]}],"letterComplement":"C-G,A-T"},"coefficients":{"bindingModeInteractions":[],"bindingModes":[{"mononucleotide":[0,0,0,0,0,0,0,0,0,0,0,0,0,0,0,0,0,0,0,0,0,0,0,0,0,0,0,0,0,0,0,0,0,0,0,0,0,0,0,0,0,0,0,0,0,0,0,0,0,0,0,0],"activity":[[-5.038636488916334]],"dinucleotide":[],"modifications":[]},{"mononucleotide":[0,-0.25729640625617733,-0.04768246742145976,-0.15557406282600184,-0.030732682254763333,-0.2565869368645757,0,-0.30913021483539005,-0.36447227339227695,-0.18142595971931286,0,-0.39293839826844135,-1.2046476806951034,0,-0.4347554836651586,-1.6250261824537375,-1.3867833614591873,-0.06112655393824795,-1.5336506812314408,0,-0.2496388022513436,0,-1.7890549214232099,-0.6003126295026515,0,-4.175087489456304,-0.15925507727636834,-2.07974566878012,-7.05968929317145,-6.000007332397082,-7.075325054609886,0,0,-2.87091284667852,-2.2465472425465816,-0.49928101357928867,0,-4.163576649615889,-5.771933212801879,-2.34289170314851,0,-1.497286861578166,-3.626228853612499,-1.6763180821574997,0,-0.3624704175650679,-0.7047582030562918,-0.5117365994369614,-0.25181465647406753,0,-0.2376881249092042,-0.2452523379273872],"activity":[[0]],"dinucleotide":[],"modifications":[]}]}}
