{"modelSettings":{"letterOrder":"ACGT","bindingModeInteractions":[],"bindingModes":[{"fitLogActivity":true,"flankLength":0,"singleStrand":true,"size":3,"dinucleotideDistance":1,"componentName":"Binding mode 0","positionBias":false,"modifications":[]},{"fitLogActivity":true,"flankLength":0,"singleStrand":false,"size":10,"dinucleotideDistance":0,"componentName":"Binding mode 1","positionBias":false,"modifications":[]}],"letterComplement":"C-G,A-T"},"coefficients":{"bindingModeInteractions":[],"bindingModes":[{"mononucleotide":[-0.41382313872137466,0,-0.9676975286152856,-1.1810170299951777,-0.23170670534501303,0,-0.2755650472511859,-0.2776521591759411,-0.9257704544459595,0,-1.642268197268311,-0.37156595724400154],"activity":[[-2.529474224404245]],"dinucleotide":[[0.4233160351195906,0,0.4058649269609922,0.20729582588471684,0,0,0,0,0.5485429080315085,0,0.8601032802888522,0.4105203329218243,0.27476054653378457,0,1.1193323018357182,0.8374957340289946,-1.192070667224122,0,-0.14712183608905027,0.23561649703106657,0,0,0,0,0.36793437015624986,0,1.2272177778317321,0.45189890616797834,-0.9884884658106148,0,0.28339439852588155,-0.28317682902813357]],"modifications":[]},{"mononucleotide":[-0.932404923203417,0,-0.37579472066871666,-1.1765823452545785,-0.9549869186289947,-0.07534502599129,-1.117645427310654,0,-0.21980690378731538,0,-1.351395066356294,-0.5008689986724311,0,-1.9159244159961406,-0.1576148744404966,-1.4201021523682913,-2.7768247010227585,-2.5164365891347993,-3.184419058612875,0,0,-2.177556182399491,-2.093541601597613,-0.7601424306137062,0,-1.8623615135457607,-2.0366985114275398,-1.472108719379107,0,-0.994758993110083,-1.4715065512165375,-1.3480035577072074,0,-0.29542070804792475,-0.47175305063861916,-0.47232586549610067,-0.11049357469854293,0,-0.13718289325062516,-0.08027485412660917],"activity":[[0]],"dinucleotide":[],"modifications":[]}]}}
