{"modelSettings":{"letterOrder":"ACGT","bindingModeInteractions":[],"bindingModes":[{"fitLogActivity":true,"flankLength":0,"singleStrand":false,"size":13,"dinucleotideDistance":0,"componentName":"Binding mode 0","positionBias":false,"modifications":[]},{"fitLogActivity":true,"flankLength":0,"singleStrand":false,"size":13,"dinucleotideDistance":1,"componentName":"Binding mode 1","positionBias":false,"modifications":[]}],"letterComplement":"C-G,A-T"},"coefficients":{"bindingModeInteractions":[],"bindingModes":[{"mononucleotide":[0,0,0,0,0,0,0,0,0,0,0,0,0,0,0,0,0,0,0,0,0,0,0,0,0,0,0,0,0,0,0,0,0,0,0,0,0,0,0,0,0,0,0,0,0,0,0,0,0,0,0,0],"activity":[[-5.574439619391518]],"dinucleotide":[],"modifications":[]},{"mononucleotide":[0,-0.0596155181202942,-0.22478355390505733,-0.13988227648290774,-0.12838837381870505,0,-0.17092214487656143,-0.1605184195544247,-0.21083224233578512,0,-0.15202723178645172,-0.2816908046305322,-0.8734695959492633,0,-0.5742334226390593,-1.567386240427739,-1.1404953422967594,-0.615164354557665,-1.490551793504972,0,-1.3168788756144654,0,-1.947814005142714,-0.8857400352706399,-0.2651074430559941,-2.635828925786763,0,-1.6963868610515327,-5.785967821599271,-2.9711146146984166,-5.354780009362053,0,0,-2.6835927114064466,-1.584755320695713,-0.5376749368676279,0,-2.7972840714494307,-3.094727863415347,-2.3247379823145433,0,-1.3623837460073212,-2.7458409678048588,-1.5801907038774665,0,-0.3307054044491844,-0.7622689875193052,-0.37949413191764236,-0.37882697117873043,0,-0.371587307236803,-0.3524703366790183],"activity":[[0]],"dinucleotide":[[0,0,0,0,0.09183775382951076,0,-0.03868219341240575,-0.028660629494103418,0.2058568456048917,0,0.13053638702722736,0.15074513894340136,0.06603995110503291,0,0.1896617957377309,-0.00960995577975865,0.02725512926303253,0,0.14249096501374225,0.1653116890364359,0,0,0,0,0.05328262502125192,0,0.16406464518748187,0.16811018349126705,-0.04238409611906846,0,0.2412553254912737,-0.02242559582103887,-0.37414029080664335,0,0.05230788503277317,0.07040252018697934,0,0,0,0,-0.11770544403087513,0,0.14240507357126297,0.01825886998192061,-0.29005854593951064,0,0.2617941857593937,-0.15320940900319968,0.10726156142809273,0.4690321946721703,0.18669725148981087,0,0,0,0,0,-0.1454201687896841,0.1745002688728139,-0.20698550585921893,0,0.7095012421239701,0.819290444380032,1.166476624800886,0,-0.2516504913515005,0,-0.27160676905463976,0.5405813166577591,0.7620976312509207,0,0.3344812640324406,0.6513003372514987,-0.11282949077888915,0,0.6436241828606786,0.7931137067675298,0,0,0,0,1.1483445149822096,0.663034984432028,0,0.5348584086214565,0,0,0,0,0.8289285684148027,1.221965863949288,0,1.258210216995879,0.22780810913569915,0.16569769401374845,0,0.24127870210168822,-1.162459074150445,-0.04655045398685331,-0.2622121375600681,0,3.8057849067751466,2.542549874405415,2.903220442731434,0,0,0,0,0,1.9268115153882173,1.661059308951482,1.7881225493336244,0,0,5.387193032481865,1.6498540305199203,3.6025559214016223,0,3.5676695471978386,2.1665809696489013,1.1573945207980003,0,4.234878560393449,1.7263602891520966,1.1452121129135557,0,0,0,0,0,0,0,0,0,2.93072452763502,2.5110237044206336,2.3589679157949153,0,1.3436784624325977,1.2650814116460234,1.2456445428719798,0,1.0219161398804086,0.8854982392160569,1.1575965777826767,0,0,0,0,0,1.3149609308354853,1.79915185610378,1.409007685403945,0,1.570192142453843,1.1893412966713788,1.2605285848242476,0,1.1119028617520117,1.4253447119825946,1.2928449892553386,0,0,0,0,0,0.36910067704391825,0.1845151527140949,0.49671063777173075,0,0.8996949993042138,0.3571243402517865,0.6848869082587532,0,0.33987984490133005,0.32680282957393825,0.72085716415822,0,0,0,0,0.20293470059609042,0,0.04918601910294562,0.18553633005754033,-0.012553768075143523,0,0.005135210257294354,0.43801313688228394,-0.12983140219887357,0,-0.06271893683820373,0.02887695952184366]],"modifications":[]}]}}
