{"modelSettings":{"letterOrder":"ACGT","bindingModeInteractions":[],"bindingModes":[{"fitLogActivity":true,"flankLength":0,"singleStrand":false,"size":12,"dinucleotideDistance":0,"componentName":"Binding mode 0","positionBias":false,"modifications":[]},{"fitLogActivity":true,"flankLength":0,"singleStrand":false,"size":12,"dinucleotideDistance":0,"componentName":"Binding mode 1","positionBias":false,"modifications":[]}],"letterComplement":"C-G,A-T"},"coefficients":{"bindingModeInteractions":[],"bindingModes":[{"mononucleotide":[0,0,0,0,0,0,0,0,0,0,0,0,0,0,0,0,0,0,0,0,0,0,0,0,0,0,0,0,0,0,0,0,0,0,0,0,0,0,0,0,0,0,0,0,0,0,0,0],"activity":[[-6.21959080112724]],"dinucleotide":[],"modifications":[]},{"mononucleotide":[-0.06799825086339517,0,-0.19971692117760043,-0.07984191618557368,-0.18991245426526238,-0.1197313180879549,0,-0.12663019788637975,-0.4209397661756711,-0.7289403110285475,-0.2962709066375142,0,-1.6517446357416903,-2.2245513036331817,-1.368534163292411,0,-1.8863612776075493,-2.6909032181730757,-3.714255924552483,0,-0.7070169975311051,-2.2188979587342486,-2.6479981706822366,0,0,-6.672796136852051,-4.463164403854123,-4.3833157988539435,-1.789264120382831,-0.39648872530652834,-2.992125311287248,0,-0.46666328089473996,-1.9217881868892066,-0.08158696494453999,0,-0.12086550005731667,-1.635575663895767,0,-1.060576336176502,-1.3823793888138551,-0.39727449817377725,0,-1.3125848311940365,-0.06659363719707923,0,-0.1944494289606249,-0.13997913860582045],"activity":[[0]],"dinucleotide":[],"modifications":[]}]}}
