{"modelSettings":{"letterOrder":"ACGT","bindingModeInteractions":[],"bindingModes":[{"fitLogActivity":true,"flankLength":0,"singleStrand":false,"size":12,"dinucleotideDistance":0,"componentName":"Binding mode 0","positionBias":false,"modifications":[]},{"fitLogActivity":true,"flankLength":0,"singleStrand":false,"size":12,"dinucleotideDistance":20,"componentName":"Binding mode 1","positionBias":false,"modifications":[]}],"letterComplement":"C-G,A-T"},"coefficients":{"bindingModeInteractions":[],"bindingModes":[{"mononucleotide":[0,0,0,0,0,0,0,0,0,0,0,0,0,0,0,0,0,0,0,0,0,0,0,0,0,0,0,0,0,0,0,0,0,0,0,0,0,0,0,0,0,0,0,0,0,0,0,0],"activity":[[-6.477413877779233]],"dinucleotide":[],"modifications":[]},{"mononucleotide":[0,-0.37554830985993704,-0.052085006918456855,-0.0912560442268493,-0.3478463903412532,-0.1464440805535645,0,-0.3484572578766496,-1.0572066116297627,0,-0.6263558696072007,-1.6754771939132187,-1.6546675579999546,-1.194185236297014,-2.0753528616639496,0,-0.9305863193248314,0,-2.9243237520030725,-0.7057073984498103,-0.4317342136195883,-2.741150184094548,0,-2.4532264348685198,-8.106697086062367,-3.182959461538929,-8.045836767478121,0,0,-2.76856546715217,-2.131611338482685,-0.4471208947922545,0,-3.0234518315170753,-3.3930478441908445,-2.2300695969864774,0,-1.6859734224493925,-2.4416066263732565,-2.296231874290404,0,-0.6248909472493285,-0.7037656491324302,-0.4112832307437735,-0.09457223270011283,0,-0.17070353986708042,-0.13405161493223083],"activity":[[0]],"dinucleotide":[[0,0,0,0,0.07181127285314304,-0.07784345460810194,0,-0.04774108115443809,0.06632997204475721,-0.04457553422334826,0,0.05052699176872011,-0.1105339074493017,-0.12600403844343333,0,-0.2484130473040711,-0.12065973269245855,0,-0.04630361362413282,-0.08327625464656307,0.06439048937377123,0,-0.06051037459401165,-0.04431743290514234,0,0,0,0,-0.1148075373587778,0,0.17427680678587976,-0.30393146555506334,-0.020352633131366815,0.28963082598297163,0.2503303234008749,0,0,0,0,0,-0.09317494980526853,0.14717133214323486,-0.06089309426698453,0,0.7649214856864983,0.7221411491165801,0.9651017562328539,0,-0.03372370678363179,0,-0.08834415306084686,0.4107149336658269,0.5122196227853699,0,0.06979712235559887,0.46934513674355216,0.143418331247271,0,0.01564358233781782,0.7417757532288052,0,0,0,0,0.8215385673000615,0.8188740807477055,0,1.3093880149271069,0,0,0,0,1.3501713942383011,0.8886955207861122,0,1.6515296068276228,0.11995329464369675,-0.48710557766826934,0,0.16378603790680835,0.2293602930511902,0.8130965552938427,0.18878744493810373,0,0.6059457497853433,1.7305748462581434,0.6331979858015551,0,0,0,0,0,0.16240528467289295,0.8370680689552179,0.21185971611887666,0,0,0.3681182761550694,-0.1445074496579295,0.015646218904311837,0,0.6652972550249094,-0.11784343571523959,-0.2573382246896694,0,0.4299400221440486,-0.07896527406514053,-0.004113591454146359,0,0,0,0,0,0,0,0,0,1.3938468450488193,2.1618569834961248,1.5190181849189113,0,0.29721462965449597,0.28420663625944975,0.31988950618413536,0,0.869756200529535,1.0955103729392395,1.077132857867757,0,0,0,0,0,1.5762501147801604,1.8896179489005913,1.5078552185903238,0,1.6451598057478236,1.9540697531643136,1.5083153501309132,0,1.1947445338722051,1.6102305651466038,1.5652969156500456,0,0,0,0,0,0.005029921164255491,0.4146735778999151,0.30241068442101504,0,0.07579539609828334,0.3697934585865976,0.4673216184262641,0,0.26506581138207963,0.6113948161332887,0.5366636827425175,0,0,0,0,0.29205415705157556,0,0.07169926026086415,0.20974579368324875,0.1608894227385882,0,-0.023273908292297918,0.3288914144725812,-0.11112435498336737,0,0.0470874128083949,0.07972600711263489],[0,0,0,0,0.17464514781900053,0,0.03570321113194552,0.29278911472166325,0.11755483626239993,0,-0.006598341474882474,0.23431773491619,-0.23005188468747662,0,0.020629015286525387,0.006657594293026037,-0.004254669464434535,0.1832965725489668,0.15706904008811406,0,-0.05543963251031414,0.0016686845561801888,-0.04110469837373287,0,0,0,0,0,0.14741378167952757,0.1957860253615724,0.30336419062571895,0,-0.19222731016192363,0,0.21674944349302816,0.11938145282672608,0,0,0,0,0.11411445192801128,0,0.19895538313785543,0.23473672178682925,-0.013990216370033615,0,0.24257545595069807,0.0726415810670833,0.5577197260464049,0.7503910831631773,0,0.6976056706345162,0.8783460790921831,0.5380821058721494,0,0.42408443969195364,0.3472282860810436,0.6985544279322262,0,0.5714765140245444,0,0,0,0,-0.16139840570673236,-0.15674380325869208,-0.09028950987075746,0,0,0,0,0,-0.4322234886217924,-0.5190649323465957,-0.34123903762058205,0,-0.34605252211082593,-0.29321010104194123,-0.25500331922177466,0,0,0.23610853084118588,-0.15970702661876235,-0.19333260270839325,0,0.35799354887871093,0.5424403835770342,0.432546583791507,0,0,0,0,0,0.5321480355682198,-0.09298606785623331,-0.2624067098880989,0,0.5904359835661648,-0.07742289372575861,0.39060566784233863,0,1.6036211723032006,0.8823750569845172,1.218771510608713,0,0.6473341740431593,-0.01595452161769373,0.4293597163765295,0,0,0,0,0,0,0,0,0,-1.1175808619728977,-1.5735902722593202,-1.014137271005339,0,0.3252852841638454,0.00863819365873919,0.06319335933443604,0,-0.8156150018012509,-0.8448137343310798,-0.9832114524137108,0,0,0,0,0,0.07942790617814488,0.23497096545901108,0.2383288986961576,0,0.434069639636526,0.4468411808360324,0.34457034598670244,0,0.05289233620169487,-0.02035347887491401,0.17598920999443646,0,0,0,0,0.15169023736212228,0,0.09635614290923389,0.14302603278901938,0.41523649447878874,0,0.3368245798229861,0.19321679190599905,0.17199403318785844,0,0.14088949487973323,0.26295546581293294],[0,0,0,0,-0.06755908550797507,-0.12966995472888243,-0.09173726555431116,0,-0.03753826587504605,-0.09301873393954807,-0.05878748799721123,0,0.06503752638953042,0.03544801717221269,0.08862858678669383,0,-0.04469418847193296,0,-0.07596044991697326,-0.001205759480638946,-0.026156487405913253,0,-0.029398342987709825,-0.023147024304572383,0,0,0,0,-0.08114730611117338,0,-0.023180033447323112,-0.1196183556193553,-0.023474836803185184,0.12803320759566184,0,0.003134086721389373,0,0,0,0,0.017341286144802126,0.34220790396185574,0,0.14202610267619065,0.28527246040630594,0.8528533566380885,0,0.7132569720337951,-0.3335312084606805,-0.21877008509881257,-0.2909070428719964,0,-0.10280923595545666,-0.059903409869790814,-0.08636531141043591,0,-0.24178047802707958,-0.0021567020504908996,-0.17648409501854978,0,0,0,0,0,0,-0.35615821945640835,0.08984334545899397,-0.15427777710565937,0,0,0,0,0,-0.1161434034769151,0.1204592016761481,0.14163426394627887,0,0.17778621782880766,0.00866986873315323,0.013212302715690072,0,0.2437454530390264,-0.1712210766696094,0.2618395690702595,0,1.149434337124604,0.538522692343677,1.2323887543586824,0,0,0,0,0,1.400338972358603,1.2961657333320211,1.573926998470852,0,0.18595303903675386,-0.17270237780888564,-0.0034291210809502815,0,0.5681534637606314,0.4544145235118586,0.5792641892897779,0,0.26501208576275914,-0.08396090042611704,0.049415816944243574,0,0,0,0,0,0,0,0,0,0.26180706417299326,0.2635080453128227,0.3726007459479028,0,0.1965912795152871,0.23979573119294084,0.46604269294783585,0,-0.22241683545319013,-0.30431680349698187,-0.10469828321609498,0,0,0,0,-0.25250675043996207,0,-0.4371447628550369,-0.4811421459169969,-0.610860329114165,0,-0.5263665213819309,-0.44511960683152285,-0.23245553463211355,0,-0.16567883465806954,-0.49121959252823366],[0,0,0,0,0.06116598600553491,0,0.16735584359920352,-0.0046267631821628186,0.08948279732091535,0,0.1695916402087967,0.014004564404075381,-0.061008603038063214,0,0.06158385138698197,-0.025458947512998265,0.2124042662569714,0.48141277258499127,0,0.492370185434412,0.12690160881481027,0.3978413210095244,0,0.21252502016097452,0,0,0,0,0.07113306497313232,0.4236694986447773,0,0.04791273675426755,-0.26830890033998145,-0.20301681684411754,-0.2570267476644865,0,0,0,0,0,-0.037151488157338264,0.15751751180595353,0.012809616776946697,0,-0.36332986682917223,-0.1743007366990179,-0.3029082528090168,0,0,-0.192933058769726,0.30078370252381514,0.05116290084666364,0,0.09126978792089613,