{"modelSettings":{"letterOrder":"ACGT","bindingModeInteractions":[],"bindingModes":[{"fitLogActivity":true,"flankLength":0,"singleStrand":false,"size":13,"dinucleotideDistance":0,"componentName":"Binding mode 0","positionBias":false,"modifications":[]},{"fitLogActivity":true,"flankLength":0,"singleStrand":false,"size":13,"dinucleotideDistance":1,"componentName":"Binding mode 1","positionBias":false,"modifications":[]}],"letterComplement":"C-G,A-T"},"coefficients":{"bindingModeInteractions":[],"bindingModes":[{"mononucleotide":[0,0,0,0,0,0,0,0,0,0,0,0,0,0,0,0,0,0,0,0,0,0,0,0,0,0,0,0,0,0,0,0,0,0,0,0,0,0,0,0,0,0,0,0,0,0,0,0,0,0,0,0],"activity":[[-5.8326792140704935]],"dinucleotide":[],"modifications":[]},{"mononucleotide":[-0.13695052729456236,-0.18528156999209955,0,-0.025401462616402526,-0.2877528052108005,-0.34257580247188635,0,-0.18586153768441527,-0.35037783105614295,-0.7748131512604264,-0.34797796134454195,0,-1.6841702408752788,-3.0003707143270137,-1.2037384208847381,0,-2.3704306355689724,-3.6775703011687044,-2.22973083813633,0,-0.7274043142918938,-1.726611154147454,-3.171661344472253,0,0,-8.741251233491292,-2.5850593718056043,-8.581674953408095,-1.491686253428628,0,-3.36594111218274,-0.0918857123501553,-0.860700528530578,-2.1979537256505823,0,-1.3247286125173323,0,-1.6404552056748045,-0.6321473329101872,-0.9810455030907317,-1.23924785085911,-0.6330184156285927,0,-0.9458179776880415,-0.20185374241688336,-0.039083777029603084,0,-0.2788220751245003,-0.14003594895463678,-0.037959561159036426,-0.030470055407937124,0],"activity":[[0]],"dinucleotide":[[-0.011524670489455602,0.07310829723527412,0,-0.11883839229659365,0.13280258378312837,-0.13728758888699844,0,-0.24834975194256081,0,0,0,0,-0.25321681325349665,-0.3079168767078517,0,-0.6643464653545461,0.05518497990741977,0.48520286729328355,0.2092977872126287,0,-0.04111133502421893,-0.06638983993059,0.0741371662005399,0,0,0,0,0,-0.05168004565229545,0.1273986089544774,0.31191192100193454,0,0.7862584930015135,0.8722336573259586,0.2846624443878021,0,0.4986943507048416,0.5328834767419632,0.15876848800309418,0,0.5110303711501327,1.2709263167508205,0.3938894780328539,0,0,0,0,0,1.3191034906623074,1.6517356858876413,1.2778329841805416,0,1.4178866863655006,0.8800915870326902,1.7445695474764333,0,1.1685588125480173,2.049182400791171,1.3643702737462853,0,0,0,0,0,1.133591608083286,1.3473602349583889,2.4404049583869085,0,0.7123074211099141,1.7340017964911247,2.2937003634679787,0,0.5766460704078273,1.4111915955146568,2.327764008529484,0,0,0,0,0,0,0.882140921450544,1.0159087911332314,1.2565266745563957,0,1.391301311139756,1.7291744588027598,1.1539991263479656,0,2.244483013775179,3.2938154051926025,2.5280618943661235,0,0,0,0,0,0,0,0,0.8680892419199147,0,1.4765498916527484,-0.5232461853678032,1.475396717228227,0,3.454322549822554,0.35420500248878817,1.339885587271219,0,1.7279690743233687,-0.6052445377831024,0.0022776114983109608,1.7326362143720777,0,1.2525359513791123,0,0,0,0,0.6136457999520148,1.9732908088286871,0,1.334273060464259,0.12140913181310697,1.0011349020433098,0,0.9803799871043504,0,0.7775795865853032,0.6052852183877722,0.3567230114877784,0,0.5934891750092612,0.3187883803610614,-0.7577968347348323,0,0,0,0,0,0.03385620313501381,0.7487630659672169,-0.7545317323946952,0,0,0,0,0.9321155715084553,-0.37139958866274014,0,0.19794342607778592,0.534007485288921,0.1568117971520504,0,0.6973534227520028,-0.14795616994521144,-0.5086074740300379,0,0.02917054184291601,-0.34055147828765,0.1140772833592596,0,0.08864604807077914,0.27442770462901933,0.14475925706960435,0,0.017191286837272557,0,0,0,0,-0.40780689144855575,-0.7112034162373568,0,-0.567143611759457,-0.0847892436345612,0.08364029392241434,-0.05194651202351075,0,0.10113838642329576,0.06683887181611681,-0.05110005694481323,0,0,0,0,0,0.03792617418465838,0.22119402986197478,0.19140735899519967,0]],"modifications":[]}]}}
