{"modelSettings":{"letterOrder":"ACGT","bindingModeInteractions":[],"bindingModes":[{"fitLogActivity":true,"flankLength":0,"singleStrand":false,"size":13,"dinucleotideDistance":0,"componentName":"Binding mode 0","positionBias":false,"modifications":[]},{"fitLogActivity":true,"flankLength":0,"singleStrand":false,"size":13,"dinucleotideDistance":1,"componentName":"Binding mode 1","positionBias":false,"modifications":[]}],"letterComplement":"C-G,A-T"},"coefficients":{"bindingModeInteractions":[],"bindingModes":[{"mononucleotide":[0,0,0,0,0,0,0,0,0,0,0,0,0,0,0,0,0,0,0,0,0,0,0,0,0,0,0,0,0,0,0,0,0,0,0,0,0,0,0,0,0,0,0,0,0,0,0,0,0,0,0,0],"activity":[[-5.711866482193768]],"dinucleotide":[],"modifications":[]},{"mononucleotide":[-0.349107904295205,-0.3717220280215683,0,-0.36769001185819583,-0.38290721573851005,-0.7789979765054182,-0.33900396497685215,0,-1.6157491348871709,-2.8203708312644578,-1.3838439769060518,0,-2.383761321553256,-3.258814635492598,-2.957775066128286,0,-0.5597433928533659,-1.5957330499234823,-2.899416971317388,0,0,-7.3794156668496775,-3.038550993997748,-7.691180941537974,-1.7013306149133216,0,-3.1595670007288374,-0.2853254218026695,-0.8764661746303881,-2.044986570238459,0,-1.3244967907806036,0,-1.5189323735691076,-0.6189207710512257,-1.1359782947872903,-1.5818374845948906,-0.5751660582590103,0,-0.8726312078896674,-0.2781000193669012,-0.14459198949278296,0,-0.20245858001542238,-0.1554412580165616,-0.173399073306439,0,-0.12945499283803485,-0.13644519470761018,-0.22995517291704548,-0.057659367561436525,0],"activity":[[0]],"dinucleotide":[[0.023199825191706047,0.45192612981351044,0.19035388973013578,0,-0.0723997341053515,0.004220559733791873,0.05544888761454292,0,0,0,0,0,-0.13821520962197908,-0.00749688639894508,0.19727466891043388,0,0.7608860724874216,0.7461097584395517,0.5100978739875908,0,0.33759674333221845,0.4025518309528122,0.19323684670890806,0,0.35849368020646466,0.9556247164892477,0.3878188582138362,0,0,0,0,0,1.2666798549078546,1.275178290401155,1.4242425447066456,0,1.4022570004851227,0.8741480129907284,1.8192006811776542,0,1.077304759423379,1.5641523538425108,1.298002889986467,0,0,0,0,0,1.259772686201094,1.3180020384419402,2.4876719385127224,0,1.01773203423439,1.3950514315591471,2.7147982793711254,0,1.1628373974615425,1.2985189429693653,3.154271630376143,0,0,0,0,0,0,1.3871668704753164,1.2348834699758369,5.4417936331630425,0,1.973419971239709,2.152142348055653,1.6881117779189978,0,6.211859989660538,3.7267104738513694,7.294924817144211,0,0,0,0,0,0,0,0,2.1370518991132395,0,3.7979970028794536,-0.14557648210288576,1.7464944018895352,0,3.1419558604551616,0.048099047523902705,2.128240148968339,0,4.486283886003261,-2.1715209436326486,0.1837182248595175,1.3834782936075554,0,0.5392662993814445,0,0,0,0,0.15460296747884694,1.3056722716832487,0,0.6372277624759874,0.2269519094809862,0.9040404080116158,0,1.1807297649056325,0,0.7948433965460335,0.6421861529216981,0.5248191174603827,0,0.7265680044050491,0.37304521859108775,-0.3039591778712678,0,0,0,0,0,-0.14213059275567197,0.7719033544284999,-0.21207636021503795,0,0,0,0,1.2004493307246014,-0.23446539337635652,0,0.21202601364393914,0.8334797253946213,0.17126993028369508,0,0.46910620238285183,0.7188117652872092,-0.16274571618527922,0,0.11252357430868987,-0.14963890896595444,0.024313055992052135,0,0.0720160140486854,0.2539414548318648,0.13743608713750533,0,0.046033933684268113,0,0,0,0,-0.3021543907012001,-0.12815733417245845,0,-0.38034146625486276,-0.019147594657612288,0.17412012675250832,0,0.168167583823986,0.23653685203303887,0.16527541091204867,0,0.137507362205616,0,0,0,0,-0.04523546839020831,0.04823966579949168,0,0.026915422117943066,-0.008286217057852596,0.14874723105354004,-0.041436750463746286,0,0.18752105491140192,0.1318679127611082,-0.03979004564350319,0,0,0,0,0,0.06760511017247772,0.20649304747105823,0.09379092676509959,0]],"modifications":[]}]}}
