{"modelSettings":{"letterOrder":"ACGT","bindingModeInteractions":[],"bindingModes":[{"fitLogActivity":true,"flankLength":0,"singleStrand":false,"size":12,"dinucleotideDistance":0,"componentName":"Binding mode 0","positionBias":false,"modifications":[]},{"fitLogActivity":true,"flankLength":0,"singleStrand":false,"size":12,"dinucleotideDistance":0,"componentName":"Binding mode 1","positionBias":false,"modifications":[]}],"letterComplement":"C-G,A-T"},"coefficients":{"bindingModeInteractions":[],"bindingModes":[{"mononucleotide":[0,0,0,0,0,0,0,0,0,0,0,0,0,0,0,0,0,0,0,0,0,0,0,0,0,0,0,0,0,0,0,0,0,0,0,0,0,0,0,0,0,0,0,0,0,0,0,0],"activity":[[-4.873997475204486]],"dinucleotide":[],"modifications":[]},{"mononucleotide":[0,-0.1148166373537105,-0.11946782640017695,-0.19698574606520403,-0.24440500243289254,0,-0.09946350624382738,-0.2819143332317271,-0.9489323786809418,0,-0.49124543854541525,-1.362356369918488,-1.0767367099241199,-0.037144511191375074,-1.5243373122700756,0,-0.22439644372917478,0,-1.5344112006138033,-0.3701050007676967,0,-1.9724538925655741,-0.2054689947898085,-1.2052628538581134,-8.656034258164595,-3.12538795104724,-8.435567027226861,0,0,-1.7464573192536497,-2.268591420082645,-0.7173470126088883,0,-1.7165785571294458,-2.546733729975778,-1.3410656419388625,0,-0.7407382939100504,-2.0672628251491423,-1.700684722300192,0,-0.4395034561972473,-0.5703338709405932,-0.3836964530468503,-0.21647280448705875,0,-0.32727422145174856,-0.1568434287028566],"activity":[[0]],"dinucleotide":[],"modifications":[]}]}}
