{"modelSettings":{"letterOrder":"ACGT","bindingModeInteractions":[],"bindingModes":[{"fitLogActivity":true,"flankLength":0,"singleStrand":false,"size":13,"dinucleotideDistance":0,"componentName":"Binding mode 0","positionBias":false,"modifications":[]},{"fitLogActivity":true,"flankLength":0,"singleStrand":false,"size":13,"dinucleotideDistance":0,"componentName":"Binding mode 1","positionBias":false,"modifications":[]}],"letterComplement":"C-G,A-T"},"coefficients":{"bindingModeInteractions":[],"bindingModes":[{"mononucleotide":[0,0,0,0,0,0,0,0,0,0,0,0,0,0,0,0,0,0,0,0,0,0,0,0,0,0,0,0,0,0,0,0,0,0,0,0,0,0,0,0,0,0,0,0,0,0,0,0,0,0,0,0],"activity":[[-5.272231862305538]],"dinucleotide":[],"modifications":[]},{"mononucleotide":[-0.0627619366512242,-0.2772633916137899,0,-0.34485123564996734,-0.27191364800928675,-0.1050742329313401,0,-0.32019652450399505,-1.3963963781680402,0,-0.4622280730915733,-1.437817475862503,-1.3821826295557509,-0.12115974772206961,-1.7046730059105908,0,-0.24540193198605387,0,-1.803185331193018,-0.609887261550611,0,-5.261717018821194,-0.16329671644921184,-1.6023685084596249,-9.160171162524192,-8.03808896419664,-9.045755901687194,0,0,-3.4189048979666863,-2.431965221991982,-0.6322080090519755,0,-3.5253852190629456,-7.25461387116426,-2.803905784267937,0,-1.454961334576046,-4.082943510513433,-1.7722585027235382,0,-0.3428263769407103,-0.71905592978099,-0.5238410932578859,-0.2755037039123742,0,-0.2741989386897643,-0.21420123876234243,-0.1776206905039306,0,-0.0017262894522875882,-0.04678587439135029],"activity":[[0]],"dinucleotide":[],"modifications":[]}]}}
