{"modelSettings":{"letterOrder":"ACGT","bindingModeInteractions":[],"bindingModes":[{"fitLogActivity":true,"flankLength":0,"singleStrand":false,"size":12,"dinucleotideDistance":0,"componentName":"Binding mode 0","positionBias":false,"modifications":[]},{"fitLogActivity":true,"flankLength":0,"singleStrand":false,"size":12,"dinucleotideDistance":0,"componentName":"Binding mode 1","positionBias":false,"modifications":[]}],"letterComplement":"C-G,A-T"},"coefficients":{"bindingModeInteractions":[],"bindingModes":[{"mononucleotide":[0,0,0,0,0,0,0,0,0,0,0,0,0,0,0,0,0,0,0,0,0,0,0,0,0,0,0,0,0,0,0,0,0,0,0,0,0,0,0,0,0,0,0,0,0,0,0,0],"activity":[[-4.624756653418403]],"dinucleotide":[],"modifications":[]},{"mononucleotide":[-0.5658525216797115,-0.8738270316864787,0,-0.6422517514078336,-0.7880996625773378,-1.1324590533816403,0,-0.7599097439258422,-0.9067483107250975,-1.0309340748353595,0,-0.6894919374418791,-0.49746171361141656,-0.6533115009302497,0,-0.4781088841306742,-0.29476886753319587,-0.34442601791976823,0,-0.18784972560100766,-0.5866821021348976,-0.8085267100492697,0,-0.71855194211577,-0.4904728608466522,-1.1455984262023478,0,-0.8732861864252923,-0.6117017566476015,-0.9558473339562479,0,-0.5572377480296469,-0.16047256889698858,-0.30511971062041354,-0.6120110710225237,0,-0.9818268839585498,-3.51542472323602,0,-6.866442744699036,-2.7752102238283776,-1.9892322555466677,0,-1.1143440527340438,-4.101989680211524,-2.653969056104365,0,-1.166387129055476],"activity":[[0]],"dinucleotide":[],"modifications":[]}]}}
