{"modelSettings":{"letterOrder":"ACGT","bindingModeInteractions":[],"bindingModes":[{"fitLogActivity":true,"flankLength":0,"singleStrand":false,"size":16,"dinucleotideDistance":0,"componentName":"Binding mode 0","positionBias":false,"modifications":[]},{"fitLogActivity":true,"flankLength":0,"singleStrand":false,"size":16,"dinucleotideDistance":0,"componentName":"Binding mode 1","positionBias":false,"modifications":[]}],"letterComplement":"C-G,A-T"},"coefficients":{"bindingModeInteractions":[],"bindingModes":[{"mononucleotide":[0,0,0,0,0,0,0,0,0,0,0,0,0,0,0,0,0,0,0,0,0,0,0,0,0,0,0,0,0,0,0,0,0,0,0,0,0,0,0,0,0,0,0,0,0,0,0,0,0,0,0,0,0,0,0,0,0,0,0,0,0,0,0,0],"activity":[[-8.012048586527033]],"dinucleotide":[],"modifications":[]},{"mononucleotide":[-0.08301093715870778,0,-0.5941903293701705,-0.6194564060095038,-0.3807323139187435,0,-0.5848150416561184,-0.5269611137886212,-0.7044534804340552,0,-1.0156073603350286,-0.6940094282810767,-0.8539872003063218,0,-1.9002763945495467,-1.5407157103884161,-0.5775166801227938,0,-5.826517695465791,-2.2824324991376637,-3.529671792739614,0,-2.0675610390102532,-0.8500049011066482,-1.2896047735337728,-1.5110486569087644,-1.9693421012625736,0,0,-0.946309517913873,-0.7594804345722332,-3.1069602880745544,-0.08147311848382799,-0.04216621752483185,-1.6916492424268466,0,-0.4885845529467314,0,-0.582119640485943,-0.6353349323806405,-0.4402852263073971,0,-0.9360280320478243,-0.5499353003615557,-0.4467769580008003,0,-0.8183191969934844,-0.4802420157763372,-0.1737109335346041,0,-1.7875641413649044,-0.7044992270335069,-0.6733294432361427,0,-1.2927186322240587,-0.6360352633645174,-0.28258392311588665,0,-1.056203922362462,-0.12670274836344753,-0.21598387284432796,0,-0.9241983668652027,-0.3037189958730515],"activity":[[0]],"dinucleotide":[],"modifications":[]}]}}
