{"modelSettings":{"letterOrder":"ACGT","bindingModeInteractions":[],"bindingModes":[{"fitLogActivity":true,"flankLength":0,"singleStrand":false,"size":12,"dinucleotideDistance":0,"componentName":"Binding mode 0","positionBias":false,"modifications":[]},{"fitLogActivity":true,"flankLength":0,"singleStrand":false,"size":12,"dinucleotideDistance":20,"componentName":"Binding mode 1","positionBias":false,"modifications":[]}],"letterComplement":"C-G,A-T"},"coefficients":{"bindingModeInteractions":[],"bindingModes":[{"mononucleotide":[0,0,0,0,0,0,0,0,0,0,0,0,0,0,0,0,0,0,0,0,0,0,0,0,0,0,0,0,0,0,0,0,0,0,0,0,0,0,0,0,0,0,0,0,0,0,0,0],"activity":[[-5.000009886328883]],"dinucleotide":[],"modifications":[]},{"mononucleotide":[-1.6753077488965697,0,-2.680906515929907,-2.339216012725271,-1.7192921136331485,0,-6.32948585799983,-2.252143601718836,-2.0379883642719907,0,-1.8947949896520448,-1.3123020193072268,-0.15737221398949508,-0.1336917412270484,0,-0.1838458105021985,-1.9428241296995523,0,-4.258558801070817,-3.647788354226299,-2.1369605593687035,0,-1.9723920850313377,-2.696469885441264,-1.8886515379885802,0,-2.4325227361366544,-1.8249981075275326,0,-0.18301354552482785,-0.22311749756098642,-0.4166123220387803,-0.6260441109828765,0,-0.06796429411155458,-0.4169435350464372,-0.8181417224819807,0,-0.9363488185266835,-1.1697479177781611,-0.8010650946081928,0,-1.0912549094242285,-0.8265397095565508,-0.7566114882198107,0,-0.45304774180805474,-0.700895392358861],"activity":[[0]],"dinucleotide":[[-0.06411313116907902,0,0.2219818279581034,0.08496615735753466,0,0,0,0,0.2463564108096774,0,0.14142200661595083,0.3892654293080229,0.11208780945412489,0,0.16614583217128676,0.14406937485382798,-0.2708698566634036,0,0.12008019378445844,0.1441717461273031,0,0,0,0,-0.27244543252006714,0,-0.09365617990057018,-0.038509587065479245,0.08956344821234996,0,0.1908665816960644,0.16578921812233993,-0.07657035034172477,0.10727066640616201,0,0.18728256847676228,0,0,0,0,-0.12685277474462353,0.14019484298959028,0,0.2453348336542991,-0.6489428157182573,-0.08772268605494205,0,0.14803204517038004,0.4426133458187973,0,-0.22178041831503315,0.4247027193119859,-0.023253524709883067,0,-0.4716554873605272,-0.7979779390697681,0,0,0,0,0.25275364300841474,0,0.46107633841092,0.07676604566199874,1.382981307146892,0,0.2849313600598604,-0.9594054876221874,0,0,0,0,1.5691819018557895,0,1.8630247466974792,1.7061906632474821,2.4062067411182433,0,1.923249906955177,2.610085238642525,0.2450276602670325,0,-0.015293551225644464,0.6427991229758456,0,0,0,0,1.1677007964313528,0,0.7311095386083997,0.31273010739109974,1.5170236928522982,0,0.7770499911011877,-0.002973027205124268,0,0.5487912284371701,-0.41973120096079963,-0.03364297199713295,0,0,0,0,0,1.202065217321298,-0.23508672402176867,0.9707205405152521,0,1.2098617076114522,0.08871032833548309,0.6581127912309821,0,0,0,0,0.4045429769533442,0,0.06572852427117049,-0.08156083683173776,0.3420340944376825,0,-0.2164500295932914,0.07515344482322384,0.16568676368540913,0,0.2998104977754217,0.04880052368865151,0.27390352357560754,0,0.1931685110502004,0.5166224589045978,0,0,0,0,0.3423526562714958,0,-0.025036860636300062,0.37724524753860766,0.14565121467366904,0,0.4050213204067745,0.1717809498931775,-0.001001676420579578,0,-0.17990462555429865,0.27736043222326234,0,0,0,0,-0.12321298143550319,0,-0.5731375861483414,0.08434205830987551,0.0458924579847757,0,0.21046265332202552,0.033973798187029836,-0.2227499250127174,0,-0.34325929364644914,-0.0680361074036302,0,0,0,0,-0.18362163883109428,0,-0.1621101041415347,-0.052628023009280156,-0.2771185700302725,0,-0.37318657762276874,-0.3267947713020929],[-0.17449299320431422,0,0.14365545443539052,-0.11583163616420933,0,0,0,0,0.0999645491797283,0,0.17308148335095463,-0.1150314183142358,0.042273121478376474,0,0.03034162785649208,0.04728772207209797,0.3329838027814169,0.06632628921926731,0,0.050532896956879014,0,0,0,0,0.17822367284650031,0.2601978735285124,0,0.028200601486497057,0.5666004930280506,0.18402688550146795,0,-0.13274039759198342,-0.2920479613335125,0,0.5133923820204442,0.4879920686682153,0,0,0,0,-0.2558820953845906,0,0.5537332777555033,0.3032287682154555,-0.11238396608822487,0,0.8063974286405013,0.5473963331773879,0.06896023376951543,0,0.13940300564267893,0.6714090099002208,1.106256263991182,0,1.1418693418786336,1.9504033069867788,0,0,0,0,0.0695260426389579,0,-0.8222282003682819,0.38137777235303805,0.5906083693367403,0,-0.7206375747523452,-0.4563580739582118,0,0,0,0,-0.3066678934676679,0,1.3784085260163454,1.2927727350285458,0.6302011906910394,0,0.5612560363078183,1.5035469687338647,0,0.4214001016387172,-0.585940871617046,0.3930903761195639,0,0,0,0,0,0.19157719876350932,-0.1660986851983708,-0.31695769591668554,0,0.24438784732377705,0.07951206771571595,0.4464187619850595,-0.11883740461708214,0,0.3316554392245079,-0.3307461994118732,0,0,0,0,0.1635431884721834,0,0.43944070786644573,-0.0978565880048885,-0.0370126660488026,0,-0.3261137660384268,-0.4186384598400954,0,0,0,0,-0.18420737803215737,0,-0.35682420430706596,-0.22710573487129704,-0.27306645587894707,0,-0.11306797017624692,-0.27467890161343256,-0.39732391942556067,0,-0.040041293620222795,0.016779524318187633,-0.07918571179644385,0,0.07493727289669216,0.011260372885413261,0,0,0,0,0.009605737735423503,0,0.06921252582647597,0.19084979289395854,-0.1411624634122921,0,0.01851052787864038,0.06208666954627695,-0.03481785611981714,0,0.0965645434525273,-0.0134311880747644,0,0,0,0,-0.15920688105630543,0,-0.06613807015054096,-0.20877135265847713,0.005455991025743678,0,0.0352339438063618,-0.2411032268137383],[-0.025324413054034878,-0.1818250087233544,0,-0.3844853346767918,0,0,0,0,-0.2456198847784803,-0.1008638438104823,0,-0.5874453396885242,0.12167080649951778,0.1295947790635701,0,-0.14804351835535368,-0.3987088470769633,0,-0.06335911439924136,0.03147678502622764,0,0,0,0,-0.5436143533174871,0,0.1499181061386885,0.3387640511484449,-0.13255199225081604,0,0.089668297976357,0.5576739765372949,1.2893262775438563,0,1.7413256451240047,1.4027996529605122,0,0,0,0,0.6898480657580501,0,1.0354900503323057,0.7071758951328322,0.4878721153062733,0,0.27719806440316663,0.5717441159266707,0.20450904415985427,0,0.1325771050208182,-0.3072411941866271,-0.07796146630202294,0,0.3000923691311712,0.32353981288192024,0,0,0,0,0.41488850678380373,0,0.26427271956825393,0.4425960569143239,0,0.8141170104427715,-1.6657340420527795,0.11096435700890073,0,0,0,0,0,0.6931137005084516,1.7125871385316644,0.8175177719519136,0,-0.31728234380277076,0.6726455999773444,-0.5766358449680107,0.0796864455900943,0,-0.8871273617565754,0.368881480557226,0,0,0,0,-0.25164964438495296,0,-1.0117147720399657,0.22821183292404168,-0.061879605789346925,0,-0.36128666479763627,0.5806371312839005,0.6946186306217674,0,0.6679351426514906,0.03865791515303307,0,0,0,0,0.362690790405396,0,0.5876240352855895,0.20885409963800505,0.06065404445784761,0,0.5317415099931972,-0.07049935854718292,0,0,0,0,-0.21893771584467903,0,-0.5043473134365373,-0.15012723363716152,-0.12425770218211962,0,-0.22494624155169607,-0.1560837017000276,-0.19806045257818905,0,-0.2661253025011252,-0.049646990972679994,-0.23976653384685065,0,0.03613382490246231,-0.23959777385102488,0,0,0,0,-0.23916931201458702,0,-0.4634702648310949,-0.26707388785075636,-0.09682741493785674,0,-0.27517806785264476,-0.21937140926675536],[-0.28069668665437497,0,-0.05317184453222712,-0.29228491418312874,0,0,0,0,-0.1520088784376883,0,-0.032296900949707386,0.015397796817816278,-0.088374208123434,0,-0.3959643594621962,-0.20975967942979068,1.2192930663849202,0,0.9085153293870025,1.0652312732827331,0,0,0,0,5.168118822902148,0,4.856390681340852,5.1290265560669335,0.975984581887456,0,1.1932463834284652,1.238090079726219,0.23624489193852494,0,0.058826509755753875,-0.6540935922339788,0,0,0,0,-0.01805655045397092,0,-0.30227912260757606,-0.34753009052010686,-0.21325711798663782,0,-0.5006039060006024,-0.37337667457380963,0,-0.26439147374118477,0.3218841835558379,0.2428258394912941,0,-0.5624319689854964,-0.07945075494874132,