{"modelSettings":{"letterOrder":"ACGT","bindingModeInteractions":[],"bindingModes":[{"fitLogActivity":true,"flankLength":0,"singleStrand":false,"size":12,"dinucleotideDistance":0,"componentName":"Binding mode 0","positionBias":false,"modifications":[]},{"fitLogActivity":true,"flankLength":0,"singleStrand":false,"size":12,"dinucleotideDistance":1,"componentName":"Binding mode 1","positionBias":false,"modifications":[]}],"letterComplement":"C-G,A-T"},"coefficients":{"bindingModeInteractions":[],"bindingModes":[{"mononucleotide":[0,0,0,0,0,0,0,0,0,0,0,0,0,0,0,0,0,0,0,0,0,0,0,0,0,0,0,0,0,0,0,0,0,0,0,0,0,0,0,0,0,0,0,0,0,0,0,0],"activity":[[-4.8764104960296475]],"dinucleotide":[],"modifications":[]},{"mononucleotide":[-0.36423291513310474,0,-0.6750043994550659,-0.43165039432107655,-1.1588673590820004,0,-1.675882756781816,-1.1797532569240037,-0.9818240756866254,0,-1.2309009686413517,-0.9793339611705756,-0.5047969025088133,0,-0.6252830633502331,-0.259411188995597,0,-0.23182990066417108,-0.20036117928748887,-0.054492632209846015,-0.7853748215484302,0,-0.541629227140235,-0.7036036221628272,-0.6889734669679397,0,-0.9221428694215668,-0.2996436447250064,-0.4680948776881637,0,-0.7474596996447493,-1.0923695963703102,0,-1.1614515188059018,-0.7766562225912921,-1.1438547984726348,-4.2202425263118375,-1.4697272633715652,-2.090403642887606,0,-1.4385387773136507,-1.6869784783453332,-1.3109752036964002,0,0,-0.6535153986899505,-0.9727268818661226,-0.7657405018786094],"activity":[[0]],"dinucleotide":[[0.5744479950527195,0,0.43841184062958627,0.6957482129901766,0,0,0,0,0.14503425935434544,0,-0.43716558545020634,0.4001571884344446,0.7797204274502327,0,0.7352320268963193,0.8677120690004188,0.8257373117242892,0,0.9811064546893511,1.0412777302651106,0,0,0,0,0.8429050147566457,0,0.7582196246134632,1.1370040431415092,0.9258258160712218,0,0.8655850614234732,1.04851674120982,0.2826953330076467,0,0.42988031697340423,0.4312277831083371,0,0,0,0,0.2975536948505879,0,-0.06089965579296486,0.5011967235201191,0.4297113575592926,0,0.3019885895826162,0.5733210470941117,0,0.36560838805519325,0.2477781802215313,0.11625868509030202,0,0,0,0,0,0.2872484928839265,-0.06683363355078686,0.19398759140198152,0,0.0988118841101544,0.017828096002040716,-0.26678990437758454,0,0,0,0,0.08424388541167716,0,0.20567948402906922,0.13839734836645423,0.16021485356383458,0,-0.002611089920703691,0.055030352247984915,0.09785280175823274,0,0.17779184612230114,-0.3184119566969956,0.049214689455182814,0,0.25806563782871006,0.39725292759221453,0,0,0,0,-0.011357909359721585,0,0.22632352570392733,0.2153715298381984,-0.5301353785050029,0,0.7101441686042005,0.4666937454955695,-0.16499137135847786,0,0.003994921672430873,-0.045294020697643766,0,0,0,0,-0.17801095367251074,0,-0.2956873468573127,0.6180525690330096,0.5757626029366847,0,0.2778732997274176,-0.1597155726785009,0,-0.05226481821930218,-0.9464840446187295,-0.4708999865264176,0,0,0,0,0,-0.053888198434273615,-1.0645705853655603,-0.30094893778344955,0,0.44432420996663335,0.4866750129041142,0.70799309607479,0,0,0,0,1.5749080500730193,0.47237447115070275,0.7167537745110018,0,1.4252047989720245,0.8361863189988843,1.0599069143580118,0,1.921250969390841,1.2324957144221127,1.2331186148214885,0,2.9328879696409467,3.0159751774361103,1.7251927359120116,0,0.9105316405509538,1.651987217144312,0.49216860266614404,0,-0.056655644113849934,0.5408396221778546,-3.963122239104736,0,0,0,0,0,0,0.6270590426607736,0.5256491689337817,0.5509979523093511,0,1.2307137122999077,0.7597536257950939,0.9200783321646591,0,0.4025474943929197,-0.17831017439686603,0.7834156202378764,0,0,0,0]],"modifications":[]}]}}
