{"modelSettings":{"letterOrder":"ACGT","bindingModeInteractions":[],"bindingModes":[{"fitLogActivity":true,"flankLength":0,"singleStrand":false,"size":12,"dinucleotideDistance":0,"componentName":"Binding mode 0","positionBias":false,"modifications":[]},{"fitLogActivity":true,"flankLength":0,"singleStrand":false,"size":12,"dinucleotideDistance":0,"componentName":"Binding mode 1","positionBias":false,"modifications":[]}],"letterComplement":"C-G,A-T"},"coefficients":{"bindingModeInteractions":[],"bindingModes":[{"mononucleotide":[0,0,0,0,0,0,0,0,0,0,0,0,0,0,0,0,0,0,0,0,0,0,0,0,0,0,0,0,0,0,0,0,0,0,0,0,0,0,0,0,0,0,0,0,0,0,0,0],"activity":[[-4.376641486721564]],"dinucleotide":[],"modifications":[]},{"mononucleotide":[-0.6709469916886217,0,-0.8693363576331974,-0.9197309681028925,-1.084787794173966,0,-1.6904337833420415,-1.739272685607724,-1.1015771350039074,0,-1.3987362818423952,-1.01508427927374,-0.561111323736359,0,-0.7339748646245106,-0.3288641293247849,0,-0.005663255645777632,-0.189075965626051,-0.09620742990782638,-0.6342156235239065,0,-1.2293696012965931,-0.5315963558030452,-0.7342242053125894,0,-0.6965715650575603,-0.6961070382579528,-1.0160671550164677,0,-1.451132576837292,-0.5891390384463637,0,-0.4763181236864398,-0.04802208152753806,-0.36046960098649805,-1.2168036219900822,0,-2.9464952526066837,-1.2876265994771883,-1.081255423426514,0,-1.8237619198313766,-1.5315920133943726,-0.916079214279506,0,-1.5927409383395101,-0.819075289644708],"activity":[[0]],"dinucleotide":[],"modifications":[]}]}}
