{"modelSettings":{"letterOrder":"ACGT","bindingModeInteractions":[],"bindingModes":[{"fitLogActivity":true,"flankLength":0,"singleStrand":false,"size":16,"dinucleotideDistance":0,"componentName":"Binding mode 0","positionBias":false,"modifications":[]},{"fitLogActivity":true,"flankLength":0,"singleStrand":false,"size":16,"dinucleotideDistance":0,"componentName":"Binding mode 1","positionBias":false,"modifications":[]}],"letterComplement":"C-G,A-T"},"coefficients":{"bindingModeInteractions":[],"bindingModes":[{"mononucleotide":[0,0,0,0,0,0,0,0,0,0,0,0,0,0,0,0,0,0,0,0,0,0,0,0,0,0,0,0,0,0,0,0,0,0,0,0,0,0,0,0,0,0,0,0,0,0,0,0,0,0,0,0,0,0,0,0,0,0,0,0,0,0,0,0],"activity":[[-5.511153224587256]],"dinucleotide":[],"modifications":[]},{"mononucleotide":[-0.23524636275824395,0,-0.3778900118295656,-0.03498956270800058,-0.33453312417323033,0,-0.49634678655648656,-0.1052182714862333,-0.31377413131162335,0,-0.6024337066599221,-0.11147254188203348,-0.19863941102764482,0,-0.5651381612368205,-0.08833605126290323,-0.42005696518771707,0,-0.6007635841959411,-0.23339554662296713,-0.3381463709023471,0,-0.3048585942791924,-0.2410833772650367,-0.7269074539838245,0,-0.7819296030992788,-0.04191587691711707,-1.1615844748966921,-0.6417024543592289,-1.7403754454301383,0,0,-0.5452091817759053,-0.9598269043245873,-0.9827673434965734,0,-0.6725047152288504,-1.9400286191419118,-1.5154433343627849,-2.344548592073572,-0.9239059513974306,-2.4605108016971116,0,-2.211753977034258,0,-1.148895601323412,-0.2927351526102182,0,-0.4381797987057334,-0.6454647273634233,-0.44026428216042657,-1.022340549550874,-0.20535786437052028,-0.9084641718070143,0,-0.5542114101101534,-0.29560118522937273,-0.5659579856689954,0,-0.7583370658057342,-0.3001787381131793,-0.9978236741010873,0],"activity":[[0]],"dinucleotide":[],"modifications":[]}]}}
