{"modelSettings":{"letterOrder":"ACGT","bindingModeInteractions":[],"bindingModes":[{"fitLogActivity":true,"flankLength":0,"singleStrand":false,"size":16,"dinucleotideDistance":0,"componentName":"Binding mode 0","positionBias":false,"modifications":[]},{"fitLogActivity":true,"flankLength":0,"singleStrand":false,"size":16,"dinucleotideDistance":0,"componentName":"Binding mode 1","positionBias":false,"modifications":[]}],"letterComplement":"C-G,A-T"},"coefficients":{"bindingModeInteractions":[],"bindingModes":[{"mononucleotide":[0,0,0,0,0,0,0,0,0,0,0,0,0,0,0,0,0,0,0,0,0,0,0,0,0,0,0,0,0,0,0,0,0,0,0,0,0,0,0,0,0,0,0,0,0,0,0,0,0,0,0,0,0,0,0,0,0,0,0,0,0,0,0,0],"activity":[[-5.285484406928349]],"dinucleotide":[],"modifications":[]},{"mononucleotide":[0,-0.9606114788146343,-0.34383915506331597,-0.7034423239532472,0,-0.5266157562826397,-0.3393388089088081,-0.5102256032582204,0,-0.8914380752806821,-0.2535090237460125,-1.0128020069116275,-0.4319170061081099,-0.6198965042856077,-0.4844068911111368,0,-0.27196125576466734,-1.0911824266045613,0,-1.9421043197015369,0,-2.3964346874955913,-0.9813021112017868,-2.0809240836925262,-1.4447470478926867,-1.8657796595993181,-0.7239317909303793,0,-0.9351622282302863,-0.966829303220262,-0.5795580118420425,0,0,-1.6434663339615518,-0.6520570284709191,-1.0475687493714059,-0.019710231552899415,-0.7484970161513953,0,-0.6721747034312617,-0.2055385034247852,-0.3038439712725225,0,-0.3172105632387119,-0.20505931620107454,-0.5897624324842825,0,-0.39586867987388885,-0.05011072680998563,-0.5549798659300658,0,-0.17366014782515826,-0.07189576268679954,-0.590464172500889,0,-0.2833118566536603,-0.0690184065991124,-0.49025307410150276,0,-0.31101098762835555,-2.2609238792181685E-4,-0.3883670895095257,0,-0.22451399721774656],"activity":[[0]],"dinucleotide":[],"modifications":[]}]}}
