{"modelSettings":{"letterOrder":"ACGT","bindingModeInteractions":[],"bindingModes":[{"fitLogActivity":true,"flankLength":0,"singleStrand":false,"size":12,"dinucleotideDistance":0,"componentName":"Binding mode 0","positionBias":false,"modifications":[]},{"fitLogActivity":true,"flankLength":0,"singleStrand":false,"size":14,"dinucleotideDistance":1,"componentName":"Binding mode 1","positionBias":false,"modifications":[]},{"fitLogActivity":true,"flankLength":0,"singleStrand":false,"size":12,"dinucleotideDistance":1,"componentName":"Binding mode 2","positionBias":false,"modifications":[]}],"letterComplement":"C-G,A-T"},"coefficients":{"bindingModeInteractions":[],"bindingModes":[{"mononucleotide":[0,0,0,0,0,0,0,0,0,0,0,0,0,0,0,0,0,0,0,0,0,0,0,0,0,0,0,0,0,0,0,0,0,0,0,0,0,0,0,0,0,0,0,0,0,0,0,0],"activity":[[-5.742373655611994]],"dinucleotide":[],"modifications":[]},{"mononucleotide":[0,-1.2205537604947085,-0.8408990666687886,-1.3027168573294652,0,-1.482178489820419,-1.549291288900208,-1.7042882726893278,0,-1.4254050038327186,-1.3643100763822564,-1.2335734864480978,-2.344470185912157,-1.8488578801835844,-2.0292391017532645,0,-0.6477339012155867,-1.6424282084938,0,-2.3664000291112397,0,-2.4855576630926284,-2.1196852033852993,-3.358590056218811,-3.1911111272438983,-2.0458915330079,-2.1721861592323015,0,-1.7716240318210899,-0.9410365500675453,-2.063751677114805,0,0,-1.4408030011288666,-1.3444166569447764,-1.1388222971368207,-0.08926521096365203,-0.27021020426987397,0,-0.4890230691751549,-0.2293265388522978,-0.09623577298742969,0,-0.21032821400246826,-0.18878525692315362,-0.24367009951865715,0,-0.29619721353017114,-0.06344831993235145,-0.2598386370247967,0,-0.23726803156990783,-0.07871133329324342,-0.21534784735792,0,-0.2282058739381727],"activity":[[-0.1581328735684358]],"dinucleotide":[[0,0,0,0,0,0.9061515022880351,1.2512630676452172,0.9795352908296346,0,0.971895929507911,1.1528033999427456,1.2490506358937383,0,1.0921755601138723,1.5191894509882462,1.1939260870905275,0,0,0,0,0,1.0188401239959957,1.0769232192142189,0.9395481864355788,0,1.4827741506090066,1.4962812041184066,1.1567559885089793,0,0.8969986908796215,1.3202165814379556,0.6147369499916513,0,0,0,0,0.7257751851707543,0.6970121456192064,0.8454593624014266,0,1.318528998068067,1.2370857366753123,1.672217602430307,0,0.8618604047145042,0.6686074049643942,0.8383205912743872,0,0.3017188769118344,0.9744104168958945,0,0.9488140071105571,0.6378249160210903,0.6102180410354494,0,0.8455076474434469,0.377105468894968,1.2833245771335062,0,1.743220308499681,0,0,0,0,0,0.4214790310406098,0.4653725732619223,0.6073130898817221,0,0.7321742777856661,1.0537312000793797,1.0610104455854446,0,0,0,0,0,1.6545604274376813,1.8665381606184734,1.73609446349864,0,0,0,0,2.703634834361134,1.8095521941467485,2.321968485111133,0,2.624366440503216,1.8477132241709366,2.4363537120095025,0,2.332553576963491,1.8081548026341028,2.1491834964315006,0,1.2828886090478084,1.1771944299536679,2.131952057028393,0,1.3102353559388584,0.6859532269192283,1.9743742032821698,0,1.3170496949910402,0.7618668749890696,2.2567253438967203,0,0,0,0,0,0,1.481907201784313,1.2094222847842584,0.9132551008903471,0,0.8284907490246458,0.9153009395603549,0.6986657470190494,0,1.234044473775282,1.1671748498255852,0.7843045626630025,0,0,0,0,0,0,0,0,-0.1903557575976007,-0.013476040392082389,0,0.11451580495534674,-0.016312564782784866,0.18755481865285017,0,0.3387662363481023,0.016643935065610238,0.0774070955480961,0,0.307496727939077,0.053298157185129647,-0.014168010788762064,0,0.014145181955222519,-0.062106658968186235,-0.3393746057831746,0,-0.23451550341062388,0,0,0,0,-0.008129842316016322,-0.2358485406978037,0,-0.23884960373189523,0.04133074040142848,0.022608812289047986,0,0.04523745179022409,0.10927009775346086,-0.09816795306756321,0,0.11963190206896712,0,0,0,0,0.03816872150754946,-0.020588826899582635,0,-0.008309196688615739,0.08414386199512958,0.0019305458744187654,0,-0.004995335947560076,-0.04320490518711928,-0.0637768782869137,0,0.01684049189577319,0,0,0,0,-0.0403316912580145,-0.10124984771986023,0,0.019569169440402767,0.0676380039633564,-0.037069292285584865,0,-0.0023797150487503416,-0.05234179046400045,-0.18457183879612904,0,0.03851425018002308,0,0,0,0,0.08194517334503915,-0.02308334842811699,0,0.01009852282328394]],"modifications":[]},{"mononucleotide":[-1.2984818332790211,-0.46695700718555355,-1.6851707073645312,0,-1.4846608296412172,-1.0280842783343505,-1.6675789758550241,0,0,-0.7510960789663749,-1.1460665813971338,-1.4794036713257768,0,-0.8169429737843522,-0.8142328629020283,-0.9912593733003358,-0.2338230862580136,-0.2718687326983078,-0.22272945372931927,0,-0.16030907511672265,-0.1457696801451519,-0.2491492633598653,0,-0.24903766777722072,-0.014943387545379938,-0.21146666544723489,0,-0.10180072791962091,-0.10975194398921573,-0.3674721757464,0,-0.20921902657236438,0,-0.3424213940420552,-0.3012099367525952,-0.3063545363787214,0,-0.30834338904448033,-0.05821294204688521,-0.4161404136499749,0,-0.41470875832705534,-0.17485686032593284,-0.3647565991844746,0,-0.589338418399941,-0.24818959335803722],"activity":[[-1.0949282752796732]],"dinucleotide":[[0.5398346086111889,0.9707085718511614,0.9844797531290768,0,0.889511514208035,0.661937033059191,0.7768984415173623,0,0.7655759649561769,0.9343169163120371,0.7706257882179846,0,0,0,0,0,0,1.1077035229882086,0.5809912981809342,1.4754201724114768,0,0.9472167417807704,0.829034419917706,1.1603445438309496,0,0.8130853865900423,0.7429953693307985,0.8959218967293094,0,0,0,0,0,0,0,0,0,0.7142150589850509,0.50939865564646,0.8568541489559326,0,1.0600239481426494,0.2947334808240698,0.987314012944658,0,1.2304304938282558,0.8718294282768033,1.2042763347156251,0,0,0,0,0.25425198888956146,0.02730421902651381,-0.04200875413873972,0,0.08808840912661042,-0.19061537496131487,-0.25198265929714436,0,0.1471612201314143,0.3827566164199784,0.14870582088592088,0,-0.19791449198512545,0.14776708118170181,-0.08837803586413101,0,0.30285162018071365,0.27686873469965045,0.33082991726083577,0,0.02768953263795404,0.014708409110497367,0.15037241877591945,0,0,0,0,0,-0.3537539172769252,0.09125479742572062,-0.24542670229880137,0,-0.0439039939725282,0.10247394982145919,-0.055831616028885256,0,-0.11795981461983973,-0.04289699807093639,-0.33348959299352415,0,0,0,0,0,-0.0764891072059718,0.24674832770963495,-0.1208956678309685,0,-0.025186392834658733,-0.08657091827971933,-0.04438391273154674,0,-0.0753679703408962,-0.09022420029059103,-0.04052018291220516,0,0,0,0,0,-0.1710607671506924,0,-0.01985599338249433,0.0044428690412410266,0.10718864550188958,0,0.16044169050834056,0.30258614788105576,0.1801605033210107,0,0.1326484236444183,0.4846960597244654,0,0,0,0,0.007462717295931065,0,0.02296533069691331,-0.11866703497437825,0,0,0,0,0.0656599692151687,0,-0.056625917709113405,-0.11271246410070634,0.23446673176556332,0,0.17245021766742874,0.11310682118921303,0.1675573966527243,0,-0.16165238543683647,0.07543512116251044,0,0,0,0,0.12399242663322751,0,-0.0895190799329183,-0.07774689562012427,0.004939900500325889,0,0.02285888746866971,0.14710111259707892,-0.1425364704774874,0,-0.12995411077655228,0.04970853133858433,0,0,0,0,0.06414248368847508,0,-0.2317321302045019,-0.10333790006110766,-0.15177953229924612,0,0.035779501950822135,0.14930672942715884]],"modifications":[]}]}}
