{"modelSettings":{"letterOrder":"ACGT","bindingModeInteractions":[],"bindingModes":[{"fitLogActivity":true,"flankLength":0,"singleStrand":false,"size":12,"dinucleotideDistance":0,"componentName":"Binding mode 0","positionBias":false,"modifications":[]},{"fitLogActivity":true,"flankLength":0,"singleStrand":false,"size":12,"dinucleotideDistance":0,"componentName":"Binding mode 1","positionBias":false,"modifications":[]}],"letterComplement":"C-G,A-T"},"coefficients":{"bindingModeInteractions":[],"bindingModes":[{"mononucleotide":[0,0,0,0,0,0,0,0,0,0,0,0,0,0,0,0,0,0,0,0,0,0,0,0,0,0,0,0,0,0,0,0,0,0,0,0,0,0,0,0,0,0,0,0,0,0,0,0],"activity":[[-5.524521024913544]],"dinucleotide":[],"modifications":[]},{"mononucleotide":[-0.15092118209458327,0,-0.19404170028889922,-0.1953455613605133,-0.0814761861669151,-0.15405728402926577,0,-0.5152339760397582,-0.68672119914824,0,-0.7189238487468477,-0.03542695134693474,-2.6477210637449393,-8.211209013635937,-5.303153623203258,0,-0.08810299681289635,-2.0109434242432216,0,-4.286485238643192,0,-8.301738172582274,-7.060160944782616,-7.792939113029557,-5.492261515285285,-7.285825638735098,-8.331219809755094,0,-2.690686117580253,-3.0935796779272704,-1.5743511048511327,0,0,-2.408776562121473,-0.11290155277518998,-1.691429725947596,-0.513499042526139,0,-0.12682123799943668,-0.8193691205819298,0,-0.10487302696013856,-0.1939196428036425,-0.15614549703476932,0,-0.24107849595284137,-0.3196398187626155,-0.18575946380183161],"activity":[[0]],"dinucleotide":[],"modifications":[]}]}}
