{"modelSettings":{"letterOrder":"ACGT","bindingModeInteractions":[],"bindingModes":[{"fitLogActivity":true,"flankLength":0,"singleStrand":false,"size":12,"dinucleotideDistance":0,"componentName":"Binding mode 0","positionBias":false,"modifications":[]},{"fitLogActivity":true,"flankLength":0,"singleStrand":false,"size":12,"dinucleotideDistance":0,"componentName":"Binding mode 1","positionBias":false,"modifications":[]}],"letterComplement":"C-G,A-T"},"coefficients":{"bindingModeInteractions":[],"bindingModes":[{"mononucleotide":[0,0,0,0,0,0,0,0,0,0,0,0,0,0,0,0,0,0,0,0,0,0,0,0,0,0,0,0,0,0,0,0,0,0,0,0,0,0,0,0,0,0,0,0,0,0,0,0],"activity":[[-5.645424522504445]],"dinucleotide":[],"modifications":[]},{"mononucleotide":[-0.25359047422434955,-0.26975538133831733,-0.12075400984381446,0,-0.9860286763440769,-0.21269672675069273,0,-0.6984390872574942,-1.9929307033310373,0,-2.7379373717757183,-0.008897183714580592,0,-1.8006302740776796,-2.9356412531914877,-2.9010791998379357,0,-3.464623705040072,-4.311515353166895,-3.9840313708906994,-4.420563749985558,-4.26746592061966,-4.787986952475622,0,-3.535635803303423,0,-2.140287646293096,-0.13833408878166864,0,-3.7601027381708896,-4.566672930601269,-2.8320525789905666,-0.0818880028843072,-0.8044464016209965,0,-0.7753304928854892,-0.7112589356827641,0,-0.1678923154213976,-0.1579720561201814,-0.196420150906933,-0.24815752379249112,0,-0.25570044263862535,-0.061741553473620314,0,-0.16661542882824687,-0.02674212414874333],"activity":[[0]],"dinucleotide":[],"modifications":[]}]}}
