{"modelSettings":{"letterOrder":"ACGT","bindingModeInteractions":[],"bindingModes":[{"fitLogActivity":true,"flankLength":0,"singleStrand":false,"size":10,"dinucleotideDistance":0,"componentName":"Binding mode 0","positionBias":false,"modifications":[]},{"fitLogActivity":true,"flankLength":0,"singleStrand":false,"size":10,"dinucleotideDistance":0,"componentName":"Binding mode 1","positionBias":false,"modifications":[]}],"letterComplement":"C-G,A-T"},"coefficients":{"bindingModeInteractions":[],"bindingModes":[{"mononucleotide":[0,0,0,0,0,0,0,0,0,0,0,0,0,0,0,0,0,0,0,0,0,0,0,0,0,0,0,0,0,0,0,0,0,0,0,0,0,0,0,0],"activity":[[-6.658030185519725]],"dinucleotide":[],"modifications":[]},{"mononucleotide":[0,-0.22511176906108776,-0.033320841436685456,-0.2598201116149781,-0.3727106294382736,0,-0.3734596803640118,-0.08955738648103573,-0.8410703339854066,-0.9551102389764781,-1.225132939076678,0,0,-1.475472445486207,-0.7431180495304979,-1.019313157439842,0,-2.972451694629127,-2.1375578471965717,-3.0399241386344737,-1.5209901867367588,-2.434308950354965,-2.165401455806168,0,-6.96886811258325,-1.8363067409673581,-3.017423236376648,0,0,-3.2225052363020086,-0.2820897905988593,-4.061937331417485,-0.031339507945038036,-0.1313788171844763,0,-0.16662576810808005,-0.5658795299033388,-0.016954060593370457,-0.2534025933432096,0],"activity":[[0]],"dinucleotide":[],"modifications":[]}]}}
