{"modelSettings":{"letterOrder":"ACGT","bindingModeInteractions":[],"bindingModes":[{"fitLogActivity":true,"flankLength":0,"singleStrand":false,"size":18,"dinucleotideDistance":0,"componentName":"Binding mode 0","positionBias":false,"modifications":[]},{"fitLogActivity":true,"flankLength":0,"singleStrand":false,"size":18,"dinucleotideDistance":0,"componentName":"Binding mode 1","positionBias":false,"modifications":[]}],"letterComplement":"C-G,A-T"},"coefficients":{"bindingModeInteractions":[],"bindingModes":[{"mononucleotide":[0,0,0,0,0,0,0,0,0,0,0,0,0,0,0,0,0,0,0,0,0,0,0,0,0,0,0,0,0,0,0,0,0,0,0,0,0,0,0,0,0,0,0,0,0,0,0,0,0,0,0,0,0,0,0,0,0,0,0,0,0,0,0,0,0,0,0,0,0,0,0,0],"activity":[[-7.800234990324454]],"dinucleotide":[],"modifications":[]},{"mononucleotide":[0,-0.16898218826967515,-0.5741604946323786,-0.1611421627458558,-0.05968546288794396,-0.26898369943317846,-0.3457366190308946,0,-0.15732766767064632,-0.3483710731601741,0,-0.2346395458883208,-0.07121763045828544,-0.3518405264881608,0,-0.6021626369315269,-0.29395568756236123,0,-0.1197069524008132,-0.24506554905029976,-2.1969817628709336,-0.013860195903760975,-2.7011816038774663,0,0,-1.4428999972655063,-1.7957071055537304,-1.680704202580496,0,-3.071565829341221,-2.3388221257329977,-3.5627643220405663,-2.4921182436032447,-2.5331527296164005,-2.8807058903473646,0,-1.9653184237302312,-0.9561044014383686,-2.241955848274033,0,0,-1.562091221540987,-1.7816969932255677,-1.2888543493747608,-0.06081798961478402,-0.3959482633005438,0,-0.4050915756765674,-0.27171187455634094,0,-0.2557608673573659,-0.010006052265221221,-0.114385458465188,-0.14513923204198065,-0.04271242512418727,0,-0.11624427225126421,0,-0.16140108508321394,-0.1313014864756017,-0.01734698682847924,-0.007260276182869063,-0.31733543081511684,0,-0.14446098862477985,-0.15379153056656314,-0.31387413082199966,0,-0.020436619128920697,-0.20630415150218884,-0.2951838319082176,0],"activity":[[0]],"dinucleotide":[],"modifications":[]}]}}
