{"modelSettings":{"letterOrder":"ACGT","bindingModeInteractions":[],"bindingModes":[{"fitLogActivity":true,"flankLength":0,"singleStrand":false,"size":10,"dinucleotideDistance":0,"componentName":"Binding mode 0","positionBias":false,"modifications":[]},{"fitLogActivity":true,"flankLength":0,"singleStrand":false,"size":10,"dinucleotideDistance":1,"componentName":"Binding mode 1","positionBias":false,"modifications":[]}],"letterComplement":"C-G,A-T"},"coefficients":{"bindingModeInteractions":[],"bindingModes":[{"mononucleotide":[0,0,0,0,0,0,0,0,0,0,0,0,0,0,0,0,0,0,0,0,0,0,0,0,0,0,0,0,0,0,0,0,0,0,0,0,0,0,0,0],"activity":[[-14.046137255706622]],"dinucleotide":[],"modifications":[]},{"mononucleotide":[0,-0.4045595088324694,-0.3437260850596653,-0.45345975099710945,-0.8713017642102949,0,-1.0627754387231612,-0.0027203292780155763,-1.361859195054448,-2.100327192021992,-2.2915967226779284,0,0,-3.8073908689354954,-1.6704083232535423,-2.969765232660966,0,-3.245955006442765,-3.565265367725071,-4.956758600125433,-2.5855849188936464,-2.804614149807251,-2.4552462788335845,0,-1.821364851920971,-1.959576300015395,-2.6477231730675035,0,-1.2121384513159805,-3.7246291238573455,0,-2.091062289756028,0,-0.21057926762008172,-0.16908825923483128,-0.7187049991251016,-1.1301247710488793,-0.33866603152083474,-0.28065615083896844,0],"activity":[[0]],"dinucleotide":[[0,0,0,0,0.6226984234993109,0,0.571749798100659,0.13216332302640588,0.6051427743477191,0,0.4044503682909406,0.3295210696927553,0.5400996973516099,0,0.6300665329835287,-0.01248607800403434,-0.32580102903115904,0.767466796910039,0.0316452546008108,0,0,0,0,0,0.17059896311607226,-3.8563070553478456,0.7102494126547576,0,-0.34894376702991803,-0.028701102693560188,0.6216806566878921,0,0,2.2740781177656384,1.1022520625372048,2.1801443670811818,0,2.6233701251906156,0.8154082488481089,2.173554036647408,0,2.3525500644370703,1.2508280252858608,2.1084024614690247,0,0,0,0,0,0,0,0,0,1.6070430216547802,2.7024294724342894,4.02675494539027,0,0.45524301775759124,0.2758276836391751,3.1633991563673907,0,1.9369178782678143,1.9155800640940903,3.9041241443585344,0,0,0,0,2.298070109268399,2.3483887016821767,-0.134544934947459,0,1.225763007143514,2.6261139158380726,1.022431540188701,0,2.0377891067559233,2.5126675213819576,2.2067592063853834,0,-4.745260799757545,0.673294087790167,-4.91023703311303,0,1.6578831645135432,0.6178417262616769,1.4182567944968705,0,-4.879403410236512,-3.4510038668695078,-4.6525294675880895,0,0,0,0,0,0.5150507760092093,1.8592412542302217,0,1.3948205296538587,0.8422101124964012,0.7447331444374674,0,1.4798367193712911,1.664105535995124,1.9960191806181404,0,1.221838831540902,0,0,0,0,0,1.201597725510025,1.2373822857776586,1.2043202001507423,0,1.0165105674405752,1.876109814673899,1.578318071454298,0,0,0,0,0,-0.29114018235887507,0.37619248240916825,-0.048375812215667224,0,0,0,0,0.8166408273727441,0.38087452311967507,-0.313809257861994,0,0.4829109098846027,0.13472717837198367,-0.4160308822900536,0,0.5380742408356758,0.6814190115945085,0.008487012750927114,0]],"modifications":[]}]}}
