{"modelSettings":{"letterOrder":"ACGT","bindingModeInteractions":[],"bindingModes":[{"fitLogActivity":true,"flankLength":0,"singleStrand":false,"size":12,"dinucleotideDistance":0,"componentName":"Binding mode 0","positionBias":false,"modifications":[]},{"fitLogActivity":true,"flankLength":0,"singleStrand":false,"size":12,"dinucleotideDistance":1,"componentName":"Binding mode 1","positionBias":false,"modifications":[]}],"letterComplement":"C-G,A-T"},"coefficients":{"bindingModeInteractions":[],"bindingModes":[{"mononucleotide":[0,0,0,0,0,0,0,0,0,0,0,0,0,0,0,0,0,0,0,0,0,0,0,0,0,0,0,0,0,0,0,0,0,0,0,0,0,0,0,0,0,0,0,0,0,0,0,0],"activity":[[-5.543327316464908]],"dinucleotide":[],"modifications":[]},{"mononucleotide":[-0.18926387165499037,-0.5645230795743066,-0.5525729154715942,0,-0.35803400582364286,-0.7381152912782687,-0.8982692453193666,0,-1.1841273941683577,-0.6813940572854635,-0.6711194978227697,0,-0.686732523468474,-0.49299510942576585,-1.1314323723102033,0,-2.9653574990252,-1.3043307628893865,-3.7324483212651574,0,0,-2.7479165988573353,-2.09623449408765,-2.5056164873284983,0,-3.4428920245899786,-4.115490825510499,-4.078876193073348,-3.9815550043708736,-3.5459758172252904,-3.270035791606567,0,-2.818982774862257,-2.600733453822227,-1.6230549377645875,0,-0.4711907699972899,0,-0.24701212207280943,-2.306224206506304,0,-2.5012659835912707,-2.34993199683702,-2.5790953140688293,-1.8731913001573757,-1.1358192768707758,-0.7572227931093707,0],"activity":[[0]],"dinucleotide":[[0.3584457316730001,0.19522838035973855,0.07113497084408138,0,0.1520086814485877,0.23288694027807377,0.23216847608251445,0,0.21974721771505212,0.4708430448447478,0.2618654581001598,0,0,0,0,0,0.25905535964855186,0.110127016541683,0.2756955446013132,0,0.45484111606396294,0.3408930108578234,0.7036430007287722,0,0.584079107319357,0.5868768894714167,0.6907529593632971,0,0,0,0,0,0.2765343871436263,0.9616202972031802,0.8926282251828939,0,0.2045212016316933,0.2211912436459036,0.3174077269097859,0,0.20898320438947504,0.20344074200267936,0.31130008998780223,0,0,0,0,0,0.1452008393540023,0.197154138918199,0.501916330982306,0,0.9505730271954373,0.9323796496839671,0.8727683609538763,0,0.657494221980655,1.197105376182118,0.9512132230531014,0,0,0,0,0,0,1.0786112567848782,0.5123698361474247,0.87923755002398,0,0.1900502818016392,-0.3088131137547565,-0.23922786240586902,0,1.2980736257327834,0.8704778182373234,1.1503733770258258,0,0,0,0,0,0,0,0,0,1.203121888909557,1.5338363199025329,1.3399235722573257,0,0.7293228878762665,1.1721190233735,1.0837949742553574,0,0.9452068469771122,1.3391331651030534,1.2444788427751927,0,0,0,0,1.976685762914249,1.7703199859324865,1.8022295507974881,0,1.9376048525175822,1.6768605861692913,1.8045389836766343,0,1.9684652370118414,1.7464099303555125,1.8479342741027365,0,1.5092476921749514,1.3150675437321535,0.9652144498276627,0,1.6649575253955637,1.3653786289738195,1.2429404571980802,0,1.177808334526298,0.9050233153228211,0.6694069660931348,0,0,0,0,0,-0.3419656502567552,0,-0.46100905196899333,0.6272677729651521,0.1404839198636587,0,0.24448830098447072,0.8215569088507557,-0.23998075867334823,0,-0.7779607923385008,0.36274636627821,0,0,0,0,0,2.33645554006924,1.6927537638107593,1.7511006441795702,0,0,0,0,0,2.183058217111469,1.9852178599551253,1.9944730157359443,0,1.857869326260464,2.3823440661256683,1.7534205825515947,0,0,0,0,1.8939653246759862,1.1078064711188906,0.4294578176066306,0,1.9102436044127877,1.2653068206735556,0.6819337612877785,0,1.1893390382261861,0.96132482785187,0.18109597328113125,0]],"modifications":[]}]}}
