{"modelSettings":{"letterOrder":"ACGT","bindingModeInteractions":[],"bindingModes":[{"fitLogActivity":true,"flankLength":0,"singleStrand":false,"size":14,"dinucleotideDistance":0,"componentName":"Binding mode 0","positionBias":false,"modifications":[]},{"fitLogActivity":true,"flankLength":0,"singleStrand":false,"size":14,"dinucleotideDistance":1,"componentName":"Binding mode 1","positionBias":false,"modifications":[]}],"letterComplement":"C-G,A-T"},"coefficients":{"bindingModeInteractions":[],"bindingModes":[{"mononucleotide":[0,0,0,0,0,0,0,0,0,0,0,0,0,0,0,0,0,0,0,0,0,0,0,0,0,0,0,0,0,0,0,0,0,0,0,0,0,0,0,0,0,0,0,0,0,0,0,0,0,0,0,0,0,0,0,0],"activity":[[-6.533502528080927]],"dinucleotide":[],"modifications":[]},{"mononucleotide":[0,-0.4663694419058082,-0.11849463455813236,-0.12504587206399798,-1.1205742005630448,-0.6104169185397357,-0.783176985092604,0,-2.956906414569875,-2.7263464106143958,-0.8072337827155494,0,0,-3.841592861289364,-3.076918270313475,-3.4835389972736137,0,-8.600410216608362,-3.9295876481693277,-11.884867132005088,-4.672438059854826,-4.468520385330172,-2.5330919279143616,0,-3.357471990829372,-1.793404983893133,-1.9661155242952706,0,-0.7303457530800213,-2.254213560821646,0,-1.5180654071822142,-1.383181329675815,-0.276836546801559,0,-1.2652802395590612,0,-0.7220491682514538,-0.47248741437504815,-0.044242162864026824,-0.061036940055577915,-0.5666917823465702,-0.8137345198052826,0,-0.654754565978517,-0.522392436861641,-0.620938434677293,0,-0.6987809674378598,-0.592403795064139,-0.9405856494176881,0,-0.737262210837053,-1.1493306054119863,-1.5524717405526367,0],"activity":[[0]],"dinucleotide":[[0,0,0,0,1.035352350866205,0.6168009170334745,0.6130807431520857,0,1.001427642127254,0.6568464084546921,0.521058713200306,0,0.7811948585212889,0.2344401925469466,0.4060019595358124,0,0.3693207832088752,1.035131442278149,-0.6313041463464519,0,0.38509908079274524,-0.025688375028804167,-1.013221120387644,0,0.8471633576369308,0.6925131647899665,-0.16265584185324133,0,0,0,0,0,0,3.111374168542507,2.8627706622344617,1.1252775853339374,0,1.567104544618072,2.1628755092558145,2.6236948322923905,0,1.2461116940657875,1.2930718866569908,1.4778934864455189,0,0,0,0,0,0,0,0,0,-0.7462525792630998,3.468577087837046,5.131572286126751,0,3.314965046751837,3.284925395955662,6.027181185639947,0,2.757373630215099,2.6545184318015824,3.32726444425783,0,0,0,0,8.381233351517338,4.159298266450854,6.721868312929125,0,4.671004460990339,3.335098190193949,3.314029340044072,0,9.387512686302898,7.870796488542268,8.236005464687853,0,2.9442793282371884,1.6390309507058065,1.9026711299555883,0,3.5307562068028435,2.593133462422418,3.1509892935181925,0,2.2468083210890897,0.905288171124845,1.4559970632925352,0,0,0,0,0,-0.30376036899733894,1.002214779965291,0,1.9427496821043797,0.254562822798059,-0.45539864509105765,0,-0.3278058121883016,0.6557301207022306,0.12158730435070808,0,0.9257453145912007,0,0,0,0,-0.6288367782473441,0.0801344157654782,0,-0.2851094740818656,1.4802727567494172,-3.549113234035418,0,-5.318072890467026,0,0,0,0,-1.9094093792587952,-4.4374017154472565,0,-6.329383902770288,0,0.9745897768323468,1.0741265464941225,1.1930064646464684,0,0.31980076185627304,-0.11731200830133037,0.0894391104186516,0,0,0,0,0,0.5566159449043209,0.2958939770538356,0.7230601089214659,0,0,0,0,0.09315913036144519,0.6424680089227301,0.8613063956471079,0,0.06660062009627055,0.47756794982859585,0.7079723681693215,0,0.06915999920713745,0.023728698272893922,0.25003905490172595,0,-0.0846011514560443,0.04850112888747571,0.3518174738024795,0,0.44105517687868456,0.2943770553734266,-0.18608826274834467,0,0.25553670537870854,0.4718368961832775,0.48461910480714554,0,0,0,0,0,0.44112717807383994,0.1471889315440702,0.5154779871030453,0,0.15668975299464094,-0.21395307298359167,0.4432141741946438,0,-0.23563301494766176,-0.15246363045315636,0.37066969634828606,0,0,0,0,0,0.45240522830528285,0.503814110690219,1.537254699830081,0,0.1556131465079904,0.6203354088561142,1.6862877019425158,0,0.14578548400332458,0.5079293441373736,1.0064735558720388,0,0,0,0,0]],"modifications":[]}]}}
