{"modelSettings":{"letterOrder":"ACGT","bindingModeInteractions":[],"bindingModes":[{"fitLogActivity":true,"flankLength":0,"singleStrand":false,"size":14,"dinucleotideDistance":0,"componentName":"Binding mode 0","positionBias":false,"modifications":[]},{"fitLogActivity":true,"flankLength":0,"singleStrand":false,"size":14,"dinucleotideDistance":1,"componentName":"Binding mode 1","positionBias":false,"modifications":[]}],"letterComplement":"C-G,A-T"},"coefficients":{"bindingModeInteractions":[],"bindingModes":[{"mononucleotide":[0,0,0,0,0,0,0,0,0,0,0,0,0,0,0,0,0,0,0,0,0,0,0,0,0,0,0,0,0,0,0,0,0,0,0,0,0,0,0,0,0,0,0,0,0,0,0,0,0,0,0,0,0,0,0,0],"activity":[[-6.704474462419104]],"dinucleotide":[],"modifications":[]},{"mononucleotide":[0,-0.37352856303017745,-0.14270787639586047,-0.0911814895161367,-1.1644331014075746,-0.6631999919010045,-0.8822851086810477,0,-2.769111226171237,-2.187621783333304,-0.6432540746136919,0,0,-3.08221171567083,-2.3503156583225007,-2.7415733211419138,0,-3.6887264300345954,-4.317628200641144,-4.8229829028798825,-4.7495291437941205,-3.3633638231350975,-2.4689870761510146,0,-3.9568169713101646,-1.8702278552738694,-2.80948675171868,0,-0.6234662768052619,-1.9212500667561105,0,-1.456605294606101,-0.24761321370352718,-0.08808066737262799,0,-0.4312543345827855,-0.08622592460523215,-0.6480359541848024,-0.6633492777995258,0,-0.11588089868891949,-0.47976086842898624,-0.6175594578169061,0,-0.7732165314591981,-0.514816851519047,-0.6589361026041409,0,-0.8030417693657377,-0.5614504630162518,-1.0613999740739821,0,-0.7554407018920983,-1.0954388941882325,-1.8468642428380626,0],"activity":[[0]],"dinucleotide":[[0,0,0,0,1.1551836054859397,0.8478830917695852,0.721411503918338,0,1.0563641156290675,0.7434360178197128,0.4971462996688931,0,0.9095640645055756,0.34360190462519746,0.5879255280678279,0,-1.6146178812997984,0.43021004269298757,-3.2417274377952303,0,0.7737914095244864,0.5218580723194091,-1.7893840578093592,0,-0.2897906877590586,-0.19283971656415488,-3.1926569211506877,0,0,0,0,0,0,2.4060848813123794,0.19895473264456065,1.6059896021228237,0,2.269961205436049,1.740289796535448,2.1771728122791387,0,-0.7492248002268767,-0.447092646864208,0.21814568390474953,0,0,0,0,0,0,0,0,0,3.3258626970839984,3.5900309799850394,2.9474735698764665,0,1.8204494222241046,2.2650940847873553,2.4598556517650536,0,2.3241072100467495,2.3260683737512675,1.4975341104784228,0,0,0,0,4.081299968954681,3.2832234059744305,2.1392225283190633,0,2.4735086038489937,3.137584310747849,2.5504119290083356,0,4.678579627960007,4.256490964854406,3.4344755650931713,0,1.9229093978959453,2.7751443392814696,-1.5203321685326294,0,2.9070913518247785,2.2059627150469385,1.4896918404710906,0,1.4291661576605854,-0.12352898777016286,-2.755728339739653,0,0,0,0,0,1.05704406952467,1.6556649349728563,0,2.7120095601621923,0.3028197810052138,-0.127549821696185,0,1.0418638592645575,1.622911566937736,1.5285767273288169,0,1.0627623670193689,0,0,0,0,-0.7461032127329084,0.013732432373513959,0,-0.37147844106435635,1.3205250781167894,0.28640342557841336,0,-0.3686468586921219,0,0,0,0,-1.2336896068596932,-0.4457057530200128,0,-0.6379485157526972,-1.0077232400162401,-0.17906418314518113,0.11489431691176755,0,-0.07316258628271477,0.23721024390768797,0.033364953187211555,0,0,0,0,0,-0.7675781263532855,-0.06562779069203728,-0.4463413639030058,0,-0.018357540663105354,0.004848026287092466,-0.1303231739390167,0,-0.04859670287274653,0.6146420081975617,0.6565059964767439,0,-0.09133858555639485,0.4008852175843334,0.13534489508699643,0,0,0,0,0,-0.061000694739950845,0.05578971138818645,0.472972097837582,0,0.3657067328261654,0.28578893047387943,-0.09792363830767492,0,0.17542398576274998,0.453864498607345,0.17746763873906168,0,0,0,0,0,0.6162396207656506,0.26927306162626863,0.701528158346953,0,0.09216547986377499,-0.15832223429016778,0.47752431558813235,0,-0.22976598826267391,-0.2578851217045912,-0.04769804194332927,0,0,0,0,0,0.5827754654744783,0.45977937804348734,1.7882587177683469,0,-9.709743896202383E-4,0.5260833601408379,1.8452122544332656,0,0.22670147650901207,0.4643963019261488,0.5261236099935331,0,0,0,0,0]],"modifications":[]}]}}
