{"modelSettings":{"letterOrder":"ACGT","bindingModeInteractions":[],"bindingModes":[{"fitLogActivity":true,"flankLength":0,"singleStrand":false,"size":10,"dinucleotideDistance":0,"componentName":"Binding mode 0","positionBias":false,"modifications":[]},{"fitLogActivity":true,"flankLength":0,"singleStrand":false,"size":10,"dinucleotideDistance":0,"componentName":"Binding mode 1","positionBias":false,"modifications":[]}],"letterComplement":"C-G,A-T"},"coefficients":{"bindingModeInteractions":[],"bindingModes":[{"mononucleotide":[0,0,0,0,0,0,0,0,0,0,0,0,0,0,0,0,0,0,0,0,0,0,0,0,0,0,0,0,0,0,0,0,0,0,0,0,0,0,0,0],"activity":[[-5.293349298259321]],"dinucleotide":[],"modifications":[]},{"mononucleotide":[-0.7768980409127533,-0.4061882502554326,-0.20784754799445082,0,-0.41856301207657687,-0.07599068918337615,-0.40806585440322607,0,-2.580195462832825,-0.9373381501266298,-3.814286674802216,0,0,-2.810053833450497,-2.46493410581766,-2.6499713716036277,0,-3.745895359149582,-5.6990682227514515,-4.4056750991898825,-5.372049729459027,-4.177304367081243,-4.2090850848894,0,-3.8468396056817244,-2.4637534518825257,-1.9692034720338825,0,-0.6189821126907686,-0.29812526073551204,0,-2.053368903862289,0,-0.20466116826548308,-0.211857607137226,-0.8842204060196801,-0.7635235135933334,-0.6303277569673034,-0.9944151227283307,0],"activity":[[0]],"dinucleotide":[],"modifications":[]}]}}
