{"modelSettings":{"letterOrder":"ACGT","bindingModeInteractions":[],"bindingModes":[{"fitLogActivity":true,"flankLength":0,"singleStrand":false,"size":14,"dinucleotideDistance":0,"componentName":"Binding mode 0","positionBias":false,"modifications":[]},{"fitLogActivity":true,"flankLength":0,"singleStrand":false,"size":14,"dinucleotideDistance":0,"componentName":"Binding mode 1","positionBias":false,"modifications":[]}],"letterComplement":"C-G,A-T"},"coefficients":{"bindingModeInteractions":[],"bindingModes":[{"mononucleotide":[0,0,0,0,0,0,0,0,0,0,0,0,0,0,0,0,0,0,0,0,0,0,0,0,0,0,0,0,0,0,0,0,0,0,0,0,0,0,0,0,0,0,0,0,0,0,0,0,0,0,0,0,0,0,0,0],"activity":[[-6.053707239404263]],"dinucleotide":[],"modifications":[]},{"mononucleotide":[0,-0.21253488479248617,-0.6740596450702636,-0.6907019375289742,-0.024879799907646216,-0.7488767390763424,0,-0.2944392599294279,0,-0.9355168133646599,-0.5755305391421448,-0.3461461822381704,-0.11918720406277927,-0.5727936472392212,-0.33223429384335645,0,0,-0.7122205422834078,-0.7252859413660939,-0.5545739145698416,-0.7505910380222627,0,-0.10055413533261692,-0.04194470000101447,-1.7789110492824909,0,-0.6078996878996357,-0.486892925745698,0,-1.9372116720738708,-2.044049688079581,-4.118582994148774,0,-3.0249234009258537,-5.062287712016756,-6.40389096360934,-7.153010359955146,-6.527683939833242,-4.601207164178193,0,-2.6237684965667496,-2.419812045919832,-2.499578130806536,0,0,-2.489510747277862,-0.7079438050334144,-2.387527351726349,-0.009799790813845632,-0.20151765648254205,0,-0.31168119815281337,-0.04869914215733573,0,-0.21303298619880628,-0.523436423763183],"activity":[[0]],"dinucleotide":[],"modifications":[]}]}}
