{"modelSettings":{"letterOrder":"ACGT","bindingModeInteractions":[],"bindingModes":[{"fitLogActivity":true,"flankLength":0,"singleStrand":false,"size":13,"dinucleotideDistance":0,"componentName":"Binding mode 0","positionBias":false,"modifications":[]},{"fitLogActivity":true,"flankLength":0,"singleStrand":false,"size":13,"dinucleotideDistance":1,"componentName":"Binding mode 1","positionBias":false,"modifications":[]}],"letterComplement":"C-G,A-T"},"coefficients":{"bindingModeInteractions":[],"bindingModes":[{"mononucleotide":[0,0,0,0,0,0,0,0,0,0,0,0,0,0,0,0,0,0,0,0,0,0,0,0,0,0,0,0,0,0,0,0,0,0,0,0,0,0,0,0,0,0,0,0,0,0,0,0,0,0,0,0],"activity":[[-6.437142598371436]],"dinucleotide":[],"modifications":[]},{"mononucleotide":[0,-0.09418675138770283,-0.05533899649208163,-0.35706060666672723,-0.6360825173867966,0,-0.6371011340390096,-0.906738741947982,-2.2674277005173353,0,-2.662891187784422,-1.027117955314603,0,-1.1003856220146888,-2.2072507461055677,-1.122405905319467,-1.7777100950042488,0,-3.576032799080793,-3.8603738293660825,-3.0199092140203305,-2.7611423822567893,-2.6058416520232175,0,-2.6160460451959624,-1.0316646490059016,-2.8289741741943013,0,0,-0.8842072948156474,-1.0184931560217976,-0.9745253608414775,0,-0.2906373753429792,-0.15721118588581717,-0.4212553224959068,-0.4457829031058944,0,-0.2511977028757997,-0.35564656344644785,-0.10601402565237095,-0.11668590097131215,0,-0.17996890901542972,-0.4407064705502135,-0.1231188015085829,-0.5234440697569624,0,-0.17191888081807782,-0.3401500227339236,0,-0.26734818153759754],"activity":[[0]],"dinucleotide":[[0,0,0,0,-0.00382928831126339,0,0.10371389869853331,-0.15206099443927812,-0.02355267556901275,0,0.47940618387940237,-0.08545859416452206,0.059894257915821925,0,0.29125263137947854,0.0419107492952433,-0.5469086733163131,0,0.44437979981255626,0.1296436122521456,0,0,0,0,-0.8317374206379196,0,-0.5532138819545152,0.8071030079191015,0.46658448491833937,0,0.6911183061679278,-0.0679463860443974,0,1.1289072329487961,1.672942639417287,0.7842966170143031,0,0,0,0,0,1.2590878258174039,0.9357651175049151,0.6689431974047713,0,0.3425289480535074,1.0441924138526426,-0.7981654826084936,0,0,0,0,1.025636762649933,0,2.3969966156755227,0.5534464323688875,0.2821274982831872,0,1.4356409014857103,0.7679296824163702,0.3361758472834806,0,1.693490258330928,0.14563713000710354,0.4976729676299456,0.7383398618259971,-1.037026182552447,0,0,0,0,0,1.116085050608409,1.6904747039941173,0.012712384686084377,0,1.0777728465520378,3.6522155431349823,3.2651094250401957,0,1.4830574450619816,1.0159974673673684,1.0522566583671429,0,2.2508189484957137,1.5731365407704345,2.973193703973628,0,2.3445459058145346,1.0483842476312004,2.1705647872197416,0,0,0,0,0,0,1.0846710351919846,0.17997590318780166,1.0937598210409352,0,0.3087729200976881,0.01529216419963042,0.17881053595012908,0,0.49891955810284827,-0.25281264875561504,0.45171614976435315,0,0,0,0,0,0,0,0,0,0.2577485642229522,0.12574076814476776,0.5247840723472308,0,0.18276322054640914,0.02615232601228268,0.350270442814236,0,0.0609848755936353,0.08973899504499805,-0.0012513135153007227,0,0,0,0,0.0793357293566217,0,0.031897047048531135,0.24730346108831114,-0.10093501778350955,0,-0.18200164036008815,0.12310726181357268,0.11241404727080262,0,-0.26594722091574763,-0.1484563317040104,0.25142286493650534,0.2045447974191612,0,0.11479470647656598,0,0,0,0,0.10134413913117069,0.14538617776571705,0,0.25088880816778136,0.15419071045206412,0.008249463333664941,0,0.13798858150985094,0.2994275380484126,-0.022432733059071452,0.19688759291748958,0,0.36492669409295964,0.11980961373580534,0.1245152256719555,0,0,0,0,0,0.2668871991784929,0.09633306619124404,-0.005145936647891425,0,0.03860446948549168,0.4050971950963218,0,0.0786845608150939,0.21943029817494608,0.38119943860424854,0,0.14069170403284126,0.41505383261314766,0.581289154017071,0,0.42634147809082545,0,0,0,0]],"modifications":[]}]}}
