{"modelSettings":{"letterOrder":"ACGT","bindingModeInteractions":[],"bindingModes":[{"fitLogActivity":true,"flankLength":0,"singleStrand":false,"size":13,"dinucleotideDistance":0,"componentName":"Binding mode 0","positionBias":false,"modifications":[]},{"fitLogActivity":true,"flankLength":0,"singleStrand":false,"size":13,"dinucleotideDistance":0,"componentName":"Binding mode 1","positionBias":false,"modifications":[]}],"letterComplement":"C-G,A-T"},"coefficients":{"bindingModeInteractions":[],"bindingModes":[{"mononucleotide":[0,0,0,0,0,0,0,0,0,0,0,0,0,0,0,0,0,0,0,0,0,0,0,0,0,0,0,0,0,0,0,0,0,0,0,0,0,0,0,0,0,0,0,0,0,0,0,0,0,0,0,0],"activity":[[-5.778324750122778]],"dinucleotide":[],"modifications":[]},{"mononucleotide":[-0.18746118669079337,0,-0.1345075499880597,-0.04908278501949148,-0.07544139936848815,-0.05684961434429603,0,-0.12319162808691964,-0.20803505751124796,-0.17350666470603748,-0.0885357368003632,0,-0.19927401502173758,-0.22028786933328703,0,-0.19498899682149506,-0.42952691577112034,-0.24296406178455499,-0.2050221939630621,0,-0.9835584180077745,-1.021510433011171,-0.6097760771490357,0,0,-3.2292599239648085,-0.9216256329122228,-2.028043817914857,0,-2.2587536634152263,-1.894206649361566,-2.1181836704003283,-3.5086294546073287,-5.16450898357962,0,-1.647205493910274,-1.4043008263027437,-2.2418044298120803,-1.0735296333171815,0,-0.6615695130028127,-3.135442134918063,0,-2.4989917219248126,-1.1016804963401396,-0.21962636970167537,0,-0.5828717410409592,-0.4361237583956479,0,-0.22258667089877626,-0.08443665345795548],"activity":[[0]],"dinucleotide":[],"modifications":[]}]}}
