{"modelSettings":{"letterOrder":"ACGT","bindingModeInteractions":[],"bindingModes":[{"fitLogActivity":true,"flankLength":0,"singleStrand":false,"size":12,"dinucleotideDistance":0,"componentName":"Binding mode 0","positionBias":false,"modifications":[]},{"fitLogActivity":true,"flankLength":0,"singleStrand":false,"size":12,"dinucleotideDistance":0,"componentName":"Binding mode 1","positionBias":false,"modifications":[]}],"letterComplement":"C-G,A-T"},"coefficients":{"bindingModeInteractions":[],"bindingModes":[{"mononucleotide":[0,0,0,0,0,0,0,0,0,0,0,0,0,0,0,0,0,0,0,0,0,0,0,0,0,0,0,0,0,0,0,0,0,0,0,0,0,0,0,0,0,0,0,0,0,0,0,0],"activity":[[-6.6835370519607284]],"dinucleotide":[],"modifications":[]},{"mononucleotide":[-0.22422735712799113,-0.2522626182567578,0,-0.017728945200402357,-0.15910529674564433,-0.3313197150780667,0,-0.2671516382644912,-0.44356921863809706,-0.2294219395527879,-0.21285957988658666,0,-0.9499880575827966,-1.0227949643445475,-0.6496940101501911,0,0,-2.627346466211882,-0.8852244776710547,-2.409483505675619,0,-2.318194199355159,-2.5109240664896655,-2.237089970302265,-4.090213038243626,-5.759216008612601,0,-1.5494521354836905,-1.2622383702863287,-2.1499601980596608,-1.0279412239056978,0,-0.6738463149398815,-2.657027856405714,0,-2.312957520113428,-1.0291019918281417,-0.22657166445633692,0,-0.5291439212614564,-0.39572253691461956,-0.003270414894682272,-0.1562950557744629,0,-0.25500449775645784,-0.09137482110197181,-0.13823786744823696,0],"activity":[[0]],"dinucleotide":[],"modifications":[]}]}}
