{"modelSettings":{"letterOrder":"ACGT","bindingModeInteractions":[],"bindingModes":[{"fitLogActivity":true,"flankLength":0,"singleStrand":false,"size":13,"dinucleotideDistance":0,"componentName":"Binding mode 0","positionBias":false,"modifications":[]},{"fitLogActivity":true,"flankLength":0,"singleStrand":false,"size":13,"dinucleotideDistance":0,"componentName":"Binding mode 1","positionBias":false,"modifications":[]}],"letterComplement":"C-G,A-T"},"coefficients":{"bindingModeInteractions":[],"bindingModes":[{"mononucleotide":[0,0,0,0,0,0,0,0,0,0,0,0,0,0,0,0,0,0,0,0,0,0,0,0,0,0,0,0,0,0,0,0,0,0,0,0,0,0,0,0,0,0,0,0,0,0,0,0,0,0,0,0],"activity":[[-5.711729702992829]],"dinucleotide":[],"modifications":[]},{"mononucleotide":[-0.18318499078810735,0,-0.13350876834987346,-0.04653004860921861,-0.07354526900259639,-0.06131996335141654,0,-0.12304305539928251,-0.2080729154111305,-0.17574694945367675,-0.0893714415079998,0,-0.1966348421858246,-0.22108217755090376,0,-0.19469899153099846,-0.4263210554313357,-0.24511814016248668,-0.2049528714697626,0,-0.979734694563243,-1.0196421461567589,-0.6112022727970032,0,0,-3.02084749216324,-0.9213174100590082,-2.0022052724882986,0,-2.24430223459035,-1.902297001314384,-2.090697916707594,-3.283045998906495,-3.9758401975029716,0,-1.6351752718307484,-1.3937139509386807,-2.2078713882045182,-1.0727286872227424,0,-0.6579203371236257,-2.9625524807540904,0,-2.432893026060258,-1.0927239219747333,-0.21993425330353578,0,-0.5765663649817032,-0.42849236189239637,0,-0.22011786497202213,-0.0817176819503338],"activity":[[0]],"dinucleotide":[],"modifications":[]}]}}
