{"modelSettings":{"letterOrder":"ACGT","bindingModeInteractions":[],"bindingModes":[{"fitLogActivity":true,"flankLength":0,"singleStrand":false,"size":13,"dinucleotideDistance":0,"componentName":"Binding mode 0","positionBias":false,"modifications":[]},{"fitLogActivity":true,"flankLength":0,"singleStrand":false,"size":13,"dinucleotideDistance":1,"componentName":"Binding mode 1","positionBias":false,"modifications":[]}],"letterComplement":"C-G,A-T"},"coefficients":{"bindingModeInteractions":[],"bindingModes":[{"mononucleotide":[0,0,0,0,0,0,0,0,0,0,0,0,0,0,0,0,0,0,0,0,0,0,0,0,0,0,0,0,0,0,0,0,0,0,0,0,0,0,0,0,0,0,0,0,0,0,0,0,0,0,0,0],"activity":[[-6.598336816293399]],"dinucleotide":[],"modifications":[]},{"mononucleotide":[0,-0.09740180026614809,-0.05669451829313843,-0.3595071829984242,-0.6388766315667844,0,-0.6395124181531315,-0.9015853300639627,-2.2967595095494593,0,-2.701144043429511,-1.027048305113544,0,-1.1032894586278577,-2.2607411202940826,-1.1231883182200626,-1.7887876597798318,0,-3.847259566864303,-4.506620670651826,-3.0466190068834775,-2.771717891282795,-2.6463727169974787,0,-2.648206990141726,-1.0305298433913697,-2.930198800843728,0,0,-0.8841884340101744,-1.0222037034057658,-0.9619112033169248,0,-0.2907533328788219,-0.15602192910859625,-0.42529682932582347,-0.439360708052698,0,-0.24953379250347307,-0.3563317129408796,-0.10811435442379125,-0.11427585542923335,0,-0.17874923988066715,-0.444810101594209,-0.12663961046947492,-0.5184553814804165,0,-0.17092540041580495,-0.341006565789284,0,-0.27196178568532314],"activity":[[0]],"dinucleotide":[[0,0,0,0,-0.001560409278491548,0,0.10436688235985514,-0.15876346628243976,-0.019803823126011366,0,0.4846551180684511,-0.09468817909821148,0.0680699852576172,0,0.2913571856974819,0.04365414684837354,-0.6243265233347799,0,0.48670162128063765,0.13095041247970762,0,0,0,0,-0.9628822499584491,0,-0.6784164988904573,0.8092655487361586,0.49621166176889364,0,0.6832657318209989,-0.08034399304887963,0,1.1623382162377132,1.831068568437475,0.8191005057337115,0,0,0,0,0,1.303237111433389,0.816259641279574,0.7298441135835647,0,0.34079279252429107,1.097304038031333,-0.8507675651485078,0,0,0,0,1.0494545128054362,0,2.669646075668627,0.49458582317437116,0.12479149744552975,0,1.680679400863018,0.7443076284097776,0.327038519034927,0,1.99482631463548,0.15204852216206888,0.3732939632179022,0.7344557362189201,-2.2576145688545433,0,0,0,0,0,1.3367881314023196,1.7227721702373326,-0.7915268600394079,0,0.1626007339694997,4.285529692210705,3.9475691716718027,0,1.5866760995207034,1.0270596333836908,0.3060958830473277,0,2.252953260904528,1.5889311323567803,3.057438308553463,0,2.3979373415006044,1.039381080398492,2.356035100711045,0,0,0,0,0,0,1.1060824610259195,0.2017974244474301,1.0938814550875016,0,0.3061190307844859,0.01032516536155903,0.17476798298533147,0,0.5179812166245057,-0.3217135933711397,0.47040608198332734,0,0,0,0,0,0,0,0,0,0.2533087636449096,0.11339108339741699,0.527139485378636,0,0.18414589785606506,0.03681769136096236,0.35418568153084085,0,0.050171873783662946,0.07914369844131741,-0.015097827432903443,0,0,0,0,0.07413759719520563,0,0.030638458828023296,0.25103203221859616,-0.10525156337189578,0,-0.1828758672982671,0.1282849633979195,0.11192914727931669,0,-0.2670249432712435,-0.14319130136373293,0.24933494936519462,0.2000997338092727,0,0.10974816791185926,0,0,0,0,0.10281807653333175,0.14259196993169088,0,0.24719412040915767,0.1551610946466555,0.006114030100642154,0,0.13209186300150133,0.3036889518089314,-0.01983984072892664,0.19779029808295512,0,0.36762432993850336,0.12207917292493509,0.12161831912037258,0,0,0,0,0,0.2757717101565831,0.09802424090992634,-0.0013133709393589044,0,0.038524489125961736,0.4095556974187895,0,0.07913126644433977,0.21910470060002307,0.3868257649865656,0,0.1493168017301123,0.40559232089322883,0.5805713754995185,0,0.42786188449521134,0,0,0,0]],"modifications":[]}]}}
