{"modelSettings":{"letterOrder":"ACGT","bindingModeInteractions":[],"bindingModes":[{"fitLogActivity":true,"flankLength":0,"singleStrand":false,"size":13,"dinucleotideDistance":0,"componentName":"Binding mode 0","positionBias":false,"modifications":[]},{"fitLogActivity":true,"flankLength":0,"singleStrand":false,"size":13,"dinucleotideDistance":20,"componentName":"Binding mode 1","positionBias":false,"modifications":[]}],"letterComplement":"C-G,A-T"},"coefficients":{"bindingModeInteractions":[],"bindingModes":[{"mononucleotide":[0,0,0,0,0,0,0,0,0,0,0,0,0,0,0,0,0,0,0,0,0,0,0,0,0,0,0,0,0,0,0,0,0,0,0,0,0,0,0,0,0,0,0,0,0,0,0,0,0,0,0,0],"activity":[[-6.74311085468945]],"dinucleotide":[],"modifications":[]},{"mononucleotide":[-0.20470487668855242,-0.06057952097739694,0,-0.135242764376569,-0.4723416938450882,-0.2782816692985648,-0.5050435384795318,0,-1.068899030211563,-1.032806248725004,-1.1056689132094117,0,0,-8.925709844938346,-1.333778574508898,-11.092172046799083,0,-5.228249986166662,-4.18542970803524,-4.156980474595777,-3.455472553315664,-3.4498265462680076,0,-1.8232920952886005,-1.1243232998205652,-2.1737935095378607,-1.503049983336231,0,-0.8719509557899041,-2.204979777186953,0,-1.982931994268494,-0.9403921305759493,-0.08771320707791475,0,-0.5285107135981946,-0.8372160580718777,0,-0.8389864077789682,-0.0920768676442929,0,-0.3835122911655162,-0.6637044457502572,-0.5017454556875585,-0.20371668771628038,0,-0.6615556963312281,-0.5494449602039921,-0.42909853604893744,-0.6354317165259937,-0.6506228761567376,0],"activity":[[0]],"dinucleotide":[[-0.06111821290670427,0.2692525300035289,0.17925516269207442,0,-0.42180293078771847,-0.16204223078929658,0.1396003025290895,0,0,0,0,0,0.11018263108226733,-0.11786988164516288,0.08762448437764903,0,-0.024099832653979192,0.246981471969832,0.6039705766405756,0,0.0625713297189705,-0.04610131113766158,0.22511583429579396,0,-0.051227752986873654,0.06045793714382519,0.3056918513813347,0,0,0,0,0,0,-2.043843045102962,-0.13880651171991998,0.36985651541312947,0,-1.6945908493951105,-0.017310753567162607,-1.0358345680951473,0,-1.879378908897026,0.16108335971784626,-1.4484892355537102,0,0,0,0,0,0,0,0,0,-2.9304119944448566,-2.894050803498555,-1.1636772370913988,0,0.5773010033406729,0.918411618347049,0.7552206058860627,0,1.1749159475069852,1.4876539321616988,1.7589808596435397,0,0,0,0,2.773338269794473,3.3526214673529076,0,1.202634338163433,2.773902056666304,3.4704346937935044,0,1.2113464304137747,2.0378196197317884,3.340465279648787,0,1.13359242452358,-0.36636051918732626,0.13958450238116704,0.06991894515950392,0,-0.37454323351111096,-0.20374193036043753,0.6449509872645782,0,0,0,0,0,0.4749176626741556,0.08719260400742224,0.9693146103670021,0,-0.3165276847187659,0.1853448823603956,0,0.08488835376534087,0.777657181076286,0.6346122817789972,0,0.5445020704259305,0.345625351424669,0.2688292527985734,0,0.276776228305859,0,0,0,0,0.25603683287193135,0.7815540830477534,0,0.28964924925999114,0.2034010827608741,0.5373917291760577,0,0.4035105953236471,0,0,0,0,-0.08898036911475149,0.10068630380453492,0,0.09586221658996763,-0.15027383067131517,0,-0.16401661421030944,-0.006189148864420346,-0.16973573608732373,0,-0.2896191869266467,-0.2767265275124142,0,0,0,0,-0.05517989460862793,0,0.0226200117374038,-0.1179181019260227,0,0.1830642305843293,0.20831516654971516,0.2797072017340012,0,0,0,0,0,0.20607535963755197,0.24626052234718987,0.48911244598096193,0,0.06031043745811804,0.18234478893538952,0.26708484165112534,0,0,0,0,0.3610466276683031,0,0.11392718149025605,0.2314041701299372,0.28739788182230264,0,0.26517727577537453,0.2763539135546971,0.3304565220731259,0,0.18681879033017612,0.17495929043797176,-0.0995939572149771,0.2403376390812486,-0.16451347730764354,0,0,0,0,0,0.24866808081377023,0.17270834651722833,0.24712737203992763,0,0.1571785468436948,0.24299568356467738,0.27061212974524285,0],[-0.004894096777606549,0.020757118369882477,0.08743653978461552,0,0.1141580662302708,0.016280855670744998,0.13963395379014543,0,0,0,0,0,0.019105926362376735,-0.09921630963620309,0.38418908911159555,0,0,4.876525046372215,-0.01614411129232529,-1.2400761772142932,0,1.1544963300463085,0.03456181643365852,2.629698306055449,0,2.3725178098624884,0.033967117489064336,1.4453193071464714,0,0,0,0,0,1.4645788588546749,0.9677826560049638,1.5744472664825802,0,1.4861560734107409,1.0254131675037694,1.341149478788747,0,0.6540471615973864,0.650517860467474,0.7771887993905686,0,0,0,0,0,0,0,0,3.416588840892988,3.818739472714313,0,4.483612303770512,0.19105946894538306,0.21277698342606666,0,0.016095138408281695,0.5071237192260529,-0.7151819268170669,0,0.22217491635902675,0,0,0,0,1.384562720653153,1.331891511798867,0.6988193695073832,0,0.9094346970465441,1.356976014317624,0.595387418659092,0,1.1787272636028803,1.6009562967082829,1.0588014157892065,0,-0.3908487264783016,0.20389811305524752,0,-0.11422915950919865,-0.20504633623415547,0.3944269075869622,0,0.5804732426070309,0,0,0,0,-0.015426589229986298,0.4010485213778283,0,0.16981871032939733,0.1725605226745941,-0.01186567303793673,0,0.001250849708155144,0.2959871751068741,-0.08219894981127318,0,0.07665423268716554,0.11626713137283673,0.08589893646671065,0,0.2754106083686807,0,0,0,0,-0.13700882112483548,0,-0.0020795944480642703,-0.25278564108425705,0.22806868911917721,0,-0.012712983293506674,-0.07626688484805477,0,0,0,0,-0.13217943710924285,0,-0.1746511875173331,-0.11099409299660934,0,-0.008179674719461794,-0.044546148752449,-0.21675037850847279,0,0.058803815747348054,-0.048405787822302315,0.06048610722021941,0,0,0,0,0,0.07354010034798453,0.01656166429774064,0.005679218649591533,0.18435482365079636,0,0.33877397262112474,0.22461646789878742,0,0,0,0,0.1929629172847065,0,0.3285402438278435,0.14739208986878083,-0.03447204570800011,0,0.12531165081007067,0.1006594288636311,0,0,0,0,0.25084418469111824,0.5177625353579645,0.10190899524332409,0,0.24378598138239393,0.21896277011063958,0.216547940453788,0,0.258372482245262,0.4767513175139211,0.2930197437086175,0],[0,-1.3344768056266716,-0.07634069890423767,-1.6026261684275127,0,-1.2377937435705757,0.09557969671781308,-0.9734146335693321,0,0,0,0,0,-0.5450967041601213,-0.0401763378890454,1.81265839196233,0,0.9419915325652122,0.8998756848522413,0.26373428269744714,0,0.03777134236565516,-0.5096271220241402,-1.0619113888853349,0,0.82993655606374,0.8688756006587912,0.25752552314025223,0,0,0,0,1.4413211330887026,-0.5081480960024711,0,-0.7034227264645847,0.9678095097650399,-0.02969102141457025,0,-0.17911162335448072,0.42030863146744935,-0.4999061646026153,0,-0.41185938629955965,0,0,0,0,0,0,0,0,0.27198406730099123,1.6398201487641817,0.15526299423331835,0,0.2855829029645953,0.2151901263866418,0.2565796672200542,0,-0.7757343729243544,-0.2898339537321579,-1.0487874273895326,0,0,0,0,0,0.9920351140305392,1.8950084753034666,0,1.8411689486832534,0.6434416947045136,1.4510958154508273,0,1.8723781839633062,0.7368783819998619,1.6209444251100749,0,1.5359090072349915,-0.663030186225761,-0.20424970044001656,0,-0.7629256641654969,0.19795828549183359,0.1976115505436673,0,-0.17066728901839756,0,0,0,0,-0.08477241154463311,0.05357601011845148,0,-0.17021279118793187,0.1882966138926303,0,0.21431794488032452,0.0208857767169377,0.015977193251608846,0,0.0022422448227521485,0.025490089863678733,0.1442302633921262,0,0.06608815176925376,-0.09423682704433745,0,0,0,0,0,0.00266602465668786,0.10487800954822823,0.049509969948392296,0,-0.09408337089378938,-0.10514957091453514,-0.25244080830486215,0,0,0,0,0,-0.031327910258634795,0.08536799407652795,-0.14335013611281733,-0.1299344460452012,0,0.06853040828426238,0.08278550411352548,-0.07262307075059837,0,0.024362900570711332,0.15842330333179966,0,0,0,0,0.0697898774995096,0,0.23046504886343122,0.2176277622264351,0.23912617265393177,0.15181887514152237,0.40498969810684216,0,0,0,0,0,0.35783125487267053,0.21441329472813475,0.3166403850430566,0,0.10791568130890994,-0.09456811341340643,0.09797220551752339,0],[0,0.6517165970227685,0.07606823512061922,0.6499027547168472,0,-0.008884330659411965,