{"modelSettings":{"letterOrder":"ACGT","bindingModeInteractions":[],"bindingModes":[{"fitLogActivity":true,"flankLength":0,"singleStrand":false,"size":13,"dinucleotideDistance":0,"componentName":"Binding mode 0","positionBias":false,"modifications":[]},{"fitLogActivity":true,"flankLength":0,"singleStrand":false,"size":13,"dinucleotideDistance":0,"componentName":"Binding mode 1","positionBias":false,"modifications":[]}],"letterComplement":"C-G,A-T"},"coefficients":{"bindingModeInteractions":[],"bindingModes":[{"mononucleotide":[0,0,0,0,0,0,0,0,0,0,0,0,0,0,0,0,0,0,0,0,0,0,0,0,0,0,0,0,0,0,0,0,0,0,0,0,0,0,0,0,0,0,0,0,0,0,0,0,0,0,0,0],"activity":[[-5.844618875416942]],"dinucleotide":[],"modifications":[]},{"mononucleotide":[-0.08512076884283992,-0.22302296024010904,0,-0.4378566403516597,-0.5844609492983732,0,-0.21979070528019573,-1.1035703339946608,-2.512994919562277,0,-3.1607879383290944,-0.6626856352454542,0,-1.0732700492279479,-2.244553066955749,-1.4072871785395096,-1.6503192776630105,0,-6.456725102372385,-3.5559441979034068,-2.1229386927227374,-1.8877477567275998,-2.2566033981113964,0,-2.0321234655402103,-0.92093464313845,-3.253847672472225,0,0,-0.6088201378960711,-1.0211701182652897,-0.9842746375398539,0,-0.20455029830073013,-0.24227162380143685,-0.4302279760684229,-0.19554513564454634,0,-0.22047970230068348,-0.2003908544766526,0,-0.0877805260388076,-0.17264941988668614,-0.20788472332189745,-0.12325023609941965,0,-0.055791235300093334,-0.07618190838434735,-0.04984282345573021,-0.13439970605837193,0,-0.1885548377618207],"activity":[[0]],"dinucleotide":[],"modifications":[]}]}}
