{"modelSettings":{"letterOrder":"ACGT","bindingModeInteractions":[],"bindingModes":[{"fitLogActivity":true,"flankLength":0,"singleStrand":false,"size":10,"dinucleotideDistance":0,"componentName":"Binding mode 0","positionBias":false,"modifications":[]},{"fitLogActivity":true,"flankLength":0,"singleStrand":false,"size":10,"dinucleotideDistance":0,"componentName":"Binding mode 1","positionBias":false,"modifications":[]}],"letterComplement":"C-G,A-T"},"coefficients":{"bindingModeInteractions":[],"bindingModes":[{"mononucleotide":[0,0,0,0,0,0,0,0,0,0,0,0,0,0,0,0,0,0,0,0,0,0,0,0,0,0,0,0,0,0,0,0,0,0,0,0,0,0,0,0],"activity":[[-5.302460070104347]],"dinucleotide":[],"modifications":[]},{"mononucleotide":[-0.17513888314452863,-0.1912485421804444,0,-0.17060986271051348,-0.3982414129495204,-0.22203245630426238,-0.16569734896947175,0,-0.9862208399934991,-1.0460683393540204,-0.5901010844443224,0,0,-3.2450317684943863,-0.9233173512434627,-1.975694843626905,0,-2.2849794243201638,-1.8870369442426007,-2.1183666374379015,-3.0913077377352707,-5.077721944762374,0,-1.6892848239686886,-1.415557344905361,-2.260575539222592,-1.1021178945210623,0,-0.6807232347960817,-3.1556927759226365,0,-2.5492880521591132,-1.1096405882083449,-0.22347662254349565,0,-0.5928778657386609,-0.4479288936581538,0,-0.2212609336152065,-0.07785594374849847],"activity":[[0]],"dinucleotide":[],"modifications":[]}]}}
