{"modelSettings":{"letterOrder":"ACGT","bindingModeInteractions":[],"bindingModes":[{"fitLogActivity":true,"flankLength":0,"singleStrand":false,"size":12,"dinucleotideDistance":0,"componentName":"Binding mode 0","positionBias":false,"modifications":[]},{"fitLogActivity":true,"flankLength":0,"singleStrand":false,"size":12,"dinucleotideDistance":1,"componentName":"Binding mode 1","positionBias":false,"modifications":[]}],"letterComplement":"C-G,A-T"},"coefficients":{"bindingModeInteractions":[],"bindingModes":[{"mononucleotide":[0,0,0,0,0,0,0,0,0,0,0,0,0,0,0,0,0,0,0,0,0,0,0,0,0,0,0,0,0,0,0,0,0,0,0,0,0,0,0,0,0,0,0,0,0,0,0,0],"activity":[[-5.630492184469585]],"dinucleotide":[],"modifications":[]},{"mononucleotide":[0,-0.23162929418770517,-0.21436475268699073,-0.16054889547869244,0,-0.3636557897165664,-0.14565455850221376,-0.07295937703728761,-0.07540010926517748,-0.3814850605245699,-0.3377412571815279,0,-0.7187389029412152,-1.0084095871081233,-0.9560687425810839,0,-2.2325402065486273,-1.468440286982644,-2.213937878596349,0,0,-2.076630411271843,-1.7168276209084086,-1.825224835341987,0,-3.4513271799330694,-2.688194083509776,-5.713943762521023,-1.686076872860598,-2.906653573480514,-1.7634906250581492,0,-0.7612500378025278,-0.9567151929277822,0,-0.28815407238845214,0,-1.362393004213529,-0.5406624875576878,-1.078744428012663,-0.4584331910572832,-0.39661816155044605,0,-0.4513561919110822,-0.31463350945619606,-0.2587442994465601,0,-0.2308224233728744],"activity":[[0]],"dinucleotide":[[0,0,0,0,0,-0.26692189789704024,-0.189964455618842,-0.2112814815884283,0,0.1415865016916209,0.221418142460716,-0.03325288376189661,0,0.13220677773301936,-0.0559741812452792,-0.4404978681889782,0,0,0,0,0.1590540589667171,-0.1325362523344511,0.2442913492985923,0,0.10462814628557648,0.11712267503919183,0.3567968922389104,0,-0.07727395522647296,0.0695763815403696,0.05139621107784098,0,0.40836838543896015,0.5123296017067256,0.35910630866281146,0,0.38844581080152274,-0.30813495731992013,0.3007858668230403,0,0.5100650447715651,0.24062494984883553,0.5690452220119182,0,0,0,0,0,0.5460255475053533,0.3299792292059669,0.8158787113187138,0,0.8916122381446971,-0.12115316158060274,0.9880001851600744,0,1.230184662099572,0.6548476185083789,1.2473621122084326,0,0,0,0,0,0,1.7393235740634232,1.7232345549214054,1.6414104127327978,0,0.018390910402367844,0.9863481907268108,0.5219107510554304,0,1.760586255923669,1.5374634471397446,1.7858946601809338,0,0,0,0,0,0,0,0,0,1.848679897383978,2.1598750014378494,2.206479869603722,0,1.5356347132111354,2.108669154476072,3.6742661506747356,0,0.4455052539052806,1.7526480873157873,-1.3095333022527376,0,0,0,0,0.6407594513316592,1.8534400056794054,2.4090204725585282,0,1.6990077094059952,2.6252559563782767,1.9281546809681558,0,1.4067783947293204,3.643658520329315,3.2662128558015526,0,0.2027640885859192,0.2644429012720382,0,-0.23190003285964167,0.3903908139435588,0.034815656493713654,0,-0.08740814785223083,0.2705328649124539,0.44536464790684605,0,0.13926508159606144,0,0,0,0,0,0.8168096337826416,0.6571633366872911,0.3899418382911648,0,-0.8584410782433634,0.3515211294906395,-1.5122614974086952,0,0,0,0,0,0.2011659886017778,0.5192593266756358,-0.24974582115774258,0,0,0,0,-0.15524275333975002,-2.7005420788857037,0,-1.6764402045409077,0.34304909136629913,0.06328297961845664,0,0.20011191257078487,0.023943563660671963,-1.282004651873434,0,-0.9992665693112199,0.07773766706759044,0.1206043468358482,0,-0.005323677456644305,0.42140625737936777,0.43161817588649143,0,0.41183196294566127,0,0,0,0,0.30284803350089806,-0.016893859366825303,0,0.42097745175007617]],"modifications":[]}]}}
