{"modelSettings":{"letterOrder":"ACGT","bindingModeInteractions":[],"bindingModes":[{"fitLogActivity":true,"flankLength":0,"singleStrand":false,"size":12,"dinucleotideDistance":0,"componentName":"Binding mode 0","positionBias":false,"modifications":[]},{"fitLogActivity":true,"flankLength":0,"singleStrand":false,"size":12,"dinucleotideDistance":0,"componentName":"Binding mode 1","positionBias":false,"modifications":[]}],"letterComplement":"C-G,A-T"},"coefficients":{"bindingModeInteractions":[],"bindingModes":[{"mononucleotide":[0,0,0,0,0,0,0,0,0,0,0,0,0,0,0,0,0,0,0,0,0,0,0,0,0,0,0,0,0,0,0,0,0,0,0,0,0,0,0,0,0,0,0,0,0,0,0,0],"activity":[[-5.057128464669433]],"dinucleotide":[],"modifications":[]},{"mononucleotide":[0,-0.4819037109382176,-0.329921948026902,-0.29691601216391916,0,-0.4715065061120898,-0.3268652166877972,-0.32363371832943955,0,-0.5650332038111738,-0.3255665493860622,-0.16842211284206599,-0.27062214083332137,-0.8664061252109674,-0.5919326043810873,0,-1.6193207347040666,-1.1609452874176505,-1.5362661373931816,0,0,-2.4072308192607847,-1.06674401872192,-1.8491434423995363,0,-6.11466266622119,-3.657858214401885,-3.601631547204143,-1.9041989444963043,-2.6812897305439742,-1.8848915736280532,0,-0.40369308179477414,-1.429075680594023,0,-0.13120641548618206,0,-1.6429424862653708,-0.1306215551090748,-1.3507516862624174,-0.29677839901927516,-0.04989145988662269,0,-0.11595405428820715,-0.014774779091871082,-0.026646836110385763,-0.006700132079322074,0],"activity":[[0]],"dinucleotide":[],"modifications":[]}]}}
