{"modelSettings":{"letterOrder":"ACGT","bindingModeInteractions":[],"bindingModes":[{"fitLogActivity":true,"flankLength":0,"singleStrand":false,"size":13,"dinucleotideDistance":0,"componentName":"Binding mode 0","positionBias":false,"modifications":[]},{"fitLogActivity":true,"flankLength":0,"singleStrand":false,"size":13,"dinucleotideDistance":0,"componentName":"Binding mode 1","positionBias":false,"modifications":[]}],"letterComplement":"C-G,A-T"},"coefficients":{"bindingModeInteractions":[],"bindingModes":[{"mononucleotide":[0,0,0,0,0,0,0,0,0,0,0,0,0,0,0,0,0,0,0,0,0,0,0,0,0,0,0,0,0,0,0,0,0,0,0,0,0,0,0,0,0,0,0,0,0,0,0,0,0,0,0,0],"activity":[[-4.866137783382033]],"dinucleotide":[],"modifications":[]},{"mononucleotide":[-0.002098142571840711,-0.10627395312971188,0,-0.28124147334549754,-0.1965523857646172,-0.09801680358299514,0,-0.5423969349453293,-1.5758919594737533,-0.10711019112656395,-1.669644503061721,0,-0.06465114617199141,0,-1.3529734316085333,-0.4975430993549246,0,-3.154723712517506,-5.730675714854744,-7.235011788576626,-8.922286288253328,-9.008612785817892,-9.226963774635301,0,-2.2432355971192868,-1.2890896524634012,-2.472435123615371,0,0,-2.2500859925303978,-1.3682002785386764,-2.2702148387867993,0,-0.9113746907675653,-0.9558905600723531,-0.3924728274071603,-0.054687193503522025,-0.3577569177097235,-0.48493133104478314,0,-0.26560837422802397,-0.3565263295010306,-0.4308489839716856,0,-0.28284751184952217,-0.3218505305872501,-0.4032594993850065,0,-0.14727079244891783,-0.10395980545999794,-0.4023144739870155,0],"activity":[[0]],"dinucleotide":[],"modifications":[]}]}}
