{"modelSettings":{"letterOrder":"ACGT","bindingModeInteractions":[],"bindingModes":[{"fitLogActivity":true,"flankLength":0,"singleStrand":false,"size":12,"dinucleotideDistance":0,"componentName":"Binding mode 0","positionBias":false,"modifications":[]},{"fitLogActivity":true,"flankLength":0,"singleStrand":false,"size":12,"dinucleotideDistance":1,"componentName":"Binding mode 1","positionBias":false,"modifications":[]},{"fitLogActivity":true,"flankLength":0,"singleStrand":false,"size":12,"dinucleotideDistance":1,"componentName":"Binding mode 2","positionBias":false,"modifications":[]}],"letterComplement":"C-G,A-T"},"coefficients":{"bindingModeInteractions":[],"bindingModes":[{"mononucleotide":[0,0,0,0,0,0,0,0,0,0,0,0,0,0,0,0,0,0,0,0,0,0,0,0,0,0,0,0,0,0,0,0,0,0,0,0,0,0,0,0,0,0,0,0,0,0,0,0],"activity":[[-5.637557420842544]],"dinucleotide":[],"modifications":[]},{"mononucleotide":[0,-0.3084595264261205,-0.2103023619456672,-0.23960254580049778,-0.029332806227117203,-0.30052416097687606,-0.23902845403438588,0,-0.5031803912576716,-1.1548351063525628,-0.9915241651666974,0,-1.8999314127358413,-1.5475385660024799,-1.8844463289532651,0,0,-1.995778838531386,-1.2970756398219898,-2.931420511338933,0,-2.8261325972585887,-2.5986182471545773,-3.124363709909733,-1.3208855067657383,-1.668402642181907,-1.3625828370780646,0,-0.734941484460553,-1.0875297865448548,0,-0.2801597641099458,0,-1.066339190059537,-0.45094089996232434,-0.9121899404931587,-0.5592556020634327,-0.25572341442875635,0,-0.5185401795803553,-0.36112525109134497,-0.3878211436993513,0,-0.41047621028270065,-0.16616713801186966,-0.039742731269684306,0,-0.09959697479494256],"activity":[[-0.14204780778701706]],"dinucleotide":[[0,0,0,0,0.004048297463231432,-0.10348288765325497,0.21943210779324884,0,0.03165106727898426,0.10694185733110029,0.31595426390759895,0,-0.16913405963012051,-0.009332194504925173,-0.08904605452686987,0,0.3635505050459966,0.6948210248408058,0.40910523516332953,0,0.2373337593211029,0.20994810405964692,0.3291659883315262,0,0.3036820034382246,0.429035848821978,0.6456349245438457,0,0,0,0,0,0.13790399436981904,0.3199432690983053,0.5519324981121976,0,0.4570705891384299,0.17985233354978636,0.6458663165283376,0,1.071789227307553,0.871526425710663,1.0737469727586828,0,0,0,0,0,0,1.270817776222113,1.2658241671333634,1.600485446745532,0,0.6218893701866248,0.7636705627455616,1.3243222061871824,0,1.5063475401160589,1.1596828344467864,2.549151747144289,0,0,0,0,0,0,0,0,0,1.3399496838758953,1.983193774568452,1.0584380055750247,0,1.2635556137591708,1.6149701481514498,1.272757643922529,0,1.7237906408787138,2.2293712866163853,0.727216741167676,0,0,0,0,1.7820609512774679,1.5079261321466548,1.796712454099802,0,1.8053955654979679,1.6752111225865285,1.7678189920684666,0,1.4428702193327396,1.630042444506369,2.022912780085031,0,-0.1711000075240232,0.48459254509412775,0,-0.8084076812326302,-0.038085724970633006,-0.10582472038601987,0,-0.500848423543115,-0.07117837183518239,0.43204633216958266,0,-0.019785733680504736,0,0,0,0,0,0.6258815309624775,0.6481752796994611,0.5936005082085336,0,0.03415970232899346,0.3248434488629981,-0.08935923018818048,0,0,0,0,0,-0.10768421660171201,0.45194853690363335,-0.1786929998177027,0,0,0,0,0.12739780890537045,-1.0140956181351186,0,-0.535220047878435,0.32026180298510454,0.00287362235026567,0,0.17399375263570704,0.23090568632916386,-0.5914648527571171,0,-0.4229094329997456,0.13009577196334654,0.19406131827993833,0,-0.05675284980358031,0.26955351147736417,0.31089590754223195,0,0.21319634305599022,0,0,0,0,0.280556517559869,0.18603516358654026,0,0.24673577803072133,0.2229263697748025,0.015323467750674169,0,0.1236423724167417,0.33071477415502515,-0.03683840382636472,0,0.08434231307920204,0,0,0,0,0.49201012554281376,0.03226332175945146,0,0.05860682285805563]],"modifications":[]},{"mononucleotide":[-0.015413928273411592,0,-0.42229108159870554,-0.30700786860529483,-0.23726929275843522,-0.16918764290719945,-0.29252247407496323,0,-0.18747681577483633,-0.0805707714300179,-0.5087427743639381,0,-0.3446732754406199,-0.23696505326232087,-0.6215444730133726,0,-0.4671189837920915,-0.3936991899121387,-0.404076515590722,0,-0.32749348369795594,0,-0.7200785852032514,-0.30506082146977587,-0.45969440381394167,0,-0.522506274707123,-0.8096462258536592,-0.5913333362640334,0,-0.560622037017517,-0.6352443349645567,-1.172301782246952,-0.7716644261935299,-1.2126218686008696,0,-1.1342700985090433,-0.8747316812058392,0,-1.5244739164615724,-0.4723984232069519,-0.9726428567665657,-0.9764164906391042,0,-1.2649578356536397,-0.8232847926154565,-1.377045273154828,0],"activity":[[-1.221825049474777]],"dinucleotide":[[0.029413394975160934,0.05930596796211418,-0.03617562397620322,0,0,0,0,0,0.3356847401484475,0.3760477454161344,0.14116032203685158,0,0.41318802094904505,0.3410550568995583,-0.012766663392715927,0,-0.10380048391876961,-0.09680481461571899,0.03387249754923061,0,-0.12780243856296192,-0.13704655981605285,0.1324730220640915,0,0.02893556477879322,0.06633406150352483,0.18295475787530302,0,0,0,0,0,-0.06001904678320047,-0.04961900429660826,0.06345286691050789,0,0.026284843636052102,-0.26789576838575924,0.2129028330538878,0,0.1787039036928093,0.08503700983088591,0.16239580374286566,0,0,0,0,0,0.1015907686534725,0.2964044799147203,-0.0035952031848018873,0,0.29360153126777444,0.16234744534818724,0.2661257227559264,0,0.3779579837876723,0.3749292323530482,0.14117997049849862,0,0,0,0,0,0.1643748423961675,0,0.24223566054389,0.09479454243221741,0.24745475315765875,0,0.29873069214859505,-0.08624498173527018,0.1122762405721831,0,0.10393804381270022,-0.3469095335157575,0,0,0,0,0.005722107844309043,0,-0.09844306473586095,0.08325082069207479,0,0,0,0,0.01163842498872647,0,-0.050583881624417515,0.025824987530600252,0.249566482823097,0,-0.24047181678386287,0.15916827136244915,0.15930326420455976,0,-0.05468277907420038,0.8000956150185874,0,0,0,0,-0.2559712757789172,0,-0.35297236484855854,-0.20484277163690812,0.3532336735181876,0,-0.21465824775820863,0.2667147678635844,0.11156974626137561,0.10683933085786101,-0.2010934476788031,0,0,0,0,0,0.10019668433675255,-0.4835302452877117,-0.3278986103853796,0,0.022498478703240732,-0.050718197752680494,-0.08871435100454361,0,-0.1975144801751072,-0.4110083192974878,0,-0.08757905962180867,-0.039030639743790285,-0.6197023371674595,0,0.1631603341174266,0.4085069895794238,-0.2585311963197765,0,0.3646291985255834,0,0,0,0,0.19965987687121833,0.31546343448466296,0.7301494093139129,0,0.6734780578678184,0.36155719411153786,0.7728864638725768,0,0,0,0,0,0.4553114478110074,0.4347311056418355,0.6027222825273781,0,-0.05282384234810866,0.22619662140020935,0.42263864606318924,0,0.3339080746190588,0.6521257268493661,0.5867334507211575,0,0.29306086144659105,0.2675263318798895,0.4244468260970342,0,0,0,0,0]],"modifications":[]}]}}
