{"modelSettings":{"letterOrder":"ACGT","bindingModeInteractions":[],"bindingModes":[{"fitLogActivity":true,"flankLength":0,"singleStrand":false,"size":13,"dinucleotideDistance":0,"componentName":"Binding mode 0","positionBias":false,"modifications":[]},{"fitLogActivity":true,"flankLength":0,"singleStrand":false,"size":13,"dinucleotideDistance":0,"componentName":"Binding mode 1","positionBias":false,"modifications":[]}],"letterComplement":"C-G,A-T"},"coefficients":{"bindingModeInteractions":[],"bindingModes":[{"mononucleotide":[0,0,0,0,0,0,0,0,0,0,0,0,0,0,0,0,0,0,0,0,0,0,0,0,0,0,0,0,0,0,0,0,0,0,0,0,0,0,0,0,0,0,0,0,0,0,0,0,0,0,0,0],"activity":[[-8.055018585681763]],"dinucleotide":[],"modifications":[]},{"mononucleotide":[0,-0.7716524506882187,-0.6471475899025059,-0.5177397924772755,-0.057120780004806804,-0.3797016248918652,-0.1621068440476705,0,-0.9715999675811577,0,-0.3081220252860639,-0.5128757757575144,-1.2491243162196763,0,-0.7130720195523121,-0.40718228859853056,0,-0.45817268245251874,-1.2143627338977616,-0.7040662533478059,0,-1.1684252968478628,-1.3036330081373961,-3.339332178660877,-4.652055519851083,-3.1418811959757793,-3.6456668778700045,0,-2.0580732040288527,-0.9523307060562214,-2.090675793952645,0,0,-3.037687668952371,-1.3560408981878957,-1.4540498287635453,-0.11302968306349914,-0.0656453961924015,-0.02821182255289667,0,-0.880310509254242,0,-0.18401420662372026,-0.6844735330823681,-0.35548942271501716,-0.04756545101852261,0,-0.20510875755860525,0,-0.12427418448891991,-0.5125147483680355,-0.21071259057329517],"activity":[[0]],"dinucleotide":[],"modifications":[]}]}}
