{"modelSettings":{"letterOrder":"ACGT","bindingModeInteractions":[],"bindingModes":[{"fitLogActivity":true,"flankLength":0,"singleStrand":false,"size":13,"dinucleotideDistance":0,"componentName":"Binding mode 0","positionBias":false,"modifications":[]},{"fitLogActivity":true,"flankLength":0,"singleStrand":false,"size":13,"dinucleotideDistance":0,"componentName":"Binding mode 1","positionBias":false,"modifications":[]}],"letterComplement":"C-G,A-T"},"coefficients":{"bindingModeInteractions":[],"bindingModes":[{"mononucleotide":[0,0,0,0,0,0,0,0,0,0,0,0,0,0,0,0,0,0,0,0,0,0,0,0,0,0,0,0,0,0,0,0,0,0,0,0,0,0,0,0,0,0,0,0,0,0,0,0,0,0,0,0],"activity":[[-5.284287355120871]],"dinucleotide":[],"modifications":[]},{"mononucleotide":[-0.17713703188177554,-0.4450788965720305,0,-0.16070586817170796,-0.4523021557649791,0,-0.2932956912925748,-0.9115572814522581,-0.7568219996540952,-0.8088788623718612,0,-1.1119538340512067,-1.3560149635355603,-1.6245575567208719,0,-1.3171536800448682,0,-1.0074328505853434,-0.8118451607855415,-1.6485592047764566,-1.644374715244022,-3.7672609437363764,-0.8902500393883193,0,-1.2746513842113214,-1.656308986521809,-0.7275387258487449,0,0,-1.6936053704891556,-0.7290189454681519,-1.9255568469954676,0,-0.5393547583101368,-0.026111821722424544,-0.2268000498433249,-0.20993627886720656,-0.2563411134736633,0,-0.4553180408747979,-0.21532118181400506,-0.5208110084805435,0,-0.3629395068053922,-0.3006668806927011,-0.4450259783147512,0,-0.5264074951111763,-0.1462695476920608,-0.710960047153546,0,-0.38766601455249416],"activity":[[0]],"dinucleotide":[],"modifications":[]}]}}
