{"modelSettings":{"letterOrder":"ACGT","bindingModeInteractions":[],"bindingModes":[{"fitLogActivity":true,"flankLength":0,"singleStrand":true,"size":3,"dinucleotideDistance":1,"componentName":"Binding mode 0","positionBias":false,"modifications":[]},{"fitLogActivity":true,"flankLength":0,"singleStrand":false,"size":10,"dinucleotideDistance":0,"componentName":"Binding mode 1","positionBias":false,"modifications":[]}],"letterComplement":"C-G,A-T"},"coefficients":{"bindingModeInteractions":[],"bindingModes":[{"mononucleotide":[-0.9374981668825568,0,-1.0942471123096786,-0.3876168306076351,0,-0.07313617221365842,-0.5552219407179255,-0.4015600558396779,-0.757838956847277,0,-1.4085106736382182,-0.6674552053081719],"activity":[[-2.727773645746377]],"dinucleotide":[[0,-0.02295843451726176,0.7892925800372599,0.4916905375721783,0,0,0,0,0,-0.25895657380764536,0.8797388376906841,0.038190430842863776,0,-0.09632919211592017,0.45127345547473174,-0.33587650415390824,0,0,0,0,-0.8212251851907556,0,-0.05899553136158664,-0.5809041202325284,0.8022597338922526,0,1.4539130652583592,0.8444839625951501,-0.038800009759716314,0,0.4171111845039688,0.5513276268786895]],"modifications":[]},{"mononucleotide":[-0.38099702022604487,-0.004489950220851746,-0.48243244886214476,0,-2.0441627484122797,-1.9132265111355324,-1.7345002344019411,0,0,-2.156440704256459,-1.9205668323854717,-1.402646259761194,0,-2.0157373147667297,-3.109678448311355,-2.401831410175169,-2.478917265489108,-2.1470861945200723,-0.9078008502702699,0,-2.1033280737015785,0,-1.8404419116113564,-2.1609207915367254,-1.2537585205340378,0,-0.8015343029443296,-0.9223165874835038,-1.1550643170328752,-0.5183929601868804,0,-0.5091143932325288,-0.1625417085937979,0,-0.3228503306141308,-0.19490331359105473,-0.6881328428777098,-0.5106905400518715,-0.7734736751493736,0],"activity":[[0]],"dinucleotide":[],"modifications":[]}]}}
