{"modelSettings":{"letterOrder":"ACGT","bindingModeInteractions":[],"bindingModes":[{"fitLogActivity":true,"flankLength":0,"singleStrand":false,"size":14,"dinucleotideDistance":0,"componentName":"Binding mode 0","positionBias":false,"modifications":[]},{"fitLogActivity":true,"flankLength":0,"singleStrand":false,"size":14,"dinucleotideDistance":0,"componentName":"Binding mode 1","positionBias":false,"modifications":[]}],"letterComplement":"C-G,A-T"},"coefficients":{"bindingModeInteractions":[],"bindingModes":[{"mononucleotide":[0,0,0,0,0,0,0,0,0,0,0,0,0,0,0,0,0,0,0,0,0,0,0,0,0,0,0,0,0,0,0,0,0,0,0,0,0,0,0,0,0,0,0,0,0,0,0,0,0,0,0,0,0,0,0,0],"activity":[[-3.983278476056654]],"dinucleotide":[],"modifications":[]},{"mononucleotide":[-0.17987499931629936,-0.49848314617246503,0,-0.30936691476624123,-0.003763516416195767,-0.3650818183186284,-0.07427521421439254,0,-0.13919880473830348,-0.6721046556163155,0,-0.34126717667478657,0,-0.4462035071105457,-0.04842236304809999,-0.16054800532322488,-0.22441456744037414,-0.10617656894835115,-3.5937452351575416E-4,0,-0.001986687556392308,-0.24367264052697069,0,-0.7508880696948053,-0.5801136749227016,0,-0.33896041113353137,-0.47574929024797497,-2.5874359954335198,-1.4406093800385187,0,-3.0524447340874628,0,-1.723388759516534,-0.986557148226026,-0.958299675463131,-0.6132180339680042,-0.30110975632923154,-0.38727121211231186,0,-0.8462612978991335,-0.6156691425869667,-0.5128219381161494,0,0,-0.8687521079366802,-0.3240842873855585,-0.6124612385870467,0,-0.4417792887340446,-0.0830306928647131,-0.5095715007543071,-0.3943507655708589,-0.35723343823339127,0,-0.5471416643507494],"activity":[[0]],"dinucleotide":[],"modifications":[]}]}}
