{"modelSettings":{"letterOrder":"ACGT","bindingModeInteractions":[],"bindingModes":[{"fitLogActivity":true,"flankLength":0,"singleStrand":false,"size":12,"dinucleotideDistance":0,"componentName":"Binding mode 0","positionBias":false,"modifications":[]},{"fitLogActivity":true,"flankLength":0,"singleStrand":false,"size":12,"dinucleotideDistance":0,"componentName":"Binding mode 1","positionBias":false,"modifications":[]}],"letterComplement":"C-G,A-T"},"coefficients":{"bindingModeInteractions":[],"bindingModes":[{"mononucleotide":[0,0,0,0,0,0,0,0,0,0,0,0,0,0,0,0,0,0,0,0,0,0,0,0,0,0,0,0,0,0,0,0,0,0,0,0,0,0,0,0,0,0,0,0,0,0,0,0],"activity":[[-4.554732257376767]],"dinucleotide":[],"modifications":[]},{"mononucleotide":[0,-0.21726187427930288,-0.9586496819704733,-0.44540641550937465,-0.4334776144314967,0,-0.39240292125986986,-0.050779402556973885,-0.8431903699741898,0,-1.1134627515025146,-1.1807781316757353,-0.9188300850681577,-0.06537821952269773,0,-0.6976854848326992,-1.6176601922497493,-0.5736738507100902,0,-1.0602840767302215,0,-0.3956511530665532,-4.365251777343163,-1.7540379507146682,-2.429935750999366,-0.9069387708210979,-5.100771107269815,0,-1.564259171790133,-0.6946273079657486,-3.825331405839513,0,0,-0.6839397256441364,-4.367298788454455,-1.6683119608826873,-0.033792264703820685,0,-0.4247111663378016,-0.21414707996739413,-0.44842369949086347,0,-0.6581874771143985,-0.4630510651880444,-0.4091159950612573,0,-0.31941523845252817,-0.24994907874308492],"activity":[[0]],"dinucleotide":[],"modifications":[]}]}}
