{"modelSettings":{"letterOrder":"ACGT","bindingModeInteractions":[],"bindingModes":[{"fitLogActivity":true,"flankLength":0,"singleStrand":false,"size":12,"dinucleotideDistance":0,"componentName":"Binding mode 0","positionBias":false,"modifications":[]},{"fitLogActivity":true,"flankLength":0,"singleStrand":false,"size":12,"dinucleotideDistance":1,"componentName":"Binding mode 1","positionBias":false,"modifications":[]},{"fitLogActivity":true,"flankLength":0,"singleStrand":false,"size":12,"dinucleotideDistance":1,"componentName":"Binding mode 2","positionBias":false,"modifications":[]}],"letterComplement":"C-G,A-T"},"coefficients":{"bindingModeInteractions":[],"bindingModes":[{"mononucleotide":[0,0,0,0,0,0,0,0,0,0,0,0,0,0,0,0,0,0,0,0,0,0,0,0,0,0,0,0,0,0,0,0,0,0,0,0,0,0,0,0,0,0,0,0,0,0,0,0],"activity":[[-6.109436993859472]],"dinucleotide":[],"modifications":[]},{"mononucleotide":[-0.17280574298781365,-0.6814952463017613,0,-0.48457511410112575,-0.24398883751334693,-0.4601417409919232,0,-0.5216480823671082,-0.43056139366322144,-0.35804031716342793,0,-0.5120517490861453,-0.2586769570896374,-0.4309077692215427,0,-0.5326452830159948,-0.284080425761967,-0.3264402638430866,0,-0.017315044516997002,-0.1858360414471199,-0.19494105020329527,0,-0.1389069521309942,-0.558767765261687,-0.753478000464077,0,-0.791242932424885,-0.0867191189625118,-0.3654041059614093,-0.22589945426236685,0,-0.45295613909081067,-1.0305374826484353,-0.5704721515665826,0,-0.22309696233559434,-0.9082369194753613,0,-0.7659724615333993,-0.11788167149183745,-0.532158089902336,0,-0.713096013491129,-0.5916298298659658,-0.7355335560903997,0,-0.4542752620545766],"activity":[[-2.4840412655579103]],"dinucleotide":[[-0.12469029190168224,0.010846854297735575,0,-0.09209932052132874,0.0065484369603048265,-0.3388308955583763,0,0.39103867098148615,0,0,0,0,0.15345971493063137,-0.2241849348965772,0,0.18236882216580041,0.03577976508226244,0.03315049670319714,0,0.13913614236925742,0.08038041594399858,0.12905873952149705,0,0.25417668209920874,0,0,0,0,0.2281597641868639,-0.01343410012744295,0,0.2448301753298212,0.23540362634012907,0.12467407562787691,0,0.2229696974898926,0.027307913372708437,-0.17826047945617296,0,-0.017024021708851755,0,0,0,0,0.4134038858088014,0.09054021101204934,0,0.2641252700653385,0.153649065805687,0.31825408277660794,0,-0.26735958211654554,0.149662467620307,-0.10981566797978903,0,-0.4351788019996648,0,0,0,0,0.2199369201917133,0.09238922570446118,0,-0.16414395330528064,0.21861648658466537,0.16477666487306863,0,0.3230151289360465,0.02861930605076557,-0.3323963056709598,0,-0.3888373398829359,0,0,0,0,-0.05125325542557008,-0.10694140879607056,0,-0.05968665127288192,-0.35017100686221525,0.3584829739406914,0,-0.009713620028456882,-0.13658918126103403,-0.08281351351523036,0,-0.29888617774101256,0,0,0,0,-0.6725250379562511,0.2132986360776683,0,-0.9955113851148647,0.5388719081668949,-0.12959222257480585,0.540784075207102,0,0.37050407091305004,0.10000509477690867,0.43654832393229825,0,0,0,0,0,-0.12005273691929497,-0.33030233912646856,0.6716519729190491,0,-0.2797446487555171,0.2300261057645856,-0.3150178096648222,0,0.23203031915629313,0.2544880745969924,0.29770411470038116,0,0.23506794423585492,0.1720009715976738,0.5461021414982554,0,0,0,0,0,0.1805358654768195,0.5066337615560939,0,0.2635091870588342,0.38749394419087313,0.41846937281633645,0,0.41912558755695617,0.09205141587597088,0.49953136478803595,0,0.8152367884655913,0,0,0,0,0.12608393928630265,0.29397727600493645,0,-0.1633452261579713,-0.24059434143929148,0.11572593976899959,0,-0.06251858125644238,0,0,0,0,-0.3250644867389274,0.19525932452956174,0,0.06125081037377633,-0.06228833648676091,-0.1901022750221778,0,0.44429902361398943,0.18464906948588267,-0.1739656570697652,0,-0.46579291345580853,0,0,0,0,0.2866334041256322,-0.1771553337760423,0,-0.26824558014206534]],"modifications":[]},{"mononucleotide":[-0.3353895405396905,-0.04098591334200119,-0.38237350623051647,0,-1.6640526040180823,-2.3111032355804353,-2.013316327693537,0,0,-3.033994182292994,-1.6390386655035554,-1.8232144778204697,0,-3.032426886310218,-3.215019251860468,-3.4054540264562503,-2.506818596635767,-2.6890938423345747,-0.9115181631353937,0,-1.9670229714173069,0,-2.1887196860680564,-2.1733700086065832,-1.6901495295173732,0,-1.0185958435911093,-0.9767134670472974,-1.2855878423581169,-0.6360075117941704,0,-0.5650856656242698,0,-0.11035679948718169,-0.640221242611946,-0.6096701368036754,-1.0350192628494819,-1.11829872744944,-1.391316400761862,0,-0.7232723962934613,-1.007177757242041,-0.9988963801881496,0,0,-0.4745392283157086,-0.518859731639822,-0.2506785842435608],"activity":[[0]],"dinucleotide":[[0.04418989425953912,0.37539978356675885,1.4833923271876148,0,-0.04679095590974747,-0.0046547658411464354,0.2089541355232707,0,-0.07303916805374477,0.16214483796104595,0.24202974327197957,0,0,0,0,0,0,0.9324352775686631,0.34111206182781606,0.5559121216779812,0,1.1469267543841815,0.6610766051080308,0.7119318620013022,0,0.6968745798510163,0.1821109857387282,0.3495747854410287,0,0,0,0,0,0,0,0,0,1.370614204226702,1.4600807107071425,1.4736772962833378,0,0.8878886387582856,1.0076879597337314,1.0677192950623624,0,0.8980098572586961,0.971503235614315,0.9529396559912486,0,0,0,0,1.2376855293467912,1.2270901796221985,0.4785227528405662,0,1.280590520821061,1.3611290560659999,0.418318341414587,0,1.327713807565189,1.3917125017849212,0.5551808325541749,0,0.9281518231441144,0,1.019514699224266,0.9882780872184496,1.45778784350051,0,1.3488560016202413,1.3644860608298277,0.6303062744337993,0,0.6156626511540018,0.8660409489420018,0,0,0,0,0.448504544642891,0,0.17783686942903376,-0.33586422684443606,0,0,0,0,0.7669133639304881,0,0.08023663918068902,-0.027749751440731885,0.8283832104550166,0,0.0771630443420026,-0.4709374488231477,-0.08188837832346829,0.21614669428944921,0,-0.08989533521425397,0,0,0,0,-0.38665246266775544,0.061453119231611675,0,-0.3863250364328821,0.30291016559038186,0.3448466162024715,0,0.08983165510016833,0,0.09647131253391938,0.3549802257217194,0.7486231963348795,0,0.1816480296273686,0.04187659923580145,0.4633386349801336,0,0,0,0,0,0.20404796769793965,-0.07196812128059382,0.3587632713138107,0,0,0,0,0.30339056794598784,0.22980032903038738,0.18793246312666811,0,0.8185097247827526,0.8108061981281609,0.7755846904819783,0,0.5429722271917439,0.46525492529544343,0.645744450023453,0,0.3061891211489791,0.38809299268150643,0.442524684222237,0,0.44559252979198627,0.5326412191347469,0.6765849994518043,0,0.8788184564162824,0.798057909708408,0.8736919179189668,0,0,0,0,0,0,0.0270817544648565,0.08210205004066262,0.2319248583870399,0,0.19221991925198734,0.30216194351611936,0.4136879998604419,0,0.306920842412689,0.35276745390562203,0.12470055955721171,0,0,0,0]],"modifications":[]}]}}
