{"modelSettings":{"letterOrder":"ACGT","bindingModeInteractions":[],"bindingModes":[{"fitLogActivity":true,"flankLength":0,"singleStrand":false,"size":14,"dinucleotideDistance":0,"componentName":"Binding mode 0","positionBias":false,"modifications":[]},{"fitLogActivity":true,"flankLength":0,"singleStrand":false,"size":14,"dinucleotideDistance":0,"componentName":"Binding mode 1","positionBias":false,"modifications":[]}],"letterComplement":"C-G,A-T"},"coefficients":{"bindingModeInteractions":[],"bindingModes":[{"mononucleotide":[0,0,0,0,0,0,0,0,0,0,0,0,0,0,0,0,0,0,0,0,0,0,0,0,0,0,0,0,0,0,0,0,0,0,0,0,0,0,0,0,0,0,0,0,0,0,0,0,0,0,0,0,0,0,0,0],"activity":[[-5.420125326958956]],"dinucleotide":[],"modifications":[]},{"mononucleotide":[0,-0.6485153807665505,-0.248675931520685,-0.5910455512727228,-0.2896001295153976,-0.3542254504599338,0,-0.16667386323530486,-0.5634847867716353,0,-0.2562347687919093,-1.049009518305411,-1.014968635032142,-0.7976126252439464,0,-1.2155527666771766,-1.6498097266377787,-1.6460640802438569,0,-1.582562367497645,0,-0.9177016090937933,-0.7264568744017694,-1.7449851928643154,-1.8691333267615713,-2.424788984516542,-0.6557971622139327,0,-1.5492349107226104,-1.5040926032603927,-0.6114782307827564,0,0,-1.4806704055079964,-0.631405202658895,-1.7932977244432866,-0.06267160184283771,-0.5122297351748619,0,-0.29728387795212186,-0.27776493254167267,-0.18371268177844158,0,-0.4851373111645243,-0.3443884679570406,-0.5290879001220512,0,-0.4130593895816945,-0.39032966409622993,-0.4182958593245045,0,-0.5216972930591686,-0.2531977071244489,-0.6571090830357607,0,-0.35489853456305465],"activity":[[0]],"dinucleotide":[],"modifications":[]}]}}
