{"modelSettings":{"letterOrder":"ACGT","bindingModeInteractions":[],"bindingModes":[{"fitLogActivity":true,"flankLength":0,"singleStrand":false,"size":12,"dinucleotideDistance":0,"componentName":"Binding mode 0","positionBias":false,"modifications":[]},{"fitLogActivity":true,"flankLength":0,"singleStrand":false,"size":12,"dinucleotideDistance":1,"componentName":"Binding mode 1","positionBias":false,"modifications":[]},{"fitLogActivity":true,"flankLength":0,"singleStrand":false,"size":12,"dinucleotideDistance":1,"componentName":"Binding mode 2","positionBias":false,"modifications":[]}],"letterComplement":"C-G,A-T"},"coefficients":{"bindingModeInteractions":[],"bindingModes":[{"mononucleotide":[0,0,0,0,0,0,0,0,0,0,0,0,0,0,0,0,0,0,0,0,0,0,0,0,0,0,0,0,0,0,0,0,0,0,0,0,0,0,0,0,0,0,0,0,0,0,0,0],"activity":[[-5.782782393594512]],"dinucleotide":[],"modifications":[]},{"mononucleotide":[0,-0.9881717466955342,-0.9826550503683125,-1.1158616795671916,-1.009631075318004,-1.0541334615833513,-0.2942377291134326,0,-0.8321805975870031,0,-0.8924221253023914,-1.5867148609160173,-1.018597007193021,-0.513869371427127,0,-1.5657591242734838,-2.4986301198619016,-2.275409363407478,0,-1.997089061323412,0,-0.8385079603110395,-5.043902914949003,-2.352763842723843,-10.256396581470982,-7.758104159381073,-9.298017371254566,0,-2.482211442894529,-1.7128973994125758,-9.313767997681735,0,0,-7.121710486431795,-3.394227899675526,-2.284946721987807,-0.010981256620183899,-0.6042126771856688,-0.014624366068839656,0,-0.5040742669292024,0,-0.589121256772251,-0.780759736736722,-0.36604074800638564,-0.37932798092193476,0,-0.4060486691217413],"activity":[[0]],"dinucleotide":[[0,0,0,0,0.8232263847137249,1.153218832583983,0.2312241252898506,0,0.6946821217428925,1.2279094668397326,0.39583079353622974,0,0.7285800524894128,1.4029238055135176,0.5205440193964144,0,0.757322898076402,0,0.7128400611775341,1.3548726602690149,0.077200637401166,0,0.1844771127563538,0.7278402207096875,0.3747934527929324,0,0.3251299287653122,0.2970484023858049,0,0,0,0,0.2502973308181211,-1.048491459972845,0,-0.3294256339912107,0,0,0,0,0.4603973974810147,-0.4517569495652767,0,0.20312506293251698,0.3115224499444835,-1.1131997805420935,0,-0.6759708920820966,-2.7703222093603928,-1.9609442550136738,0,-1.636062020418045,-0.21888701406538225,-2.1601632407742475,0,0.814512331136525,0,0,0,0,1.003814872463908,0.669613595608777,0,0.5631228734278131,0,1.4227544258150666,2.941637548615864,1.5117693268450716,0,0.7688009483526903,0.4838504466172031,-1.365416530271971,0,0,0,0,0,0.8711451576410418,3.150054246722304,-0.8398693029584692,0,0,0,0,0.6920498229695546,2.3739637894036374,0.10726939015216708,0,4.008590583464779,5.42018865460957,4.2099018152451375,0,5.1678182248471405,6.476740079258835,6.468637059161334,0,2.1256787089004288,3.119264184894101,6.875704529773888,0,1.4810403768784344,1.211203340546012,5.630346690622936,0,1.3507787109141862,2.5500233192163133,10.42418256179988,0,0,0,0,0,0,4.30967599171057,-0.060961324888767265,-0.6638745817464873,0,1.1423821637146574,0.7650878153797009,0.46003911811141807,0,5.538132746045623,4.27311113141211,3.391363065354593,0,0,0,0,0,0,0,0,0.5679371695176316,2.4438589659481815,2.4054999303496514,0,0.5298537656828626,0.3490352467684632,-0.3041240886538179,0,0.56177926775334,0.7551214247520868,0.3628679776865935,0,0.20312819629693912,0,0.31211679513689905,0.04688624582256562,0.2838351889591513,0,0.6677452880300212,0.4641525646939133,-0.2366383747651506,0,0.01292165900130371,0.39773852654434183,0,0,0,0,0.26700570471047413,0.17482497840199684,0,0.4091683262889614,0,0,0,0,0.32524241916046304,0.3583324271526651,0,0.4937037562773021,0.4039518226860075,0.34730719377984,0,0.36119172417125167]],"modifications":[]},{"mononucleotide":[-0.18336592095053383,-0.5001122355530643,0,-0.5006130257351393,-0.3448027715944817,-0.4370092900790916,0,-0.40029935438277553,-0.2631705253308616,-0.2618732707404261,0,-0.4337174627923597,-0.24876793986877965,-0.12273250932480062,0,-0.17059227001906496,-0.08892606561268979,-0.2102521114873217,0,-0.06778867570410352,-0.14742880804234026,-0.5546770640311203,0,-0.28173487230999283,-0.39104480172447875,-0.4879730822259214,0,-0.01262762814866969,-0.3583869125423207,-0.7646482079718959,0,-0.286525828509844,-0.08248236228520289,-0.676848459546445,0,-0.8506972957477483,0,-0.43726551786202705,-0.47981931761853414,-0.9511265200129446,-0.8842417920016135,-0.5074467884933087,-0.3242446109301973,0,-0.4630548057922015,-0.6841675900481099,0,-0.617540260661551],"activity":[[-2.359468105661357]],"dinucleotide":[[-0.029700522843949972,-0.11279973646386576,0,-0.19931437959797993,2.6708472914194203E-4,-0.33209940714091735,0,-0.10064028490019439,0,0,0,0,0.2256446493628581,0.029964296897868614,0,0.08632736403717889,0.1571234948682707,-0.18107680971581885,0,0.14638259724333347,0.019220951827225274,-0.02261424251165467,0,0.05540206389933111,0,0,0,0,-0.10370385169897123,-0.12974611127173752,0,-0.018831082809917188,-0.0355843666733171,0.1459257471429769,0,0.22550733958719604,-0.005898221352195865,-0.11305811110486275,0,0.03008544293858062,0,0,0,0,-0.15129572221780352,-0.03942760706685888,0,-0.09326511302013074,0.0012433408218281983,0.22566749310603385,0,0.17268046560798211,-0.14311817350814993,0.09184237039674237,0,-0.1665265077818141,0,0,0,0,-0.24220993233810262,0.09739460565068203,0,-0.21209318161886426,0.014262551444677474,0.39146616297571546,0,0.04036717864534323,-0.04082328937741675,-0.2882511133412078,0,-0.2177394189205164,0,0,0,0,0.1688717614542128,0.10162849161767173,0,0.034398952378931646,0.3259038400586869,0.4421466964432721,0,-0.4103626438354935,0.19703256024699245,0.2833869076906077,0,-0.4839534541263637,0,0,0,0,0.35615778657398156,0.04852048803070419,0,-0.3054563842374485,0.41219017936255353,0.4108297892238406,0,0.36938995588211787,-0.02375754925704232,0.053249755394186415,0,-0.21271709362424351,0,0,0,0,0.24496528918466565,-0.11188483982058983,0,0.21592846121010245,-0.21058078682955816,0.13865908192493004,0,-0.10679988802715412,0.19541978311583152,0.14168178616662042,0,0.26654439677835606,0,0,0,0,-0.21939510693208364,0.2373861027357682,0,-0.9096117179693386,0,-0.6128863853178066,0.021522336075609605,-0.3463073245205335,0,-0.45562961199391383,0.014628706771984135,0.24230054528354739,0,0,0,0,0,-0.39537405323974206,0.524403831220543,0.8590658925516719,0,0,0,0,0.7563932332675503,0.042702808043512785,0.49913430017144256,0,0.45871640024672056,0.02620966943095837,0.5684808414965894,0,1.3948334234270283,0.7994747214914026,0.6830096556067238,0,0.28642175121518587,-0.05066651934237609,0,-0.19331231545409033,0.15464122812464298,-0.1426992714256825,0,-5.537393248922927,0.33811599158763217,0.23713705604285895,0,-0.1098396243998836,0,0,0,0]],"modifications":[]}]}}
