{"modelSettings":{"letterOrder":"ACGT","bindingModeInteractions":[],"bindingModes":[{"fitLogActivity":true,"flankLength":0,"singleStrand":false,"size":15,"dinucleotideDistance":0,"componentName":"Binding mode 0","positionBias":false,"modifications":[]},{"fitLogActivity":true,"flankLength":0,"singleStrand":false,"size":15,"dinucleotideDistance":0,"componentName":"Binding mode 1","positionBias":false,"modifications":[]}],"letterComplement":"C-G,A-T"},"coefficients":{"bindingModeInteractions":[],"bindingModes":[{"mononucleotide":[0,0,0,0,0,0,0,0,0,0,0,0,0,0,0,0,0,0,0,0,0,0,0,0,0,0,0,0,0,0,0,0,0,0,0,0,0,0,0,0,0,0,0,0,0,0,0,0,0,0,0,0,0,0,0,0,0,0,0,0],"activity":[[-7.022111197735848]],"dinucleotide":[],"modifications":[]},{"mononucleotide":[0,-0.4915616434669179,-0.3177232119161406,-0.11766696405065957,0,-0.7863455665474364,-0.4131826533199856,-0.0741371853834698,-1.1062510638858134,-0.6933304915718077,-1.3121131726953141,0,0,-1.2476135740439167,-0.9222553663457349,-0.7600212518996026,-2.2606689873008836,-1.6325219852238462,-2.104660115865607,0,-3.3255366862749502,-3.715664654015151,0,-2.7681220692118442,-0.42481591101835736,0,-1.8663855211389642,-1.2751977898461773,0,-6.815553039958528,-3.107757964622846,-1.0857097413336136,-0.12694934826590476,-2.9371613943758854,-2.3380092231507676,0,0,-4.226726233229644,-3.635203701838381,-7.312734180535124,-1.4227462948320175,-2.78994241217959,-2.4789436727641396,0,-1.319783352620906,-1.8469004301368228,-0.5111028855959487,0,-0.32354376867324675,0,-1.0989820241186115,-0.4421507062301089,-0.07697861065397316,-0.4030838478684826,0,-0.40727544470629873,0,-0.290987991299672,-0.1340404252555878,-0.11155706384428132],"activity":[[0]],"dinucleotide":[],"modifications":[]}]}}
