{"modelSettings":{"letterOrder":"ACGT","bindingModeInteractions":[],"bindingModes":[{"fitLogActivity":true,"flankLength":0,"singleStrand":false,"size":15,"dinucleotideDistance":0,"componentName":"Binding mode 0","positionBias":false,"modifications":[]},{"fitLogActivity":true,"flankLength":0,"singleStrand":false,"size":15,"dinucleotideDistance":0,"componentName":"Binding mode 1","positionBias":false,"modifications":[]}],"letterComplement":"C-G,A-T"},"coefficients":{"bindingModeInteractions":[],"bindingModes":[{"mononucleotide":[0,0,0,0,0,0,0,0,0,0,0,0,0,0,0,0,0,0,0,0,0,0,0,0,0,0,0,0,0,0,0,0,0,0,0,0,0,0,0,0,0,0,0,0,0,0,0,0,0,0,0,0,0,0,0,0,0,0,0,0],"activity":[[-6.8073057932043275]],"dinucleotide":[],"modifications":[]},{"mononucleotide":[-0.04181666594225142,-0.44450374159378647,-0.20919892496200454,0,0,-0.7080043774608828,-0.3979607057774679,-6.323041530826856E-4,-1.0275131278709289,-0.5593798304527748,-1.3671705036147515,0,0,-1.285920324046021,-1.050037194197456,-0.5209160042167476,-2.13254224399215,-1.876889766748155,-2.381797857619423,0,-3.0222675850448395,-4.6800006851654805,0,-3.4008209898908577,-0.14127685527356526,0,-2.2295884408697724,-1.261522523316149,0,-6.382092349829914,-3.5585586039590824,-1.1011816372556815,-0.4008857325630384,-3.838947782599349,-2.699501928494663,0,0,-7.3670009459120465,-4.107305988572153,-7.827288669948656,-1.438057315890429,-2.739367120420252,-2.631481766475285,0,-1.343213906500619,-1.9000218275320684,-0.5514328658920693,0,-0.4118483583604515,0,-1.155958827325664,-0.5881196002879427,-0.1020493359580783,-0.5218901343331996,0,-0.3996494744736303,0,-0.11657273872811835,-0.11536763926720184,-0.03552697339395117],"activity":[[0]],"dinucleotide":[],"modifications":[]}]}}
