{"modelSettings":{"letterOrder":"ACGT","bindingModeInteractions":[],"bindingModes":[{"fitLogActivity":true,"flankLength":0,"singleStrand":false,"size":15,"dinucleotideDistance":0,"componentName":"Binding mode 0","positionBias":false,"modifications":[]},{"fitLogActivity":true,"flankLength":0,"singleStrand":false,"size":15,"dinucleotideDistance":0,"componentName":"Binding mode 1","positionBias":false,"modifications":[]}],"letterComplement":"C-G,A-T"},"coefficients":{"bindingModeInteractions":[],"bindingModes":[{"mononucleotide":[0,0,0,0,0,0,0,0,0,0,0,0,0,0,0,0,0,0,0,0,0,0,0,0,0,0,0,0,0,0,0,0,0,0,0,0,0,0,0,0,0,0,0,0,0,0,0,0,0,0,0,0,0,0,0,0,0,0,0,0],"activity":[[-6.508314226332583]],"dinucleotide":[],"modifications":[]},{"mononucleotide":[-0.03260697333271878,-0.0883980041698873,-0.11622335260046412,0,-0.413686196782189,0,-0.5071413680059731,-0.08248742152177257,-0.5494027016156515,-1.2662237846520528,0,-0.39651202003853037,0,-0.5418414139362486,-2.035598130080637,-1.3297192650601284,0,-2.585240849103216,-2.655957028385081,-1.4648655352222049,-4.49890007288901,-3.8172758945683087,-3.862096281722569,0,0,-2.5694195533409063,-3.076514275180293,-0.38742251684122486,-1.0936848488073503,-3.164139041817278,-3.7174693303909025,0,-1.2967418434758438,-2.214479919406643,0,-0.15343752406807987,-3.288336142872798,0,-3.6758303675494792,-3.2662418362789145,0,-2.346630236292409,-1.849976087059547,-2.2917895355654343,-0.5548458397013167,-1.03665823048315,-1.286014135304991,0,0,-1.3698720124201387,-0.5673039539011135,-1.0094801284978452,-0.00955896919306376,-0.38504848345507803,-0.6952776449906981,0,0,-0.17823700198827375,-0.4332048490114797,-0.040421986947619004],"activity":[[0]],"dinucleotide":[],"modifications":[]}]}}
