{"modelSettings":{"letterOrder":"ACGT","bindingModeInteractions":[],"bindingModes":[{"fitLogActivity":true,"flankLength":0,"singleStrand":false,"size":15,"dinucleotideDistance":0,"componentName":"Binding mode 0","positionBias":false,"modifications":[]},{"fitLogActivity":true,"flankLength":0,"singleStrand":false,"size":15,"dinucleotideDistance":1,"componentName":"Binding mode 1","positionBias":false,"modifications":[]}],"letterComplement":"C-G,A-T"},"coefficients":{"bindingModeInteractions":[],"bindingModes":[{"mononucleotide":[0,0,0,0,0,0,0,0,0,0,0,0,0,0,0,0,0,0,0,0,0,0,0,0,0,0,0,0,0,0,0,0,0,0,0,0,0,0,0,0,0,0,0,0,0,0,0,0,0,0,0,0,0,0,0,0,0,0,0,0],"activity":[[-6.296438534716666]],"dinucleotide":[],"modifications":[]},{"mononucleotide":[0,-0.1350106921570351,-0.205891890575721,-0.04183383510116556,-1.0076058727158195,-0.7108778335041546,-0.8586577113803067,0,-0.9267152170783639,-1.3020602516701967,0,-0.8719075163214534,0,-1.0662075632170058,-2.4797080619256793,-2.3587867245135143,0,-2.317855844683523,-2.462050746769009,-1.0920658392814886,-5.914624636689363,-3.4174998694366607,-8.217911810620695,0,0,-2.667075612101227,-4.461208488663436,-0.8498594982347143,-4.03455703077033,-4.38443466585993,-7.223875289240368,0,-1.3959362824684796,-2.513554304324625,0,-0.2036922224158193,-7.267329691095604,0,-5.338332268000591,-2.428854355505532,0,-2.0006232579676215,-2.1686971644971376,-1.0411778570846089,0,-0.9797731367890536,-1.094932936553155,-0.02915759189150613,0,-1.5460293141540742,-1.973045764552757,-1.1925141775829307,-0.30321783037288164,-0.7004345091484545,-0.7520551006911003,0,-0.06948478796368462,-0.1523691678251069,-0.2641385243165786,0],"activity":[[0]],"dinucleotide":[[0,0,0,0,0.6492826785738686,0.40818299858622886,0.5206548050975623,0,-0.10417895924081044,0.36337684807589277,-0.13582407142664366,0,0.24390198295883359,0.16502482600335,0.4568229042005534,0,0.6234971342174003,0.6187964563952075,0,0.7164541427135802,0.7796802505222793,0.7385438151987938,0,1.0839334658398343,0.058176185766054545,0.18906185160016342,0,0.3728797513138069,0,0,0,0,0,0.6796558742592325,0.6587030283602218,1.1884132980292375,0,1.041348164070449,1.7909443485709673,1.528912599004956,0,0,0,0,0,0.8125062507711629,1.1971787567510574,0.7894486567753454,0,0,0,0,0,1.103423171313798,1.3465474429347708,0.07282041096900116,0,0.3686388744151232,0.2481105411916662,0.7415268460244899,0,1.8352671618841647,1.6171841025400848,1.4521575238420272,0,0,0,0,3.572065983927245,2.488275342234358,4.844927956039697,0,2.381380094238728,0.7952700733085809,2.10717405186508,0,2.0545936013754043,1.6012734929528367,2.4673230391356578,0,0,4.108716935619419,1.954812496941992,0.03539289327004003,0,2.9832228902609508,4.05847566164983,1.22214625610607,0,4.002414161332098,3.880441261890544,2.494031245900718,0,0,0,0,0,0,0,0,3.516816493977309,3.1112731686874326,4.507114757417192,0,2.9612862906798947,2.416829268904909,2.467823246988077,0,3.6929767098382023,1.6145888379657958,2.4985186763654212,0,0.5147634470701359,1.6381938228447153,0,-1.088374260964418,2.0246085868442343,3.7323978648243816,0,1.623126064012558,2.458052204226721,3.6177348775208458,0,1.9451371406809335,0,0,0,0,2.7698879967499863,0,-0.9289656090599543,-0.7449216273061534,4.467314877906668,0,2.57325730278642,1.5223452154970651,0,0,0,0,1.3968203392709313,0,0.13166830388878026,-0.441393777625553,0,3.8283650124239275,0.35302407873927955,3.6630213854544005,0,0,0,0,0,2.837700394558225,0.4223141677600841,3.3813769209451996,0,1.8915056213834394,0.8496855972556769,1.6384917212378856,0,0,0,0,0,1.6350114045862165,0.8438221096302181,-0.038515163892673066,0,1.9566194370767809,0.471626727151083,0.48845475981302044,0,0.3459402198982069,0.10456880684427095,-0.9433046532063631,0,0,0,0,0,1.2530683634173325,0.9803612015742873,0.7308698449883737,0,0.703839006816569,-0.1628996781203984,0.8319279022810369,0,0.8058859482148328,1.5095816645145286,0.5615335081472654,0,0,0,0,-0.012291558332943708,0.6676990999216121,0.4782298082966614,0,0.5564854029506723,0.5624291865897346,0.35690165297448573,0,-0.20343818701799865,0.35949788868399146,0.09396371069008236,0,-0.0014072219364074101,-0.1063680579932118,-0.2874811805087045,0,0.06351508429578168,0.3735831972184922,-0.04510583260484058,0,-0.4554153526805784,-0.1323542249138372,-0.7202070959956997,0,0,0,0,0]],"modifications":[]}]}}
