{"modelSettings":{"letterOrder":"ACGT","bindingModeInteractions":[],"bindingModes":[{"fitLogActivity":true,"flankLength":0,"singleStrand":false,"size":15,"dinucleotideDistance":0,"componentName":"Binding mode 0","positionBias":false,"modifications":[]},{"fitLogActivity":true,"flankLength":0,"singleStrand":false,"size":15,"dinucleotideDistance":1,"componentName":"Binding mode 1","positionBias":false,"modifications":[]}],"letterComplement":"C-G,A-T"},"coefficients":{"bindingModeInteractions":[],"bindingModes":[{"mononucleotide":[0,0,0,0,0,0,0,0,0,0,0,0,0,0,0,0,0,0,0,0,0,0,0,0,0,0,0,0,0,0,0,0,0,0,0,0,0,0,0,0,0,0,0,0,0,0,0,0,0,0,0,0,0,0,0,0,0,0,0,0],"activity":[[-7.017008067343613]],"dinucleotide":[],"modifications":[]},{"mononucleotide":[0,-0.1918300882928623,-0.44627555629982396,-0.31802691947167006,0,-1.182117820479892,-1.2149843422878046,-0.8593952970560927,-1.5647857749749106,-2.152095335646525,-1.708690541820773,0,-0.624037432250919,-1.353969274031825,-1.029987337165129,0,-0.6785789492659333,-1.8417521767865024,-1.6993049076748106,0,-1.4130779927883443,-3.067658402576285,0,-3.680340325148257,-0.1591900192638036,0,-2.0049511747076547,-2.7851477789639354,0,-3.6031526976589845,-2.7139827395605316,-3.0285699642780273,-1.6018534703441887,-3.1355409677435686,-2.225846542518876,0,0,-3.518928886913497,-2.5341794748982025,-3.5250070828717126,-0.7289245663927595,-1.530232759708272,-1.588795894324849,0,-1.8945910477207084,-2.0482286702980295,-1.1945910769178312,0,-1.0248018071061589,0,-1.2476458837369826,-1.2885785673002772,0,-1.0558254334483506,-0.8555086954348283,-1.1421129623626838,-0.21304641336000962,-0.4148776715778517,-0.1531103231349622,0],"activity":[[0]],"dinucleotide":[[0,0,0,0,0,-0.5289059625526225,-0.06616648896805977,-0.24703013080633163,0,0.1298020324988789,0.7386579335019352,0.3242148566793368,0,-0.03610017201850457,0.32467864722548345,0.3349605619020011,0,0,0,0,0.36314811905624733,0.6305636888024706,0.7730288031041885,0,0.6919430431513023,0.8214223258159139,1.045263127160184,0,0.2279335435931502,0.8629483378311544,0.4038955501996364,0,1.152266687355553,1.1050348933899166,1.010889478517548,0,1.8103660386393194,0.79150219295986,1.263625542356647,0,1.1296783124494647,0.8511988576949925,1.2631276689034099,0,0,0,0,0,-0.7966130111509573,0.5672087437167113,0.26936289977958516,0,-0.10493158932423796,0.6614564079926613,0.8951924996008627,0,0.0500692211443452,1.4009892138310178,1.2395254109127567,0,0,0,0,0,0.6603799472368346,1.3523802382163677,0,1.3418655593498423,0.06728763271394822,0.6131560109826282,0,0.9576248275661303,0.7473109845899728,1.2088805896294783,0,2.1117842747236892,0,0,0,0,-0.6233759792895723,0,0.5778886637440674,-0.30888104995820775,-0.1696303384330049,0,1.4793160422285068,0.5651418569504942,0,0,0,0,0.18911725009807157,0,2.0315707207171485,0.905232567511491,0,0.6152948497495654,0.8310016283879795,-0.09146843794386772,0,0,0,0,0,1.59875506206168,2.2714454697578876,2.162385213239318,0,1.9680693701883119,2.2704465375534424,1.8964057574373152,0,0,0,0,1.3482911577122403,1.5337586614046455,1.876576739901786,0,1.6488497540597509,1.3356253466358936,2.1715204172382476,0,2.212598240161766,1.804707420919902,2.167141000475384,0,0,1.257187541864929,1.4046986091553357,0.8119963720336454,0,1.7605983365521158,2.0271632291745654,1.7315217901172275,0,1.5684652857225467,2.2837423064594686,2.465220643934269,0,0,0,0,0,0,0,0,0.5587373509191762,0.6984419771156167,1.6226265089260652,0,0.8672060193485711,0.4411250780302023,1.6964282188345718,0,0.8197110931550604,1.0296689181271574,1.8987759988280732,0,1.107486749591791,0.6006282441693864,0.35677510745869334,0,0.9505006117286898,0.6082592283508887,0.952048790679485,0,1.2171762057519047,0.46330069663548556,0.9993895227736305,0,0,0,0,0,0.8120928543823798,0,1.1994020452107517,1.1672177424149526,0.86648367891517,0,1.1337049590714514,1.0515124083695806,0.5995046149043199,0,1.014614447518393,0.8087254178591294,0,0,0,0,0,0.4234249328476549,1.0322330457213988,0.8613390030950017,0,0,0,0,0,0.37396170170096976,0.8020734770688476,0.7621404749107725,0,0.4395336908291547,0.9711746978420939,0.8879557312702158,0,0,0,0,0.575338402022072,0.03442346602283397,0.5848471008200216,0,0.3432157181786337,0.4951401834884255,0.41127452180644575,0,0.3490675126594196,0.13466222724562016,0.615657506591492,0]],"modifications":[]}]}}
