{"modelSettings":{"letterOrder":"ACGT","bindingModeInteractions":[],"bindingModes":[{"fitLogActivity":true,"flankLength":0,"singleStrand":false,"size":12,"dinucleotideDistance":0,"componentName":"Binding mode 0","positionBias":false,"modifications":[]},{"fitLogActivity":true,"flankLength":0,"singleStrand":false,"size":12,"dinucleotideDistance":1,"componentName":"Binding mode 1","positionBias":false,"modifications":[]},{"fitLogActivity":true,"flankLength":0,"singleStrand":false,"size":12,"dinucleotideDistance":1,"componentName":"Binding mode 2","positionBias":false,"modifications":[]}],"letterComplement":"C-G,A-T"},"coefficients":{"bindingModeInteractions":[],"bindingModes":[{"mononucleotide":[0,0,0,0,0,0,0,0,0,0,0,0,0,0,0,0,0,0,0,0,0,0,0,0,0,0,0,0,0,0,0,0,0,0,0,0,0,0,0,0,0,0,0,0,0,0,0,0],"activity":[[-7.006442380733498]],"dinucleotide":[],"modifications":[]},{"mononucleotide":[0,-0.7810393378618974,-0.6019710082008181,-0.14425422098129204,-1.1175022236747312,-0.7359984679525904,-1.659429386156324,0,0,-1.3557305960544426,-1.2630396360483465,-0.5999052921588337,-2.910522561331696,-2.2564092672903913,-2.8133721967845453,0,-2.2406837749783524,-3.081856316887836,0,-2.5111646607428417,-0.24050719389598818,0,-2.6497857953528037,-1.2571626863383432,0,-3.0326334696679504,-2.8079906697764505,-2.524840150309453,-0.6228041511596341,-2.889924564483704,-2.4828646049249645,0,0,-3.2609360524321795,-3.0054401248673477,-3.460495563080573,-1.3550225427857168,-2.415074824220678,-2.3936617941061535,0,-1.8897815917776706,-1.7714757270666706,-0.9367580173672696,0,-0.6050748958524674,0,-1.181813366930815,-0.6794652478361596],"activity":[[0]],"dinucleotide":[[0,0,0,0,0.21762679328095524,0.5462116959033585,0.644060641210626,0,0.039719794975164646,0.7067800281095122,0.424453735248298,0,-0.009831427545285099,0.4816916946411429,0.3845123180103096,0,0,0.49559438505278375,-0.16121679139209188,0.16287286593927242,0,-0.35144664092977296,-0.45430678981257566,-0.6065821538750946,0,0.6288116195181006,-0.11410490129458672,-0.09338157400028724,0,0,0,0,0,0,0,0,1.578629253179705,1.0031650028313024,1.160148920467127,0,1.406654671641017,2.0069578824908083,1.1626171506117293,0,1.41526796475714,0.5331892842788344,0.809500588955836,0,0.8169000730696521,1.3823525983739318,0,0.9979332499173852,1.102338943865469,1.1944170845095083,0,0.6897357271791336,0.8871406603404388,1.447797750718392,0,0.9596661788070744,0,0,0,0,-0.3323248800998586,0,0.4879979181360845,0.2003513512395303,-0.12213639295321155,0,0.811501206345743,0.5258175330090871,0,0,0,0,-0.26648993375240515,0,0.6432473294946464,0.7018822826253328,0,-0.12419825680491758,-0.28923519914283435,-1.01653804317532,0,0,0,0,0,1.3845713553201522,1.2207852559170949,1.3648590013824533,0,0.46109008412214525,0.2585189656317608,0.2089880658726435,0,0,0,0,0.6205529424392777,1.3353820481146936,1.1821382237901723,0,0.5247980774659711,1.319119243451059,1.073284755855794,0,2.1011787479642434,1.8374672733187216,1.6961788131405058,0,0,0.3268042066277723,0.09415147966193382,0.2338406900994463,0,1.4655745394867177,1.283361825510335,1.448474172230025,0,1.3597892900729471,1.1550688827519346,1.347415354013184,0,0,0,0,0,0,0,0,0.8172941587985041,1.338756105856663,1.386759833741813,0,1.1160480833611777,1.6260275843228436,1.4647932641935082,0,1.0053976562239817,1.5355515595108367,1.5114390199939276,0,1.1021042597043786,0.29082567503747514,-0.6188422844628816,0,1.2377850082039235,0.5962498874338227,0.4596063409101472,0,0.8475007735312152,0.4613214230907339,-0.05078006302911797,0,0,0,0,0,0.6097688330737459,0,0.78168693514804,0.8883882362469016,0.9112694120290898,0,1.0740887358102005,0.672454772253003,0.7113779279178813,0,0.3373768270897055,0.4721477089182957,0,0,0,0]],"modifications":[]},{"mononucleotide":[-0.3032101858431803,0,-0.5516784148054186,-0.15693847504501446,-0.26102240412315303,0,-0.5077854709095564,-0.10789394544153308,-0.2320055842405599,0,-0.49845901847706103,-0.1903762377797208,-0.22985224209020738,0,-0.445206475264166,-0.06031011588334967,-0.2759645786796289,0,-0.4580980982602187,-0.20619936463164634,-0.3277869667981687,0,-0.5277516412487719,-0.22011680906196762,-0.40423563168240095,0,-0.36548598573171387,-0.04738139600853297,-0.34762783860271457,-0.18014377805233922,-0.15314468125429564,0,-0.6540668866406032,-0.4951386819142957,-0.3398268311172228,0,0,-0.7345164089069138,-0.8894303223789075,-0.8945575474160434,-0.1848535481947754,-0.2995628252352329,-0.6607671837486546,0,-2.53125689284696,0,-0.9093949280051398,-0.6643544637047581],"activity":[[-2.769770406969962]],"dinucleotide":[[-0.2016534930574978,0,-0.2861035509659293,-0.02941965576703226,0,0,0,0,-0.20327333164515382,0,-0.11985044227747288,0.03514454300123093,-0.004064617719827135,0,-0.03684693580110121,0.014136609603982997,-0.14714065809054971,0,-0.28799378338113324,-0.04926964559013369,0,0,0,0,-0.09192845271049288,0,-0.15716543847226538,-0.050097089653689864,-0.286499943134998,0,-0.19989854857171951,-0.10691734745183312,-0.18586559742874648,0,-0.24625388841705442,-0.07087121484338071,0,0,0,0,-0.07037308364249961,0,-0.1426526795574612,0.025747611200062304,-0.08567121780294451,0,-0.12087488926785517,0.05527507347572935,-0.30273564839836564,0,-0.28533464647154716,-0.19678546126965057,0,0,0,0,-0.23340675429850255,0,0.0027996449267033707,-0.02595758403724624,-0.09076081411132902,0,-0.20147063385471276,-0.09399752570716119,-0.12309586143980666,0,-0.05763575714156244,-0.06069552002992956,0,0,0,0,-0.08262898377524663,0,-0.1960117352553259,0.030509452728973097,0.20582298365475388,0,0.1365503752425835,0.03422282709890001,-0.1953941206753187,0,-0.19561059808493453,-0.09724502246922728,0,0,0,0,3.4091509856071234E-4,0,-0.05487476501276256,-0.04351376775773175,-0.08835615606716418,0,-0.07814628697329451,-0.0017009481153527628,0.22264770448439597,0.021241533564009707,0.04156101431830583,0,0,0,0,0,0.19685131073688544,-0.11322398022749924,-0.10438841284091538,0,0.01291419959235346,-0.3466739029404015,0.10138774130772582,0,-0.16589253150134642,-0.0014101312731560345,-0.0988137312628834,0,0.016152672534500256,0.0020720929993705006,0.24901241373462785,0,-0.4880539954183052,-0.5179473831081733,-0.3364489653355078,0,0,0,0,0,0,0.6729553778823294,0.9150809838828504,0.6994807269397825,0,0.7100813490572011,0.6159518926275895,0.5739251955257942,0,0.25497630782297764,0.1796525849635795,0.3067441273607081,0,0,0,0,0,0,0,0,0.029054808721131753,0.3250422141492293,0.008618930386652623,0,-0.14198258266755515,0.22779481973418236,0.08888109533096111,0,-0.796324631185533,-0.3488473717246907,0.09455930859520278,0,1.451024601974586,0,-0.02897803637154639,0.38722752018353107,1.927645874576081,0,0.15420550166170233,0.2515166895068669,1.6939502919967655,0,0.2372837956057563,0.42995615105496743,0,0,0,0]],"modifications":[]}]}}
