{"modelSettings":{"letterOrder":"ACGT","bindingModeInteractions":[],"bindingModes":[{"fitLogActivity":true,"flankLength":0,"singleStrand":false,"size":11,"dinucleotideDistance":0,"componentName":"Binding mode 0","positionBias":false,"modifications":[]},{"fitLogActivity":true,"flankLength":0,"singleStrand":false,"size":11,"dinucleotideDistance":0,"componentName":"Binding mode 1","positionBias":false,"modifications":[]}],"letterComplement":"C-G,A-T"},"coefficients":{"bindingModeInteractions":[],"bindingModes":[{"mononucleotide":[0,0,0,0,0,0,0,0,0,0,0,0,0,0,0,0,0,0,0,0,0,0,0,0,0,0,0,0,0,0,0,0,0,0,0,0,0,0,0,0,0,0,0,0],"activity":[[-4.35385673315659]],"dinucleotide":[],"modifications":[]},{"mononucleotide":[0,-0.6599790022349126,-0.5594332351529943,-0.6453616550848942,-0.29347078832989304,-0.6725210593432891,-0.26633376521833974,0,-1.1874581522922512,0,-0.5918401415555348,-0.2553671158223825,-1.3433004526595749,-0.21900477182464506,-0.7384076434798867,0,0,-2.1393617402885567,-1.8302235946925673,-2.0343809786467872,0,-3.2969193292319012,-4.829275700873059,-4.929623100469297,-5.514719058836472,-5.018394059557251,-4.986969673998015,0,-2.4040662417420826,-1.9165561938497717,-1.3683309302662874,0,0,-4.294831170343718,-1.9675348552239367,-1.0961310014368095,-0.24371910019595866,-0.9001515011524592,-0.6116638667934957,0,-0.6024705040341045,0,-0.6478714276111468,-0.4967984605223128],"activity":[[0]],"dinucleotide":[],"modifications":[]}]}}
