{"modelSettings":{"letterOrder":"ACGT","bindingModeInteractions":[],"bindingModes":[{"fitLogActivity":true,"flankLength":0,"singleStrand":false,"size":15,"dinucleotideDistance":0,"componentName":"Binding mode 0","positionBias":false,"modifications":[]},{"fitLogActivity":true,"flankLength":0,"singleStrand":false,"size":15,"dinucleotideDistance":0,"componentName":"Binding mode 1","positionBias":false,"modifications":[]}],"letterComplement":"C-G,A-T"},"coefficients":{"bindingModeInteractions":[],"bindingModes":[{"mononucleotide":[0,0,0,0,0,0,0,0,0,0,0,0,0,0,0,0,0,0,0,0,0,0,0,0,0,0,0,0,0,0,0,0,0,0,0,0,0,0,0,0,0,0,0,0,0,0,0,0,0,0,0,0,0,0,0,0,0,0,0,0],"activity":[[-5.449106255019284]],"dinucleotide":[],"modifications":[]},{"mononucleotide":[-0.3485003705800853,-0.24387189830963862,-0.5252863619958728,0,-0.02885562193074165,-0.24680188916482138,-0.6559052265291347,0,-0.27049000487532204,-0.44784978319819757,-1.3665876359642928,0,0,-0.13017751515317144,-0.7978540807085057,-0.06018555207933396,0,-0.2527726286908045,-0.5089035326125426,-0.2744005900877333,-0.47770712034785845,-0.16862247435909516,-0.4376060641163839,0,-0.9554170476154518,0,-0.964897303860921,-0.22684265077794485,-1.4756048865290046,-0.18866340231368817,-1.1735724016031508,0,0,-0.7249285354337847,-1.7994464354925501,-1.3537124369876166,0,-1.1157760219920778,-3.353192649248447,-2.0396677910106957,-3.733486963016901,-1.5389730157802974,-4.329126871496991,0,-2.3460147610453648,-0.960823461666072,-1.9809123709604783,0,0,-1.5404849182999527,-1.541165507676837,-0.8135567823176304,-0.3926459920062575,-0.3722501508961553,-0.4763511121625168,0,-0.7352902214225212,0,-0.8167974459866345,-0.4221748744481886],"activity":[[0]],"dinucleotide":[],"modifications":[]}]}}
