{"modelSettings":{"letterOrder":"ACGT","bindingModeInteractions":[],"bindingModes":[{"fitLogActivity":true,"flankLength":0,"singleStrand":false,"size":12,"dinucleotideDistance":0,"componentName":"Binding mode 0","positionBias":false,"modifications":[]},{"fitLogActivity":true,"flankLength":0,"singleStrand":false,"size":12,"dinucleotideDistance":1,"componentName":"Binding mode 1","positionBias":false,"modifications":[]},{"fitLogActivity":true,"flankLength":0,"singleStrand":false,"size":12,"dinucleotideDistance":1,"componentName":"Binding mode 2","positionBias":false,"modifications":[]}],"letterComplement":"C-G,A-T"},"coefficients":{"bindingModeInteractions":[],"bindingModes":[{"mononucleotide":[0,0,0,0,0,0,0,0,0,0,0,0,0,0,0,0,0,0,0,0,0,0,0,0,0,0,0,0,0,0,0,0,0,0,0,0,0,0,0,0,0,0,0,0,0,0,0,0],"activity":[[-4.9559747994108525]],"dinucleotide":[],"modifications":[]},{"mononucleotide":[0,-0.6790712998271502,-0.4239020814731287,-0.17766257246812955,0,-0.9857602210442109,-1.2631571248039344,-1.3141265466619454,-0.4844427215478575,-0.29299548934186426,-0.5401134899421738,0,-1.2563145475001956,0,-0.7523682506999734,-0.1271507447212734,-1.1783404408052687,-0.3171626159220313,-0.7708946059328667,0,0,-2.6529148182766016,-1.6614893838817975,-2.3981968691933147,0,-2.9673827846407543,-2.6583399699610006,-5.440020185962635,-3.198082825328881,-3.1211000346142086,-4.361726107226276,0,-2.529142798819484,-1.9708073510139816,-1.556390058868185,0,0,-2.742055140953132,-1.6428235948484087,-0.7056796960004821,-0.3061574790107482,-1.1532184602635849,-0.543488965798371,0,-0.6419289390044902,0,-0.7656669114778349,-0.49727469188038853],"activity":[[0]],"dinucleotide":[[0,0,0,0,0,0.6812161338232876,0.6409205592998246,0.5453255547182225,0,0.4508063806415743,0.3413849951325405,0.36176224412366675,0,0.16713101375686534,0.43951388676429204,0.5006265054971539,0,0,0,0,0.5944369756812673,0.41059349740205775,0.46243335811980035,0,0.9421134452646176,0.6953659710563596,0.8377380217703214,0,1.0771313702546972,0.7495333742423673,1.0748493218925392,0,0.09792333889927907,0,0.1539707664249259,-0.2991018399303633,0.3653135884388856,0,-0.19787537633538088,-0.36155479539318236,0.09196560747530658,0,0.323094345906902,-0.10007066961272493,0,0,0,0,-3.63581822423431,0.05181673792296415,0.19197831832683132,0,0,0,0,0,-0.4066038529840972,0.22812887246816294,-0.2891930824320803,0,0.21886713156158155,0.061367833390203685,-0.1880236277230103,0,0,1.5169091756296322,0.9606954689820735,0.7372515757599758,0,-0.23657778391422868,0.15875650016294607,0.6500306836332319,0,1.3798288724882726,0.47414107414575124,0.5746121889794891,0,0,0,0,0,0,0,0,0,2.518082395395988,1.064230278615237,-0.2814077633906731,0,1.3141432078721271,0.062316535350608326,-3.051537396864786,0,-0.5413746646119977,1.1451043224593258,-1.2635764274490615,0,0,0,0,-0.43069491876524424,2.336381236261916,4.637755633604204,0,-0.8000357975569408,1.7991365369135952,2.0237145212602963,0,2.163121622478778,5.897402497120976,6.1368943131159295,0,-0.20261231316343853,1.7127549902919261,-1.9594493113993643,0,2.706972554609585,-1.3609267944711387,-1.2227204573055346,0,2.4073809263112445,0.7604560138348653,-1.9730334269688914,0,0,0,0,0,0,2.592206833912307,-1.105012749218087,0.5753163477906127,0,-1.5196560656585056,-1.6818434898808996,0.18071542189574386,0,0.29843045148173974,0.03902342110204016,-0.19988506647572502,0,0,0,0,0,0,0,0,-0.29954327942451897,0.47933028251130905,0.11670942041389987,0,0.05940521941173582,0.302411010630383,-0.23955138193049397,0,-1.006079230554251,-0.5243100392667621,-0.7600022389405723,0,0.3091816642871681,0,0.5526697407873256,0.24825290013330736,0.8604308121871909,0,0.886543206918661,0.4860146115272639,0.4363603636358553,0,-0.4776357888127185,0.43672722939789743,0,0,0,0]],"modifications":[]},{"mononucleotide":[-0.5936590378693389,0,-0.6846717198929557,-0.22606587200800465,-0.5590858728389736,0,-0.727570565200601,-0.4724607232462934,-0.3793021573543567,-0.4299473820036579,-0.01414034963602262,0,-1.1617101977503912,-0.42170628510289543,-0.905331931603037,0,-0.7506149021057706,-0.5214811492857181,-0.5618629193781488,0,0,-0.43957895953585346,-0.5921812155318569,-0.5128251755603839,0,-0.24485184324358,-0.403127574876915,-0.5396434385961388,-0.6059889509182166,0,-0.4033707985805237,-0.6141546132723303,-0.37172781048595915,0,-0.4630885831364804,-0.32629333756461687,-0.2591541611900494,0,-0.5479180872381173,-0.05097836532848987,-0.4802985661372454,0,-0.5846454531161771,-0.1671920313878199,-0.4540763960478631,0,-0.3753458380686929,-0.3194388594412576],"activity":[[-1.9398413924320053]],"dinucleotide":[[-0.2879277494974106,0,0.09438626493277402,-0.02985080824148656,0,0,0,0,-0.9066135302487797,0,-0.16000909357466697,-0.07105838435779144,-0.15384831662379161,0,0.34679381575046486,-0.09690179380808694,-0.08951529988967577,0.4228944280183389,-0.19711130660972076,0,0,0,0,0,0.4796524766387953,-0.004243383267825918,-0.1353892573043134,0,0.491248871419081,0.45189629733350634,-0.15990410775519237,0,0.595406626145992,0.13788933846362061,0.4712010690114117,0,1.3008791632563563,0.6388114970990819,0.43365639998895245,0,0.7669162945235175,0.2829524863976771,-0.3274359499146331,0,0,0,0,0,-0.04033929402897729,0.19228974576639835,-0.38334241358649135,0,-0.16182937911102613,0.15890443810278398,0.004331082118983476,0,-0.2229168241155468,0.2689086406503902,0.6642891670513833,0,0,0,0,0,0,0.885781734873254,0.5576094354013483,0.698626914961924,0,0.7275373291731659,0.7519344049568462,0.45917664579550266,0,0.3630607125875871,-0.029633683573517144,0.30221500909231236,0,0,0,0,0,0,0,0,0,0.26344867962824203,0.16868734019242648,0.33487762481517347,0,0.31462915980492046,-0.13949313904193805,0.4706467174796174,0,0.7181378513750105,0.30923821848389643,0.28785893406942886,0,0,0,0,0.37278573622920064,0,-0.018771387572169118,0.31559119555832726,0.32743063200140954,0,0.27106509985186733,0.4129387218101739,0.49518545141678105,0,0.22682201264742607,0.6198009563883105,-0.005458772426189862,0,0.1333936979567545,0.41603009311646666,0,0,0,0,-0.24675027856423637,0,0.037513680438021835,0.29810297855242673,0.25602618925052667,0,0.2622012934469693,-0.004909843577539874,-0.16501891656114775,0,-0.37771191896784995,-0.07822791142039875,0,0,0,0,-0.17256571707049995,0,0.08387752416604521,-0.07322606961909361,-0.08792555542811442,0,0.19705094266378564,0.14147767504353403,-0.24229915850243633,0,-0.024756959566557768,-0.19337652068588707,0,0,0,0,0.22198458510618746,0,0.3026045534609252,0.21431462064774376,-0.13307175756031153,0,-0.004767547294702634,-0.1835448362113632,0.1885202278144904,0,-0.5954190249358338,0.44989673607357084,0,0,0,0,-0.13382487340605076,0,-4.170029291686815,0.134068294209154,-0.348427111669122,0,-0.3133845172136851,0.21984959000323556]],"modifications":[]}]}}
