{"modelSettings":{"letterOrder":"ACGT","bindingModeInteractions":[],"bindingModes":[{"fitLogActivity":true,"flankLength":0,"singleStrand":false,"size":15,"dinucleotideDistance":0,"componentName":"Binding mode 0","positionBias":false,"modifications":[]},{"fitLogActivity":true,"flankLength":0,"singleStrand":false,"size":15,"dinucleotideDistance":0,"componentName":"Binding mode 1","positionBias":false,"modifications":[]}],"letterComplement":"C-G,A-T"},"coefficients":{"bindingModeInteractions":[],"bindingModes":[{"mononucleotide":[0,0,0,0,0,0,0,0,0,0,0,0,0,0,0,0,0,0,0,0,0,0,0,0,0,0,0,0,0,0,0,0,0,0,0,0,0,0,0,0,0,0,0,0,0,0,0,0,0,0,0,0,0,0,0,0,0,0,0,0],"activity":[[-5.3013985797996925]],"dinucleotide":[],"modifications":[]},{"mononucleotide":[-0.3926830377711821,-0.23619613924806337,-0.5972734220796292,0,-0.12646279775608882,-0.20153603966521905,-0.6374451142886877,0,-0.2511052834287586,-0.38690541931379485,-1.1702804327632435,0,-0.011133108511988343,0,-0.8125562595066735,-0.02598118940943195,0,-0.12286116552749382,-0.45232940708861946,-0.23464120675872868,-0.3561733840769534,-0.08782349485921381,-0.38989738366918925,0,-0.8516596843303226,0,-1.0292289232337384,-0.2764609302114085,-1.0092281392292815,-0.15899817029011754,-0.7028098628706501,0,0,-0.48560710974497967,-1.5312262051115861,-0.8666564690801939,0,-0.8442194735673128,-1.9005757486775186,-1.635224453403561,-1.7401715557759256,-1.203803348117808,-1.9054009341859734,0,-2.7652121562621637,-0.6900233661463131,-1.26138661087138,0,0,-1.297851327255014,-1.1139134903984047,-0.8159571659659859,-0.470918429646221,-0.30783415227029787,-0.6419539210223839,0,-0.6715114460190408,0,-0.763879023961946,-0.44037825393015995],"activity":[[0]],"dinucleotide":[],"modifications":[]}]}}
