{"modelSettings":{"letterOrder":"ACGT","bindingModeInteractions":[],"bindingModes":[{"fitLogActivity":true,"flankLength":0,"singleStrand":false,"size":13,"dinucleotideDistance":0,"componentName":"Binding mode 0","positionBias":false,"modifications":[]},{"fitLogActivity":true,"flankLength":0,"singleStrand":false,"size":13,"dinucleotideDistance":0,"componentName":"Binding mode 1","positionBias":false,"modifications":[]}],"letterComplement":"C-G,A-T"},"coefficients":{"bindingModeInteractions":[],"bindingModes":[{"mononucleotide":[0,0,0,0,0,0,0,0,0,0,0,0,0,0,0,0,0,0,0,0,0,0,0,0,0,0,0,0,0,0,0,0,0,0,0,0,0,0,0,0,0,0,0,0,0,0,0,0,0,0,0,0],"activity":[[-9.409979505226726]],"dinucleotide":[],"modifications":[]},{"mononucleotide":[0,-0.6208473411355122,-0.5408962256669767,-0.5992946744751961,0,-0.6279062317176809,-0.4492222895836697,-0.26886979674248224,-0.9404715874341392,0,-0.8054851638158667,-0.3223864619006349,-1.3192031782708025,-0.07797786098634774,-1.9038421720909682,0,0,-1.6745693875613927,-1.9155539906192764,-1.9349638832741611,0,-2.6195463546492714,-3.9539763695456864,-4.11989107216187,-5.1964226346851765,-4.106083220028379,-6.516917650592797,0,-2.168219725498477,-2.433091932745871,-2.66439874156137,0,0,-1.7163847955283291,-2.600059101025894,-2.1845693173826843,0,-0.5734912518905819,-0.030852271697483502,-0.06279858325710741,-0.5786209775232027,-0.7096375907428545,0,-0.5895903394525721,-0.7449883135159041,-0.223020707774646,0,-0.564184483077554,-0.4087676525283612,-0.2587893340013654,0,-0.4719218325400636],"activity":[[0]],"dinucleotide":[],"modifications":[]}]}}
