{"modelSettings":{"letterOrder":"ACGT","bindingModeInteractions":[],"bindingModes":[{"fitLogActivity":true,"flankLength":0,"singleStrand":false,"size":12,"dinucleotideDistance":0,"componentName":"Binding mode 0","positionBias":false,"modifications":[]},{"fitLogActivity":true,"flankLength":0,"singleStrand":false,"size":12,"dinucleotideDistance":0,"componentName":"Binding mode 1","positionBias":false,"modifications":[]}],"letterComplement":"C-G,A-T"},"coefficients":{"bindingModeInteractions":[],"bindingModes":[{"mononucleotide":[0,0,0,0,0,0,0,0,0,0,0,0,0,0,0,0,0,0,0,0,0,0,0,0,0,0,0,0,0,0,0,0,0,0,0,0,0,0,0,0,0,0,0,0,0,0,0,0],"activity":[[-7.590943702175676]],"dinucleotide":[],"modifications":[]},{"mononucleotide":[0,-0.2999875144172881,-0.1191066103225129,-0.2361217050064699,0,-0.3735072378493838,-0.106611547019833,-0.2575300198410515,-1.2926805578375795,0,-0.747349225811619,-0.3946456465287058,-1.9764012122682706,0,-6.0144235209008725,-0.1531295321607118,0,-2.066294158408363,-2.5541625298898722,-2.410391167339637,0,-3.171952310707555,-4.314454836377477,-4.919745330723874,-5.9763956700982535,-4.620322457592575,-7.19701780786079,0,-2.919895434302803,-2.7717434147455497,-2.8487131174360822,0,0,-0.8611228325179754,-2.844346252598716,-2.5172003614607936,-0.1494838584452438,-0.49288521277158637,0,-0.3450297068714878,-0.5738483643022088,-0.3459594493801159,0,-0.4777936287247284,-0.6156746167208134,-0.4079429299775752,0,-0.7135640380089505],"activity":[[0]],"dinucleotide":[],"modifications":[]}]}}
