{"modelSettings":{"letterOrder":"ACGT","bindingModeInteractions":[],"bindingModes":[{"fitLogActivity":true,"flankLength":0,"singleStrand":false,"size":18,"dinucleotideDistance":0,"componentName":"Binding mode 0","positionBias":false,"modifications":[]},{"fitLogActivity":true,"flankLength":0,"singleStrand":false,"size":18,"dinucleotideDistance":1,"componentName":"Binding mode 1","positionBias":false,"modifications":[]}],"letterComplement":"C-G,A-T"},"coefficients":{"bindingModeInteractions":[],"bindingModes":[{"mononucleotide":[0,0,0,0,0,0,0,0,0,0,0,0,0,0,0,0,0,0,0,0,0,0,0,0,0,0,0,0,0,0,0,0,0,0,0,0,0,0,0,0,0,0,0,0,0,0,0,0,0,0,0,0,0,0,0,0,0,0,0,0,0,0,0,0,0,0,0,0,0,0,0,0],"activity":[[-8.44217874345666]],"dinucleotide":[],"modifications":[]},{"mononucleotide":[0,-0.11889465523749898,-0.0760788196837261,-0.38333046835356477,-2.294380081782098,0,-0.22128177883725364,-0.711904341230909,-2.498964385673272,-0.8409318414675013,-3.288953158465576,0,0,-2.7608123857262346,-2.4897518570644834,-3.028223334635163,0,-4.400938826720731,-4.7644758410626675,-5.192282138796764,-4.621583548854598,-3.7867662168614338,-2.9918744756260374,0,-2.524976959870747,-2.3622693823451932,-2.3999970132948594,0,-0.04218070814645003,-2.1367386768803467,0,-2.2989235194849655,-0.2810323079160604,-0.3267936377956797,0,-0.84779972991881,-0.6737009660410571,0,-0.7378682523291165,-0.19714117643957962,0,-0.3102829469142847,-0.6831804013090252,-0.076727160689531,0,-0.3941337664209623,-1.0263318666854708,-0.4064767106569196,0,-0.8682656269021152,-1.3738235388112354,-0.2932294377874278,0,-1.3794205033303477,-1.6781591321706806,-0.15213568159390256,0,-1.6610244587417107,-1.743228720521568,-0.09436090575318978,-0.14788513471721032,-1.1542846759355747,-0.7205507254457473,0,-0.38037746787767546,-1.0580576215599464,-1.1929945053453501,0,-0.22290212989287106,-0.6020460619922066,-0.4344041656775328,0],"activity":[[0]],"dinucleotide":[[0,0,0,0,1.8329267034563745,0,-0.05291733651281838,0.7376057680393799,1.2793718934377285,0,-0.8368195785273276,0.4018090802641918,1.3983724474361843,0,-0.2137296863001943,0.457610083845978,-0.011813567628799149,-0.9703630332571382,3.399486754188148,0,0,0,0,0,-0.17941280643261592,-0.587352897750435,0.5554700264630679,0,0.09201806451298111,-0.457501072254205,0.30791005243091973,0,0,1.1064785880697983,0.4536386835767612,1.5399034070522504,0,0.2307804628396024,-0.431130370592097,0.24910669261846152,0,0.22692291386812258,-0.03622459992973859,0.7406498980018625,0,0,0,0,0,0,0,0,0,1.656172918848834,2.680938246560965,1.6123633659607295,0,1.4233839706279854,1.753052714605034,2.087705965172403,0,1.4039942170869644,2.109829573268776,1.566661879164192,0,0,0,0,2.7748655157117117,2.4231272380932474,2.7017141155698106,0,2.0649961478085554,1.3195007977500346,1.8728933123509703,0,2.451485139895488,2.2338175582167903,2.295508003400359,0,1.021129184008009,1.673344717983528,0.736070011272556,0,2.4288837213378276,1.3771952836663903,1.5881067176642745,0,0.060849745686661016,-0.2594415256835436,-0.5040856658343307,0,0,0,0,0,-0.29948443961870375,1.0730463599042803,0,1.6200365724637535,0.7765280267770862,0.9865710809647776,0,1.708759827846226,0.9479000298848295,1.5202025122106377,0,1.6520593734151898,0,0,0,0,0.22707020094521901,0.13624420844952034,0,0.09567949108526896,0.19630686387321994,-0.15827868019106006,0,-0.3398078544134293,0,0,0,0,0.2144033027121104,0.18149213012454624,0,0.053287271515163326,-0.014847054532502568,0,0.060842806456367526,-0.029349498434692478,-0.37785563047187765,0,-0.4303431946163485,-0.3856992629764502,0,0,0,0,-0.3002265927569514,0,-0.1709085507153425,-0.29771735016798573,0,0.5889162095957392,0.3219190775727121,0.4996823943889144,0,0,0,0,0,0.5634950919960477,0.31758889819667857,0.39856630787589076,0,0.2930074987492475,0.2482914080090115,0.24303446135838946,0,0,0,0,0,0.20580296836955725,0.2733680189740184,0.42974677929793437,0,0.5660704659118636,0.525860471151887,0.66623532857834,0,-0.0016650428408357953,0.045995980596172714,0.2297042649049743,0,0,0,0,0,0.4027427570947051,0.587731456177373,0.31878732336089755,0,0.9088939918411736,0.8485807924938626,0.6344323958294886,0,0.17514451455775948,0.2135562777601283,0.03780323647413297,0,0,0,0,0,0.7093241293785137,0.7809606555756403,0.38980890986044514,0,1.0244029303145208,0.3412550920528119,0.4559958616761133,0,0.19599323588379036,0.2112014423543478,0.03210981660746981,0,0,0,0,0,0.5214869355738454,-0.11041441290711518,0.5016007074581896,0,1.0017980724570474,0.673313226825039,0.2790912570424382,0,0.5388827863975525,-0.11387905134361098,0.014504975893673944,0,0,0,0,-0.08068461503517721,0.43193184961815945,0.6454302673640209,0,0.41934362224431077,0.22860709746338514,0.029278349660997627,0,0.03111025580128768,0.12068786973952861,-0.7013313501840379,0,0.10793414752589925,0.24834332272241966,0.593793847766678,0,-0.13042165268410422,0.16740058269965274,0.4175381916281964,0,-0.04600947534141753,0.6906977298025812,0.4471895389397691,0,0,0,0,0,0.05551440375076133,0.2126386608183548,0.35658384876739824,0,-0.024360612520499814,0.22767977922618954,0.44383566551345766,0,0.25183506632618347,0.7293884645077195,0.5709252139814023,0,0,0,0,0]],"modifications":[]}]}}
