{"modelSettings":{"letterOrder":"ACGT","bindingModeInteractions":[],"bindingModes":[{"fitLogActivity":true,"flankLength":0,"singleStrand":false,"size":18,"dinucleotideDistance":0,"componentName":"Binding mode 0","positionBias":false,"modifications":[]},{"fitLogActivity":true,"flankLength":0,"singleStrand":false,"size":18,"dinucleotideDistance":0,"componentName":"Binding mode 1","positionBias":false,"modifications":[]}],"letterComplement":"C-G,A-T"},"coefficients":{"bindingModeInteractions":[],"bindingModes":[{"mononucleotide":[0,0,0,0,0,0,0,0,0,0,0,0,0,0,0,0,0,0,0,0,0,0,0,0,0,0,0,0,0,0,0,0,0,0,0,0,0,0,0,0,0,0,0,0,0,0,0,0,0,0,0,0,0,0,0,0,0,0,0,0,0,0,0,0,0,0,0,0,0,0,0,0],"activity":[[-8.304610267601182]],"dinucleotide":[],"modifications":[]},{"mononucleotide":[-0.24716354534908191,0,-0.356555981986725,-0.5745781149507181,-0.5708118292446294,0,-0.491883319433418,-0.33824297213399923,-2.386612014734358,-1.1272061967854423,-0.47113321849514556,0,0,-2.6670196871455287,-2.5644025153329624,-2.7407782092433743,0,-4.335689706743628,-4.698550496508537,-4.936836382334363,-4.5609478560999,-3.6776952174646125,-3.0725327611484063,0,-2.5846766817000733,-1.9829567465752982,-1.8346246790794742,0,0,-3.1187574158776004,-0.10687009182006157,-2.1048082772350183,-0.25219016448653875,-0.5087707554894543,0,-1.2437135895681735,-0.35922362874834235,0,-0.46022119148283913,-0.1431820822454526,-0.17904277238492128,-0.01572547153705095,-0.19858288405790425,0,0,-0.014104521661110425,-0.3259297662690539,-0.029691111727951025,0,-0.3506082838978397,-0.6699396946351257,-0.058278718959810405,-0.06504266765070632,-0.9393586842963977,-1.2580025313172172,0,-0.0010651310851734763,-0.9835236678852528,-1.5730046810451332,0,-0.03489239292320967,-1.05083757412263,-0.7060123744241196,0,-0.2671687734445758,-0.7299290615535696,-0.5803274076040914,0,-0.1286121378948124,-0.3560752699149692,-0.1589444393038857,0],"activity":[[0]],"dinucleotide":[],"modifications":[]}]}}
