{"modelSettings":{"letterOrder":"ACGT","bindingModeInteractions":[],"bindingModes":[{"fitLogActivity":true,"flankLength":0,"singleStrand":false,"size":18,"dinucleotideDistance":0,"componentName":"Binding mode 0","positionBias":false,"modifications":[]},{"fitLogActivity":true,"flankLength":0,"singleStrand":false,"size":18,"dinucleotideDistance":1,"componentName":"Binding mode 1","positionBias":false,"modifications":[]}],"letterComplement":"C-G,A-T"},"coefficients":{"bindingModeInteractions":[],"bindingModes":[{"mononucleotide":[0,0,0,0,0,0,0,0,0,0,0,0,0,0,0,0,0,0,0,0,0,0,0,0,0,0,0,0,0,0,0,0,0,0,0,0,0,0,0,0,0,0,0,0,0,0,0,0,0,0,0,0,0,0,0,0,0,0,0,0,0,0,0,0,0,0,0,0,0,0,0,0],"activity":[[-8.532056983665704]],"dinucleotide":[],"modifications":[]},{"mononucleotide":[0,-0.1168154593267623,-0.07335640129594445,-0.384948139059901,-2.338335779106333,0,-0.21856500338446594,-0.7173664145582386,-2.495216871691281,-0.8316082177085189,-3.7228452837107593,0,0,-2.8273857545105745,-2.490338166832773,-3.007235180473642,0,-4.421218293279413,-5.200793937377302,-5.580192780418342,-4.5555582614174215,-3.895155498458183,-2.983931822147232,0,-2.4700188979395765,-2.368117787011988,-2.411622213058277,0,-0.043471492346029095,-2.0861814385842514,0,-2.2926964055148353,-0.2823533113985235,-0.3254962640908339,0,-0.8529587827593623,-0.6764839967540421,0,-0.7357356867109086,-0.1966774795187174,0,-0.3115807417759022,-0.6827850222375886,-0.07708682451730375,0,-0.3965564397433674,-1.0254345762021462,-0.4076717475490703,0,-0.8737682739198522,-1.3884166370550268,-0.29652289000101284,0,-1.393595506377439,-1.6914042876870692,-0.15739514584427816,0,-1.672164452360363,-1.7273560801081054,-0.09685749909797714,-0.1458857678206389,-1.1518754836044085,-0.7145414853175325,0,-0.37950642435280457,-1.0564741527890433,-1.1965092990506925,0,-0.22281160043421444,-0.6022747672313233,-0.4359060394091454,0],"activity":[[0]],"dinucleotide":[[0,0,0,0,1.8742435815438254,0,-0.057870980673195405,0.7439135161059891,1.3230287192146255,0,-0.8433413746425913,0.40565995530427656,1.4483034231821028,0,-0.21390199255843534,0.4639080476181796,-0.127451396832436,-1.1275881870121909,3.8363576674419377,0,0,0,0,0,-0.2316778811942264,-0.600199319982675,0.8745549975485014,0,0.10420122052836245,-0.48271093213989147,0.4710172047782466,0,0,1.2027581971908505,0.34992383932585724,1.5770147775512475,0,0.2611841104512447,-0.652076822964367,0.18067742572432,0,0.3003971399509755,-0.09372580753162651,0.6932422959478801,0,0,0,0,0,0,0,0,0,0.6684497522681259,3.3563572920137625,1.5208895153596078,0,1.5912483173098204,1.8870436502613863,2.807024590332248,0,0.2639869959303054,3.161277599341666,1.569724573871568,0,0,0,0,1.8988443411009976,0.4186967859428208,2.655657339575008,0,0.7404031505929751,-0.6144738987928307,0.452227966699736,0,1.0618420274599778,0.5860194738869087,1.4959904893991212,0,0.1558584608876119,1.7208277436504735,-0.23499314034153773,0,0.44159672466708155,1.5626134162466947,1.703416055739969,0,-0.4904046132366755,-1.3242889789872816,-1.79934423115823,0,0,0,0,0,-0.4131984891843947,0.8997929162815783,0,1.5470259147825693,0.7730199443416534,0.8476229761644607,0,1.711193257418028,0.9654871960270137,1.5088999896160056,0,1.613080183030049,0,0,0,0,0.2280161149972617,0.13461812451296318,0,0.09448625588921544,0.15629684681895917,-0.23946527024856756,0,-0.5900011251779862,0,0,0,0,0.2193010739961423,0.1650675829090451,0,0.021388652964221322,-0.01777909253107346,0,0.0578723857266219,-0.02829018060576871,-0.38886560638284173,0,-0.4360208995830188,-0.3853212116598854,0,0,0,0,-0.2996242856354421,0,-0.16963827597403203,-0.2909966649398026,0,0.5927818866595302,0.32483382746517364,0.5046954139118522,0,0,0,0,0,0.5655269793331907,0.3176103649922588,0.39953741181580327,0,0.29300988153970664,0.2472125596889807,0.24436402201924956,0,0,0,0,0,0.20789547316230994,0.27113744346551805,0.43110368741626814,0,0.5677927442821424,0.5297662228271758,0.6665723507930128,0,-0.0027075663841333864,0.04537674177023021,0.23162864835912522,0,0,0,0,0,0.4078109032116952,0.5906448797711885,0.32196133350741185,0,0.9141150728025345,0.8637280147855915,0.6358314953966726,0,0.17614254432606025,0.2158428259199212,0.03969543008747145,0,0,0,0,0,0.7177945181266878,0.7773386448893262,0.39584963583551946,0,1.0463059719196508,0.36065599766767953,0.46946933502648314,0,0.20472967568026057,0.21425840901068405,0.034276375578532026,0,0,0,0,0,0.5303642776543853,-0.13903267617030046,0.5099849898595892,0,1.0445641090047468,0.7270945793864119,0.29317589710459835,0,0.54722094490843,-0.10503568142182829,0.019258989930646564,0,0,0,0,-0.079079633196109,0.4287085369729331,0.6491273971683569,0,0.39950126148653453,0.18899022691327527,0.020709358295444957,0,0.02829442888238276,0.12076547651711955,-0.7036251066641235,0,0.1088748063695224,0.2467077994254936,0.5960700059316952,0,-0.1403249091123122,0.1672771944039333,0.42255495694377565,0,-0.04820609830521505,0.6989774871004251,0.445163899880038,0,0,0,0,0,0.05459694261895187,0.21223492203157335,0.3584227187530864,0,-0.033644381887402375,0.22830399276587698,0.4464736532660627,0,0.25772608714724576,0.7353017852752437,0.5774407822341097,0,0,0,0,0]],"modifications":[]}]}}
