{"modelSettings":{"letterOrder":"ACGT","bindingModeInteractions":[],"bindingModes":[{"fitLogActivity":true,"flankLength":0,"singleStrand":false,"size":11,"dinucleotideDistance":0,"componentName":"Binding mode 0","positionBias":false,"modifications":[]},{"fitLogActivity":true,"flankLength":0,"singleStrand":false,"size":11,"dinucleotideDistance":0,"componentName":"Binding mode 1","positionBias":false,"modifications":[]}],"letterComplement":"C-G,A-T"},"coefficients":{"bindingModeInteractions":[],"bindingModes":[{"mononucleotide":[0,0,0,0,0,0,0,0,0,0,0,0,0,0,0,0,0,0,0,0,0,0,0,0,0,0,0,0,0,0,0,0,0,0,0,0,0,0,0,0,0,0,0,0],"activity":[[-6.173394130554797]],"dinucleotide":[],"modifications":[]},{"mononucleotide":[-0.5207443715116646,0,-0.4448725109520417,-0.6937496030336128,-0.31702691043161124,0,-0.47313499377170487,-0.1393687044619547,-2.56114416826789,-2.6755326226668084,-0.8501403068776856,0,0,-2.9936529041368347,-2.8829835173529634,-3.009199063254999,0,-5.509493449102498,-4.505874609894301,-5.178950806485153,-3.8426140240371813,-4.081125790789718,-3.505914377830414,0,-2.5186257320005483,-2.877412226723094,-2.2794302214582105,0,-0.18636042286399856,-5.905272875691656,0,-2.235682405761013,-0.48722929484109834,-0.8583600394425126,0,-1.5787374863248012,-0.3042869545723015,-0.07223606016951756,-0.4861358663230195,0,-0.30856606820257326,-0.05789329404628418,0,-0.043640074803548146],"activity":[[0]],"dinucleotide":[],"modifications":[]}]}}
