{"modelSettings":{"letterOrder":"ACGT","bindingModeInteractions":[],"bindingModes":[{"fitLogActivity":true,"flankLength":0,"singleStrand":false,"size":12,"dinucleotideDistance":0,"componentName":"Binding mode 0","positionBias":false,"modifications":[]},{"fitLogActivity":true,"flankLength":0,"singleStrand":false,"size":12,"dinucleotideDistance":20,"componentName":"Binding mode 1","positionBias":false,"modifications":[]}],"letterComplement":"C-G,A-T"},"coefficients":{"bindingModeInteractions":[],"bindingModes":[{"mononucleotide":[0,0,0,0,0,0,0,0,0,0,0,0,0,0,0,0,0,0,0,0,0,0,0,0,0,0,0,0,0,0,0,0,0,0,0,0,0,0,0,0,0,0,0,0,0,0,0,0],"activity":[[-7.229932276224764]],"dinucleotide":[],"modifications":[]},{"mononucleotide":[0,-13.17281630620462,-10.511560402948067,-10.435795503248663,-2.71224349013323,-8.215156910061848,-8.099176150221947,0,-3.2337456363141435,-3.874935014089994,-3.599048254210005,0,-0.5133272623389447,-3.5613779936524192,0,-1.4741196324393488,-0.11046397841050482,-0.8638012412532463,0,-1.5639230792216399,-1.0679853393999723,-0.7272602077735479,-0.9070832331329362,0,-0.7894070206748998,-0.7003841063127387,-0.8593669151995966,0,-1.1674392025350295,0,-0.1304816732900571,-0.5992021476607929,-0.599457668550186,-0.6359078581390429,-0.6755056617795754,0,-7.42898905541903,-3.6814903028387764,-15.438902725536257,0,0,-10.287921610624878,-10.976963939931416,-3.6545905611687806,0,-10.006509343184554,-9.078079604770172,-2.9564557073831086],"activity":[[0]],"dinucleotide":[[0,0,0,0,0.11291088404150074,-0.15130588540116463,0.0920504892650591,0,-0.09695309718495437,-0.07266232350798418,-0.15140319229949384,0,0.01940029889845718,-0.09843718591537964,0.0812155923083111,0,-0.40628701536473955,-0.25334150767698116,-0.25684400529336493,0,0.013171827930866797,-0.13001212241162285,-0.0409345609825138,0,0.10721544274298012,-0.004872412751250721,0.056041547679349435,0,0,0,0,0,-0.1968009832770612,0.5537961821757893,0,0.582992094007758,0.26709407863231505,0.5654063518420038,0,0.4209241754990707,0.16205726863207737,0.7917847285809945,0,0.8366446872005788,0,0,0,0,-0.07908078384729134,0.6256292212083485,0,0.17849150190540541,0.6888726006577803,-0.315713661288445,0,0.17446114672294577,0,0,0,0,-0.36159891884922857,-0.2829596173475295,0,-1.4462451558586604,0.03865052710720729,-0.05012059632588528,-0.4750087034334962,0,-0.4172988817324157,0.36277662085934104,-0.40159040168447824,0,0,0,0,0,-0.2403364166952935,0.4606132774080818,0.050801206647885344,0,0.3536673508954937,0.2695691415600274,0.2463206999776144,0,0.40970251629482757,0.39606661366474416,-0.16448836506522646,0,0.4838800949497122,0.07861048053164144,0.2280358907669342,0,0,0,0,0,-0.08736945309308908,0,0.15353534145950487,0.2979847207851991,0.3176940018869514,0,0.2078230608760938,0.5488484642966833,-0.568752764716276,0,0.14899797598716003,0.3765134359042941,0,0,0,0,0.3066119850361648,0.848976574272025,-0.37114824419597703,0,0,0,0,0,-0.5655854450747198,-0.04954371451467221,-0.2623800810513339,0,0.384326316876348,-0.2962280666468864,0.04417710110042883,0,3.179744923292998,-0.9040065762239671,4.180883886910163,0,-0.08225037084779885,-3.8219178768672437,0.39944275362078585,0,2.8831802834071185,-0.5136592939333182,4.429447403136251,0,0,0,0,0,0,1.1643756858853855,0.6248986488199755,1.2534433060597028,0,-0.19180439314165731,0.3223251964412679,2.3012209664326457,0,1.2767975144757884,0.2746609901638095,2.1360379192099046,0,0,0,0,0,0,0,0,0,-0.6928283832879387,0.20348512513000827,0.08822286100053844,0,-0.3552763415761149,-0.07684935090797751,-0.24778626049256758,0,-0.6147505735156038,0.19123690191459275,-0.013135381964206161],[0,0,0,0,-0.42844750964852807,-0.0285749848176593,-0.2009593123072655,0,-0.25310590303379854,0.08584403956081132,-0.018313184457159792,0,-0.4095410875949881,0.09965671556308209,-0.45933175853401664,0,0.33388235936277866,2.733757408668361,0,2.801373438360133,3.012371501555183,3.3260778165355127,0,4.025091793928029,1.4173385110777206,2.108912223648515,0,2.3879920020886267,0,0,0,0,0.2615429471592412,0.09603215537058318,0,0.11213901232398893,0.7725005999211296,0.9599011792896972,0,0.9826273253012614,0.6674161776506207,0.2531259705345166,0,0.9001873007180645,0,0,0,0,0.2803158563773138,0.3164552275600814,0.4445826432280766,0,1.2646679108274048,0.9982822359972996,0.9534898934293006,0,0,0,0,0,0.5688846830563881,0.21167462049532215,0.3988346761738937,0,-0.1413019765021195,-0.21557665265044523,0.018033934182146716,0,-0.022760425105309068,-0.27435097959330523,-0.5632985448631906,0,0,0,0,0,-0.4980855236337396,-0.013234219905221778,-0.14970786475368403,0,-0.2537068915343159,0,0.3084229484436589,-0.25619378060506826,-0.45838696964577785,0,-0.14589425161076175,0.00499167563408065,0.2325170278660309,0,0.09210890014937423,0.18085930634211334,0,0,0,0,-0.17172928344311789,0.7053848763021966,0.5572247963120374,0,-0.3028256511205534,0.5507371865525235,0.1846831117851755,0,-0.18240483581378442,0.7147908821150688,0.45210948754003066,0,0,0,0,0,-1.4268911584927437,-1.523289887784319,-0.015208689389545782,0,0,0,0,0,0.6803218328731102,0.21161830138703674,1.94397724512228,0,1.3801401671966573,0.7830655312760149,3.7557940745630454,0,0,4.28960796141889,2.743520576403526,2.8732979598987294,0,2.901807053893215,3.288128525449075,0.5059026428212281,0,3.6364383274285546,1.7324047821056503,1.9416568853452985,0,0,0,0,0,0.9095124412996611,0.22094675115718587,9.628750034683673,0,0.8945195937763071,0.9717435054615997,3.459404309579206,0,0.841805802284,-0.001128194425415785,9.47543691134246,0,0,0,0],[0,0,0,0,1.2066664091121808,1.3956659686495154,0,1.5925945110554593,1.542881482593721,2.1523970543732602,0,2.3140969910773244,0.6907016282041596,1.1164268236100838,0,1.0548696201100967,0.05537492205424588,-0.3325793580635823,0,0.3054264984633077,0.7292269665270847,0.014550658448165166,0,0.7687722392756751,0.8918642819828495,0.2555825692584186,0,0.9236098509931718,0,0,0,0,0.6769174201497163,-0.05248128196476021,-0.5128474946666968,0,0.9777254236009076,0.4876782515355371,-0.06598067129702923,0,0.24111777594285755,0.40763490962748605,0.17454004075881535,0,0,0,0,0,0.3117903731136513,0.16890840482477731,0.3466500509841657,0,-0.9479953832570942,-0.7138919138666671,-0.7962557486472237,0,0,0,0,0,-0.1530728609808305,-0.04403364853076397,-0.14240007645512076,0,-0.32382286989178954,0,0.2302020040250774,-0.015656708435774824,-0.5919868174874292,0,0.16387564761788997,0.046744364611587486,0,0,0,0,0.3061835355994118,0,0.5014282569057276,0.12145002262315874,0.41978204338061786,-0.33803585646518375,0.12063838654556935,0,0.07283396980223245,0.12995954852370062,0.11359051926376385,0,-0.1425460942827108,-0.23950925834027625,0.06979259979742647,0,0,0,0,0,-1.0851736635358336,0.47847478903648355,-3.4037740619843753,0,-1.567443619831053,-0.2994566099018332,-5.785136915783358,0,-1.3468530856699026,-0.03681800030948512,-4.27787465411388,0,0,0,0,0,0,3.1045703553713437,2.932541195971538,1.8111940016564496,0,0,0,0,0,1.1545916248784351,1.7843367108432737,-0.2394142386698972,0,2.56920850209719,2.762663624933417,-0.30823707319820937,0,4.542355696445878,1.4348193070497022,-3.9263800575763828,0,-0.04415498402644147,3.387283221450649,0.10696015817984605,0,4.227824825884556,0.6712797647726987,-3.8322640703291864,0,0,0,0],[0,0,0,0,0.29418370182411024,-0.14233605857778642,0,-0.10038401985029921,0.4204348891883285,0.09716238145536948,0,0.047292430347880554,0.31366389283600427,-0.054978586323574774,0,0.10077035429918269,0.46741023126584835,0.43074551872425815,1.236738268743533,0,1.2306267166729157,-0.938861412428647,-0.2970375079884633,0,3.2907408202877884,1.5356318738817443,2.202105084995396,0,0,0,0,0,-1.4025899688783596,-0.6796759449816792,-1.5789550765943412,0,-0.5870586912566012,-0.719147612609035,-0.7094881455266853,0,-1.144303183068092,-0.2700628337393738,-0.29081025892040024,0,0,0,0,0,0.038469760820795784,0,-0.14579278023983822,-0.2489444345699212,-0.5389631434498678,0,-1.5573430489971463,0.20326565234479688,0,0,0,0,-0.19840267601447703,0,-0.1319904644914649,0.19917219493891647,