{"modelSettings":{"letterOrder":"ACGT","bindingModeInteractions":[],"bindingModes":[{"fitLogActivity":true,"flankLength":0,"singleStrand":false,"size":10,"dinucleotideDistance":0,"componentName":"Binding mode 0","positionBias":false,"modifications":[]},{"fitLogActivity":true,"flankLength":0,"singleStrand":false,"size":10,"dinucleotideDistance":1,"componentName":"Binding mode 1","positionBias":false,"modifications":[]}],"letterComplement":"C-G,A-T"},"coefficients":{"bindingModeInteractions":[],"bindingModes":[{"mononucleotide":[0,0,0,0,0,0,0,0,0,0,0,0,0,0,0,0,0,0,0,0,0,0,0,0,0,0,0,0,0,0,0,0,0,0,0,0,0,0,0,0],"activity":[[-9.392113600059503]],"dinucleotide":[],"modifications":[]},{"mononucleotide":[-0.5736816326668119,-0.2215462405147477,-0.8304377471432609,0,-1.9322775854706098,-3.550821947906023,-3.5760008173117264,0,0,-3.4368535538619316,-0.4275322392680678,-3.5260641014685916,0,-8.540915930020748,-3.7291411219065154,-4.125782559520829,-3.866389096554185,-4.052387866476641,-3.510829135832939,0,-2.7357560404556605,-2.9086537635238514,-1.4286574093930735,0,0,-2.8191471905107095,-0.5591991969454764,-1.6843475357832736,-0.17058066194129573,-0.4105741354365211,0,-0.8006061774558875,-0.13822193273038508,-0.15086875786993126,-0.4014168971066905,0,-0.14946516148221178,-0.4184726646292951,-0.3253529849458694,0],"activity":[[0]],"dinucleotide":[[-0.6598072281046576,0.4020708248075415,0.5360001528914768,0,-0.12844872304850696,-0.6735438673897933,-0.14064515024750612,0,0.023351965432382826,-0.524283520946458,0.9645030954456857,0,0,0,0,0,0,0.2872868527768677,-0.33362452423915556,1.534752530604127,0,1.1478884068617443,0.6754071259114625,2.987466551506575,0,-2.5372283723381575,-0.05018520012839822,2.7795730627347988,0,0,0,0,0,0,0,0,0,5.1277096305057634,3.7966964110181944,2.784107112227323,0,-0.17486260324785619,-0.8054176857667859,-1.2515135298462852,0,7.591603558834043,2.774666414916692,3.4785829307541185,0,0,0,0,1.802433552744949,2.8307865864080206,2.9986921003062967,0,-1.8609326209944133,-0.6226353816655266,2.564047107634325,0,3.3426256040962965,3.920523677688033,3.0584071859666553,0,1.523416038373199,1.7758330703432605,0.5648875748059403,0,2.165223350660103,2.1790713257085113,1.3593511363885558,0,1.7346748418192943,0.6138466925117534,0.589708634894965,0,0,0,0,0,0,1.4638902478664955,-0.39916609777499623,0.7800235729507783,0,1.4018943843930005,0.05801747707274263,1.048438989777921,0,0.6497057155351991,-1.0416719138542403,-0.2984275221528758,0,0,0,0,0,0,0,0,-0.018892856368659672,-0.2829511319782334,0,0.47950821157530843,-0.097848976745734,0.35926766399253296,0,0.19596791980185646,-0.03350032820908222,-0.2990586911759827,0,0.25228504874452984,-0.17467025931862246,0.03886454394324268,-0.01933209098396027,0,0.2917504222119369,0.016494944451451943,0.14458925963593217,0,0,0,0,0,0.2535907857945281,0.10036485565147846,0.28814232876351564,0,0.005180881216709565,0.07857042023363192,-0.20440244933801477,0,0.12468815226984908,-0.08352148469359744,-0.1833635593016565,0,0.12353926153772754,0.12935534541694516,-0.0025826312560583986,0,0,0,0,0]],"modifications":[]}]}}
