{"modelSettings":{"letterOrder":"ACGT","bindingModeInteractions":[],"bindingModes":[{"fitLogActivity":true,"flankLength":0,"singleStrand":false,"size":12,"dinucleotideDistance":0,"componentName":"Binding mode 0","positionBias":false,"modifications":[]},{"fitLogActivity":true,"flankLength":0,"singleStrand":false,"size":12,"dinucleotideDistance":0,"componentName":"Binding mode 1","positionBias":false,"modifications":[]}],"letterComplement":"C-G,A-T"},"coefficients":{"bindingModeInteractions":[],"bindingModes":[{"mononucleotide":[0,0,0,0,0,0,0,0,0,0,0,0,0,0,0,0,0,0,0,0,0,0,0,0,0,0,0,0,0,0,0,0,0,0,0,0,0,0,0,0,0,0,0,0,0,0,0,0],"activity":[[-5.7729575342797155]],"dinucleotide":[],"modifications":[]},{"mononucleotide":[-0.2847803457413871,-0.39434293249310315,-0.32086870837201964,0,-0.3887202141868258,0,-0.22583951934035973,-0.008958166099276355,-0.47777036857800503,0,-0.5528200046776206,-0.1187200673673825,0,-0.4975783279957593,-0.8431935650463576,-0.7268421080292118,0,-1.468630460220007,-1.0444682196323622,-1.6739830677006324,-2.4847045745845406,-3.805885548976471,-4.614812151284328,0,-3.4430049861980154,-2.0156768667082563,-2.54891819698131,0,0,-2.615942944352396,-2.047307183006546,-1.758039025399765,-0.0229267482517157,-0.1300400854545707,0,-0.07964436742943715,-0.32132002793568937,0,-0.15297279639117622,-0.18128751681570154,-0.08173318100394322,0,-0.08017888807476492,-0.0145920532221826,-0.19007058230060814,-0.19636208686141554,-0.335628663796963,0],"activity":[[0]],"dinucleotide":[],"modifications":[]}]}}
