{"modelSettings":{"letterOrder":"ACGT","bindingModeInteractions":[],"bindingModes":[{"fitLogActivity":true,"flankLength":0,"singleStrand":false,"size":12,"dinucleotideDistance":0,"componentName":"Binding mode 0","positionBias":false,"modifications":[]},{"fitLogActivity":true,"flankLength":0,"singleStrand":false,"size":12,"dinucleotideDistance":1,"componentName":"Binding mode 1","positionBias":false,"modifications":[]},{"fitLogActivity":true,"flankLength":0,"singleStrand":false,"size":12,"dinucleotideDistance":1,"componentName":"Binding mode 2","positionBias":false,"modifications":[]}],"letterComplement":"C-G,A-T"},"coefficients":{"bindingModeInteractions":[],"bindingModes":[{"mononucleotide":[0,0,0,0,0,0,0,0,0,0,0,0,0,0,0,0,0,0,0,0,0,0,0,0,0,0,0,0,0,0,0,0,0,0,0,0,0,0,0,0,0,0,0,0,0,0,0,0],"activity":[[-6.545935562081914]],"dinucleotide":[],"modifications":[]},{"mononucleotide":[-0.12688939340639838,0,-0.07592160720661933,-0.10090241873261441,-0.31144645068383214,-0.295453482252408,0,-0.46132164627070704,-0.15299623499640136,-0.05099031197619741,-0.3181835629555385,0,-1.4955575071246077,-2.4000499248073393,-2.681540967032188,0,0,-2.712583294123786,-2.422018807888055,-2.95960495881277,0,-3.984900456900915,-3.0154402329541394,-3.353181630521797,-1.957638119660746,-1.4850318267331073,-1.344327661543207,0,-0.8622181050501097,-1.0311280272040835,-1.052453801167777,0,-0.3044603684275873,-0.47039548009667476,0,-0.5184715067358541,0,-0.1949784747133929,-0.043423084641698306,-0.39029970260926294,0,-0.6134489182778657,-0.33803022498209856,-0.5198880072651821,-0.5252125154783189,-0.4910451817677637,-0.7784225061327152,0],"activity":[[0]],"dinucleotide":[[-0.1074586576509371,0.11885049734654807,0,0.07093872666450096,0,0,0,0,0.31437380324077147,0.15022768371933592,0,0.08385392329508345,-0.12370293111793229,0.25053722468886663,0,-0.08345770866365942,-0.0023227798866032323,0.08612158722030072,0.13019355771887398,0,-0.05227544347110369,-0.06497057308537446,0.26691527663376924,0,0,0,0,0,0.057083720789761205,0.04675673522278112,0.14694819942411907,0,-0.306151735665825,0.07327978558147707,0.06633057330439618,0,0.09594039405997279,-0.09504077840578562,0.6882032628539734,0,-0.09666431017871058,0.18583828454550622,0.2756669920271313,0,0,0,0,0,0,-0.29659580817848585,-0.19321423956591044,1.1249082116564568,0,0.13223789905963113,0.30932426968710125,0.8469896084263944,0,0.034622996167740894,0.5379671486183888,1.4731749099683222,0,0,0,0,0,0,0,0,0,2.078548114319209,3.496920197435643,1.6988978305628066,0,1.2413185623123875,1.5904464556962763,1.2184630861370067,0,1.4604904057459542,2.361566446197335,1.2388535170527977,0,0,0,0,1.28792241969657,0.5302662329665413,0.8124324995526404,0,0.7572925799694197,-1.1349830369674327,-0.4692005090410829,0,1.2384246237929473,0.8075692109939032,0.9694510208120048,0,0.05496823768456505,0.22525258217172128,0.11703937690056865,0,0.431768568430388,0.14751546318213737,0.5117494492927959,0,-0.9101166609723701,-0.7685528061608351,-0.6006273474590893,0,0,0,0,0,0.10177297568572152,0.1650213360644699,0,0.0973720991905691,0.4571891042084961,0.22944430524796156,0,0.3256322667515117,0.7290665102328131,0.4360218441500785,0,0.49564057925943095,0,0,0,0,0,0.056631600278202576,0.1562071266188374,0.017022345507067715,0,-0.4286905118272559,-0.45409464781796083,-0.24069655672334433,0,0,0,0,0,-0.035382567748086347,-0.34413256458901764,-0.29362082400001754,0,0,0,0,0,0.14854774937493032,-0.10496490393128832,0.22963061913323468,0,0.1432790647869555,0.10397745151975579,0.22114971572617925,0,0.1849311308104311,0.14069417728617184,0.06285234806452,0,0,0,0,0.6274136378632047,0.3152762575969652,0.6069199355961223,0,0.055778478656300035,0.042206777599953726,0.24829291960156574,0,0.44461748623623665,0.21240527911946017,0.6228339126165028,0]],"modifications":[]},{"mononucleotide":[-0.5231896167421756,-0.6993524083879006,0,-0.40768273998855653,-0.8322171320376663,-1.0691165980775605,0,-0.5772999082314271,-0.8714141830621925,-1.0136228287873181,0,-0.6129377672236296,-0.4392048188040901,-0.8382145192142041,0,-0.6068015885848076,-0.33128976874647154,-0.18333217199444007,-0.03164555557588722,0,-0.7608721493558466,-1.1248874265422595,0,-1.0248965841971107,-0.9247436465949953,-0.824896804611562,0,-0.7313393609044159,-1.0417627620396752,-0.6243093150876933,0,-0.34338951876441093,0,-0.5024124966333271,-0.840048648264218,-0.17289592678939147,-1.2642130038608594,-0.8033835678643347,0,-0.8754718942050963,-1.618446962985824,-2.631159606619368,0,-1.1772625541043729,-0.9770938269810476,-1.059448947127196,0,-0.8956899571417445],"activity":[[-0.9861587880484936]],"dinucleotide":[[0.12700092109322325,0.22285255443852447,0,-0.25350729831831353,0.4102333027433296,0.3985320926957332,0,-0.1774300880886459,0,0,0,0,-0.24107742531519194,0.16796649523722662,0,-0.33097019861611654,0.27074775797402717,0.06255699026639605,0,-0.10246977425786175,0.3407389205743936,0.2596397546975133,0,-0.11666697480424748,0,0,0,0,0.0010335576951963077,0.06344125601633221,0,-0.1733915442623457,0.05887843579619756,-0.09161135245582086,0,-0.21290762953312337,0.046515993845376524,0.20609595572980122,0,-0.08722679447138848,0,0,0,0,0.10122523904451264,0.03862144648815202,0,-0.08037146988821631,0.17771309865713414,-0.04492613614348118,0.3560097332869724,0,0.27580638845570615,0.009289447882313118,0.3929440686715677,0,0,0,0,0,0.25602296026714544,-0.0644561180275437,0.28848333251993996,0,0.2729077608072408,0.6659843804603347,0,0.032833022764769515,0.005405039937859679,0.22843763493249591,0,-0.24931363291768704,0.09835270554182829,0.5189233974414824,0,0.371460766621869,0,0,0,0,0.3130920194053777,0.13622109871553323,0,-0.15686877780244335,0.5501912307458803,0.2762425641501036,0,-0.32156391825861785,0,0,0,0,0.1358646157011414,0.20308019118648568,0,0.11661322728404899,0.9592472029050851,1.1055946450072747,0,0.9560512946435169,0.46401975776918825,0.521833990519484,0,0.056105044747116306,0,0,0,0,0.1569422612235467,7.237131778945471E-4,0,0.4032932623201546,0,-0.49377433595890796,-0.4299672526127287,-0.8177949547698407,0,-0.23918633109199527,-0.2940792399816141,-0.6979954612126369,0,0,0,0,0,-0.508845669734249,-0.4027006241589075,-0.7354652505165984,0,0,0,0,-0.1542342619742929,-0.29537996932399624,0,-0.331274917766043,0.31423938074867896,0.034039451873492554,0,0.09646668945177694,-0.06430250599379361,-0.01192080977441401,0,-0.27636036377071926,0.780514387585769,1.155941552347775,0,0.3234900802347842,0.41742941209825535,0.8863097852470592,0,-0.012317804626134743,0,0,0,0,0.7992090711793542,1.8396163228923423,0,0.14870586637933103,0.14691408657868354,0.27157713217687673,0,0.2812918092207859,0.8785568990125716,0.7939883747096936,0,1.6805688206803977,0,0,0,0,-0.1819825482595685,-0.016816075954686927,0,-0.10498813413241148]],"modifications":[]}]}}
