{"modelSettings":{"letterOrder":"ACGT","bindingModeInteractions":[],"bindingModes":[{"fitLogActivity":true,"flankLength":0,"singleStrand":false,"size":12,"dinucleotideDistance":0,"componentName":"Binding mode 0","positionBias":false,"modifications":[]},{"fitLogActivity":true,"flankLength":0,"singleStrand":false,"size":12,"dinucleotideDistance":1,"componentName":"Binding mode 1","positionBias":false,"modifications":[]}],"letterComplement":"C-G,A-T"},"coefficients":{"bindingModeInteractions":[],"bindingModes":[{"mononucleotide":[0,0,0,0,0,0,0,0,0,0,0,0,0,0,0,0,0,0,0,0,0,0,0,0,0,0,0,0,0,0,0,0,0,0,0,0,0,0,0,0,0,0,0,0,0,0,0,0],"activity":[[-7.406423407272366]],"dinucleotide":[],"modifications":[]},{"mononucleotide":[-0.1672324155733662,0,-0.12848160534356978,-0.5110849742571766,-0.3251091834468518,0,-0.2355765485832393,-0.11069544744901094,-1.2798400049144085,-1.7345419821474124,-1.7439969472227723,0,0,-2.911507234908539,-2.0799611329633088,-2.846939474828112,0,-4.817516384904695,-3.51459498457021,-3.153074938275518,-2.0987853751738044,-1.5206751912283814,-1.3918773815099534,0,-1.1168913074125477,-1.131350221442176,-1.2920813699182325,0,-0.40209143141519377,-0.5501683436086147,0,-0.4998937494926814,0,-0.206380948692388,-0.08529708705113492,-0.3431897776434987,0,-0.45268229086454426,-0.29691048392416874,-0.4657729463770295,-0.6976577940454369,-0.669938768295502,-0.9220941869205284,0,-0.2625912465111444,-0.5692358144224077,-0.7167512873598625,0],"activity":[[0]],"dinucleotide":[[0.13648192676259896,0,0.02765829775934847,0.07329049665171894,0,0,0,0,0.22900857652667028,0,-0.04225725484372589,0.18057419251829288,0.3152552534039721,0,0.19352870581944615,0.27725645180698777,-0.9833248111947945,-1.5580774204458843,-1.1704631064929032,0,0,0,0,0,-0.6860321601751345,-1.6680482874110707,-4.322222530726307,0,-0.6481923840739761,-0.6564129674512209,-1.4330142283339296,0,0,2.061245424400104,0.19130323203159705,0.9651701742923624,0,2.1521569700808403,1.591104822886214,2.5725362243009364,0,1.6453185259534973,1.0955298574966612,1.260257551862563,0,0,0,0,0,0,0,0,0,4.368127609472265,2.940255773083276,2.3810261641007937,0,3.1582990533348445,0.8560277743075524,-0.033020305502680536,0,3.6618120426655034,3.082264696796039,1.4339600143641462,0,0,0,0,2.0517852839494335,2.3513756413434015,1.6157282228475793,0,-5.517372652118886,-3.358405177728586,-4.488742369938996,0,1.0033702642345732,1.445582070080449,-3.120077067026388,0,-0.8346945826327721,0.8349690701671069,-1.2163339826665078,0,0.7860155569512699,0.681064272931291,0.5401826159786935,0,-0.6029565303472815,-0.7541064062222897,-1.2342207235929585,0,0,0,0,0,0.09175407664222845,0.6478617098196722,0,0.20999871302108986,0.48852418268410247,0.4807868921329046,0,0.6028138900360638,0.9986886900212539,0.7630032141006531,0,0.5251159008638844,0,0,0,0,0,0.15713034493153444,0.32864944037706323,0.052884087637206534,0,0.07325727319760844,-0.1930749927318729,-0.2480870196778433,0,0,0,0,0,-0.03410595357474833,-0.19632472707281678,-0.20144545835217897,0,0,0,0,0,0.3692864453809648,0.007078609048608797,0.2637525089035435,0,0.11823755568931205,-0.1281715330670501,0.1630409137977118,0,0.1969817867038408,0.07162853730154595,0.16828040125646737,0,0,0,0,0.6724357380442108,0.4342865589844962,0.6999903824912117,0,0.11386218983462015,-0.00547411533466402,0.06883640303245286,0,0.44174944738580635,0.22048577636742905,0.6205764024109293,0,0.12795998201843517,0.41699939919902995,0.040188240441930034,0,0.3774075108580295,0.6454631248449001,0.7380641620823827,0,-0.0406969034980218,0.4593117435267242,0.14704699318143177,0,0,0,0,0]],"modifications":[]}]}}
