{"modelSettings":{"letterOrder":"ACGT","bindingModeInteractions":[],"bindingModes":[{"fitLogActivity":true,"flankLength":0,"singleStrand":false,"size":12,"dinucleotideDistance":0,"componentName":"Binding mode 0","positionBias":false,"modifications":[]},{"fitLogActivity":true,"flankLength":0,"singleStrand":false,"size":12,"dinucleotideDistance":1,"componentName":"Binding mode 1","positionBias":false,"modifications":[]}],"letterComplement":"C-G,A-T"},"coefficients":{"bindingModeInteractions":[],"bindingModes":[{"mononucleotide":[0,0,0,0,0,0,0,0,0,0,0,0,0,0,0,0,0,0,0,0,0,0,0,0,0,0,0,0,0,0,0,0,0,0,0,0,0,0,0,0,0,0,0,0,0,0,0,0],"activity":[[-6.973721072586729]],"dinucleotide":[],"modifications":[]},{"mononucleotide":[-0.16464548516991862,0,-0.13364771481514204,-0.5311443708925889,-0.34189794176146826,0,-0.23183494833445373,-0.10658146965140602,-1.3363130442832247,-1.8354620942885642,-1.7986775057434592,0,0,-3.696383665414709,-2.028296431886308,-3.263959457121473,0,-4.702797202357479,-3.9471543048744797,-3.169734670662855,-2.134573820716577,-1.5638727835363708,-1.3925256675874822,0,-1.1409826421274705,-1.1555753700364289,-1.3187417690598462,0,-0.3698666484996185,-0.523005716534402,0,-0.4654954718207289,0,-0.20691737871329785,-0.0690236288467112,-0.3584075278494163,0,-0.4647806033282995,-0.310742166534153,-0.4793096290792702,-0.6995335033340622,-0.674402785064669,-0.9855899435076436,0,-0.25619592370296207,-0.5831670027769,-0.7227492302741014,0],"activity":[[0]],"dinucleotide":[[0.1855030848421464,0,0.039642191365111046,0.10103740127802041,0,0,0,0,0.2683674963934308,0,-0.05592210564194744,0.19353828407037454,0.3469023670967868,0,0.2082566108727235,0.29522170666426106,-1.0482205327023513,-1.3208870964343733,-1.3384297533232186,0,0,0,0,0,-0.7494669475562761,-1.9291743358715863,-1.8650083262466852,0,-0.6772902133812924,-0.3773959161924241,-1.552150473411693,0,0,2.445303133311021,-0.2143523625020176,1.402503407333569,0,2.6189820254065364,1.264746432952074,2.9002812083833405,0,2.275430469856606,-0.11663258931373166,0.8912292302740328,0,0,0,0,0,0,0,0,0,4.694598927329762,3.1637997142085226,2.4657157994727648,0,2.523799449244941,1.3757884106861713,1.6055181651671866,0,3.7967467067622636,1.6650786101399246,1.7245344550018622,0,0,0,0,2.17462838212533,2.3154972676802705,1.358836061358196,0,-0.33416398285159676,0.03190325983134734,-0.47296955681972275,0,1.019307175671786,1.410755339247284,0.9972046291587624,0,-0.7816358542766917,0.8494453257435586,-1.1846448465504515,0,0.7860209713430777,0.6727284715513528,0.5577398982708361,0,-1.1443047904415997,-0.9132374041960016,-1.7153114862578756,0,0,0,0,0,0.13832017753555537,0.6443516565111524,0,0.1837523308452509,0.46149114065030705,0.5160833308628634,0,0.6232068947103997,1.0366089826808054,0.7763263088230827,0,0.5508703207384915,0,0,0,0,0,0.12440931353508589,0.29092890482785716,0.03516760611407754,0,0.05879016834824213,-0.23915219038544766,-0.24215626305911897,0,0,0,0,0,-0.05770577237765462,-0.2297418065765342,-0.21934399077172273,0,0,0,0,0,0.3991081854424747,0.004114052898285259,0.28727952049930483,0,0.13279076446266913,-0.10181587752161647,0.18237256947026204,0,0.20954683783736971,0.07479757046833324,0.18233928142541167,0,0,0,0,0.6759960701832632,0.4114285762246803,0.7228291951384538,0,0.10886284294117043,-0.018771868029364924,0.12556296352479546,0,0.444708345262236,0.21789893714062547,0.6601851420423168,0,0.12498111775733012,0.41276939158055637,0.05588328326194336,0,0.38740330048820404,0.6448919989352415,0.7538856156450704,0,-0.02411192022500952,0.4885975030604781,0.14704383601198412,0,0,0,0,0]],"modifications":[]}]}}
