{"modelSettings":{"letterOrder":"ACGT","bindingModeInteractions":[],"bindingModes":[{"fitLogActivity":true,"flankLength":0,"singleStrand":false,"size":12,"dinucleotideDistance":0,"componentName":"Binding mode 0","positionBias":false,"modifications":[]},{"fitLogActivity":true,"flankLength":0,"singleStrand":false,"size":12,"dinucleotideDistance":0,"componentName":"Binding mode 1","positionBias":false,"modifications":[]}],"letterComplement":"C-G,A-T"},"coefficients":{"bindingModeInteractions":[],"bindingModes":[{"mononucleotide":[0,0,0,0,0,0,0,0,0,0,0,0,0,0,0,0,0,0,0,0,0,0,0,0,0,0,0,0,0,0,0,0,0,0,0,0,0,0,0,0,0,0,0,0,0,0,0,0],"activity":[[-5.279494724580015]],"dinucleotide":[],"modifications":[]},{"mononucleotide":[-0.09444084091979299,-0.09038044642694132,0,-0.2559770414451741,-0.15596898378117352,-0.044846110299667785,-0.19309075043546464,0,-1.6676336893622725,-2.281694847868131,-2.71074857998041,0,0,-2.455669214925976,-2.136393055452243,-3.12421224657664,0,-5.0686189922646525,-4.146091712137126,-2.37322116170645,-1.8393153594318612,-1.1609008127653784,-1.6604555912368149,0,-0.8287796876099085,-0.9125414698823455,-0.6101632405316098,0,-0.05348995930492695,-0.6199867127394993,0,-0.40010255719874177,-0.003929265998109166,-0.2568200921234238,0,-0.35469845287937485,0,-0.2374288588338338,-0.4222437038910263,-0.21515428877344256,-0.18738384736035663,-0.28522736109850033,-0.33803340061648335,0,-0.14229243026993466,-0.43733397052174805,-0.5097125908032059,0],"activity":[[0]],"dinucleotide":[],"modifications":[]}]}}
