{"modelSettings":{"letterOrder":"ACGT","bindingModeInteractions":[],"bindingModes":[{"fitLogActivity":true,"flankLength":0,"singleStrand":false,"size":12,"dinucleotideDistance":0,"componentName":"Binding mode 0","positionBias":false,"modifications":[]},{"fitLogActivity":true,"flankLength":0,"singleStrand":false,"size":12,"dinucleotideDistance":0,"componentName":"Binding mode 1","positionBias":false,"modifications":[]}],"letterComplement":"C-G,A-T"},"coefficients":{"bindingModeInteractions":[],"bindingModes":[{"mononucleotide":[0,0,0,0,0,0,0,0,0,0,0,0,0,0,0,0,0,0,0,0,0,0,0,0,0,0,0,0,0,0,0,0,0,0,0,0,0,0,0,0,0,0,0,0,0,0,0,0],"activity":[[-5.79251770096335]],"dinucleotide":[],"modifications":[]},{"mononucleotide":[-0.28941831558694364,-0.4356426736145078,-0.33236501913937566,0,-0.3983564505244299,-0.0268597885015307,-0.23937187664087567,0,-0.49643864346656663,0,-0.5780834232429157,-0.090724034060095,0,-0.5395725340544804,-0.8496932524655687,-0.7513715128137566,0,-1.6364388153578453,-1.0585614960633745,-1.7601423834928953,-2.299197332622086,-3.7445785221595385,-3.947512574739837,0,-3.1353943389244248,-2.1390426561093827,-2.4602322839149595,0,0,-2.694041093066849,-2.122670775300713,-1.6926072225363082,-0.016070307712088727,-0.14738742443189334,0,-0.08246912524186811,-0.32641286153948545,0,-0.13468247403932665,-0.17845122589204365,-0.061785198051472534,0,-0.08641622954745642,-0.0032377027221617283,-0.1802445629207572,-0.1846421575010435,-0.3393399908212098,0],"activity":[[0]],"dinucleotide":[],"modifications":[]}]}}
