{"modelSettings":{"letterOrder":"ACGT","bindingModeInteractions":[],"bindingModes":[{"fitLogActivity":true,"flankLength":0,"singleStrand":false,"size":15,"dinucleotideDistance":0,"componentName":"Binding mode 0","positionBias":false,"modifications":[]},{"fitLogActivity":true,"flankLength":0,"singleStrand":false,"size":15,"dinucleotideDistance":0,"componentName":"Binding mode 1","positionBias":false,"modifications":[]}],"letterComplement":"C-G,A-T"},"coefficients":{"bindingModeInteractions":[],"bindingModes":[{"mononucleotide":[0,0,0,0,0,0,0,0,0,0,0,0,0,0,0,0,0,0,0,0,0,0,0,0,0,0,0,0,0,0,0,0,0,0,0,0,0,0,0,0,0,0,0,0,0,0,0,0,0,0,0,0,0,0,0,0,0,0,0,0],"activity":[[-6.908953370846768]],"dinucleotide":[],"modifications":[]},{"mononucleotide":[0,-0.21100776581787706,-0.1479744033105561,-0.039773955088032054,0,-0.20155288089833157,-0.23232224578846505,-0.006799844910888808,-0.638105671585441,-0.9867089409901748,-0.8345692943011027,0,0,-1.231925957474708,-0.7321848855720017,-0.6834300596026281,0,-0.9942848920279843,-0.9748777662551387,-0.4036075724785171,-1.0088477701074972,-0.5133787586903438,-1.0307728803404252,0,-1.0067082276927781,0,-0.5292942962684517,-0.019508145434020463,-0.7670849707841061,-0.5047825629850387,-0.6863356208182338,0,0,-1.4019938957977374,-0.8790416544198028,-1.7732775987913696,0,-3.357675039204583,-1.9739339613563969,-3.9343822411176292,-6.912838877914805,-6.189413125413671,-6.36370103641141,0,-1.6010814286248047,-2.4213839884419475,-3.3474041274779625,0,0,-3.580852360693499,-2.0434239624741366,-1.576879263074633,0,-0.352042204776005,-0.11013786728011254,-0.34988570998351065,-0.34900118111035816,0,-0.03427179971573047,-0.16461187354433626],"activity":[[0]],"dinucleotide":[],"modifications":[]}]}}
