{"modelSettings":{"letterOrder":"ACGT","bindingModeInteractions":[],"bindingModes":[{"fitLogActivity":true,"flankLength":0,"singleStrand":false,"size":15,"dinucleotideDistance":0,"componentName":"Binding mode 0","positionBias":false,"modifications":[]},{"fitLogActivity":true,"flankLength":0,"singleStrand":false,"size":15,"dinucleotideDistance":0,"componentName":"Binding mode 1","positionBias":false,"modifications":[]}],"letterComplement":"C-G,A-T"},"coefficients":{"bindingModeInteractions":[],"bindingModes":[{"mononucleotide":[0,0,0,0,0,0,0,0,0,0,0,0,0,0,0,0,0,0,0,0,0,0,0,0,0,0,0,0,0,0,0,0,0,0,0,0,0,0,0,0,0,0,0,0,0,0,0,0,0,0,0,0,0,0,0,0,0,0,0,0],"activity":[[-6.482607345915057]],"dinucleotide":[],"modifications":[]},{"mononucleotide":[0,-0.03506756029786118,-0.05050504247009613,-0.0022467823511576057,-0.04306364224410153,-0.20946190941683618,-0.3062026340903081,0,-0.7493233040938598,-1.7105452036518551,-1.7433559054474168,0,0,-1.458665149881055,-1.0593773807031432,-0.450828328381192,0,-1.2616736667759376,-1.1544462502515032,-0.7793663501779093,-0.7994582451265817,-0.7215429157465376,-0.756676912123055,0,-1.3107807422134883,0,-0.8269533424857869,-0.17246876630422037,-1.4143457754361872,-0.4721564955560691,-1.2436549104069776,0,0,-1.3780929497602319,-1.2595109227338952,-1.9617748656327914,0,-2.7864155499737207,-2.128922514829962,-3.226231326220266,-6.033716750777142,-5.478410148612978,-5.845145792460968,0,-1.797729019094283,-2.100046354425257,-3.388165720306387,0,0,-1.3067525707391372,-1.9048297370192842,-1.728805196322126,0,-0.3805823842119356,-0.016112255512970464,-0.09874231226326557,-0.4711392848925158,0,-0.14390168184057295,-0.06216408164150877],"activity":[[0]],"dinucleotide":[],"modifications":[]}]}}
