{"modelSettings":{"letterOrder":"ACGT","bindingModeInteractions":[],"bindingModes":[{"fitLogActivity":true,"flankLength":0,"singleStrand":false,"size":15,"dinucleotideDistance":0,"componentName":"Binding mode 0","positionBias":false,"modifications":[]},{"fitLogActivity":true,"flankLength":0,"singleStrand":false,"size":15,"dinucleotideDistance":0,"componentName":"Binding mode 1","positionBias":false,"modifications":[]}],"letterComplement":"C-G,A-T"},"coefficients":{"bindingModeInteractions":[],"bindingModes":[{"mononucleotide":[0,0,0,0,0,0,0,0,0,0,0,0,0,0,0,0,0,0,0,0,0,0,0,0,0,0,0,0,0,0,0,0,0,0,0,0,0,0,0,0,0,0,0,0,0,0,0,0,0,0,0,0,0,0,0,0,0,0,0,0],"activity":[[-6.505992808455801]],"dinucleotide":[],"modifications":[]},{"mononucleotide":[-0.053488535971316864,-0.12419351948512869,0,-0.45943088434391477,-0.0841332849415597,0,-0.36301066243922264,-0.00893397987366562,-1.631793858644599,-1.7997261140518184,-1.215405941420645,0,0,-2.989029943865596,-2.049466784341398,-1.7749842753726401,0,-5.449888524454657,-5.358764787720005,-6.052939230219276,-3.428452014619432,-2.0937025393462445,-2.7003114413378206,0,-1.938090671520019,-1.2253459522124341,-1.5152467913378178,0,0,-1.295356852515047,-0.49741074524476403,-1.4270395729266614,-0.15550443479978782,-0.8106445914319469,0,-1.1991631826096096,0,-0.7739875961893077,-0.7301980235426182,-0.7294428198942935,-0.8791911245493615,-1.2575378516748312,-1.2693877509842384,0,-0.4566142962833961,-0.9822630324384694,-1.2955796560590702,0,0,-1.6608377377242114,-1.6634688435511373,-0.7448274801228205,0,-0.3459114379372803,-0.2519315881223019,-0.0682915797933159,-0.025626955304250743,-0.044030518690480136,-0.02307873998968013,0],"activity":[[0]],"dinucleotide":[],"modifications":[]}]}}
