{"modelSettings":{"letterOrder":"ACGT","bindingModeInteractions":[],"bindingModes":[{"fitLogActivity":true,"flankLength":0,"singleStrand":false,"size":15,"dinucleotideDistance":0,"componentName":"Binding mode 0","positionBias":false,"modifications":[]},{"fitLogActivity":true,"flankLength":0,"singleStrand":false,"size":15,"dinucleotideDistance":0,"componentName":"Binding mode 1","positionBias":false,"modifications":[]}],"letterComplement":"C-G,A-T"},"coefficients":{"bindingModeInteractions":[],"bindingModes":[{"mononucleotide":[0,0,0,0,0,0,0,0,0,0,0,0,0,0,0,0,0,0,0,0,0,0,0,0,0,0,0,0,0,0,0,0,0,0,0,0,0,0,0,0,0,0,0,0,0,0,0,0,0,0,0,0,0,0,0,0,0,0,0,0],"activity":[[-7.004148119348525]],"dinucleotide":[],"modifications":[]},{"mononucleotide":[-0.4090825493578194,-0.3276726363408322,0,-0.643631748652421,-0.46117493357100514,-0.15523942874435548,-0.452655308164573,0,-1.856388689049984,-0.6618754046861071,-4.3792503021803055,0,0,-2.467274982647906,-1.69766517820287,-1.773776136107296,0,-4.031605669511658,-5.5156458156334605,-5.541457062917498,-3.8862625750782014,-1.8816940285010917,-2.723461047065566,0,-1.7754828118406163,-1.0890463381012054,-1.3843336271931017,0,0,-0.8008667978787116,-0.5945513393081185,-0.9733169068583418,-0.12067581246586556,-0.6095397142657539,0,-0.7740798667961446,0,-0.5128754643145825,-0.5617385780472617,-0.5555235867113737,-0.6885248690540102,-0.7086012598436611,-0.4952823654642948,0,-0.5538729894654786,-0.7135336083264878,-0.9012649322643593,0,0,-0.9701477862769323,-1.0066746146920895,-0.38060738723443066,-0.11063706994258737,-0.28615951819492125,-0.2196369017061386,0,0,-0.20931185538912445,-0.1633092582408331,-0.03455179414323162],"activity":[[0]],"dinucleotide":[],"modifications":[]}]}}
