{"modelSettings":{"letterOrder":"ACGT","bindingModeInteractions":[],"bindingModes":[{"fitLogActivity":true,"flankLength":0,"singleStrand":false,"size":14,"dinucleotideDistance":0,"componentName":"Binding mode 0","positionBias":false,"modifications":[]},{"fitLogActivity":true,"flankLength":0,"singleStrand":false,"size":14,"dinucleotideDistance":0,"componentName":"Binding mode 1","positionBias":false,"modifications":[]}],"letterComplement":"C-G,A-T"},"coefficients":{"bindingModeInteractions":[],"bindingModes":[{"mononucleotide":[0,0,0,0,0,0,0,0,0,0,0,0,0,0,0,0,0,0,0,0,0,0,0,0,0,0,0,0,0,0,0,0,0,0,0,0,0,0,0,0,0,0,0,0,0,0,0,0,0,0,0,0,0,0,0,0],"activity":[[-7.406834013353905]],"dinucleotide":[],"modifications":[]},{"mononucleotide":[-0.4763089291009557,-0.280512125764119,0,-0.5665630693794057,-0.7632254223245649,0,-0.6116540322081416,-0.4789218788528373,-0.37167129093617035,-1.2520639930522508,-2.935851013137164,0,0,-2.9330791446237923,-2.0327507947089707,-1.4104903571209695,0,-7.1124945217079745,-6.641429718233558,-7.802664586821896,-5.351848087446111,-2.5163589014437946,-3.0736718567522434,0,-2.1951008198389506,-0.9355916804301376,-1.5279337582030426,0,0,-1.028123393947693,-0.45130554407912093,-1.5756802940873458,-0.10775016056488873,-0.7608985635805414,0,-1.1834993452039129,0,-0.5026254631909879,-0.5340832079354101,-0.5156252207045586,-0.7235336571987645,-0.5902485146041379,-0.6888048192771095,0,-0.7586476702688358,-0.6917816948417457,-1.0709802879402925,0,0,-0.8203769980073012,-0.9567967243528397,-0.23388695008896576,0,-0.44463955327890403,-0.052588355983758106,-0.2576377086969952],"activity":[[0]],"dinucleotide":[],"modifications":[]}]}}
