{"modelSettings":{"letterOrder":"ACGT","bindingModeInteractions":[],"bindingModes":[{"fitLogActivity":true,"flankLength":0,"singleStrand":false,"size":10,"dinucleotideDistance":0,"componentName":"Binding mode 0","positionBias":false,"modifications":[]},{"fitLogActivity":true,"flankLength":0,"singleStrand":false,"size":10,"dinucleotideDistance":0,"componentName":"Binding mode 1","positionBias":false,"modifications":[]}],"letterComplement":"C-G,A-T"},"coefficients":{"bindingModeInteractions":[],"bindingModes":[{"mononucleotide":[0,0,0,0,0,0,0,0,0,0,0,0,0,0,0,0,0,0,0,0,0,0,0,0,0,0,0,0,0,0,0,0,0,0,0,0,0,0,0,0],"activity":[[-5.547124488505977]],"dinucleotide":[],"modifications":[]},{"mononucleotide":[-0.5416185920413064,0,-0.03733497529975338,-0.3714223162680472,-0.4686409195031267,0,-0.7485652450271534,-0.2788647299061484,0,-0.10624726855171396,-0.26231089139650265,-1.1716388591334024,0,-1.462620256938557,-1.0609629151744358,-1.7102023805241657,-5.649975362695921,-4.379732399076884,-4.882876112653007,0,-6.425698680540396,-2.0511141955028087,-4.674931304433372,0,0,-4.112701680221369,-2.4330151856569247,-2.886338903493666,0,-0.46552935904266146,-0.17619731092948143,-0.04310783706324628,-0.4308939781774761,0,-0.2231550260468671,-0.5409200921926249,-0.3039404456860879,-0.29724324103859523,-0.14955286674249013,0],"activity":[[0]],"dinucleotide":[],"modifications":[]}]}}
