{"modelSettings":{"letterOrder":"ACGT","bindingModeInteractions":[],"bindingModes":[{"fitLogActivity":true,"flankLength":0,"singleStrand":false,"size":12,"dinucleotideDistance":0,"componentName":"Binding mode 0","positionBias":false,"modifications":[]},{"fitLogActivity":true,"flankLength":0,"singleStrand":false,"size":12,"dinucleotideDistance":0,"componentName":"Binding mode 1","positionBias":false,"modifications":[]}],"letterComplement":"C-G,A-T"},"coefficients":{"bindingModeInteractions":[],"bindingModes":[{"mononucleotide":[0,0,0,0,0,0,0,0,0,0,0,0,0,0,0,0,0,0,0,0,0,0,0,0,0,0,0,0,0,0,0,0,0,0,0,0,0,0,0,0,0,0,0,0,0,0,0,0],"activity":[[-6.359641149167621]],"dinucleotide":[],"modifications":[]},{"mononucleotide":[0,-0.3066015449235495,-0.04591602485348378,-0.09805011578237544,-0.009178252394818287,-0.03275203160210438,-0.044957525570685775,0,-0.23976981215737503,-0.03803871391236413,0,-0.022102654984029968,0,-0.09533163816495627,-0.08070497920873532,-0.07396115935454972,-1.597052619186437,-2.055499662854017,-3.0163527662640215,0,0,-3.8562595621823936,-1.6242512834426943,-5.607746408394449,0,-6.44767202850032,-3.2777621251424813,-4.630541267369484,-1.9751670373007553,-2.0670990986377547,-1.4165934735626085,0,-1.0694151950126987,-1.4465167502876222,-0.6788199851928738,0,-0.3011284762812334,-1.4301014484231676,0,-1.1311285400981275,-0.5078811656689037,-0.014470214563983674,0,-0.42688974106439836,-0.0759097795428092,-0.029754868346597796,-0.04197440391050833,0],"activity":[[0]],"dinucleotide":[],"modifications":[]}]}}
