{"modelSettings":{"letterOrder":"ACGT","bindingModeInteractions":[],"bindingModes":[{"fitLogActivity":true,"flankLength":0,"singleStrand":false,"size":11,"dinucleotideDistance":0,"componentName":"Binding mode 0","positionBias":false,"modifications":[]},{"fitLogActivity":true,"flankLength":0,"singleStrand":false,"size":11,"dinucleotideDistance":0,"componentName":"Binding mode 1","positionBias":false,"modifications":[]}],"letterComplement":"C-G,A-T"},"coefficients":{"bindingModeInteractions":[],"bindingModes":[{"mononucleotide":[0,0,0,0,0,0,0,0,0,0,0,0,0,0,0,0,0,0,0,0,0,0,0,0,0,0,0,0,0,0,0,0,0,0,0,0,0,0,0,0,0,0,0,0],"activity":[[-4.738938363294832]],"dinucleotide":[],"modifications":[]},{"mononucleotide":[0,-0.05506888487757422,-0.03655181547419062,-0.1125668282610377,-0.42457683634329957,-0.025559165933675132,0,-0.7257946983412804,-1.5279298137388961,0,-1.3102716272197972,-0.28251285364688616,0,-1.1157391209439913,-1.2375818327771944,-1.110337770771869,0,-1.8174287494054235,-2.926776163637472,-2.309205100816879,-5.990832809993461,-3.8120634855307634,-6.177371010628212,0,-4.686758826645623,-2.036680757010176,-2.7814425536264515,0,0,-3.401788531133115,-2.572422296914124,-1.4906326689959428,-0.004835583803139087,-0.45157618527935117,-0.22633370188537416,0,-0.05304212794689889,0,-0.16336960482440155,-0.30526070235902125,-0.09995882787437704,-0.1311173499793883,-0.10536066135189781,0],"activity":[[0]],"dinucleotide":[],"modifications":[]}]}}
