{"modelSettings":{"letterOrder":"ACGT","bindingModeInteractions":[],"bindingModes":[{"fitLogActivity":true,"flankLength":0,"singleStrand":false,"size":10,"dinucleotideDistance":0,"componentName":"Binding mode 0","positionBias":false,"modifications":[]},{"fitLogActivity":true,"flankLength":0,"singleStrand":false,"size":10,"dinucleotideDistance":0,"componentName":"Binding mode 1","positionBias":false,"modifications":[]}],"letterComplement":"C-G,A-T"},"coefficients":{"bindingModeInteractions":[],"bindingModes":[{"mononucleotide":[0,0,0,0,0,0,0,0,0,0,0,0,0,0,0,0,0,0,0,0,0,0,0,0,0,0,0,0,0,0,0,0,0,0,0,0,0,0,0,0],"activity":[[-5.7241120066626445]],"dinucleotide":[],"modifications":[]},{"mononucleotide":[0,-0.07115601866501642,-0.11078187066835632,-0.1707601907856784,-0.46089900218988333,0,-0.15969163512436424,-0.4471293853162699,-0.8822722296738927,-1.7154178549214851,0,-1.1286219261888082,-1.9476892963761614,-2.636183898637226,0,-1.1225047111532511,0,-2.332224361831898,-3.5183942512590978,-5.827867990066542,-4.966351746458745,-5.617387094974742,-3.893357784517004,0,-1.7810279843577934,-1.3763617330788094,-2.463490039785473,0,0,-2.7551071472240416,-3.027681191279042,-2.362854491558249,-0.04464664535853835,-0.81200198948825,0,-0.008019589629020274,-0.5315298636618246,0,-0.2964294248920174,-0.6125791917312231],"activity":[[0]],"dinucleotide":[],"modifications":[]}]}}
