{"modelSettings":{"letterOrder":"ACGT","bindingModeInteractions":[],"bindingModes":[{"fitLogActivity":true,"flankLength":0,"singleStrand":false,"size":10,"dinucleotideDistance":0,"componentName":"Binding mode 0","positionBias":false,"modifications":[]},{"fitLogActivity":true,"flankLength":0,"singleStrand":false,"size":10,"dinucleotideDistance":0,"componentName":"Binding mode 1","positionBias":false,"modifications":[]}],"letterComplement":"C-G,A-T"},"coefficients":{"bindingModeInteractions":[],"bindingModes":[{"mononucleotide":[0,0,0,0,0,0,0,0,0,0,0,0,0,0,0,0,0,0,0,0,0,0,0,0,0,0,0,0,0,0,0,0,0,0,0,0,0,0,0,0],"activity":[[-5.205586510295145]],"dinucleotide":[],"modifications":[]},{"mononucleotide":[-0.43620720850417705,-0.17210785496055614,0,-0.3998321628764252,-0.10308728499190423,-0.05507596753141897,-0.8090216917692095,0,-2.3572616710273273,-2.576203457930382,-2.251723482392144,0,0,-2.2188586206621377,-1.4700447338327667,-1.6578696684396643,0,-3.7207332912100046,-4.6861420359416055,-3.4056178232460086,-4.395689223328079,-2.982969292099394,-2.3707211714638943,0,-1.0561748712600352,0,-2.262984514011243,-1.4712983593013522,-1.0473897822185334,0,-1.3057261677362835,-0.7841694439245064,-0.38180548258068114,-0.18828972544071654,0,-0.39559351568825285,-0.19706832561095844,-0.1244147137214906,-0.0640978252966562,0],"activity":[[0]],"dinucleotide":[],"modifications":[]}]}}
