{"modelSettings":{"letterOrder":"ACGT","bindingModeInteractions":[],"bindingModes":[{"fitLogActivity":true,"flankLength":0,"singleStrand":false,"size":15,"dinucleotideDistance":0,"componentName":"Binding mode 0","positionBias":false,"modifications":[]},{"fitLogActivity":true,"flankLength":0,"singleStrand":false,"size":15,"dinucleotideDistance":0,"componentName":"Binding mode 1","positionBias":false,"modifications":[]}],"letterComplement":"C-G,A-T"},"coefficients":{"bindingModeInteractions":[],"bindingModes":[{"mononucleotide":[0,0,0,0,0,0,0,0,0,0,0,0,0,0,0,0,0,0,0,0,0,0,0,0,0,0,0,0,0,0,0,0,0,0,0,0,0,0,0,0,0,0,0,0,0,0,0,0,0,0,0,0,0,0,0,0,0,0,0,0],"activity":[[-6.221255105275589]],"dinucleotide":[],"modifications":[]},{"mononucleotide":[-0.13975616588161266,0,-0.0568206657158985,-0.22651075294431244,-0.21431905372320692,-0.005069831145606329,-0.3648033277929219,0,-1.520877927841834,-1.9721491844942225,-2.5348766875752027,0,0,-3.443370436658042,-1.9897974311685394,-1.5618460665712757,0,-3.632780209118261,-3.9226526017794754,-4.622512053705874,-3.4855945400933885,-2.3467438191689993,-3.397413314376333,0,-2.1557186588215,-1.154854046123786,-1.8581439907477062,0,0,-1.0631139296841408,-0.6810713237248152,-1.6154151546278452,0,-0.7650516968169683,-0.014345547570028927,-1.4453734852174502,0,-1.5664234409245008,-0.9178801154647775,-1.454021321815075,-2.0637961522663293,-2.3483325725720015,-2.3908239443430137,0,-1.2687881435147847,-1.3044456785472978,-2.403312942393832,0,0,-2.046935343353259,-1.8753389486467746,-1.2123456195994375,0,-0.2726457201772696,-0.10162527371734598,-0.081207101484841,-0.049156872367255744,-0.007251865490760068,0,-0.00596097762172576],"activity":[[0]],"dinucleotide":[],"modifications":[]}]}}
