{"modelSettings":{"letterOrder":"ACGT","bindingModeInteractions":[],"bindingModes":[{"fitLogActivity":true,"flankLength":0,"singleStrand":false,"size":12,"dinucleotideDistance":0,"componentName":"Binding mode 0","positionBias":false,"modifications":[]},{"fitLogActivity":true,"flankLength":0,"singleStrand":false,"size":12,"dinucleotideDistance":0,"componentName":"Binding mode 1","positionBias":false,"modifications":[]}],"letterComplement":"C-G,A-T"},"coefficients":{"bindingModeInteractions":[],"bindingModes":[{"mononucleotide":[0,0,0,0,0,0,0,0,0,0,0,0,0,0,0,0,0,0,0,0,0,0,0,0,0,0,0,0,0,0,0,0,0,0,0,0,0,0,0,0,0,0,0,0,0,0,0,0],"activity":[[-5.347163212385409]],"dinucleotide":[],"modifications":[]},{"mononucleotide":[-0.31628171688548434,0,-0.21069370778925478,-0.23855320190264617,-0.3964803583126706,0,-0.40846478499307626,-0.35380340211252115,-1.580496246851216,-0.4410406384152328,-5.6088242106753885,0,0,-0.12355884015507801,-3.265261499354854,-1.1734934131119639,0,-1.0574287417272963,-3.2800559044477513,-1.604501449754589,-2.9390303271017215,-1.6604512924589026,-6.712358344657864,0,-1.9228970836614403,-1.0798147987982398,-2.022328330863939,0,0,-0.9746115322447739,-1.7414552701593538,-1.2525625242917968,-0.384427628071661,-0.17474107093468128,0,-0.7466535964637853,-0.7728610517452665,0,-0.5331375177298794,-0.2846463529217891,-0.47949019025384043,-0.0694382310634003,-0.2948898188406446,0,-0.06172567731266554,0,-0.4332926596414097,-0.11588233913164814],"activity":[[0]],"dinucleotide":[],"modifications":[]}]}}
