{"modelSettings":{"letterOrder":"ACGT","bindingModeInteractions":[],"bindingModes":[{"fitLogActivity":true,"flankLength":0,"singleStrand":false,"size":11,"dinucleotideDistance":0,"componentName":"Binding mode 0","positionBias":false,"modifications":[]},{"fitLogActivity":true,"flankLength":0,"singleStrand":false,"size":11,"dinucleotideDistance":0,"componentName":"Binding mode 1","positionBias":false,"modifications":[]}],"letterComplement":"C-G,A-T"},"coefficients":{"bindingModeInteractions":[],"bindingModes":[{"mononucleotide":[0,0,0,0,0,0,0,0,0,0,0,0,0,0,0,0,0,0,0,0,0,0,0,0,0,0,0,0,0,0,0,0,0,0,0,0,0,0,0,0,0,0,0,0],"activity":[[-5.237534563251754]],"dinucleotide":[],"modifications":[]},{"mononucleotide":[-0.1767159442411952,0,-0.16338460616079153,-0.15711264077047637,-0.3545547749415867,0,-0.3404039793649023,-0.3047419030122871,-1.594638510864054,-0.4082597205497116,-3.4435112507545895,0,0,-0.10059480436872015,-2.1010276513730313,-1.0678313776041737,0,-1.519948344977224,-2.843925627817062,-1.950407375325284,-5.008353204345239,-2.520323692720887,-6.7078418831030815,0,-3.013518301928433,-1.669348673598626,-3.105822781081174,0,0,-1.447203280253091,-2.5768618123943217,-1.571369116903754,-0.3410978894447183,-0.3657424455973235,0,-0.8805136022889313,-0.8570179998151826,0,-0.46942374863148917,-0.30000030128347266,-0.5007293452680397,-0.19395543628851275,-0.2974688137712356,0],"activity":[[0]],"dinucleotide":[],"modifications":[]}]}}
