{"modelSettings":{"letterOrder":"ACGT","bindingModeInteractions":[],"bindingModes":[{"fitLogActivity":true,"flankLength":0,"singleStrand":false,"size":10,"dinucleotideDistance":0,"componentName":"Binding mode 0","positionBias":false,"modifications":[]},{"fitLogActivity":true,"flankLength":0,"singleStrand":false,"size":10,"dinucleotideDistance":0,"componentName":"Binding mode 1","positionBias":false,"modifications":[]}],"letterComplement":"C-G,A-T"},"coefficients":{"bindingModeInteractions":[],"bindingModes":[{"mononucleotide":[0,0,0,0,0,0,0,0,0,0,0,0,0,0,0,0,0,0,0,0,0,0,0,0,0,0,0,0,0,0,0,0,0,0,0,0,0,0,0,0],"activity":[[-4.536271522681238]],"dinucleotide":[],"modifications":[]},{"mononucleotide":[-0.021100615627508645,-0.24851203921401055,0,-0.18783234383570147,-0.0561153337414666,-0.34643140562175123,0,-0.5318465841918858,-2.0603166783221365,-0.05707163576627572,-0.5942157550933329,0,0,-4.8394514618446,-0.06629987682705263,-5.4970721352165395,0,-0.5178097424596011,-1.0619644626462277,-0.6550918677390829,-0.872096268179055,-0.4178350553466297,-0.21979547278039124,0,-0.2452125624197432,-0.46242363513198637,-0.03930727244248544,0,0,-0.49322572656683583,-0.11308835227846892,-0.34875520438646923,-0.11777500970728916,-0.26940469117798305,0,-0.5546271200473365,-0.07924742187608036,-0.014528639774744612,0,-0.3095507241285036],"activity":[[0]],"dinucleotide":[],"modifications":[]}]}}
