{"modelSettings":{"letterOrder":"ACGT","bindingModeInteractions":[],"bindingModes":[{"fitLogActivity":true,"flankLength":0,"singleStrand":false,"size":10,"dinucleotideDistance":0,"componentName":"Binding mode 0","positionBias":false,"modifications":[]},{"fitLogActivity":true,"flankLength":0,"singleStrand":false,"size":10,"dinucleotideDistance":0,"componentName":"Binding mode 1","positionBias":false,"modifications":[]}],"letterComplement":"C-G,A-T"},"coefficients":{"bindingModeInteractions":[],"bindingModes":[{"mononucleotide":[0,0,0,0,0,0,0,0,0,0,0,0,0,0,0,0,0,0,0,0,0,0,0,0,0,0,0,0,0,0,0,0,0,0,0,0,0,0,0,0],"activity":[[-5.005838455442058]],"dinucleotide":[],"modifications":[]},{"mononucleotide":[-0.4081326824856264,-0.3495356015745861,0,-0.5895823189750269,-0.39760000880195445,0,-0.7689726358292619,-0.16436320742499433,-3.6778451594317874,-3.6051169199226303,-5.2761742126195,0,0,-2.999847799659597,-2.951113335940822,-3.9855395677521512,0,-6.357003515751306,-5.554457426731722,-6.275123425774018,-4.362321257487814,-5.579007839910618,-3.479038316834644,0,-3.3830940609831925,-1.972094588723464,-2.2192395553370075,0,-0.4070463853452244,-3.5021172531480973,0,-1.374409820408716,-0.5935216385110627,-0.10479404593071884,0,-0.5898293501398166,-0.676699960002229,-0.23244540792528579,-0.03598953160418006,0],"activity":[[0]],"dinucleotide":[],"modifications":[]}]}}
