{"modelSettings":{"letterOrder":"ACGT","bindingModeInteractions":[],"bindingModes":[{"fitLogActivity":true,"flankLength":0,"singleStrand":false,"size":13,"dinucleotideDistance":0,"componentName":"Binding mode 0","positionBias":false,"modifications":[]},{"fitLogActivity":true,"flankLength":0,"singleStrand":false,"size":13,"dinucleotideDistance":0,"componentName":"Binding mode 1","positionBias":false,"modifications":[]}],"letterComplement":"C-G,A-T"},"coefficients":{"bindingModeInteractions":[],"bindingModes":[{"mononucleotide":[0,0,0,0,0,0,0,0,0,0,0,0,0,0,0,0,0,0,0,0,0,0,0,0,0,0,0,0,0,0,0,0,0,0,0,0,0,0,0,0,0,0,0,0,0,0,0,0,0,0,0,0],"activity":[[-5.026216492574774]],"dinucleotide":[],"modifications":[]},{"mononucleotide":[-0.3146925311657034,-0.45442290421424314,0,-0.1921210580958279,-0.05891677802581974,-0.9762423446481261,0,-0.647297064449309,-0.1101179771906109,-0.6602862137741594,0,-0.6555956955221394,-0.5421287667173393,-1.1210664854296457,0,-0.4370854126753789,-0.5459059202658221,0,-0.24740228987824064,-0.6864995715640427,-0.9516108630498206,-0.8910641893174462,0,-1.0938668371868623,-1.021377240372308,-0.8805732763031653,0,-0.9780012223888237,0,-1.2563877154638385,-0.2776538722325963,-2.249944681841373,-0.902896560188033,-1.0070571288189134,-0.7223076551696543,0,-0.7101839695130874,-1.0971180506398168,-0.1303508320985607,0,0,-1.8184482620646305,-0.28564445918094883,-1.441770308800713,-0.41413726896519787,-0.7896856533499266,0,-0.742063605781003,-0.2871226541003473,-0.2266127511609719,0,-0.5370749503022854],"activity":[[0]],"dinucleotide":[],"modifications":[]}]}}
