{"modelSettings":{"letterOrder":"ACGT","bindingModeInteractions":[],"bindingModes":[{"fitLogActivity":true,"flankLength":0,"singleStrand":false,"size":10,"dinucleotideDistance":0,"componentName":"Binding mode 0","positionBias":false,"modifications":[]},{"fitLogActivity":true,"flankLength":0,"singleStrand":false,"size":10,"dinucleotideDistance":0,"componentName":"Binding mode 1","positionBias":false,"modifications":[]}],"letterComplement":"C-G,A-T"},"coefficients":{"bindingModeInteractions":[],"bindingModes":[{"mononucleotide":[0,0,0,0,0,0,0,0,0,0,0,0,0,0,0,0,0,0,0,0,0,0,0,0,0,0,0,0,0,0,0,0,0,0,0,0,0,0,0,0],"activity":[[-3.7872582132217048]],"dinucleotide":[],"modifications":[]},{"mononucleotide":[-0.3938185194836077,-0.0872861696217404,0,-0.40789884772307694,-0.6633950689501855,-1.0685968452320962,0,-1.1659166755659705,-0.7947143776956507,-0.8039689646770345,0,-0.8592546223160298,0,-1.2084039545228817,-0.17467161000199027,-1.4899184272675754,-0.895505605257191,-0.645869475835541,-0.6278983052828195,0,-0.5385263114106618,-0.8095558530282885,0,-0.08225075580561825,0,-1.2946933740910413,-0.21612581924833396,-1.4937192884221044,-0.34217788381424796,-0.8304154246797717,0,-0.7754529870389879,-0.3705126680611963,-0.2658628942615522,0,-0.35240040961124386,-0.41776329262642076,-0.6667904428913696,0,-0.7367279065972063],"activity":[[0]],"dinucleotide":[],"modifications":[]}]}}
