{"modelSettings":{"letterOrder":"ACGT","bindingModeInteractions":[],"bindingModes":[{"fitLogActivity":true,"flankLength":0,"singleStrand":false,"size":10,"dinucleotideDistance":0,"componentName":"Binding mode 0","positionBias":false,"modifications":[]},{"fitLogActivity":true,"flankLength":0,"singleStrand":false,"size":10,"dinucleotideDistance":0,"componentName":"Binding mode 1","positionBias":false,"modifications":[]}],"letterComplement":"C-G,A-T"},"coefficients":{"bindingModeInteractions":[],"bindingModes":[{"mononucleotide":[0,0,0,0,0,0,0,0,0,0,0,0,0,0,0,0,0,0,0,0,0,0,0,0,0,0,0,0,0,0,0,0,0,0,0,0,0,0,0,0],"activity":[[-5.5610150493025685]],"dinucleotide":[],"modifications":[]},{"mononucleotide":[-0.0393498499704279,-0.25034002702138913,-0.3883405597518266,0,-0.25996480452080384,-0.2407039285393715,-0.3889340353349393,0,-0.47886952256420656,-0.2275288923986114,-0.5904752721207167,0,-1.9418712827448346,-1.9603620786293803,-2.5559806169586246,0,0,-2.53933396381184,-1.5756856477014374,-3.1890698920432126,0,-6.202185176678351,-3.655989217999873,-2.3382673204145092,-1.310731652522466,-1.4701063419264262,-1.4258362324440208,0,-0.34321369659131484,-1.0929483758813667,-0.14901187439536034,0,0,-1.019603973465819,-0.12703278327871903,-0.5477750357196625,-0.6208549089679183,-0.3330409505209042,0,-0.8488808919046811],"activity":[[0]],"dinucleotide":[],"modifications":[]}]}}
