{"modelSettings":{"letterOrder":"ACGT","bindingModeInteractions":[],"bindingModes":[{"fitLogActivity":true,"flankLength":0,"singleStrand":false,"size":11,"dinucleotideDistance":0,"componentName":"Binding mode 0","positionBias":false,"modifications":[]},{"fitLogActivity":true,"flankLength":0,"singleStrand":false,"size":11,"dinucleotideDistance":0,"componentName":"Binding mode 1","positionBias":false,"modifications":[]}],"letterComplement":"C-G,A-T"},"coefficients":{"bindingModeInteractions":[],"bindingModes":[{"mononucleotide":[0,0,0,0,0,0,0,0,0,0,0,0,0,0,0,0,0,0,0,0,0,0,0,0,0,0,0,0,0,0,0,0,0,0,0,0,0,0,0,0,0,0,0,0],"activity":[[-2.4624858861735675]],"dinucleotide":[],"modifications":[]},{"mononucleotide":[0,-0.6352274949777765,-0.758211826014275,-0.22366344774793667,0,-0.5475627674721792,-0.27133450720856267,-0.47420125776340427,-2.565832894329744,0,-1.0594069551081429,-1.60785970028006,0,-2.4354179315849436,-0.3124699682482177,-3.4175238589517285,0,-0.5650344780131853,-2.925263653556466,-1.6374461459916843,-3.6827776339980645,-5.574206998931309,-4.96459611384983,0,-1.6008549081363626,-1.5570513918746682,-3.652191510923526,0,0,-2.977641041481415,-1.6352055805331691,-1.566056538087543,0,-1.277186161079566,-1.2498771065814172,-1.1055156773260606,0,-0.06369811730675057,-0.25920874066037225,-0.17032319363884252,0,-0.4161141281702605,-0.29720902046107156,-0.24355324433378733],"activity":[[-0.2874118880476324]],"dinucleotide":[],"modifications":[]}]}}
