{"modelSettings":{"letterOrder":"ACGT","bindingModeInteractions":[],"bindingModes":[{"fitLogActivity":true,"flankLength":0,"singleStrand":false,"size":11,"dinucleotideDistance":0,"componentName":"Binding mode 0","positionBias":false,"modifications":[]},{"fitLogActivity":true,"flankLength":0,"singleStrand":false,"size":11,"dinucleotideDistance":0,"componentName":"Binding mode 1","positionBias":false,"modifications":[]}],"letterComplement":"C-G,A-T"},"coefficients":{"bindingModeInteractions":[],"bindingModes":[{"mononucleotide":[0,0,0,0,0,0,0,0,0,0,0,0,0,0,0,0,0,0,0,0,0,0,0,0,0,0,0,0,0,0,0,0,0,0,0,0,0,0,0,0,0,0,0,0],"activity":[[-5.404542396916092]],"dinucleotide":[],"modifications":[]},{"mononucleotide":[0,-0.42359008099640416,-0.2444284274520827,-0.5057292689988113,-0.19194581391337273,0,-0.11104261976054719,-0.6640431202839379,-1.5162886452668323,0,-1.6694603486416817,-1.2416186512330825,0,-2.6765965610583784,-0.502322408420584,-1.7423971793644082,0,-0.209606580234718,-0.92754566724002,-0.45357587405628674,-4.361158041243171,-4.9093557681650255,-4.698927088075935,0,-1.3186571026292118,-1.114358962633582,-3.46852044292211,0,0,-1.6875036415726719,-1.078245607063093,-0.8383519842458256,0,-1.0614925092779979,-0.9117197035541862,-0.5851057573553895,0,-0.06892052153693662,-0.09368161810199727,-0.09984586383734229,0,-0.31547569889721405,-0.1579963600069929,-0.1383737874712727],"activity":[[0]],"dinucleotide":[],"modifications":[]}]}}
