{"modelSettings":{"letterOrder":"ACGT","bindingModeInteractions":[],"bindingModes":[{"fitLogActivity":true,"flankLength":0,"singleStrand":false,"size":10,"dinucleotideDistance":0,"componentName":"Binding mode 0","positionBias":false,"modifications":[]},{"fitLogActivity":true,"flankLength":0,"singleStrand":false,"size":10,"dinucleotideDistance":0,"componentName":"Binding mode 1","positionBias":false,"modifications":[]}],"letterComplement":"C-G,A-T"},"coefficients":{"bindingModeInteractions":[],"bindingModes":[{"mononucleotide":[0,0,0,0,0,0,0,0,0,0,0,0,0,0,0,0,0,0,0,0,0,0,0,0,0,0,0,0,0,0,0,0,0,0,0,0,0,0,0,0],"activity":[[-5.0469715129432435]],"dinucleotide":[],"modifications":[]},{"mononucleotide":[0,-0.5777554871054864,-0.3727563767554294,-0.5440332166486073,-0.14677793967317498,-0.11593261378916431,0,-0.1619063245089798,-5.287879229688713,0,-6.07131985976517,-1.7203247999117792,0,-1.5972234491508006,-0.6524259950681008,-2.53312423915379,0,-0.45849624001756073,-3.0007913410487967,-1.3134148345884027,-5.512536963841948,-2.0484441803277376,-4.749027324584959,0,-1.5398319248696382,-1.086894754406467,-3.8467944373056606,0,0,-1.1379572502317625,-1.462754303088082,-1.085733363914298,0,-0.6585994356926328,-0.9556135598435747,-0.72330486353402,-0.25046631471247416,0,-0.4211266411319663,-0.251423368151829],"activity":[[0]],"dinucleotide":[],"modifications":[]}]}}
