{"modelSettings":{"letterOrder":"ACGT","bindingModeInteractions":[],"bindingModes":[{"fitLogActivity":true,"flankLength":0,"singleStrand":false,"size":18,"dinucleotideDistance":0,"componentName":"Binding mode 0","positionBias":false,"modifications":[]},{"fitLogActivity":true,"flankLength":0,"singleStrand":false,"size":18,"dinucleotideDistance":0,"componentName":"Binding mode 1","positionBias":false,"modifications":[]}],"letterComplement":"C-G,A-T"},"coefficients":{"bindingModeInteractions":[],"bindingModes":[{"mononucleotide":[0,0,0,0,0,0,0,0,0,0,0,0,0,0,0,0,0,0,0,0,0,0,0,0,0,0,0,0,0,0,0,0,0,0,0,0,0,0,0,0,0,0,0,0,0,0,0,0,0,0,0,0,0,0,0,0,0,0,0,0,0,0,0,0,0,0,0,0,0,0,0,0],"activity":[[-8.310659947996525]],"dinucleotide":[],"modifications":[]},{"mononucleotide":[0,-0.3881056976657007,-0.3430606931504663,-0.40610329916205146,-0.5657297964225627,-0.6699625226551937,0,-0.824595245469709,-0.3269390624658861,0,-0.5163999772270991,-0.7016695276533653,-0.1737184628035493,-1.4895422021573488,0,-0.6322968868775334,-2.6437815421344197,-1.4756993463359223,-2.2829921361473815,0,-1.7042147842402464,-1.720957056330537,-1.46393650623666,0,0,-3.471850298715662,-2.005499250017788,-3.4303533141936633,0,-2.1483136914022936,-3.0369985252540808,-2.443443423035461,-2.107122947039862,-2.408680554113829,-3.5968723973023415,0,-0.5643284104257589,-0.019278766740377762,0,-0.6358359141126968,0,-3.1362859793769147,-2.3633999785800377,-2.1051152777965854,-2.3617618537216565,-2.854376261628179,-1.9466727583024834,0,-3.828915012782124,-2.621822224263841,-4.490432973257656,0,0,-2.6593969083186657,-1.5847478275274796,-1.5700434576398727,0,-2.0892566077594488,-1.9082401873806027,-2.2052451461204186,-1.803983513071092,0,-1.9772138382736948,-1.1586487047851932,-0.4240877149534015,-0.11869685686784237,-0.6918571685501078,0,0,-0.5843168139176154,-0.39494640941815007,-0.2885345773573338],"activity":[[0]],"dinucleotide":[],"modifications":[]}]}}
