{"modelSettings":{"letterOrder":"ACGTcg","bindingModeInteractions":[],"bindingModes":[{"fitLogActivity":true,"flankLength":0,"singleStrand":false,"size":12,"dinucleotideDistance":0,"componentName":"Binding mode 0","positionBias":false,"modifications":[]},{"fitLogActivity":true,"flankLength":0,"singleStrand":false,"size":12,"dinucleotideDistance":0,"componentName":"Binding mode 1","positionBias":false,"modifications":[]}],"letterComplement":"C-G,A-T,c-g"},"coefficients":{"bindingModeInteractions":[],"bindingModes":[{"mononucleotide":[0,0,0,0,0,0,0,0,0,0,0,0,0,0,0,0,0,0,0,0,0,0,0,0,0,0,0,0,0,0,0,0,0,0,0,0,0,0,0,0,0,0,0,0,0,0,0,0,0,0,0,0,0,0,0,0,0,0,0,0,0,0,0,0,0,0,0,0,0,0,0,0],"activity":[[-11.759684362094752]],"dinucleotide":[],"modifications":[]},{"mononucleotide":[-1.2643828674818884,-0.11784531450087954,-2.1969593588684155,0,-1.3823719642449426,-1.7457383849215589,-0.9843174943044097,-0.7821861452527656,-1.1274490439106408,-1.845942552515794,0,-1.2653664249335783,0,-3.0604017308040667,-4.11585904251308,-3.4019201649176907,-2.914042609486472,-1.497392371546308,-6.082727621568212,-5.842890809625143,-5.4030640073438585,0,-4.183611292092859,-4.801386693652587,-2.5623873021395305,0,-3.4918045540127594,-2.0039193420632984,-2.2345773540303853,-1.8161351761031668,0,-0.9722001037451591,-1.3560197250911052,-1.8746670930786387,-0.3315374204732855,-1.1666129476476854,0,-2.4900382068534945,-1.8082382126387841,-3.1352793990373087,-1.838617075236293,-1.1120720253094483,-6.390014632477637,-6.8094025231305295,-6.735400471296911,0,-3.575400467716797,-4.831535125400833,-3.733709418806093,0,-5.776132410520734,-2.6579831692559246,-1.5865210241666077,-1.3729991218300022,0,-3.5679693935128114,-3.7536568449125998,-1.8487622727629702,-3.7308445733100157,-1.4586028169556986,-1.045622785425575,-1.0579481440566738,-2.2128615943938534,0,-1.2332501968765168,-2.714982851832392,-0.22820352851305792,0,-0.40428231156103855,-0.23562375747467534,-0.6993763067730239,-0.14046442566127482],"activity":[[0]],"dinucleotide":[],"modifications":[]}]}}
