{"modelSettings":{"letterOrder":"ACGT","bindingModeInteractions":[],"bindingModes":[{"fitLogActivity":true,"flankLength":0,"singleStrand":false,"size":15,"dinucleotideDistance":0,"componentName":"Binding mode 0","positionBias":false,"modifications":[]},{"fitLogActivity":true,"flankLength":0,"singleStrand":false,"size":15,"dinucleotideDistance":0,"componentName":"Binding mode 1","positionBias":false,"modifications":[]}],"letterComplement":"C-G,A-T"},"coefficients":{"bindingModeInteractions":[],"bindingModes":[{"mononucleotide":[0,0,0,0,0,0,0,0,0,0,0,0,0,0,0,0,0,0,0,0,0,0,0,0,0,0,0,0,0,0,0,0,0,0,0,0,0,0,0,0,0,0,0,0,0,0,0,0,0,0,0,0,0,0,0,0,0,0,0,0],"activity":[[-11.417604994668437]],"dinucleotide":[],"modifications":[]},{"mononucleotide":[0,-0.6478016879575996,-0.12293961106323081,-0.5146103666209854,-0.22519805854928876,-0.205036812589654,0,-0.5886988120691754,-1.0965512867288503,-0.4280651745444928,-1.8114895359114627,0,-0.6728385973175008,0,-1.337215686717471,-1.4961499344436504,0,-2.6545049808868217,-1.8636945898493416,-3.3636298826697963,-4.548082155914477,-4.692376270448202,-5.1951273623986705,0,-2.1688423803554784,0,-2.8304826669125482,-1.5505606831190395,0,-0.549290171532185,-2.7179963660202873,-1.718993343143957,0,-2.49575378979055,-1.19448612068806,-2.7822721893072,-5.302636260723384,-6.698752193539801,-6.333998160624401,0,-3.274914155393219,0,-4.459953945015997,-2.396693718773342,0,-3.006650641838352,-2.832463483611731,-1.7451344661215984,-0.8945544634226383,-0.9162333162268315,-2.1790697237345373,0,-0.09496019331437999,0,-0.31159777152164736,-0.13563381758508264,-0.21647863327249972,-0.03658087443657543,-0.501441542400034,0],"activity":[[0]],"dinucleotide":[],"modifications":[]}]}}
