{"modelSettings":{"letterOrder":"ACGT","bindingModeInteractions":[],"bindingModes":[{"fitLogActivity":true,"flankLength":0,"singleStrand":false,"size":10,"dinucleotideDistance":0,"componentName":"Binding mode 0","positionBias":false,"modifications":[]},{"fitLogActivity":true,"flankLength":0,"singleStrand":false,"size":10,"dinucleotideDistance":0,"componentName":"Binding mode 1","positionBias":false,"modifications":[]}],"letterComplement":"C-G,A-T"},"coefficients":{"bindingModeInteractions":[],"bindingModes":[{"mononucleotide":[0,0,0,0,0,0,0,0,0,0,0,0,0,0,0,0,0,0,0,0,0,0,0,0,0,0,0,0,0,0,0,0,0,0,0,0,0,0,0,0],"activity":[[-4.816305596063799]],"dinucleotide":[],"modifications":[]},{"mononucleotide":[-0.691377147027036,0,-0.5829985018899153,-0.5830565690438743,-0.741702148129959,0,-0.7298632062686545,-0.44647329364097654,-2.3346725755699076,-0.16652067978074125,-3.5732136230025753,0,0,-0.44764593470136216,-1.038215985783693,-1.8324823920346374,0,-0.5729199281243753,-5.960549772752092,-2.1205580827253865,-2.7415479714632536,-0.6642362527764734,-5.638797780234728,0,-3.150149730400515,-0.12406252206027713,-1.3545691230970087,0,0,-0.6997689720695721,-0.8021263215144154,-1.3190180415724235,-0.6448854941606168,0,-0.6785922001766389,-0.77428664405981,-0.6564040770774664,0,-0.9145894600108333,-0.5305912714318985],"activity":[[0]],"dinucleotide":[],"modifications":[]}]}}
