{"modelSettings":{"letterOrder":"ACGT","bindingModeInteractions":[],"bindingModes":[{"fitLogActivity":true,"flankLength":0,"singleStrand":false,"size":12,"dinucleotideDistance":0,"componentName":"Binding mode 0","positionBias":false,"modifications":[]},{"fitLogActivity":true,"flankLength":0,"singleStrand":false,"size":12,"dinucleotideDistance":0,"componentName":"Binding mode 1","positionBias":false,"modifications":[]}],"letterComplement":"C-G,A-T"},"coefficients":{"bindingModeInteractions":[],"bindingModes":[{"mononucleotide":[0,0,0,0,0,0,0,0,0,0,0,0,0,0,0,0,0,0,0,0,0,0,0,0,0,0,0,0,0,0,0,0,0,0,0,0,0,0,0,0,0,0,0,0,0,0,0,0],"activity":[[-5.165573785224636]],"dinucleotide":[],"modifications":[]},{"mononucleotide":[-0.2736500696485251,0,-0.4796043611755607,-0.23089313215624152,-0.6701512219353027,0,-0.3764889846968824,-0.5091344222565439,-0.5960436200665029,0,-0.6966701663785297,-0.41221173974681946,-2.263797342999874,-0.32754583374649116,-3.808436336973864,0,0,-0.3987900051231552,-1.0885383788851488,-1.5757681937899761,0,-0.6000610113364395,-5.573945153494353,-1.7422885848206047,-2.613969182783407,-0.7156974331181889,-4.554670462554125,0,-2.768020302903702,-0.1256026727213193,-1.1812385360982152,0,0,-0.69458783416672,-0.5742982064613447,-1.1575121946637168,-0.6037148596960247,0,-0.6140701673680802,-0.6842390744127762,-0.5618568378369577,0,-0.6874976744167594,-0.38561951256682114,-0.5437525363946918,0,-0.7104573855333278,-0.023838777272154665],"activity":[[0]],"dinucleotide":[],"modifications":[]}]}}
