{"modelSettings":{"letterOrder":"ACGT","bindingModeInteractions":[],"bindingModes":[{"fitLogActivity":true,"flankLength":0,"singleStrand":false,"size":14,"dinucleotideDistance":0,"componentName":"Binding mode 0","positionBias":false,"modifications":[]},{"fitLogActivity":true,"flankLength":0,"singleStrand":false,"size":14,"dinucleotideDistance":0,"componentName":"Binding mode 1","positionBias":false,"modifications":[]}],"letterComplement":"C-G,A-T"},"coefficients":{"bindingModeInteractions":[],"bindingModes":[{"mononucleotide":[0,0,0,0,0,0,0,0,0,0,0,0,0,0,0,0,0,0,0,0,0,0,0,0,0,0,0,0,0,0,0,0,0,0,0,0,0,0,0,0,0,0,0,0,0,0,0,0,0,0,0,0,0,0,0,0],"activity":[[-3.7688124484674574]],"dinucleotide":[],"modifications":[]},{"mononucleotide":[0,-0.42000681920834193,-0.024362449515185958,-0.22832491173185687,-0.07187408963866293,-0.3699695891050352,0,-0.22232731895543711,-0.12625643152621358,-0.47994023696681065,0,-0.29486504963126414,-0.2503995068396234,-0.030915099681344316,-0.03770028437347861,0,0,-0.11554513420974999,-0.06521158293963492,-0.14390983099608157,0,-1.5469898999119023,-0.01422729012739321,-0.947898114727189,-0.6322057719893808,-0.5235171804997538,-0.309712100390076,0,-0.05196476751968415,-0.5089747855133746,0,-0.22292725820992132,0,-0.5036987482853066,-0.2648435393300108,-0.24505389055986004,0,-0.4524569650541723,-0.1150293001352587,-0.4197191461604852,0,-0.3242876808645221,-0.08522831889709082,-0.24914841436192425,-0.19701370178307176,-0.6318580298341674,0,-0.41072189744750975,-0.30801530638512986,-0.5728917020826785,0,-0.23973091084237286,-0.2617515223458682,-0.46604808458223346,0,-0.39631465139076916],"activity":[[0]],"dinucleotide":[],"modifications":[]}]}}
