{"modelSettings":{"letterOrder":"ACGT","bindingModeInteractions":[],"bindingModes":[{"fitLogActivity":true,"flankLength":0,"singleStrand":false,"size":14,"dinucleotideDistance":0,"componentName":"Binding mode 0","positionBias":false,"modifications":[]},{"fitLogActivity":true,"flankLength":0,"singleStrand":false,"size":14,"dinucleotideDistance":0,"componentName":"Binding mode 1","positionBias":false,"modifications":[]}],"letterComplement":"C-G,A-T"},"coefficients":{"bindingModeInteractions":[],"bindingModes":[{"mononucleotide":[0,0,0,0,0,0,0,0,0,0,0,0,0,0,0,0,0,0,0,0,0,0,0,0,0,0,0,0,0,0,0,0,0,0,0,0,0,0,0,0,0,0,0,0,0,0,0,0,0,0,0,0,0,0,0,0],"activity":[[-5.715907255190145]],"dinucleotide":[],"modifications":[]},{"mononucleotide":[0,-0.4545477464364751,-0.4474268388535503,-0.4458835042888687,-0.1797751370531877,-0.1294802596001432,0,-0.004928966516043687,-0.6925154883629432,0,-0.5880816247920455,-0.3955048617850956,-0.8822111581945729,-0.8599417058994385,-1.9632878983180397,0,-0.5956967236430408,-0.12916007272886176,0,-1.1167594596178843,0,-3.9970080552567095,-0.5667160113793308,-2.617070183188396,-1.829184953809504,-4.979647231631779,-4.362561584670956,0,-0.10933573090379411,-2.020072001934925,-3.3386571018126068,0,0,-2.133110956927534,-1.660470228173712,-3.8275890238139203,0,-1.4180127544860381,-0.9951115049674017,-2.068417102379037,0,-0.8733266091338763,-0.878902927438391,-1.0402484510351284,-0.5741607999240106,-0.6809618555358217,-1.0111076238924301,0,-0.3753403953399683,-0.0840554462754497,-0.5839248825765413,0,0,-0.3260288576701935,-0.09618736561951025,-0.10039636461227275],"activity":[[0]],"dinucleotide":[],"modifications":[]}]}}
