{"modelSettings":{"letterOrder":"ACGT","bindingModeInteractions":[],"bindingModes":[{"fitLogActivity":true,"flankLength":0,"singleStrand":false,"size":12,"dinucleotideDistance":0,"componentName":"Binding mode 0","positionBias":false,"modifications":[]},{"fitLogActivity":true,"flankLength":0,"singleStrand":false,"size":12,"dinucleotideDistance":0,"componentName":"Binding mode 1","positionBias":false,"modifications":[]}],"letterComplement":"C-G,A-T"},"coefficients":{"bindingModeInteractions":[],"bindingModes":[{"mononucleotide":[0,0,0,0,0,0,0,0,0,0,0,0,0,0,0,0,0,0,0,0,0,0,0,0,0,0,0,0,0,0,0,0,0,0,0,0,0,0,0,0,0,0,0,0,0,0,0,0],"activity":[[-4.748066317168709]],"dinucleotide":[],"modifications":[]},{"mononucleotide":[0,-0.09976247982619313,-0.09931910310584868,-0.03971739529166385,0,-0.1175774047132041,-0.1644240787245348,-0.12804906779844138,0,-0.04181468198787108,-0.024897132429519075,-0.04604313593398324,-0.4712921631454172,-0.1636359040780615,0,-0.41058217362905314,-1.044858170342378,-0.5044312601467205,-1.4485892365097497,0,-0.10803715705890582,0,-0.8851336144675042,-1.5124664334621825,0,-1.238321121260979,-1.4281898114185294,-2.393038000769005,-3.06672509860423,-2.418108180765368,-5.827916623151421,0,-1.7217257967093191,-1.0968749661256396,-2.153832494653792,0,0,-1.4944348760864026,-1.9444340222171457,-1.526806519492653,-0.08890164967489511,-0.1507840455270939,0,-0.2917020184137984,-0.5048986439741636,0,-0.21777772666993744,-0.46036238199287904],"activity":[[0]],"dinucleotide":[],"modifications":[]}]}}
