{"modelSettings":{"letterOrder":"ACGT","bindingModeInteractions":[],"bindingModes":[{"fitLogActivity":true,"flankLength":0,"singleStrand":false,"size":13,"dinucleotideDistance":0,"componentName":"Binding mode 0","positionBias":false,"modifications":[]},{"fitLogActivity":true,"flankLength":0,"singleStrand":false,"size":13,"dinucleotideDistance":0,"componentName":"Binding mode 1","positionBias":false,"modifications":[]}],"letterComplement":"C-G,A-T"},"coefficients":{"bindingModeInteractions":[],"bindingModes":[{"mononucleotide":[0,0,0,0,0,0,0,0,0,0,0,0,0,0,0,0,0,0,0,0,0,0,0,0,0,0,0,0,0,0,0,0,0,0,0,0,0,0,0,0,0,0,0,0,0,0,0,0,0,0,0,0],"activity":[[-5.614386826413884]],"dinucleotide":[],"modifications":[]},{"mononucleotide":[-0.0037812170818636304,0,-0.15029864703113027,-0.4103731551067522,-0.38718466385113715,-0.21604921324033555,0,-0.24612822365688913,-0.41380957654276784,0,-0.2956256069522105,-1.2190099489487451,-1.5347364381563793,-0.44566848543462534,-1.7254163660837296,0,-0.02483600965114441,0,-1.7365059490792394,-0.255993564798187,0,-0.9928689678446228,-0.21481670617746396,-1.9904504314286786,-2.978895811776919,-3.3942996474000555,-5.895894510738506,0,0,-2.870818710085276,-2.7948372263865844,-0.7756825884516134,0,-3.4178675687220883,-3.978726937204554,-2.0684005297956842,0,-2.1567775129082465,-2.8593291691528977,-2.2063872154993067,0,-0.7937116791285517,-1.03338207872594,-0.7092841403668322,-0.03481607854116575,-0.09650647065017282,-0.37763333794741527,0,-0.1556085256128963,-0.17521763943962299,-0.30636484132670194,0],"activity":[[0]],"dinucleotide":[],"modifications":[]}]}}
