{"modelSettings":{"letterOrder":"ACGT","bindingModeInteractions":[],"bindingModes":[{"fitLogActivity":true,"flankLength":0,"singleStrand":false,"size":10,"dinucleotideDistance":0,"componentName":"Binding mode 0","positionBias":false,"modifications":[]},{"fitLogActivity":true,"flankLength":0,"singleStrand":false,"size":10,"dinucleotideDistance":0,"componentName":"Binding mode 1","positionBias":false,"modifications":[]}],"letterComplement":"C-G,A-T"},"coefficients":{"bindingModeInteractions":[],"bindingModes":[{"mononucleotide":[0,0,0,0,0,0,0,0,0,0,0,0,0,0,0,0,0,0,0,0,0,0,0,0,0,0,0,0,0,0,0,0,0,0,0,0,0,0,0,0],"activity":[[-5.077933676092901]],"dinucleotide":[],"modifications":[]},{"mononucleotide":[-0.1000096544493232,-0.24682871387785266,0,-0.3871644386879467,-0.25527424291124223,-0.14429082066855337,-1.0519422174902981,0,0,-0.10278974288229836,-0.6681226106203377,-1.3175229205575762,0,-2.3878814734206726,-1.8501349499262805,-2.748745153017156,-4.354882436613804,-5.1808905826966845,-4.428838865518774,0,-3.3050063586016805,-1.4903498235409813,-2.2794956140863345,0,0,-2.509098378013676,-2.6197832268920136,-3.018691467702766,-0.15810759004367458,-0.4507471736565716,0,-0.45040845114305483,-0.2369087695502099,0,-0.08873898625408128,-0.17530093895054577,-0.1554560440643975,-0.305376348957096,0,-0.2377201029953433],"activity":[[0]],"dinucleotide":[],"modifications":[]}]}}
