{"modelSettings":{"letterOrder":"ACGT","bindingModeInteractions":[],"bindingModes":[{"fitLogActivity":true,"flankLength":0,"singleStrand":false,"size":13,"dinucleotideDistance":0,"componentName":"Binding mode 0","positionBias":false,"modifications":[]},{"fitLogActivity":true,"flankLength":0,"singleStrand":false,"size":13,"dinucleotideDistance":0,"componentName":"Binding mode 1","positionBias":false,"modifications":[]}],"letterComplement":"C-G,A-T"},"coefficients":{"bindingModeInteractions":[],"bindingModes":[{"mononucleotide":[0,0,0,0,0,0,0,0,0,0,0,0,0,0,0,0,0,0,0,0,0,0,0,0,0,0,0,0,0,0,0,0,0,0,0,0,0,0,0,0,0,0,0,0,0,0,0,0,0,0,0,0],"activity":[[-4.574129875132224]],"dinucleotide":[],"modifications":[]},{"mononucleotide":[-0.08079859979221027,-0.5418492525426828,0,-0.45636968403393396,-0.12024998123886732,-0.326449270914404,0,-0.35326557971660755,-0.18367768682583652,-0.6753584359672828,0,-0.5768993614583238,-0.12173482430677574,-0.4777013711607978,0,-0.34399206352885514,-0.10963057292266498,-0.8313506074788162,0,-0.5098724811515378,-1.0575951911124868,-0.42931989681775207,-0.742202788586356,0,0,-0.9958898361449169,-0.04956851973418175,-2.0972194952821783,0,-1.0945791166784122,-0.48331735549299104,-0.8392657548191966,-0.7759683901990311,-0.7371658347770058,-0.41869704211111447,0,-0.220123742093282,-1.0102494215567273,0,-0.16298566736271525,0,-0.5089015207948346,-0.01371244210865541,-0.492531417899718,-0.2839510213712355,-0.5833031165441653,0,-0.6883930142611856,-0.195311113684828,-0.35562836170094414,0,-0.27384765172150694],"activity":[[0]],"dinucleotide":[],"modifications":[]}]}}
