{"modelSettings":{"letterOrder":"ACGT","bindingModeInteractions":[],"bindingModes":[{"fitLogActivity":true,"flankLength":0,"singleStrand":false,"size":12,"dinucleotideDistance":0,"componentName":"Binding mode 0","positionBias":false,"modifications":[]},{"fitLogActivity":true,"flankLength":0,"singleStrand":false,"size":12,"dinucleotideDistance":0,"componentName":"Binding mode 1","positionBias":false,"modifications":[]}],"letterComplement":"C-G,A-T"},"coefficients":{"bindingModeInteractions":[],"bindingModes":[{"mononucleotide":[0,0,0,0,0,0,0,0,0,0,0,0,0,0,0,0,0,0,0,0,0,0,0,0,0,0,0,0,0,0,0,0,0,0,0,0,0,0,0,0,0,0,0,0,0,0,0,0],"activity":[[-4.8301212332851495]],"dinucleotide":[],"modifications":[]},{"mononucleotide":[0,-0.3200504362701251,-0.25240683412441367,-0.39448363113444174,-0.10129657951723736,-0.28278335230529184,0,-0.17694732662175916,-0.35650629051128657,-0.5893330281985767,0,-0.9187171709397806,-0.7996090348357372,-0.28436638550845217,-0.9903694883671079,0,-0.5592413438952404,0,-1.16038224316849,-1.3207914465944137,0,-1.5598238516489857,-0.14636752686120325,-2.3822269260569957,-2.450970791109805,-2.990815158474666,-5.496745839356877,0,0,-2.9469639471878857,-1.816329184710991,-0.16758392196246863,0,-2.064061781889496,-2.1226633180062153,-1.6259366413062146,0,-1.2215822479398497,-1.866351500324769,-1.2608444872934106,0,-0.7023057092426548,-0.5847511838915658,-0.6546765524785307,0,-0.16422966493288182,-0.2229797033122054,-0.050516470359433185],"activity":[[0]],"dinucleotide":[],"modifications":[]}]}}
