{"modelSettings":{"letterOrder":"ACGT","bindingModeInteractions":[],"bindingModes":[{"fitLogActivity":true,"flankLength":0,"singleStrand":false,"size":13,"dinucleotideDistance":0,"componentName":"Binding mode 0","positionBias":false,"modifications":[]},{"fitLogActivity":true,"flankLength":0,"singleStrand":false,"size":13,"dinucleotideDistance":0,"componentName":"Binding mode 1","positionBias":false,"modifications":[]}],"letterComplement":"C-G,A-T"},"coefficients":{"bindingModeInteractions":[],"bindingModes":[{"mononucleotide":[0,0,0,0,0,0,0,0,0,0,0,0,0,0,0,0,0,0,0,0,0,0,0,0,0,0,0,0,0,0,0,0,0,0,0,0,0,0,0,0,0,0,0,0,0,0,0,0,0,0,0,0],"activity":[[-5.5729487377735545]],"dinucleotide":[],"modifications":[]},{"mononucleotide":[0,-0.23038640400294774,-0.10330720268193616,-0.026310325580046978,0,-0.4422538471575024,-0.1332994175890292,-0.006234658971646212,-0.6523602088523397,-0.9732278411570867,-0.8252754447888737,0,-2.43471542454742,-2.5514425516556045,-1.7247365990637444,0,-1.8218559716849505,-3.7302874109151576,-4.210805152980038,0,-0.6593408593733159,-2.7848226058547656,-1.8545377303009678,0,0,-6.29274899651039,-4.18920441787788,-3.2019136195186695,-2.5466385835602585,-0.20633278521018106,-1.7344752351905282,0,-1.0316227457022569,-0.9942536383151417,0,-0.2022371132132097,0,-1.8519811750813826,-0.4512632057465078,-1.533942259105996,-1.4033024862339607,0,-0.5860472761015005,-0.2873630122586679,-0.346413539806826,0,-0.33833993011814645,-0.10488489487940633,-0.1743885501537914,-0.14448954834710825,-0.24773959770487863,0],"activity":[[0]],"dinucleotide":[],"modifications":[]}]}}
