{"modelSettings":{"letterOrder":"ACGT","bindingModeInteractions":[],"bindingModes":[{"fitLogActivity":true,"flankLength":0,"singleStrand":false,"size":13,"dinucleotideDistance":0,"componentName":"Binding mode 0","positionBias":false,"modifications":[]},{"fitLogActivity":true,"flankLength":0,"singleStrand":false,"size":13,"dinucleotideDistance":0,"componentName":"Binding mode 1","positionBias":false,"modifications":[]}],"letterComplement":"C-G,A-T"},"coefficients":{"bindingModeInteractions":[],"bindingModes":[{"mononucleotide":[0,0,0,0,0,0,0,0,0,0,0,0,0,0,0,0,0,0,0,0,0,0,0,0,0,0,0,0,0,0,0,0,0,0,0,0,0,0,0,0,0,0,0,0,0,0,0,0,0,0,0,0],"activity":[[-5.309693327787862]],"dinucleotide":[],"modifications":[]},{"mononucleotide":[0,-0.8812480960926328,-0.4764834240079834,-0.5160458891367226,-0.59166107190494,-0.5083087743407217,-0.09600763895329223,0,-1.037075647048435,0,-0.23118174395027324,-1.687366224822826,-1.5917529992185209,-0.3365834678366255,-0.4173691238609427,0,0,-0.15471353639696517,-2.073741535685972,-0.9109486023295146,-0.311656697051113,-3.5938241619144318,0,-2.2949909588368502,-2.6723723315414762,-4.275247668106145,-2.8599659176945647,0,0,-4.332554083951045,-2.3185604643928546,-0.8858411576620915,0,-5.978631105895852,-5.25769132003877,-2.7068666013017495,0,-3.039947217075648,-3.0528240583803674,-2.632594375850977,0,-0.963975584921644,-1.148848536792837,-0.9328398364951012,-0.007187335532394812,-0.07598960406581234,-0.28388042573116756,0,-0.0713279490735701,-0.25237959600781323,-0.1631405125728289,0],"activity":[[0]],"dinucleotide":[],"modifications":[]}]}}
