{"modelSettings":{"letterOrder":"ACGT","bindingModeInteractions":[],"bindingModes":[{"fitLogActivity":true,"flankLength":0,"singleStrand":false,"size":12,"dinucleotideDistance":0,"componentName":"Binding mode 0","positionBias":false,"modifications":[]},{"fitLogActivity":true,"flankLength":0,"singleStrand":false,"size":12,"dinucleotideDistance":0,"componentName":"Binding mode 1","positionBias":false,"modifications":[]}],"letterComplement":"C-G,A-T"},"coefficients":{"bindingModeInteractions":[],"bindingModes":[{"mononucleotide":[0,0,0,0,0,0,0,0,0,0,0,0,0,0,0,0,0,0,0,0,0,0,0,0,0,0,0,0,0,0,0,0,0,0,0,0,0,0,0,0,0,0,0,0,0,0,0,0],"activity":[[-6.005184147373837]],"dinucleotide":[],"modifications":[]},{"mononucleotide":[0,-0.23025730652105558,-0.2568382364288677,-0.12413224711458604,0,-0.37945818262798703,-0.24434795814872778,-0.09976223560263797,-0.5222026367166528,-0.9332683072423595,-0.7127861943158518,0,-1.3647203885809844,-2.591127507833427,-1.9116243864817104,0,-2.3814884825573213,-4.175874023155659,-4.323891487705456,0,-0.6455589692976105,-3.0599905150299733,-2.2393951836901156,0,0,-2.831073812225668,-4.769571364060222,-3.036902464254176,-2.826286595227119,-0.016517725628730773,-0.0763366418059217,0,0,-0.3176409513229892,-0.29275975839786206,-0.27088760963554925,-0.019447360166958028,0,-0.20061484879673142,-1.442914326523141,-0.46927459940541993,-0.15023670795118083,-0.5721885369505664,0,-0.7450678381723241,-0.4396778241039323,0,-0.10075064273307355],"activity":[[0]],"dinucleotide":[],"modifications":[]}]}}
