{"modelSettings":{"letterOrder":"ACGT","bindingModeInteractions":[],"bindingModes":[{"fitLogActivity":true,"flankLength":0,"singleStrand":false,"size":11,"dinucleotideDistance":0,"componentName":"Binding mode 0","positionBias":false,"modifications":[]},{"fitLogActivity":true,"flankLength":0,"singleStrand":false,"size":11,"dinucleotideDistance":0,"componentName":"Binding mode 1","positionBias":false,"modifications":[]}],"letterComplement":"C-G,A-T"},"coefficients":{"bindingModeInteractions":[],"bindingModes":[{"mononucleotide":[0,0,0,0,0,0,0,0,0,0,0,0,0,0,0,0,0,0,0,0,0,0,0,0,0,0,0,0,0,0,0,0,0,0,0,0,0,0,0,0,0,0,0,0],"activity":[[-4.342936654583658]],"dinucleotide":[],"modifications":[]},{"mononucleotide":[-0.16365105984305384,-0.4214363473998368,0,-0.317985417792916,-0.17283671909300935,-0.853119397494619,0,-0.2988275092116117,-0.27194659987411374,-1.2091259987910927,-0.014623409139771226,0,-0.5879714492727386,-1.9178841879642743,-0.32462086104105836,0,-0.2488871640577095,-0.5262548193303624,-0.3912794666912873,0,0,-6.640329572112051,-0.554165679783349,-6.3377086555151205,-0.683872748015875,-0.0653371257241675,-0.6252938606363783,0,-0.9749790105802258,-1.1659671184191591,0,-0.4457402428138897,-0.040164240576308075,-2.086181909797933,0,-0.9150626929689789,-0.21906177388084114,-0.1088842809125925,0,-0.1916310760072566,-0.13068185448896585,-0.41728719241563184,0,-0.5011968118533909],"activity":[[0]],"dinucleotide":[],"modifications":[]}]}}
