{"modelSettings":{"letterOrder":"ACGT","bindingModeInteractions":[],"bindingModes":[{"fitLogActivity":true,"flankLength":0,"singleStrand":false,"size":10,"dinucleotideDistance":0,"componentName":"Binding mode 0","positionBias":false,"modifications":[]},{"fitLogActivity":true,"flankLength":0,"singleStrand":false,"size":10,"dinucleotideDistance":0,"componentName":"Binding mode 1","positionBias":false,"modifications":[]}],"letterComplement":"C-G,A-T"},"coefficients":{"bindingModeInteractions":[],"bindingModes":[{"mononucleotide":[0,0,0,0,0,0,0,0,0,0,0,0,0,0,0,0,0,0,0,0,0,0,0,0,0,0,0,0,0,0,0,0,0,0,0,0,0,0,0,0],"activity":[[-8.622093566130431]],"dinucleotide":[],"modifications":[]},{"mononucleotide":[-0.21305633715627081,-0.10712315980665288,0,-0.20651321292004,-0.39056079049749926,-0.16408742779618812,-0.6318786923779811,0,-1.3394617145210486,-1.6732118445454613,-2.9884950673271806,0,0,-3.344165815366406,-1.6766781558829837,-2.204681627735793,0,-4.130699291032974,-4.892566575165938,-4.767810091273121,-2.494648261862171,-1.6950363164131481,-2.1940448658795226,0,-0.9392498758734726,-0.8097659435774673,0,-0.30701026436922696,-0.05547989331718117,-1.3690222941207146,0,-0.8545625298810702,-0.13745463969004312,0,-0.21911064913235556,-0.0918408833172375,-0.28011119247841254,-0.24417669657746632,-0.38485809635801704,0],"activity":[[0]],"dinucleotide":[],"modifications":[]}]}}
