{"modelSettings":{"letterOrder":"ACGT","bindingModeInteractions":[],"bindingModes":[{"fitLogActivity":true,"flankLength":0,"singleStrand":false,"size":11,"dinucleotideDistance":0,"componentName":"Binding mode 0","positionBias":false,"modifications":[]},{"fitLogActivity":true,"flankLength":0,"singleStrand":false,"size":11,"dinucleotideDistance":1,"componentName":"Binding mode 1","positionBias":false,"modifications":[]}],"letterComplement":"C-G,A-T"},"coefficients":{"bindingModeInteractions":[],"bindingModes":[{"mononucleotide":[0,0,0,0,0,0,0,0,0,0,0,0,0,0,0,0,0,0,0,0,0,0,0,0,0,0,0,0,0,0,0,0,0,0,0,0,0,0,0,0,0,0,0,0],"activity":[[-8.640934378337477]],"dinucleotide":[],"modifications":[]},{"mononucleotide":[-0.07739470526917813,-0.36601840092826876,0,-0.13763934164919434,-0.29176139307180904,-0.3623771654533421,0,-0.9016659435359742,-1.3667490710954624,-1.6304389329576834,0,-1.1928111863838033,-0.6563928709939013,-0.35309901708363256,-0.18779577957092997,0,0,-1.6012794673792419,-1.1512832292954194,-1.6089690363872924,-5.248307520349154,-1.5358097870124814,-4.750023102004561,0,0,-2.2206905155002943,-1.7483394481655568,-0.7854195067820982,0,-5.278176468288381,-3.6232719368373214,-1.7768822187796625,0,-1.9562229221484513,-1.9724829464879656,-1.7617788538168808,0,-0.5206642712567611,-0.6126963260278888,-0.36251684727645817,-0.04554560020329568,-0.1774805017147294,-0.3327756991792423,0],"activity":[[0]],"dinucleotide":[[-0.11483501834112886,-0.07919103449603426,0,-0.04910557088600953,-0.003039016207416978,0.22413556325545514,0,0.06644577561272769,0,0,0,0,-0.17885967248173174,-0.2194729918229008,0,-0.2992658603270364,0.12869219520629205,0.03768936887150254,0,-0.05260196645596249,0.5715083936292125,0.24272956797665302,0,0.37234227169374634,0,0,0,0,0.5334572733867775,0.2857504342271726,0,0.09958210152827895,-2.4005701041854737,-3.590307121553521,0.5559807491783495,0,-2.7226351736662746,-3.1857898638729267,0.13967168078796544,0,0,0,0,0,-1.4470618623246843,-1.6357014678611979,-0.4374267350578025,0,0,0.13334633788906647,0.07040685795405022,0.12975979757606737,0,0.042367529099644585,0.14140731475673718,-0.5085466315272162,0,0.27171149604880895,-0.8303859150925277,-0.9316397113258921,0,0,0,0,0,0,0,0,0.7401552262120372,-1.2179238726468835,-0.9094509812242437,0,1.6267830482158523,-0.9549910373683597,-0.4468285652639974,0,2.41247205962914,-0.04482256324738465,-0.9366914539619575,0,0,-0.9163358613488528,-1.4603643104689716,2.5763603199581224,0,-2.037196227197506,-2.5626500318231686,-0.5502167436450405,0,-0.41330686422259877,0.1253433284724137,0.5289138829695155,0,0,0,0,0,0,0,0,0,2.5099665154196913,-0.7390255333005484,-3.1763488377557927,0,-1.107757475005502,-1.8344271981819054,-4.287419954207307,0,-1.6604986923204565,-1.8397649388106476,-0.9033642829812276,0,0,0,0,0,-0.3808432018667949,1.7087995402738363,-0.22450674256742964,0,-2.0498225310756473,-1.2684454721962926,-2.128241477697572,0,-0.031037274847932395,-1.116771034774005,0.4786388547300078,0,0,0,0,0,0.5051651419229417,0.3338108783530105,0.694771519364469,0,-0.29183660424187874,-0.2613247128556848,-0.4288536524248743,0,0.35612021212476197,0.31480243553755916,0.6560521504950918,0,0,0,0,-0.18254493972822772,0.06011867457808506,0.005141107132656586,0,-0.11398987012893969,-0.22293066303035936,-0.1464393395419865,0,-0.20973723525854737,0.011585714027155802,0.02176739824582974,0]],"modifications":[]}]}}
