{"modelSettings":{"letterOrder":"ACGT","bindingModeInteractions":[],"bindingModes":[{"fitLogActivity":true,"flankLength":0,"singleStrand":false,"size":13,"dinucleotideDistance":0,"componentName":"Binding mode 0","positionBias":false,"modifications":[]},{"fitLogActivity":true,"flankLength":0,"singleStrand":false,"size":13,"dinucleotideDistance":0,"componentName":"Binding mode 1","positionBias":false,"modifications":[]}],"letterComplement":"C-G,A-T"},"coefficients":{"bindingModeInteractions":[],"bindingModes":[{"mononucleotide":[0,0,0,0,0,0,0,0,0,0,0,0,0,0,0,0,0,0,0,0,0,0,0,0,0,0,0,0,0,0,0,0,0,0,0,0,0,0,0,0,0,0,0,0,0,0,0,0,0,0,0,0],"activity":[[-2.3273929827925013]],"dinucleotide":[],"modifications":[]},{"mononucleotide":[-0.05575852068134868,0,-0.3864755742923611,-0.6358757199484959,-0.2853853058291129,-0.06442048603026418,0,-0.44960518215568346,-0.6072024086363745,0,-0.4732008028157555,-1.588328670016967,-1.3920276820136763,-0.21912347867081383,-2.116447496530457,0,-0.34442902610849924,0,-2.6740672807569954,-0.5577769190726292,-0.034690872428673636,-4.63698959897686,0,-2.6693176610311236,-3.8918441665464414,-4.42666232555078,-5.078478333048116,0,0,-3.528358019820547,-2.639200703828828,-0.7725308722063264,0,-4.417812368207174,-4.575969178300965,-2.2975541262040573,0,-2.419442844603085,-2.6212982167734795,-2.4111002695740873,0,-0.882904085537227,-1.006428936211445,-0.9872967579610181,-0.023264090451768027,0,-0.09514621356716635,-0.025268855479299468,-0.07061800658998862,-0.12294425361633277,-0.27364967822486186,0],"activity":[[-0.2855927678502323]],"dinucleotide":[],"modifications":[]}]}}
