{"modelSettings":{"letterOrder":"ACGT","bindingModeInteractions":[],"bindingModes":[{"fitLogActivity":true,"flankLength":0,"singleStrand":false,"size":10,"dinucleotideDistance":0,"componentName":"Binding mode 0","positionBias":false,"modifications":[]},{"fitLogActivity":true,"flankLength":0,"singleStrand":false,"size":10,"dinucleotideDistance":0,"componentName":"Binding mode 1","positionBias":false,"modifications":[]}],"letterComplement":"C-G,A-T"},"coefficients":{"bindingModeInteractions":[],"bindingModes":[{"mononucleotide":[0,0,0,0,0,0,0,0,0,0,0,0,0,0,0,0,0,0,0,0,0,0,0,0,0,0,0,0,0,0,0,0,0,0,0,0,0,0,0,0],"activity":[[-3.836835560320505]],"dinucleotide":[],"modifications":[]},{"mononucleotide":[-0.0517634347234317,-1.0067942374798609,0,-0.22858519546388045,-0.25385449412929084,-1.4175902861870622,-0.21124876081848143,0,-0.4994399807687824,-2.0238947262551235,-0.523355340596277,0,0,-0.8395797178666928,-0.5862198729930359,-0.21064597255235284,0,-5.430270417704212,-0.8222889194216325,-2.6749629001258035,-0.20187305504617115,-0.4474668363135592,-0.5343723778585616,0,-0.3139330968120184,-1.1881958943951663,0,-0.20457390489685423,0,-1.095653154578489,-0.1706161042893264,-0.6416257424746714,-0.37529830194392133,-0.2198712450179947,0,-0.20700535836972556,-0.06546336663275998,-0.5383979329652107,0,-0.21902832236977599],"activity":[[0]],"dinucleotide":[],"modifications":[]}]}}
