{"modelSettings":{"letterOrder":"ACGT","bindingModeInteractions":[],"bindingModes":[{"fitLogActivity":true,"flankLength":0,"singleStrand":false,"size":10,"dinucleotideDistance":0,"componentName":"Binding mode 0","positionBias":false,"modifications":[]},{"fitLogActivity":true,"flankLength":0,"singleStrand":false,"size":10,"dinucleotideDistance":0,"componentName":"Binding mode 1","positionBias":false,"modifications":[]}],"letterComplement":"C-G,A-T"},"coefficients":{"bindingModeInteractions":[],"bindingModes":[{"mononucleotide":[0,0,0,0,0,0,0,0,0,0,0,0,0,0,0,0,0,0,0,0,0,0,0,0,0,0,0,0,0,0,0,0,0,0,0,0,0,0,0,0],"activity":[[-6.537215407118745]],"dinucleotide":[],"modifications":[]},{"mononucleotide":[-1.2435737378951952,0,-1.8609221667292877,-0.38715195265376945,0,-1.4315962374871916,-0.441653599334642,-1.8324388588361424,0,-3.1834017587842167,-4.273609412017732,-4.032347213624757,-5.571877745403495,-5.141832382597649,-4.618007520067881,0,-3.09393438232362,-6.945912086106354,-3.0599255995917263,0,0,-3.761556987375208,-1.1080879028833284,-2.9478150854903813,-0.12611523098919442,-0.7122136112359554,0,-0.8395079788457371,-0.04674341736263621,0,-0.290613346491976,-0.17301354688422776,0,-0.15938242413811032,-0.1930889099403288,-0.0373328648097484,-0.04967783717052665,0,-0.3777405616162639,-0.058810419246194456],"activity":[[0]],"dinucleotide":[],"modifications":[]}]}}
