{"modelSettings":{"letterOrder":"ACGT","bindingModeInteractions":[],"bindingModes":[{"fitLogActivity":true,"flankLength":0,"singleStrand":false,"size":12,"dinucleotideDistance":0,"componentName":"Binding mode 0","positionBias":false,"modifications":[]},{"fitLogActivity":true,"flankLength":0,"singleStrand":false,"size":12,"dinucleotideDistance":0,"componentName":"Binding mode 1","positionBias":false,"modifications":[]}],"letterComplement":"C-G,A-T"},"coefficients":{"bindingModeInteractions":[],"bindingModes":[{"mononucleotide":[0,0,0,0,0,0,0,0,0,0,0,0,0,0,0,0,0,0,0,0,0,0,0,0,0,0,0,0,0,0,0,0,0,0,0,0,0,0,0,0,0,0,0,0,0,0,0,0],"activity":[[-6.122465884419947]],"dinucleotide":[],"modifications":[]},{"mononucleotide":[0,-0.4590664842163772,-0.3258312190701673,-0.11411484528831473,0,-0.17687655985657713,-0.38901528048408274,-0.3218907993558151,-0.3898364616753689,-0.5265480890415315,0,-0.23390589094365133,-1.5299899446833631,0,-0.8242847891340261,-0.5545938744358896,-2.7187475984213165,0,-2.7555468366650206,-0.2280342074505004,0,-2.280852208831762,-6.169789956512382,-3.258291099586611,0,-3.902821875405671,-4.475050973886406,-5.344321519830105,-6.507520577452764,-4.695867671937623,-5.452098819349932,0,-4.989055363170832,-1.3696706033822519,-5.639655896615086,0,0,-4.97694302763645,-2.233422949092998,-2.980368816120195,-0.05165203044794353,-0.1874035155274587,0,-0.47221319273968554,-0.5916110648894986,0,-0.18743214334194924,-0.20396009264195847],"activity":[[0]],"dinucleotide":[],"modifications":[]}]}}
