{"modelSettings":{"letterOrder":"ACGT","bindingModeInteractions":[],"bindingModes":[{"fitLogActivity":true,"flankLength":0,"singleStrand":false,"size":13,"dinucleotideDistance":0,"componentName":"Binding mode 0","positionBias":false,"modifications":[]},{"fitLogActivity":true,"flankLength":0,"singleStrand":false,"size":13,"dinucleotideDistance":0,"componentName":"Binding mode 1","positionBias":false,"modifications":[]}],"letterComplement":"C-G,A-T"},"coefficients":{"bindingModeInteractions":[],"bindingModes":[{"mononucleotide":[0,0,0,0,0,0,0,0,0,0,0,0,0,0,0,0,0,0,0,0,0,0,0,0,0,0,0,0,0,0,0,0,0,0,0,0,0,0,0,0,0,0,0,0,0,0,0,0,0,0,0,0],"activity":[[-5.544739007819665]],"dinucleotide":[],"modifications":[]},{"mononucleotide":[-0.018313914821611377,-0.2708199726763878,-0.0930796302037038,0,0,-0.013346166244470936,-0.11483082770081587,-0.3947813653673089,-0.6014960832656238,0,-0.9422872967472289,-1.5766517935504298,-1.7699652928608396,-0.3677087034414823,-2.5042152319497992,0,0,-0.552235679102421,-1.224800184024681,-0.23929488770061358,0,-0.3960005816928911,-0.6810811996251518,-2.1192562626826055,-6.580577071000972,-4.2444303167965005,-6.336023022510608,0,-6.099061060760839,-1.8386621008616961,-6.328931505156754,0,0,-2.4274514928573883,-1.3425217473203848,-2.058471916568413,0,-0.5465519546718403,-0.04096513239410271,-0.5949599222448159,-0.49154918203745357,0,-0.34701429016484386,-0.36253162644890846,-0.2079339569697778,-0.01979795992025224,0,-0.034520609051746476,-0.2969785700423708,0,-0.28416754817525014,-0.21562547531051468],"activity":[[0]],"dinucleotide":[],"modifications":[]}]}}
