{"modelSettings":{"letterOrder":"ACGT","bindingModeInteractions":[],"bindingModes":[{"fitLogActivity":true,"flankLength":0,"singleStrand":false,"size":10,"dinucleotideDistance":0,"componentName":"Binding mode 0","positionBias":false,"modifications":[]},{"fitLogActivity":true,"flankLength":0,"singleStrand":false,"size":10,"dinucleotideDistance":0,"componentName":"Binding mode 1","positionBias":false,"modifications":[]}],"letterComplement":"C-G,A-T"},"coefficients":{"bindingModeInteractions":[],"bindingModes":[{"mononucleotide":[0,0,0,0,0,0,0,0,0,0,0,0,0,0,0,0,0,0,0,0,0,0,0,0,0,0,0,0,0,0,0,0,0,0,0,0,0,0,0,0],"activity":[[-4.5862000143533574]],"dinucleotide":[],"modifications":[]},{"mononucleotide":[0,-0.19836974918553807,-0.27184098740954,-0.04271779017203592,-0.15454894672780384,-0.1604877852737978,-0.1560475446928331,0,-0.5639274359553443,-0.45672010160153675,-0.5746773988293388,0,-1.1746268528593848,-3.0030291568205296,-2.651438275769082,0,0,-1.4404325911947726,-1.3527947951224952,-0.8346921260361322,0,-5.574630845992249,-3.3706687917114446,-5.377111582425531,-2.6521813743392464,-5.161500093146428,-2.848236913951152,0,-1.3834023734173861,-1.9443947099919878,-1.721596889299783,0,0,-1.3898866304271147,-0.14793933648580548,-1.4982334944013527,-0.17996518307101006,-0.2010794189917231,0,-0.7299357056258158],"activity":[[0]],"dinucleotide":[],"modifications":[]}]}}
