{"modelSettings":{"letterOrder":"ACGT","bindingModeInteractions":[],"bindingModes":[{"fitLogActivity":true,"flankLength":0,"singleStrand":false,"size":10,"dinucleotideDistance":0,"componentName":"Binding mode 0","positionBias":false,"modifications":[]},{"fitLogActivity":true,"flankLength":0,"singleStrand":false,"size":10,"dinucleotideDistance":0,"componentName":"Binding mode 1","positionBias":false,"modifications":[]}],"letterComplement":"C-G,A-T"},"coefficients":{"bindingModeInteractions":[],"bindingModes":[{"mononucleotide":[0,0,0,0,0,0,0,0,0,0,0,0,0,0,0,0,0,0,0,0,0,0,0,0,0,0,0,0,0,0,0,0,0,0,0,0,0,0,0,0],"activity":[[-4.097298362034447]],"dinucleotide":[],"modifications":[]},{"mononucleotide":[-0.10954368537759862,-0.32114573905344734,0,-0.3216647467046361,0,-0.5397246471415382,-0.4146581221880208,-0.023009533595802267,-0.9559655277137118,-1.4743507174571295,-1.7279105407436859,0,0,-5.607980432815288,-0.5324434955800044,-3.199847948335059,0,-7.270667521814929,-2.3798829212209505,-6.58929033500621,-2.264150510571045,-2.560777736574374,-1.448160607356468,0,-1.7150453498110192,-1.333584689714315,0,-0.08546547128988635,0,-2.284435853492597,-0.454465865564325,-1.5592450737360037,-0.5507228276324767,0,-0.11059127243047495,-0.5932656902084039,-0.13945436461952632,-0.12701154255817837,-0.02093303901929211,0],"activity":[[0]],"dinucleotide":[],"modifications":[]}]}}
