{"modelSettings":{"letterOrder":"ACGT","bindingModeInteractions":[],"bindingModes":[{"fitLogActivity":true,"flankLength":0,"singleStrand":false,"size":12,"dinucleotideDistance":0,"componentName":"Binding mode 0","positionBias":false,"modifications":[]},{"fitLogActivity":true,"flankLength":0,"singleStrand":false,"size":12,"dinucleotideDistance":0,"componentName":"Binding mode 1","positionBias":false,"modifications":[]}],"letterComplement":"C-G,A-T"},"coefficients":{"bindingModeInteractions":[],"bindingModes":[{"mononucleotide":[0,0,0,0,0,0,0,0,0,0,0,0,0,0,0,0,0,0,0,0,0,0,0,0,0,0,0,0,0,0,0,0,0,0,0,0,0,0,0,0,0,0,0,0,0,0,0,0],"activity":[[-4.5493743906692785]],"dinucleotide":[],"modifications":[]},{"mononucleotide":[-0.26575895548401984,0,-0.4823481112860071,-0.03298078768825885,-0.2039468554978665,0,-0.3475122608584904,-0.13811935634386874,-1.8012826806976365,-0.509126881864713,-4.272717496646683,0,0,-0.3655184030646854,-0.9839072584345532,-1.2149679351534868,0,-0.9293326802553095,-4.16202253285327,-1.250084270306532,-2.4584793788476915,-1.0848585274260234,-5.276211762850283,0,-1.4463053288046313,-0.37620363401597334,-1.1168959698871124,0,0,-0.7174905824072857,-1.055505255129897,-0.7484633631046727,-0.24264107272115165,0,-0.4188666358274533,-0.17342927502825933,-0.515484443721764,0,-0.7694639593110333,-0.28956560157471056,-0.0341340601160649,-0.21131712297367944,-0.4957819524242897,0,-0.32181269121364675,-0.1664723524794578,-0.766187163001411,0],"activity":[[0]],"dinucleotide":[],"modifications":[]}]}}
