{"modelSettings":{"letterOrder":"ACGT","bindingModeInteractions":[],"bindingModes":[{"fitLogActivity":true,"flankLength":0,"singleStrand":false,"size":18,"dinucleotideDistance":0,"componentName":"Binding mode 0","positionBias":false,"modifications":[]},{"fitLogActivity":true,"flankLength":0,"singleStrand":false,"size":18,"dinucleotideDistance":0,"componentName":"Binding mode 1","positionBias":false,"modifications":[]}],"letterComplement":"C-G,A-T"},"coefficients":{"bindingModeInteractions":[],"bindingModes":[{"mononucleotide":[0,0,0,0,0,0,0,0,0,0,0,0,0,0,0,0,0,0,0,0,0,0,0,0,0,0,0,0,0,0,0,0,0,0,0,0,0,0,0,0,0,0,0,0,0,0,0,0,0,0,0,0,0,0,0,0,0,0,0,0,0,0,0,0,0,0,0,0,0,0,0,0],"activity":[[-3.577845890749299]],"dinucleotide":[],"modifications":[]},{"mononucleotide":[-0.11746634160898672,0,-0.964286177841255,-0.37347963093065495,-0.9505656571493342,0,-1.1804868597798768,-0.12476336747319827,-0.2487623270892101,0,-0.111326588601667,-0.27064012390893133,-0.0559182809483012,0,-0.8492905724312934,-0.3613141285403616,-0.9339548046435064,0,-1.0774137753878517,-0.29586679706426544,-0.5762369192088626,0,-0.715051412414776,-0.21819485797161864,-0.4538828213828543,0,-0.6722811000656632,-0.5109110943016155,-0.5581761960631253,0,-0.7430487421830918,-0.5146194373409907,-0.5363513212887385,0,-0.22528544803093808,-0.07322233047291515,-0.6828737739415782,-0.10690457522956098,0,-0.02068234700010052,-0.23561801017752693,-0.13412713239424257,-0.29341343836339817,0,-0.29369863127184637,0,-0.43592778863378623,-0.2280482837269462,-0.455203159480698,0,-0.9223233840598626,-0.4318609799585671,-0.5203427641839582,0,-0.8051429327287085,-0.47705594564389386,-0.3321963661669969,0,-0.6549129683604455,-0.3980033460935877,-0.26694041208348285,0,-0.33541936327752353,-0.0486996957886614,-0.0589020211050304,-0.0099272642731556,-0.32286330669702323,0,-0.33027151645986574,0,-0.5164224293482746,-0.13351083686867327],"activity":[[0]],"dinucleotide":[],"modifications":[]}]}}
