{"modelSettings":{"letterOrder":"ACGT","bindingModeInteractions":[],"bindingModes":[{"fitLogActivity":true,"flankLength":0,"singleStrand":false,"size":19,"dinucleotideDistance":0,"componentName":"Binding mode 0","positionBias":false,"modifications":[]},{"fitLogActivity":true,"flankLength":0,"singleStrand":false,"size":19,"dinucleotideDistance":0,"componentName":"Binding mode 1","positionBias":false,"modifications":[]}],"letterComplement":"C-G,A-T"},"coefficients":{"bindingModeInteractions":[],"bindingModes":[{"mononucleotide":[0,0,0,0,0,0,0,0,0,0,0,0,0,0,0,0,0,0,0,0,0,0,0,0,0,0,0,0,0,0,0,0,0,0,0,0,0,0,0,0,0,0,0,0,0,0,0,0,0,0,0,0,0,0,0,0,0,0,0,0,0,0,0,0,0,0,0,0,0,0,0,0,0,0,0,0],"activity":[[-4.398765384926846]],"dinucleotide":[],"modifications":[]},{"mononucleotide":[-0.1577783010480438,-0.3728585873928152,0,-0.24028706756549845,-0.09537827173798874,-0.40880238494289234,0,-0.27486055794375286,-0.12945070921305923,-0.46925339076714945,0,-0.41950143744805946,-0.1196942436967765,-0.5273441431810806,0,-0.33611794330120137,-0.10073255811128412,-0.45816005788077696,0,-0.2859327853919611,-0.02052742108540162,-0.47359192418691354,0,-0.17469251717683942,-0.23879001447456094,-0.6037433561339869,0,-0.4946545804985307,-0.17672996554103548,-0.7444589174689247,0,-0.416029425654588,-0.46762448124015954,-0.9873288814050172,0,-0.6000097383732506,-0.16360815392818928,-0.7958300050011671,0,-0.16497729249520532,0,-0.12859600839381713,-0.17644257690681542,-0.18229457088158973,0,-0.3284172799666738,-0.28089194351537383,-0.5150369202096412,-0.008295235731782036,-0.07640411631130739,0,-0.04003893969025807,-0.2432558033075809,0,-0.003945488933661423,-0.5273318804979699,-0.6058710983212343,-3.486349543157208,0,-1.4185541112742674,-0.4051771351636324,-1.2640804851065068,0,-0.12984415580575615,-0.185481566731176,-0.47136606990784813,0,-0.5797631105795737,-0.3898189878170486,-0.8852412299859784,0,-0.3729555093455259,-0.5074681344812131,-1.0272923440092274,0,-0.6976840874955546],"activity":[[0]],"dinucleotide":[],"modifications":[]}]}}
