{"modelSettings":{"letterOrder":"ACGT","bindingModeInteractions":[],"bindingModes":[{"fitLogActivity":true,"flankLength":0,"singleStrand":false,"size":10,"dinucleotideDistance":0,"componentName":"Binding mode 0","positionBias":false,"modifications":[]},{"fitLogActivity":true,"flankLength":0,"singleStrand":false,"size":10,"dinucleotideDistance":0,"componentName":"Binding mode 1","positionBias":false,"modifications":[]}],"letterComplement":"C-G,A-T"},"coefficients":{"bindingModeInteractions":[],"bindingModes":[{"mononucleotide":[0,0,0,0,0,0,0,0,0,0,0,0,0,0,0,0,0,0,0,0,0,0,0,0,0,0,0,0,0,0,0,0,0,0,0,0,0,0,0,0],"activity":[[-4.828728349137911]],"dinucleotide":[],"modifications":[]},{"mononucleotide":[0,-0.32672382646518905,-0.35800567668735006,-0.26691893894493113,-0.5770663284784794,0,-0.07836155322627292,-0.5668866613602423,-2.432698412874344,0,-3.469686555464297,-0.6685058604843794,0,-1.621320716817574,-1.9209610151000787,-2.4315116593906856,0,-2.7984656934972394,-4.629025574221748,-3.508669442162309,-7.082025755100489,-5.474160782319199,-6.6912800237971855,0,-2.6340271515377056,-2.0234777462705837,-2.0490581972946833,0,0,-4.245139575823172,-2.5346547428228945,-0.8041645278294451,0,-0.5967007058710987,-0.23682953357140768,-0.13535477600479418,-0.06172183156843136,0,-0.4029444532274997,-0.48299615869515566],"activity":[[0]],"dinucleotide":[],"modifications":[]}]}}
