{"modelSettings":{"letterOrder":"ACGT","bindingModeInteractions":[],"bindingModes":[{"fitLogActivity":true,"flankLength":0,"singleStrand":false,"size":12,"dinucleotideDistance":0,"componentName":"Binding mode 0","positionBias":false,"modifications":[]},{"fitLogActivity":true,"flankLength":0,"singleStrand":false,"size":12,"dinucleotideDistance":0,"componentName":"Binding mode 1","positionBias":false,"modifications":[]}],"letterComplement":"C-G,A-T"},"coefficients":{"bindingModeInteractions":[],"bindingModes":[{"mononucleotide":[0,0,0,0,0,0,0,0,0,0,0,0,0,0,0,0,0,0,0,0,0,0,0,0,0,0,0,0,0,0,0,0,0,0,0,0,0,0,0,0,0,0,0,0,0,0,0,0],"activity":[[-5.491221049827883]],"dinucleotide":[],"modifications":[]},{"mononucleotide":[0,-0.2806930231705955,-0.16288268908281367,-0.2731169172207366,0,-0.39985988322603205,-0.4656466209857264,-0.29602400722399125,-0.7256869338877365,0,-0.15266345601746778,-0.7542527092551552,-2.6082765303844635,0,-3.6643030000306975,-0.7011865206653951,0,-2.196725153208547,-2.154546321137147,-3.1717547186876054,0,-3.3130893160322987,-6.074859874875699,-5.782240449497015,-6.454110511736323,-6.3173861366939565,-6.508659360221941,0,-2.7123294363986066,-2.2386664145387964,-2.5242914014377593,0,0,-4.0882375425905,-2.5416288485143266,-1.238452368892733,0,-0.5959495176177114,-0.31259621659508774,-0.14966499397044508,-0.22420344652104518,0,-0.3578222287833537,-0.4845439281801909,-0.3100563142718684,-0.4872742813131836,0,-0.3089773907593507],"activity":[[0]],"dinucleotide":[],"modifications":[]}]}}
