{"modelSettings":{"letterOrder":"ACGT","bindingModeInteractions":[],"bindingModes":[{"fitLogActivity":true,"flankLength":0,"singleStrand":false,"size":10,"dinucleotideDistance":0,"componentName":"Binding mode 0","positionBias":false,"modifications":[]},{"fitLogActivity":true,"flankLength":0,"singleStrand":false,"size":10,"dinucleotideDistance":0,"componentName":"Binding mode 1","positionBias":false,"modifications":[]}],"letterComplement":"C-G,A-T"},"coefficients":{"bindingModeInteractions":[],"bindingModes":[{"mononucleotide":[0,0,0,0,0,0,0,0,0,0,0,0,0,0,0,0,0,0,0,0,0,0,0,0,0,0,0,0,0,0,0,0,0,0,0,0,0,0,0,0],"activity":[[-3.8862644269346776]],"dinucleotide":[],"modifications":[]},{"mononucleotide":[-0.477952923496467,-0.3636771162764987,0,-0.2974201696373946,-0.22910819283380413,-0.6698568873246202,-0.27055044634224146,0,-0.39568737069673254,-0.07478287255312033,-0.2958649230630179,0,0,-1.0625554496991274,-0.3973898919643233,-1.555722065097262,0,-1.4984044737128173,-0.556508879168657,-2.3573811415338533,-1.680692510938326,-4.980421843770284,0,-1.8098389103241397,-0.8774587450204345,-1.9236652767496585,-0.7298297267797098,0,-1.9039246368466047,-1.993929131117171,0,-2.954971056365224,-0.9079602756808898,-0.8088035074531401,0,-0.5304616516033756,-0.4040777285507602,-0.33441644734872433,-0.007964129836349088,0],"activity":[[0]],"dinucleotide":[],"modifications":[]}]}}
