{"modelSettings":{"letterOrder":"ACGT","bindingModeInteractions":[],"bindingModes":[{"fitLogActivity":true,"flankLength":0,"singleStrand":false,"size":10,"dinucleotideDistance":0,"componentName":"Binding mode 0","positionBias":false,"modifications":[]},{"fitLogActivity":true,"flankLength":0,"singleStrand":false,"size":10,"dinucleotideDistance":0,"componentName":"Binding mode 1","positionBias":false,"modifications":[]}],"letterComplement":"C-G,A-T"},"coefficients":{"bindingModeInteractions":[],"bindingModes":[{"mononucleotide":[0,0,0,0,0,0,0,0,0,0,0,0,0,0,0,0,0,0,0,0,0,0,0,0,0,0,0,0,0,0,0,0,0,0,0,0,0,0,0,0],"activity":[[-4.533886453247867]],"dinucleotide":[],"modifications":[]},{"mononucleotide":[-0.22432033338818513,-0.7069281780643006,-0.5764560773005538,0,-0.8219577234494864,-0.19570690391575596,-0.5297478059704037,0,0,-3.073652947148159,-0.7912795786218769,-2.467006415375879,0,-2.429943100339761,-1.6897374991155747,-2.4012021908928656,-3.1494982651819745,-5.941588952441699,0,-2.365936102606163,-1.2111225174207423,-2.7966753981660215,-1.2402285281107783,0,-1.088232700650984,-5.551472999002956,0,-4.3403397608978596,-1.0070859006221067,-0.22770438045233377,0,-0.5146146633666007,-0.3543734454637466,-0.07152593904985771,-0.06593338885508615,0,-0.19895923725755527,-0.1708960903481822,-0.22817734897095843,0],"activity":[[0]],"dinucleotide":[],"modifications":[]}]}}
