{"modelSettings":{"letterOrder":"ACGT","bindingModeInteractions":[],"bindingModes":[{"fitLogActivity":true,"flankLength":0,"singleStrand":false,"size":12,"dinucleotideDistance":0,"componentName":"Binding mode 0","positionBias":false,"modifications":[]},{"fitLogActivity":true,"flankLength":0,"singleStrand":false,"size":12,"dinucleotideDistance":0,"componentName":"Binding mode 1","positionBias":false,"modifications":[]}],"letterComplement":"C-G,A-T"},"coefficients":{"bindingModeInteractions":[],"bindingModes":[{"mononucleotide":[0,0,0,0,0,0,0,0,0,0,0,0,0,0,0,0,0,0,0,0,0,0,0,0,0,0,0,0,0,0,0,0,0,0,0,0,0,0,0,0,0,0,0,0,0,0,0,0],"activity":[[-4.722573434062006]],"dinucleotide":[],"modifications":[]},{"mononucleotide":[-0.08846038749735108,-0.09891011183428944,0,-0.08852262479212314,-0.3987853652290152,-0.049307382981256254,0,-0.09237893954844267,-0.6521947274498157,-1.062516846926636,-0.7984478431156656,0,-0.8524532918838919,-0.035729228200333196,-0.19012870482498556,0,0,-3.4898633679394706,-0.30569419988053603,-2.497777057808875,0,-3.2747542009497357,-1.969369614089345,-2.5531506801524584,-5.217506865690407,-5.704692948732053,0,-2.1356235706341558,-1.1185154424553527,-2.006772128702332,-0.9210302433773716,0,-0.6950530112289082,-3.6216872394486908,0,-2.6467870795566144,-2.24018525543517,0,-0.03463071025831432,-0.2674689030922899,-0.3579679549205661,0,-0.18539448642120693,-0.151513981296322,-0.21079396305575138,-0.05433693783784488,-0.20335998177069747,0],"activity":[[0]],"dinucleotide":[],"modifications":[]}]}}
