{"modelSettings":{"letterOrder":"ACGT","bindingModeInteractions":[],"bindingModes":[{"fitLogActivity":true,"flankLength":0,"singleStrand":false,"size":11,"dinucleotideDistance":0,"componentName":"Binding mode 0","positionBias":false,"modifications":[]},{"fitLogActivity":true,"flankLength":0,"singleStrand":false,"size":11,"dinucleotideDistance":0,"componentName":"Binding mode 1","positionBias":false,"modifications":[]}],"letterComplement":"C-G,A-T"},"coefficients":{"bindingModeInteractions":[],"bindingModes":[{"mononucleotide":[0,0,0,0,0,0,0,0,0,0,0,0,0,0,0,0,0,0,0,0,0,0,0,0,0,0,0,0,0,0,0,0,0,0,0,0,0,0,0,0,0,0,0,0],"activity":[[-5.01581928634179]],"dinucleotide":[],"modifications":[]},{"mononucleotide":[-0.1719651797746673,0,-0.07807017945608408,-0.2903520285972361,-0.3863563838980042,-0.2177149404411427,-0.4579021223630422,0,-1.0450011485112292,-1.3414737080771468,-1.0079507788946822,0,0,-2.9719113298771935,-1.084726214721118,-2.747852870184107,0,-3.110140270417862,-2.013825036427199,-3.3867292058019913,-5.162409451446452,-5.337358628634304,0,-2.5417697986233962,-2.262521501922053,-3.3482527115897787,-1.592193192482764,0,-0.6523673208730081,-3.7892154211410354,0,-4.778963701043655,-1.5310084673830815,-0.2523034281628398,0,-0.7576145101469454,-0.541425042349192,0,-0.4401904456632,-0.0885783220882681,-0.12095174273130205,-0.07861484973949207,-0.5378455533334847,0],"activity":[[0]],"dinucleotide":[],"modifications":[]}]}}
