{"modelSettings":{"letterOrder":"ACGT","bindingModeInteractions":[],"bindingModes":[{"fitLogActivity":true,"flankLength":0,"singleStrand":false,"size":12,"dinucleotideDistance":0,"componentName":"Binding mode 0","positionBias":false,"modifications":[]},{"fitLogActivity":true,"flankLength":0,"singleStrand":false,"size":12,"dinucleotideDistance":0,"componentName":"Binding mode 1","positionBias":false,"modifications":[]}],"letterComplement":"C-G,A-T"},"coefficients":{"bindingModeInteractions":[],"bindingModes":[{"mononucleotide":[0,0,0,0,0,0,0,0,0,0,0,0,0,0,0,0,0,0,0,0,0,0,0,0,0,0,0,0,0,0,0,0,0,0,0,0,0,0,0,0,0,0,0,0,0,0,0,0],"activity":[[-6.0997240020780445]],"dinucleotide":[],"modifications":[]},{"mononucleotide":[0,-0.253580651577324,-0.044766999347505276,-0.2555543862265308,-0.13733822911120797,0,-0.037946584894623214,-0.3042938376263651,-0.5639743841003853,-0.1648125759025767,0,-0.7684331033993423,-1.0902372078093476,-0.3044115765929378,-0.7813451310056934,0,0,-0.11937230096211593,-0.8423431251765905,-0.4718224719541553,0,-3.3873348168653346,-3.265059702602053,-2.8434865424149836,-2.293425630501634,-2.9359966694194064,-5.6506015551426305,0,-1.4935784263491714,-1.0990463146805567,-1.6018735549768284,0,0,-3.618598762488703,-1.3138110482897236,-2.2414358351259978,0,-1.0166299625819457,-1.3602639927503954,-0.3554541999774701,0,-0.30262857262744713,-0.359184986935297,-0.17249141762926,-0.06965335117004212,-0.16775922926721076,-0.09466730045132277,0],"activity":[[0]],"dinucleotide":[],"modifications":[]}]}}
