{"modelSettings":{"letterOrder":"ACGT","bindingModeInteractions":[],"bindingModes":[{"fitLogActivity":true,"flankLength":0,"singleStrand":false,"size":12,"dinucleotideDistance":0,"componentName":"Binding mode 0","positionBias":false,"modifications":[]},{"fitLogActivity":true,"flankLength":0,"singleStrand":false,"size":12,"dinucleotideDistance":0,"componentName":"Binding mode 1","positionBias":false,"modifications":[]}],"letterComplement":"C-G,A-T"},"coefficients":{"bindingModeInteractions":[],"bindingModes":[{"mononucleotide":[0,0,0,0,0,0,0,0,0,0,0,0,0,0,0,0,0,0,0,0,0,0,0,0,0,0,0,0,0,0,0,0,0,0,0,0,0,0,0,0,0,0,0,0,0,0,0,0],"activity":[[-6.012266430669394]],"dinucleotide":[],"modifications":[]},{"mononucleotide":[-0.08008210589981779,-0.02423657006923463,0,-0.012842796554080493,-0.3766001152958145,-0.46573088486402003,-0.27381850819486697,0,-0.43973243700054887,-1.18786229348611,-1.0026045444048153,0,-1.069879769017148,-1.1990323191519785,-3.313550436464019,0,0,-1.6713924359818009,-1.0295050619480302,-1.4461194973134806,0,-6.49241763920977,-4.362503470760735,-2.6052302278002584,-2.995562670850558,-2.1862163257177496,-2.2501712704881296,0,-0.5218462599630813,-0.9200957485351422,0,-0.0644826307987163,0,-1.086412524548372,-0.16585250611536662,-1.174387182547978,-0.7258534215398322,0,-0.20605638949739458,-0.8482856143060777,-0.3649156434339904,0,-0.21972823755414517,-0.33854366301377414,-0.241236188064196,0,-0.3680384884138421,-0.11091992933787154],"activity":[[0]],"dinucleotide":[],"modifications":[]}]}}
