{"modelSettings":{"letterOrder":"ACGT","bindingModeInteractions":[],"bindingModes":[{"fitLogActivity":true,"flankLength":0,"singleStrand":false,"size":12,"dinucleotideDistance":0,"componentName":"Binding mode 0","positionBias":false,"modifications":[]},{"fitLogActivity":true,"flankLength":0,"singleStrand":false,"size":12,"dinucleotideDistance":0,"componentName":"Binding mode 1","positionBias":false,"modifications":[]}],"letterComplement":"C-G,A-T"},"coefficients":{"bindingModeInteractions":[],"bindingModes":[{"mononucleotide":[0,0,0,0,0,0,0,0,0,0,0,0,0,0,0,0,0,0,0,0,0,0,0,0,0,0,0,0,0,0,0,0,0,0,0,0,0,0,0,0,0,0,0,0,0,0,0,0],"activity":[[-5.405380146191832]],"dinucleotide":[],"modifications":[]},{"mononucleotide":[0,-0.7294301427374048,-0.20647388233552988,-0.5421056981815262,0,-0.6698795498943166,-0.16320400367808396,-0.5055488417841474,0,-1.3020536365393998,-0.0981477666178936,-0.5153321813897378,0,-1.5868489202535088,-0.501774099570703,-0.8769150250811499,-0.4721610329995194,-2.298047996287357,-0.4688341006874168,0,-1.1517869128135807,0,-0.47570171401569894,-0.8257759491306302,-0.5680913098486471,-1.7508784389981678,0,-1.5418035695100993,0,-2.2334175850150952,-0.3547446908904419,-1.0173478310417785,-1.0700961019296447,-1.1148856041424189,-0.6028906322864085,0,0,-1.2658819526425686,-0.1858857079377465,-0.8619469218321392,0,-0.5729574851438057,-0.06276113440033448,-0.21057921446255978,-0.19538944269284197,-0.7096309402395651,0,-0.2471671235013524],"activity":[[0]],"dinucleotide":[],"modifications":[]}]}}
