{"modelSettings":{"letterOrder":"ACGT","bindingModeInteractions":[],"bindingModes":[{"fitLogActivity":true,"flankLength":0,"singleStrand":false,"size":11,"dinucleotideDistance":0,"componentName":"Binding mode 0","positionBias":false,"modifications":[]},{"fitLogActivity":true,"flankLength":0,"singleStrand":false,"size":11,"dinucleotideDistance":0,"componentName":"Binding mode 1","positionBias":false,"modifications":[]}],"letterComplement":"C-G,A-T"},"coefficients":{"bindingModeInteractions":[],"bindingModes":[{"mononucleotide":[0,0,0,0,0,0,0,0,0,0,0,0,0,0,0,0,0,0,0,0,0,0,0,0,0,0,0,0,0,0,0,0,0,0,0,0,0,0,0,0,0,0,0,0],"activity":[[-4.892418707049083]],"dinucleotide":[],"modifications":[]},{"mononucleotide":[-0.26372793899858404,-0.21247831182521448,0,-0.15670775548774074,-0.5061221810917909,-0.40598315432947896,-0.6857123771643119,0,-2.386097723305986,-3.1845451658844963,-5.826303216610982,0,0,-2.8782928943911807,-2.2146891642767175,-0.004092355504106138,0,-0.2957422923203348,-3.9819640364654676,-5.523605847778867,-2.8175129923461357,-3.0530831476154665,-1.068616149862673,0,-2.5286365819964187,0,-2.7373643297689467,-2.4929643942160427,-2.017645701404563,0,-1.2011342184912994,-1.1409501365578771,-1.156263488520679,-0.3738253730499954,0,-0.535465524722941,-0.11832862403943967,0,-0.6579611379288748,-0.42372256236470385,-0.6450675453832497,-0.5566851291640598,-0.35777732264368556,0],"activity":[[0]],"dinucleotide":[],"modifications":[]}]}}
