{"modelSettings":{"letterOrder":"ACGT","bindingModeInteractions":[],"bindingModes":[{"fitLogActivity":true,"flankLength":0,"singleStrand":false,"size":12,"dinucleotideDistance":0,"componentName":"Binding mode 0","positionBias":false,"modifications":[]},{"fitLogActivity":true,"flankLength":0,"singleStrand":false,"size":12,"dinucleotideDistance":0,"componentName":"Binding mode 1","positionBias":false,"modifications":[]}],"letterComplement":"C-G,A-T"},"coefficients":{"bindingModeInteractions":[],"bindingModes":[{"mononucleotide":[0,0,0,0,0,0,0,0,0,0,0,0,0,0,0,0,0,0,0,0,0,0,0,0,0,0,0,0,0,0,0,0,0,0,0,0,0,0,0,0,0,0,0,0,0,0,0,0],"activity":[[-5.329797871119389]],"dinucleotide":[],"modifications":[]},{"mononucleotide":[-0.201174281218357,-0.2561046032231955,0,-0.16671459530471644,-0.42125994152310753,-0.53572573025557,0,-0.49514452785802376,-0.8687571976588018,-0.8691631753844256,0,-0.8342047915054644,-1.3167608533827924,-0.7014007343121955,-0.7809036793269648,0,0,-0.40279515609578986,-0.5173066544227334,-2.230847430240744,0,-5.467308286856513,-0.679104206367855,-3.79996085037098,-2.0974649995699437,-6.433417659341462,-0.7371094545089489,0,-2.1885138988289823,-5.197093878693064,-0.5284253401551435,0,0,-6.137668970994989,-0.6427931010485963,-2.3989875016231306,-0.23631560146730646,-1.2393170030412133,0,-0.7795303073475361,-0.5359446202444396,-0.00843219609980661,0,-0.16413952153598466,-0.46972132165068725,-0.3819114993879964,0,-0.7776340870465939],"activity":[[0]],"dinucleotide":[],"modifications":[]}]}}
