{"modelSettings":{"letterOrder":"ACGT","bindingModeInteractions":[],"bindingModes":[{"fitLogActivity":true,"flankLength":0,"singleStrand":false,"size":14,"dinucleotideDistance":0,"componentName":"Binding mode 0","positionBias":false,"modifications":[]},{"fitLogActivity":true,"flankLength":0,"singleStrand":false,"size":14,"dinucleotideDistance":0,"componentName":"Binding mode 1","positionBias":false,"modifications":[]}],"letterComplement":"C-G,A-T"},"coefficients":{"bindingModeInteractions":[],"bindingModes":[{"mononucleotide":[0,0,0,0,0,0,0,0,0,0,0,0,0,0,0,0,0,0,0,0,0,0,0,0,0,0,0,0,0,0,0,0,0,0,0,0,0,0,0,0,0,0,0,0,0,0,0,0,0,0,0,0,0,0,0,0],"activity":[[-6.607757197726583]],"dinucleotide":[],"modifications":[]},{"mononucleotide":[-0.415511423476298,-0.30580072642704437,-0.13750869901135765,0,-0.2964905222400329,-0.10481894923064239,-0.021070402716771852,0,-1.810934791440502,-1.0860733263652502,-3.018073771095665,0,0,-3.388298209389287,-1.274044910864669,-1.8547969787998042,0,-6.0794567486011,-4.961014166639708,-5.7307199120384364,-3.354437712832069,-2.1093186872609664,-3.503084481020121,0,-2.033703690955371,-1.112572884230417,-1.7053711260182292,0,0,-0.9129863327830101,-0.6793072062153129,-1.157967282850434,-0.1542804652075631,-0.6861502131223975,0,-0.8851992410180873,0,-0.8189251476399537,-0.5610320805946056,-0.9529117589067368,-1.4489303869787067,-1.47211243405195,-1.1594592202801746,0,-1.0491240576998901,-1.0090813258279496,-1.2174226259584202,0,0,-0.8909849392670885,-0.4846210569201812,-0.5954412415058972,0,-0.3519334296693195,-0.1890977552225266,-0.1596331549359622],"activity":[[0]],"dinucleotide":[],"modifications":[]}]}}
