{"modelSettings":{"letterOrder":"ACGT","bindingModeInteractions":[],"bindingModes":[{"fitLogActivity":true,"flankLength":0,"singleStrand":false,"size":10,"dinucleotideDistance":0,"componentName":"Binding mode 0","positionBias":false,"modifications":[]},{"fitLogActivity":true,"flankLength":0,"singleStrand":false,"size":10,"dinucleotideDistance":0,"componentName":"Binding mode 1","positionBias":false,"modifications":[]}],"letterComplement":"C-G,A-T"},"coefficients":{"bindingModeInteractions":[],"bindingModes":[{"mononucleotide":[0,0,0,0,0,0,0,0,0,0,0,0,0,0,0,0,0,0,0,0,0,0,0,0,0,0,0,0,0,0,0,0,0,0,0,0,0,0,0,0],"activity":[[-5.191878012270003]],"dinucleotide":[],"modifications":[]},{"mononucleotide":[0,-0.3237581131470275,-0.12973007109211387,-0.2445826825959685,-0.2733641640380782,-0.41850973480768516,0,-0.3865474587340625,-1.2014243332343515,-2.6220638865814037,0,-2.2193616473124376,-2.368038094691837,-2.4942425300059403,0,-2.1549182323207035,0,-1.148204349516945,-3.226901594768117,-5.510654418065547,-3.442934994067633,-4.708480462179759,-3.680526300503261,0,-3.1420752871219246,-2.6216246928150735,-3.1198161468225045,0,0,-5.191556973801223,-3.755176245692546,-0.6981361674522084,-0.15263552240147682,0,-0.46391484459638654,-0.6849444629316039,-0.46628259396487515,-0.25373379292383813,0,-0.5664376443369559],"activity":[[0]],"dinucleotide":[],"modifications":[]}]}}
