{"modelSettings":{"letterOrder":"ACGT","bindingModeInteractions":[],"bindingModes":[{"fitLogActivity":true,"flankLength":0,"singleStrand":false,"size":11,"dinucleotideDistance":0,"componentName":"Binding mode 0","positionBias":false,"modifications":[]},{"fitLogActivity":true,"flankLength":0,"singleStrand":false,"size":11,"dinucleotideDistance":0,"componentName":"Binding mode 1","positionBias":false,"modifications":[]}],"letterComplement":"C-G,A-T"},"coefficients":{"bindingModeInteractions":[],"bindingModes":[{"mononucleotide":[0,0,0,0,0,0,0,0,0,0,0,0,0,0,0,0,0,0,0,0,0,0,0,0,0,0,0,0,0,0,0,0,0,0,0,0,0,0,0,0,0,0,0,0],"activity":[[-6.141047075111703]],"dinucleotide":[],"modifications":[]},{"mononucleotide":[0,-0.2806476984464341,-0.16778728780272179,-0.2607453722646964,-0.20394642016094,-0.3436464993197701,0,-0.38963653543728594,-0.8567250249681297,-1.9686835832907637,0,-1.832375559816402,-1.3871918805465384,-2.368117697221612,0,-1.7178475275909744,0,-0.9682447459040766,-3.027368452071989,-2.8135595536846356,-3.9711436891915,-4.627895290526105,-3.8815520410356026,0,-2.5531819426093296,-2.0980097263539914,-3.1806876809721025,0,0,-3.442005118086046,-3.3745285516257173,-1.9248321486023867,0,-0.9066677272333505,-0.31394525512021065,-0.644654882610519,-0.012031452319444469,0,-0.010217148263274467,-0.16509662839394768,-0.13003180899028788,-0.42869639864412523,0,-0.2846555299967459],"activity":[[0]],"dinucleotide":[],"modifications":[]}]}}
