{"modelSettings":{"letterOrder":"ACGT","bindingModeInteractions":[],"bindingModes":[{"fitLogActivity":true,"flankLength":0,"singleStrand":false,"size":16,"dinucleotideDistance":0,"componentName":"Binding mode 0","positionBias":false,"modifications":[]},{"fitLogActivity":true,"flankLength":0,"singleStrand":false,"size":16,"dinucleotideDistance":0,"componentName":"Binding mode 1","positionBias":false,"modifications":[]}],"letterComplement":"C-G,A-T"},"coefficients":{"bindingModeInteractions":[],"bindingModes":[{"mononucleotide":[0,0,0,0,0,0,0,0,0,0,0,0,0,0,0,0,0,0,0,0,0,0,0,0,0,0,0,0,0,0,0,0,0,0,0,0,0,0,0,0,0,0,0,0,0,0,0,0,0,0,0,0,0,0,0,0,0,0,0,0,0,0,0,0],"activity":[[-6.506828737754017]],"dinucleotide":[],"modifications":[]},{"mononucleotide":[-0.4277499784733827,-0.18849067245064433,0,-0.43150767257472644,-0.043896203847928916,-0.0541440530557189,-0.040330874847711584,0,-1.3979181852782627,-1.5326865219185324,-3.0213313372002375,0,0,-2.166673165369594,-2.062938845379609,-1.8886634698466516,0,-4.882384541983104,-4.052782853755106,-7.108199701368942,-2.2000483206186576,-1.4036609773140256,-2.1191624815929497,0,-1.1257753788772664,-0.5583531587933486,-0.8430186403212474,0,0,-0.4735274241024303,-0.38984159701445265,-0.2430673210651868,-0.07785093639158447,-0.5541340644430246,0,-0.6532069728184311,0,-1.1556372352010582,-0.354580222037427,-0.48176633490874465,-0.7772180555641306,-1.951248192967964,-1.6897424557527092,0,-1.2453766341000385,-0.9956881077198982,-1.2807053239835984,0,0,-0.5590965492272773,-0.43425852940197274,-0.5185597594192384,-0.1671472361776587,-0.8942665453578531,0,-0.6651768792427042,-0.11722726901015434,-0.22904486514802969,-0.5000320980156374,0,-0.38954905267045703,-0.29699899188211987,-0.6192320837320722,0],"activity":[[0]],"dinucleotide":[],"modifications":[]}]}}
