{"modelSettings":{"letterOrder":"ACGT","bindingModeInteractions":[],"bindingModes":[{"fitLogActivity":true,"flankLength":0,"singleStrand":false,"size":15,"dinucleotideDistance":0,"componentName":"Binding mode 0","positionBias":false,"modifications":[]},{"fitLogActivity":true,"flankLength":0,"singleStrand":false,"size":15,"dinucleotideDistance":0,"componentName":"Binding mode 1","positionBias":false,"modifications":[]}],"letterComplement":"C-G,A-T"},"coefficients":{"bindingModeInteractions":[],"bindingModes":[{"mononucleotide":[0,0,0,0,0,0,0,0,0,0,0,0,0,0,0,0,0,0,0,0,0,0,0,0,0,0,0,0,0,0,0,0,0,0,0,0,0,0,0,0,0,0,0,0,0,0,0,0,0,0,0,0,0,0,0,0,0,0,0,0],"activity":[[-6.619088532490441]],"dinucleotide":[],"modifications":[]},{"mononucleotide":[-0.2741670268307761,0,-0.19795204380927522,-0.0928580877755838,-0.18640180520676175,-0.002795719444169009,-0.38230636388129824,0,-0.6975599039388101,-0.6240658745257104,-1.646318813565565,0,0,-0.6819071753394379,-1.499573300368211,-0.7587949689774511,0,-0.86685475787284,-2.0567465452349216,-1.1309806418107113,-1.1352180187206988,-0.36322983054258806,-1.6512801515126023,0,-0.8163435284415375,0,-0.828587448104491,-0.10383324965341068,-0.700344900617182,-0.17217293319410132,-0.9272863579525827,0,0,-0.33513796191947165,-0.825270566637931,-0.8639986019203416,0,-1.0747225471052948,-1.4691284697078677,-1.4018993041133276,-5.543938113727803,-1.3315534927859778,-5.766242007180021,0,-1.4793926837890874,-0.982238470444929,-2.6014268917670496,0,0,-1.0486480263830895,-1.6274905433508184,-0.9460307615839696,-0.05696536362708393,-0.031943858514601686,-0.22744675362543276,0,-0.5211047786546761,0,-0.5657626346091913,-0.2193166159317652],"activity":[[0]],"dinucleotide":[],"modifications":[]}]}}
