{"modelSettings":{"letterOrder":"ACGT","bindingModeInteractions":[],"bindingModes":[{"fitLogActivity":true,"flankLength":0,"singleStrand":false,"size":13,"dinucleotideDistance":0,"componentName":"Binding mode 0","positionBias":false,"modifications":[]},{"fitLogActivity":true,"flankLength":0,"singleStrand":false,"size":13,"dinucleotideDistance":0,"componentName":"Binding mode 1","positionBias":false,"modifications":[]}],"letterComplement":"C-G,A-T"},"coefficients":{"bindingModeInteractions":[],"bindingModes":[{"mononucleotide":[0,0,0,0,0,0,0,0,0,0,0,0,0,0,0,0,0,0,0,0,0,0,0,0,0,0,0,0,0,0,0,0,0,0,0,0,0,0,0,0,0,0,0,0,0,0,0,0,0,0,0,0],"activity":[[-6.93126488726955]],"dinucleotide":[],"modifications":[]},{"mononucleotide":[-0.4353869030083608,0,-1.0820492584997279,-0.23442134478450072,-0.09689943296091386,-0.23459043775174848,-0.7065585597681157,0,0,-0.7933558150414903,-0.8026399920456164,-0.13418450742549837,-0.7077916055375333,-0.5757677538012054,-0.4053879620013454,0,-1.5788278938946263,0,-0.6542707201133204,-0.038250764074771126,-0.457331260024592,0,-0.7344804783561436,-0.03386003564870954,0,-0.9006410586975697,-0.8079601728548802,-2.0007528628619617,0,-2.692605789107491,-2.4659904272525672,-3.4218386071160776,-6.201841513608787,-5.044427304143528,-4.209738929079387,0,-3.9897290967661565,-3.1135131549140507,-2.697471440598772,0,0,-5.071686832147371,-1.7313884647692177,-3.9712063113337397,-0.3131170355340096,-0.6203508055470621,0,-0.13760799511521604,-0.06325098931087858,0,-0.23274948804547968,-0.35039368159794115],"activity":[[0]],"dinucleotide":[],"modifications":[]}]}}
