{"modelSettings":{"letterOrder":"ACGT","bindingModeInteractions":[],"bindingModes":[{"fitLogActivity":true,"flankLength":0,"singleStrand":false,"size":13,"dinucleotideDistance":0,"componentName":"Binding mode 0","positionBias":false,"modifications":[]},{"fitLogActivity":true,"flankLength":0,"singleStrand":false,"size":13,"dinucleotideDistance":0,"componentName":"Binding mode 1","positionBias":false,"modifications":[]}],"letterComplement":"C-G,A-T"},"coefficients":{"bindingModeInteractions":[],"bindingModes":[{"mononucleotide":[0,0,0,0,0,0,0,0,0,0,0,0,0,0,0,0,0,0,0,0,0,0,0,0,0,0,0,0,0,0,0,0,0,0,0,0,0,0,0,0,0,0,0,0,0,0,0,0,0,0,0,0],"activity":[[-3.4515499787125536]],"dinucleotide":[],"modifications":[]},{"mononucleotide":[-0.5278073655229321,-0.3790949772496903,0,-0.47557973812569987,-0.506827456519817,-0.4166858080117386,0,-0.30701601371001974,-0.26905892499708806,-0.43210020751765477,0,-0.48620540375586074,-0.4382554947764232,-0.6717565265041863,0,-0.48301652967390396,-0.3428089030381507,-0.46325786584171347,0,-0.12057984680502631,-0.12161213267523951,-0.45337374013997955,-0.11091809909776185,0,0,-0.5305288914725486,-0.17263526743173774,-0.4666642131961467,0,-0.8173667197696695,-0.29444089787644856,-0.8953013895117081,-0.29650045748025367,-0.5555706648243053,-0.04697629078253396,0,-0.4370947965233478,-0.40206312601721184,-0.12542973897192766,0,-0.044448148927550335,-1.4239208438527107,0,-0.7966686620145298,-0.4116750165881218,-0.8920583445863413,0,-0.26432105631218583,-0.2546731027540199,-0.6974767342229811,0,-0.3897887277956755],"activity":[[0]],"dinucleotide":[],"modifications":[]}]}}
