{"modelSettings":{"letterOrder":"ACGT","bindingModeInteractions":[],"bindingModes":[{"fitLogActivity":true,"flankLength":0,"singleStrand":false,"size":13,"dinucleotideDistance":0,"componentName":"Binding mode 0","positionBias":false,"modifications":[]},{"fitLogActivity":true,"flankLength":0,"singleStrand":false,"size":13,"dinucleotideDistance":0,"componentName":"Binding mode 1","positionBias":false,"modifications":[]}],"letterComplement":"C-G,A-T"},"coefficients":{"bindingModeInteractions":[],"bindingModes":[{"mononucleotide":[0,0,0,0,0,0,0,0,0,0,0,0,0,0,0,0,0,0,0,0,0,0,0,0,0,0,0,0,0,0,0,0,0,0,0,0,0,0,0,0,0,0,0,0,0,0,0,0,0,0,0,0],"activity":[[-7.136110748264094]],"dinucleotide":[],"modifications":[]},{"mononucleotide":[-0.4188696653302246,-0.014279964909654552,0,-0.3122251875069999,-0.33365572703403856,0,-0.5046857723620208,-0.11459092392047232,-2.04396125708805,-1.08260205635216,-4.465501528146714,0,0,-2.713199384104355,-2.611299665332277,-2.2248566715575153,0,-6.571300972952846,-6.958245437006521,-6.707916819704356,-2.8452132154818184,-1.9068660861299582,-2.2528135855022757,0,-1.0140611404327737,-0.8998559772905157,-1.228998486897594,0,0,-0.693265708902703,-0.26503562886168375,-0.8483732870296352,-0.041214095659956484,-0.38577659742580295,0,-0.6683267688002257,0,-0.24097927148679688,-0.5185785566187144,-0.18514362779623994,-0.8683404857252972,-0.643292185302129,-0.5344374139323094,0,-0.3573935527780243,-0.48703519686530505,-0.6468316427928329,0,0,-1.1386786464004075,-0.46650336966340866,-0.36169333011442095],"activity":[[0]],"dinucleotide":[],"modifications":[]}]}}
