{"modelSettings":{"letterOrder":"ACGT","bindingModeInteractions":[],"bindingModes":[{"fitLogActivity":true,"flankLength":0,"singleStrand":false,"size":10,"dinucleotideDistance":0,"componentName":"Binding mode 0","positionBias":false,"modifications":[]},{"fitLogActivity":true,"flankLength":0,"singleStrand":false,"size":10,"dinucleotideDistance":0,"componentName":"Binding mode 1","positionBias":false,"modifications":[]}],"letterComplement":"C-G,A-T"},"coefficients":{"bindingModeInteractions":[],"bindingModes":[{"mononucleotide":[0,0,0,0,0,0,0,0,0,0,0,0,0,0,0,0,0,0,0,0,0,0,0,0,0,0,0,0,0,0,0,0,0,0,0,0,0,0,0,0],"activity":[[-4.406043232996072]],"dinucleotide":[],"modifications":[]},{"mononucleotide":[0,-0.12380349464062501,-0.06953745495069974,-0.3801816150066104,-0.4229220791118804,-0.35356317644734947,0,-0.26211966028041367,-0.869053928826431,-1.4808991436905385,0,-1.7449192607643358,-3.052288321032124,-2.7215498441824764,0,-1.878968917506973,0,-0.37664145690389805,-2.9870946001426604,-3.873957488795251,-6.233022661060525,-4.844284347614501,-6.1089821539266564,0,-0.6979642928403145,-0.1009089833316521,-1.797907321995698,0,0,-0.29362184832053284,-1.4582623524577984,-0.553737296126914,0,-0.15652907100191005,-0.024821840048735666,-0.1282068769671323,0,-0.1377292123126388,-0.14256777790752562,-0.5751881618238572],"activity":[[0]],"dinucleotide":[],"modifications":[]}]}}
