{"modelSettings":{"letterOrder":"ACGT","bindingModeInteractions":[],"bindingModes":[{"fitLogActivity":true,"flankLength":0,"singleStrand":false,"size":10,"dinucleotideDistance":0,"componentName":"Binding mode 0","positionBias":false,"modifications":[]},{"fitLogActivity":true,"flankLength":0,"singleStrand":false,"size":10,"dinucleotideDistance":0,"componentName":"Binding mode 1","positionBias":false,"modifications":[]}],"letterComplement":"C-G,A-T"},"coefficients":{"bindingModeInteractions":[],"bindingModes":[{"mononucleotide":[0,0,0,0,0,0,0,0,0,0,0,0,0,0,0,0,0,0,0,0,0,0,0,0,0,0,0,0,0,0,0,0,0,0,0,0,0,0,0,0],"activity":[[-4.190331047649994]],"dinucleotide":[],"modifications":[]},{"mononucleotide":[-0.6295894930421841,-0.2047004303407043,-0.16772624447567352,0,-0.060374183275662574,-0.010012393147535548,-0.08132629709132289,0,-0.5433048437546759,-1.4588498712670397,-0.392769304211809,0,0,-1.659623942155541,-0.07766482073026815,-0.6303806685837792,0,-6.361991515356302,-5.95001790590832,-6.487830210130537,-2.789334870852741,-2.9211542039384164,-0.35035353641649714,0,-1.7744492717462261,0,-3.1160691462138126,-2.3521436297200413,-1.5837520589357723,0,-1.4208700598663384,-0.854420256599969,-0.2137704578062518,0,-0.26904421795618205,-0.3551098299910329,-0.30770505039849283,-0.015975960361994446,-0.08261816253908094,0],"activity":[[0]],"dinucleotide":[],"modifications":[]}]}}
