{"modelSettings":{"letterOrder":"ACGT","bindingModeInteractions":[],"bindingModes":[{"fitLogActivity":true,"flankLength":0,"singleStrand":false,"size":10,"dinucleotideDistance":0,"componentName":"Binding mode 0","positionBias":false,"modifications":[]},{"fitLogActivity":true,"flankLength":0,"singleStrand":false,"size":10,"dinucleotideDistance":0,"componentName":"Binding mode 1","positionBias":false,"modifications":[]}],"letterComplement":"C-G,A-T"},"coefficients":{"bindingModeInteractions":[],"bindingModes":[{"mononucleotide":[0,0,0,0,0,0,0,0,0,0,0,0,0,0,0,0,0,0,0,0,0,0,0,0,0,0,0,0,0,0,0,0,0,0,0,0,0,0,0,0],"activity":[[-5.045313431843592]],"dinucleotide":[],"modifications":[]},{"mononucleotide":[-0.3616087660746592,-0.11779932331780252,0,-0.018053269362511948,-0.1062711122508464,-0.17220185572537616,-0.2909284529963152,0,-0.7482304315840995,-1.5340065755046748,-1.1063412024147627,0,0,-2.7117295344942143,-0.13782867860936143,-0.4292582579361621,0,-6.560384212880859,-2.428177385751315,-7.220115670748379,-3.0163240935096405,-4.528748346573203,-0.3829987842574871,0,-1.6129584767224587,0,-2.345368441632246,-2.4826532816357156,-1.699230182834511,0,-1.7179058770082145,-0.8400724353175155,-0.2781830480855998,0,-0.26722424355962815,-0.3761966870172859,-0.2874798468703492,0,-0.09261440382369557,-0.028354759173588207],"activity":[[0]],"dinucleotide":[],"modifications":[]}]}}
