{"modelSettings":{"letterOrder":"ACGT","bindingModeInteractions":[],"bindingModes":[{"fitLogActivity":true,"flankLength":0,"singleStrand":false,"size":11,"dinucleotideDistance":0,"componentName":"Binding mode 0","positionBias":false,"modifications":[]},{"fitLogActivity":true,"flankLength":0,"singleStrand":false,"size":11,"dinucleotideDistance":0,"componentName":"Binding mode 1","positionBias":false,"modifications":[]}],"letterComplement":"C-G,A-T"},"coefficients":{"bindingModeInteractions":[],"bindingModes":[{"mononucleotide":[0,0,0,0,0,0,0,0,0,0,0,0,0,0,0,0,0,0,0,0,0,0,0,0,0,0,0,0,0,0,0,0,0,0,0,0,0,0,0,0,0,0,0,0],"activity":[[-5.853993196919019]],"dinucleotide":[],"modifications":[]},{"mononucleotide":[-0.5316027111012529,0,-0.15561382085526532,-0.2180799632468755,-0.5970280870067102,-0.044194005958637206,-0.7918729633543711,0,-2.7203545872281234,-1.9980976109001043,-4.3069767677180675,0,0,-3.023048049752844,-2.828926625425214,-3.2086638353327634,0,-5.807015115741066,-4.891351288893359,-6.10843827368867,-4.757042503059838,-4.232014427497152,-3.21276111384046,0,-2.2902360705105425,-2.2978324855969676,-2.1481931560254077,0,-0.2537597210474676,-2.1247944148067193,0,-1.9516393692785252,-0.39069720226274196,-0.6950749492217385,0,-1.2868371971502706,-0.3524061337460953,-0.052037968695350045,-0.5675745248071031,0,-0.2617403175773987,-0.09078050766173718,-0.286062038902271,0],"activity":[[0]],"dinucleotide":[],"modifications":[]}]}}
