{"modelSettings":{"letterOrder":"ACGT","bindingModeInteractions":[],"bindingModes":[{"fitLogActivity":true,"flankLength":0,"singleStrand":false,"size":15,"dinucleotideDistance":0,"componentName":"Binding mode 0","positionBias":false,"modifications":[]},{"fitLogActivity":true,"flankLength":0,"singleStrand":false,"size":15,"dinucleotideDistance":0,"componentName":"Binding mode 1","positionBias":false,"modifications":[]}],"letterComplement":"C-G,A-T"},"coefficients":{"bindingModeInteractions":[],"bindingModes":[{"mononucleotide":[0,0,0,0,0,0,0,0,0,0,0,0,0,0,0,0,0,0,0,0,0,0,0,0,0,0,0,0,0,0,0,0,0,0,0,0,0,0,0,0,0,0,0,0,0,0,0,0,0,0,0,0,0,0,0,0,0,0,0,0],"activity":[[-7.652616431160706]],"dinucleotide":[],"modifications":[]},{"mononucleotide":[-0.18431669154638186,-0.2236090073458037,-0.2960180262589347,0,-0.19932434951294198,-0.024176487639042676,-0.22425863289709014,0,-0.6316849466597851,-1.4519232182481847,-1.178131293952644,0,0,-1.125107213070315,-0.39665563914642377,-0.5673415148677563,0,-0.23641775477834415,-0.900584789447926,-0.688016967192187,-0.2812319609341145,-0.8343287848763428,-0.8166950487006428,0,-0.434850780919561,-0.3823790938032374,-0.6402745995937558,0,-0.41581630505172384,-0.2915647536495918,-0.17411742229666416,0,0,-1.4006874692932776,-0.8391775770715277,-2.0012066410177587,0,-2.7600560152394955,-2.699972680971338,-3.530368038085415,-6.8360075060968235,-5.341203577012075,-6.67673871624399,0,-2.3760373422370833,-2.4321366403417404,-3.3288250496222744,0,0,-2.9506919939697642,-1.766680710079548,-1.982235092614629,-0.1973758931690348,-0.4334266380571954,0,-0.5262879318632265,-0.6720921255245411,0,-0.05202728983786464,-0.23677550453331264],"activity":[[0]],"dinucleotide":[],"modifications":[]}]}}
