{"modelSettings":{"letterOrder":"ACGT","bindingModeInteractions":[],"bindingModes":[{"fitLogActivity":true,"flankLength":0,"singleStrand":false,"size":10,"dinucleotideDistance":0,"componentName":"Binding mode 0","positionBias":false,"modifications":[]},{"fitLogActivity":true,"flankLength":0,"singleStrand":false,"size":10,"dinucleotideDistance":0,"componentName":"Binding mode 1","positionBias":false,"modifications":[]}],"letterComplement":"C-G,A-T"},"coefficients":{"bindingModeInteractions":[],"bindingModes":[{"mononucleotide":[0,0,0,0,0,0,0,0,0,0,0,0,0,0,0,0,0,0,0,0,0,0,0,0,0,0,0,0,0,0,0,0,0,0,0,0,0,0,0,0],"activity":[[-5.364818149850006]],"dinucleotide":[],"modifications":[]},{"mononucleotide":[-0.2341085313091682,-0.015752490369013827,0,-0.44774642119425323,-0.7170169559980835,0,-0.7810873875772586,-0.12749826878799375,-1.9345590206320011,-2.5817310164938387,-3.5297429031649212,0,0,-3.410199031215696,-2.761628505802406,-3.0516727645537873,0,-4.654569265009089,-3.673859278942352,-3.465728626301102,-2.2038576858014647,-2.9394604447894412,-1.9794335253780382,0,-0.9823153853018916,-1.4162221097008771,-0.06427222446314396,0,0,-1.8245671413078135,-0.2886914281286739,-1.5309301266449111,-0.35458464531810563,0,-0.018797040152861655,-0.1863176995464082,-0.47109152251248165,-0.09914734723578889,0,-0.18269670355747092],"activity":[[0]],"dinucleotide":[],"modifications":[]}]}}
