{"modelSettings":{"letterOrder":"ACGT","bindingModeInteractions":[],"bindingModes":[{"fitLogActivity":true,"flankLength":0,"singleStrand":false,"size":12,"dinucleotideDistance":0,"componentName":"Binding mode 0","positionBias":false,"modifications":[]},{"fitLogActivity":true,"flankLength":0,"singleStrand":false,"size":12,"dinucleotideDistance":0,"componentName":"Binding mode 1","positionBias":false,"modifications":[]}],"letterComplement":"C-G,A-T"},"coefficients":{"bindingModeInteractions":[],"bindingModes":[{"mononucleotide":[0,0,0,0,0,0,0,0,0,0,0,0,0,0,0,0,0,0,0,0,0,0,0,0,0,0,0,0,0,0,0,0,0,0,0,0,0,0,0,0,0,0,0,0,0,0,0,0],"activity":[[-7.3859768129283925]],"dinucleotide":[],"modifications":[]},{"mononucleotide":[0,-0.5616933172230194,-0.2710253016280131,-0.13977408529228974,-0.6776710951034008,-0.372240878893761,-0.7849144477179895,0,0,-1.3660654202377245,-1.1555497158373882,-0.6935125585760584,-1.8566084932856217,-1.496067553065279,-1.7022299783610801,0,-1.0743886486683767,-1.8581070046803578,0,-1.9071667844099913,-0.27598528477373563,0,-1.1373082452718677,-0.8350385621052947,0,-2.69446750402858,-2.6374528216257573,-0.2255862891075715,0,-2.194940132343337,-1.7072769585341376,-0.11604771237624334,0,-4.572760643705101,-3.4497734047060087,-2.919796809492465,-0.7194784373814036,-1.860454280340302,-1.5258574425898308,0,-0.8582406118511736,-0.6742685720255981,-0.3182389604453544,0,0,-0.19331188005473265,-0.3691112094178344,-0.05296312568003714],"activity":[[0]],"dinucleotide":[],"modifications":[]}]}}
