{"modelSettings":{"letterOrder":"ACGT","bindingModeInteractions":[],"bindingModes":[{"fitLogActivity":true,"flankLength":0,"singleStrand":false,"size":14,"dinucleotideDistance":0,"componentName":"Binding mode 0","positionBias":false,"modifications":[]},{"fitLogActivity":true,"flankLength":0,"singleStrand":false,"size":14,"dinucleotideDistance":0,"componentName":"Binding mode 1","positionBias":false,"modifications":[]}],"letterComplement":"C-G,A-T"},"coefficients":{"bindingModeInteractions":[],"bindingModes":[{"mononucleotide":[0,0,0,0,0,0,0,0,0,0,0,0,0,0,0,0,0,0,0,0,0,0,0,0,0,0,0,0,0,0,0,0,0,0,0,0,0,0,0,0,0,0,0,0,0,0,0,0,0,0,0,0,0,0,0,0],"activity":[[-6.496387726895525]],"dinucleotide":[],"modifications":[]},{"mononucleotide":[-0.2511681339018157,0,-0.3424009968349768,-0.21615980447332905,-0.09934876115469216,-0.21011850277203425,-0.4968698634516322,0,0,-0.387091710183622,-1.0209579032424934,-0.6911364029020088,0,-1.4099527325662358,-2.267394042353679,-3.19009274793558E-4,-0.5893107090250869,-3.048100368457863,-2.626706538366385,0,0,-1.9963535747454664,-2.5080108421682876,-0.31305104996677,-0.09029777452404453,-2.1067104386423097,-2.640111777320545,0,-1.1591862423506232,-1.637264303918224,-0.0784740827089827,0,-2.0822523450263812,0,-2.223681411188405,-0.37546206841889074,0,-2.4205914054668476,-2.139726732349194,-6.69423518722346,-1.2992648313736241,-1.5582285689043918,-1.7676192148840464,0,0,-0.9447738629923519,-0.09067878062914225,-0.9165839349432874,0,-0.1898062986095983,-0.9029799863072965,-0.034831187240122574,-0.021708505649687737,-0.06686471814551709,-0.1731375758867948,0],"activity":[[0]],"dinucleotide":[],"modifications":[]}]}}
