{"modelSettings":{"letterOrder":"ACGT","bindingModeInteractions":[],"bindingModes":[{"fitLogActivity":true,"flankLength":0,"singleStrand":false,"size":17,"dinucleotideDistance":0,"componentName":"Binding mode 0","positionBias":false,"modifications":[]},{"fitLogActivity":true,"flankLength":0,"singleStrand":false,"size":17,"dinucleotideDistance":0,"componentName":"Binding mode 1","positionBias":false,"modifications":[]}],"letterComplement":"C-G,A-T"},"coefficients":{"bindingModeInteractions":[],"bindingModes":[{"mononucleotide":[0,0,0,0,0,0,0,0,0,0,0,0,0,0,0,0,0,0,0,0,0,0,0,0,0,0,0,0,0,0,0,0,0,0,0,0,0,0,0,0,0,0,0,0,0,0,0,0,0,0,0,0,0,0,0,0,0,0,0,0,0,0,0,0,0,0,0,0],"activity":[[-7.8709935024835955]],"dinucleotide":[],"modifications":[]},{"mononucleotide":[-0.4124513337061728,0,-0.5019608649544267,-0.35334340573592016,-0.5163057100159669,-0.38520763748178055,-0.45661731681265394,0,-0.941397994258562,0,-1.2324086349887082,-0.7378819281836435,0,-1.514180357589968,-1.7702812254571292,-1.4405246927321613,-2.272079409747878,-3.260951187610715,-5.761987140991476,0,-0.46850790337289894,-0.9955742984040974,-0.5017219327416349,0,0,-1.2317104607130744,-3.6031730499232815,-1.7384124376875114,0,-2.4212887326254418,-3.3949531246306304,-1.8512335788051715,-1.412570531323194,-2.4465498736629847,-3.000573667526261,0,0,-2.011025592842211,-1.4498474510122996,-0.049850752041262325,0,-1.947912485086139,-2.227912507881456,-1.1119398520572155,-1.2839238611650075,-1.3376878238890662,-1.4226405078648483,0,-0.7569567342312098,-1.053916201594017,-0.47640859465766283,0,-0.44679904310807217,0,-1.034601057063206,-0.6185846666738648,0,-1.1648527346508537,-1.410268840736915,-0.7548130962424864,-0.5326282439912333,-0.6585647044914076,-0.6912985484720782,0,-0.2623731780303391,-0.28598785648868486,0,-0.010220652634687966],"activity":[[0]],"dinucleotide":[],"modifications":[]}]}}
