{"modelSettings":{"letterOrder":"ACGT","bindingModeInteractions":[],"bindingModes":[{"fitLogActivity":true,"flankLength":0,"singleStrand":false,"size":17,"dinucleotideDistance":0,"componentName":"Binding mode 0","positionBias":false,"modifications":[]},{"fitLogActivity":true,"flankLength":0,"singleStrand":false,"size":17,"dinucleotideDistance":0,"componentName":"Binding mode 1","positionBias":false,"modifications":[]}],"letterComplement":"C-G,A-T"},"coefficients":{"bindingModeInteractions":[],"bindingModes":[{"mononucleotide":[0,0,0,0,0,0,0,0,0,0,0,0,0,0,0,0,0,0,0,0,0,0,0,0,0,0,0,0,0,0,0,0,0,0,0,0,0,0,0,0,0,0,0,0,0,0,0,0,0,0,0,0,0,0,0,0,0,0,0,0,0,0,0,0,0,0,0,0],"activity":[[-7.536511909585474]],"dinucleotide":[],"modifications":[]},{"mononucleotide":[-0.2866963961027871,0,-0.2575469357492892,-0.1473862283494185,0,-0.5310139250858299,-0.351089295335381,-0.46892014628382483,-0.781062669529561,-1.601614054565072,-1.1813848065092039,0,-1.1977667158447254,-1.653057046178592,0,-1.2952186010284343,-0.23825297406718704,0,-1.9718713491137692,-2.1040553003090103,0,-2.145889372967602,-2.67348758300154,-1.7817194620125427,-2.3550811302841765,-3.6543108752290525,-3.4306916183290195,0,0,-1.971065402671119,-1.5330441198176459,-0.7846617522612149,0,-1.3937916345480197,-1.5779966983293185,-0.5730367144862463,-1.2335565747127148,-1.6625341903753714,-1.68089489333164,0,-0.9129898229578117,-1.97241573673114,-1.8253747240145977,0,0,-1.4870774207416488,-1.0470511293381612,-1.1414749406985436,0,-2.572601612676962,-2.186157007178366,-1.8625346078995655,-1.145591523409987,-1.6912128203830648,-1.1682922998971144,0,-1.0346257481411634,-1.052314609021174,0,-0.46024896795226766,-0.006153471779722253,-0.8606823546527878,-0.45265913269536284,0,-0.387277124923461,-0.44760402753585815,0,-0.11626570241205414],"activity":[[0]],"dinucleotide":[],"modifications":[]}]}}
