{"modelSettings":{"letterOrder":"ACGT","bindingModeInteractions":[],"bindingModes":[{"fitLogActivity":true,"flankLength":0,"singleStrand":false,"size":16,"dinucleotideDistance":0,"componentName":"Binding mode 0","positionBias":false,"modifications":[]},{"fitLogActivity":true,"flankLength":0,"singleStrand":false,"size":16,"dinucleotideDistance":0,"componentName":"Binding mode 1","positionBias":false,"modifications":[]}],"letterComplement":"C-G,A-T"},"coefficients":{"bindingModeInteractions":[],"bindingModes":[{"mononucleotide":[0,0,0,0,0,0,0,0,0,0,0,0,0,0,0,0,0,0,0,0,0,0,0,0,0,0,0,0,0,0,0,0,0,0,0,0,0,0,0,0,0,0,0,0,0,0,0,0,0,0,0,0,0,0,0,0,0,0,0,0,0,0,0,0],"activity":[[-8.556082648267996]],"dinucleotide":[],"modifications":[]},{"mononucleotide":[-0.38542958555580675,0,-0.31812264093957054,-0.11944947748480494,0,-0.7817983148526686,-0.508544617301375,-0.7414416086724298,-1.2041411621470761,-1.0841808969808842,-1.0481260809732564,0,-0.8578845256257086,-1.6253784949959442,0,-0.6530136943807516,0,-0.11494895373508562,-2.734895369448185,-1.9182476274328213,0,-2.211628952709246,-2.4089227701432954,-3.2113954639857143,-2.325654158457418,-3.228772299953576,-4.502682432167786,0,0,-1.8741825321805479,-1.6259532881256664,-0.6080985086991486,0,-1.4216692235628177,-1.6220741891881918,-0.5501804648919322,-0.7799589229357888,-1.6554846849864884,-1.610492623870993,0,-0.8676722160468096,-1.585190832457931,-1.9432805719115933,0,0,-1.2796296822447548,-0.9150297420383993,-0.7907359573745882,0,-1.3998342623403577,-2.0764519202779343,-1.294583824905045,-1.057473632295963,-1.4648289675184962,-1.090326070749116,0,-0.6429037221192342,-0.5569244325970999,0,-0.2620646876111685,0,-0.004249946204277322,-0.2070580018405206,-0.4212041698435023],"activity":[[0]],"dinucleotide":[],"modifications":[]}]}}
