{"modelSettings":{"letterOrder":"ACGT","bindingModeInteractions":[],"bindingModes":[{"fitLogActivity":true,"flankLength":0,"singleStrand":false,"size":17,"dinucleotideDistance":0,"componentName":"Binding mode 0","positionBias":false,"modifications":[]},{"fitLogActivity":true,"flankLength":0,"singleStrand":false,"size":17,"dinucleotideDistance":0,"componentName":"Binding mode 1","positionBias":false,"modifications":[]}],"letterComplement":"C-G,A-T"},"coefficients":{"bindingModeInteractions":[],"bindingModes":[{"mononucleotide":[0,0,0,0,0,0,0,0,0,0,0,0,0,0,0,0,0,0,0,0,0,0,0,0,0,0,0,0,0,0,0,0,0,0,0,0,0,0,0,0,0,0,0,0,0,0,0,0,0,0,0,0,0,0,0,0,0,0,0,0,0,0,0,0,0,0,0,0],"activity":[[-7.612947645837842]],"dinucleotide":[],"modifications":[]},{"mononucleotide":[-0.6074011370157919,0,-0.3626806231587807,-0.19244532905822176,-0.6392218418533187,-0.461032469384703,-0.5383991181946826,0,-0.6032965170412581,0,-0.9550783118936685,-0.5419174230158283,0,-1.403087670060362,-1.763940831938834,-1.4524608532003533,-5.99767371597767,-3.5877857428093627,-4.876791484206888,0,-0.5106065358653691,-0.8901871972067035,-0.5140340696083001,0,0,-0.9461509655132261,-2.7734956675793496,-1.2728138098940835,0,-1.950935574519713,-2.1463956693239252,-2.11020304714172,-1.237566684677338,-1.798082767137446,-2.2066686645540194,0,-0.022992066563038094,-1.6622116491705725,-1.144944977842604,0,0,-1.5399024520175626,-1.9533536858007814,-0.678625478933494,-1.194203377500596,-1.5941633309956291,-1.4804320779370244,0,-0.876674282501039,-0.8705011550222856,-0.3227740870006226,0,-0.18106004800754327,0,-0.728741901499891,-0.4083687925164057,0,-1.0994677136670177,-0.49391078324702953,-0.8672990910782303,-0.34033033417157377,-0.13401359815177827,-0.34480287588024083,0,-0.05023566757178344,0,-0.23084262455900628,-0.0992973916423221],"activity":[[0]],"dinucleotide":[],"modifications":[]}]}}
