{"modelSettings":{"letterOrder":"ACGT","bindingModeInteractions":[],"bindingModes":[{"fitLogActivity":true,"flankLength":0,"singleStrand":false,"size":17,"dinucleotideDistance":0,"componentName":"Binding mode 0","positionBias":false,"modifications":[]},{"fitLogActivity":true,"flankLength":0,"singleStrand":false,"size":17,"dinucleotideDistance":0,"componentName":"Binding mode 1","positionBias":false,"modifications":[]}],"letterComplement":"C-G,A-T"},"coefficients":{"bindingModeInteractions":[],"bindingModes":[{"mononucleotide":[0,0,0,0,0,0,0,0,0,0,0,0,0,0,0,0,0,0,0,0,0,0,0,0,0,0,0,0,0,0,0,0,0,0,0,0,0,0,0,0,0,0,0,0,0,0,0,0,0,0,0,0,0,0,0,0,0,0,0,0,0,0,0,0,0,0,0,0],"activity":[[-7.653629086778513]],"dinucleotide":[],"modifications":[]},{"mononucleotide":[-0.6812290907986185,0,-0.35176863977261696,-0.22041979176934312,-0.7091273630040487,-0.4689592044765192,-0.5355618029147884,0,-0.6069738673309732,0,-1.0106274376944793,-0.5626048209160164,0,-1.4384623691116474,-1.7775240123760732,-1.528125061449737,-6.201790214694143,-4.1057016308899925,-5.369515861251051,0,-0.5547867963343709,-0.9132620780539753,-0.5657108157738548,0,0,-1.0528554336488494,-3.1589673032639807,-1.2767156865314604,0,-1.9246427264355148,-2.239868679227092,-2.22501059420523,-1.2498612897165842,-1.831689961178098,-2.3365148988390576,0,-0.04245784531676122,-1.643855648357171,-1.1802917514190625,0,0,-1.6599073880412831,-2.0922332005824966,-0.755392534772863,-1.2199764896292606,-1.6522927431426009,-1.4921886733019978,0,-0.8902569309437478,-0.8878374042372208,-0.3164695033202207,0,-0.21869753960949012,0,-0.7866536458836269,-0.37805491216916565,0,-1.1613607643849697,-0.5145846997001033,-0.9650402676026566,-0.3504590067690323,-0.15267801619366672,-0.35989225487014487,0,-0.05708692614240185,0,-0.21904262336897773,-0.1797409622795314],"activity":[[0]],"dinucleotide":[],"modifications":[]}]}}
