{"modelSettings":{"letterOrder":"ACGT","bindingModeInteractions":[],"bindingModes":[{"fitLogActivity":true,"flankLength":0,"singleStrand":false,"size":12,"dinucleotideDistance":0,"componentName":"Binding mode 0","positionBias":false,"modifications":[]},{"fitLogActivity":true,"flankLength":0,"singleStrand":false,"size":12,"dinucleotideDistance":0,"componentName":"Binding mode 1","positionBias":false,"modifications":[]}],"letterComplement":"C-G,A-T"},"coefficients":{"bindingModeInteractions":[],"bindingModes":[{"mononucleotide":[0,0,0,0,0,0,0,0,0,0,0,0,0,0,0,0,0,0,0,0,0,0,0,0,0,0,0,0,0,0,0,0,0,0,0,0,0,0,0,0,0,0,0,0,0,0,0,0],"activity":[[-2.409223751327981]],"dinucleotide":[],"modifications":[]},{"mononucleotide":[-0.13230446530026896,0,-0.5523738350979785,-0.12523285369904702,-1.0617188517767273,0,-0.2756900432307985,-0.3001149873761557,-1.4199121990010521,0,-1.1134997942734781,-0.6484464433274395,-1.752982286647109,-0.40232053431325454,-1.6036274035196971,0,0,-0.05912717505700549,-1.4918691134047366,-1.0476227488694354,0,-0.30745428387629037,-2.0007799986638917,-1.1639485520454338,-1.7701499733809865,-0.29868030649538824,-1.892848724284585,0,-1.469240599612128,-0.3661000736345157,-1.0499639339373248,0,0,-0.2761569035560347,-1.4366663863627762,-0.9383785066007295,-0.7620704613124616,-0.04373666749997707,0,-0.41925119622703466,-0.6421622371305,0,-1.0530129728017634,-0.6913090952278553,-0.7460622990796857,0,-0.7484576423544231,-0.2738014371952584],"activity":[[0]],"dinucleotide":[],"modifications":[]}]}}
