{"modelSettings":{"letterOrder":"ACGT","bindingModeInteractions":[],"bindingModes":[{"fitLogActivity":true,"flankLength":0,"singleStrand":false,"size":12,"dinucleotideDistance":0,"componentName":"Binding mode 0","positionBias":false,"modifications":[]},{"fitLogActivity":true,"flankLength":0,"singleStrand":false,"size":12,"dinucleotideDistance":0,"componentName":"Binding mode 1","positionBias":false,"modifications":[]}],"letterComplement":"C-G,A-T"},"coefficients":{"bindingModeInteractions":[],"bindingModes":[{"mononucleotide":[0,0,0,0,0,0,0,0,0,0,0,0,0,0,0,0,0,0,0,0,0,0,0,0,0,0,0,0,0,0,0,0,0,0,0,0,0,0,0,0,0,0,0,0,0,0,0,0],"activity":[[-6.7489894209084405]],"dinucleotide":[],"modifications":[]},{"mononucleotide":[-0.3410680879295498,-0.31745090200441695,0,-0.4549164461803832,-0.4074400526331843,0,-0.13546410823984978,-0.47974965535653435,-0.6399500401243374,-0.13695754632800927,-0.8198992776046401,0,0,-0.9743845248106346,-1.0375758100710488,-0.835242052962812,0,-1.4627975655729442,-1.457824352021456,-2.2601677412592984,-4.546079001887049,-3.2240324603171437,-3.3743113737011052,0,-3.5876337980239237,-2.320860082868575,-2.552547245562149,0,0,-3.622163433816783,-2.048943135548396,-2.0837151073547693,-0.20576750638451102,-0.6530860375791185,0,-0.5172843263983644,-0.7320329265802137,0,-0.4524999654153161,-0.5199290352241235,-0.33796170737569753,0,-0.14246631269315024,-0.08124963710380406,-0.12976787433326997,0,-0.05484972410673006,-0.07712318987456612],"activity":[[0]],"dinucleotide":[],"modifications":[]}]}}
