{"modelSettings":{"letterOrder":"ACGT","bindingModeInteractions":[],"bindingModes":[{"fitLogActivity":true,"flankLength":0,"singleStrand":false,"size":12,"dinucleotideDistance":0,"componentName":"Binding mode 0","positionBias":false,"modifications":[]},{"fitLogActivity":true,"flankLength":0,"singleStrand":false,"size":12,"dinucleotideDistance":0,"componentName":"Binding mode 1","positionBias":false,"modifications":[]}],"letterComplement":"C-G,A-T"},"coefficients":{"bindingModeInteractions":[],"bindingModes":[{"mononucleotide":[0,0,0,0,0,0,0,0,0,0,0,0,0,0,0,0,0,0,0,0,0,0,0,0,0,0,0,0,0,0,0,0,0,0,0,0,0,0,0,0,0,0,0,0,0,0,0,0],"activity":[[-6.24215529108404]],"dinucleotide":[],"modifications":[]},{"mononucleotide":[-0.536372281783823,-0.20596964368763082,0,-0.6258356858583944,-0.22311578934458964,0,-0.4861916996040634,-0.16884013710439127,-2.0356458003900313,-3.1858447667056335,-4.688152019718634,0,0,-3.1045746686266353,-2.049917651405238,-4.063572392466415,0,-5.587382771019129,-6.1547553146208465,-6.530052288733382,-3.909782644117197,-2.177861698891551,-1.9416929342182634,0,-1.4302325141309087,-2.03911486019223,-1.2432186993710266,0,0,-0.9701040167157435,-0.0938438538143167,-1.5242326504943886,-0.4797514949667132,-0.31180973544057977,0,-1.1709273476312374,-0.6843589844738602,0,-0.830544416213038,-0.5337380943138719,-0.2777347997080497,0,-0.21301472936838195,-0.015604539070277923,0,-0.499445921779893,-0.32645765693164464,-0.16214283213385983],"activity":[[0]],"dinucleotide":[],"modifications":[]}]}}
