{"modelSettings":{"letterOrder":"ACGT","bindingModeInteractions":[],"bindingModes":[{"fitLogActivity":true,"flankLength":0,"singleStrand":false,"size":18,"dinucleotideDistance":0,"componentName":"Binding mode 0","positionBias":false,"modifications":[]},{"fitLogActivity":true,"flankLength":0,"singleStrand":false,"size":18,"dinucleotideDistance":1,"componentName":"Binding mode 1","positionBias":false,"modifications":[]}],"letterComplement":"C-G,A-T"},"coefficients":{"bindingModeInteractions":[],"bindingModes":[{"mononucleotide":[0,0,0,0,0,0,0,0,0,0,0,0,0,0,0,0,0,0,0,0,0,0,0,0,0,0,0,0,0,0,0,0,0,0,0,0,0,0,0,0,0,0,0,0,0,0,0,0,0,0,0,0,0,0,0,0,0,0,0,0,0,0,0,0,0,0,0,0,0,0,0,0],"activity":[[-14.05496978249759]],"dinucleotide":[],"modifications":[]},{"mononucleotide":[-0.14429942866444279,-0.8018389460716975,-0.7444713755198862,0,0,-1.3182776597369745,-1.433110744025301,-0.42797936962079675,-0.16105713302590274,-1.7190022655546553,-1.5173113016369548,0,0,-1.6353635661798087,-1.2877809035967775,-0.15143707948439733,-0.16930111136691295,-1.6006795574496913,-1.5428419995973357,0,-0.2936933631677068,-1.2842332723725054,-1.0316244013410572,0,0,-1.542480833954981,-0.3568809537339739,-0.5834842527187991,-0.8468442469824478,-1.1218108600810268,0,-1.0351560172943461,-1.8138583878314734,0,-1.3487758031605601,-1.3184127205833907,-2.9349620015976736,-1.1813602675418995,-3.5240253727430346,0,0,-2.2810673806808115,-2.9421226967797214,-2.6519001742471904,0,-2.6403580436986545,-3.424454792835931,-3.8192431585865982,-8.33980497452454,-4.698075208058588,-11.206463566301714,0,-2.950997230645539,-2.559199283066432,-3.6942170708395956,0,0,-3.2898590545704653,-2.908182729379316,-2.3957655498441657,-0.2535856708628774,-0.803069140364288,-0.6289535802755708,0,-1.059583264637137,0,-0.9661789052126579,-1.1914825901060215,-0.35021467673020545,-0.531140794160164,-0.33222509132363776,0],"activity":[[0]],"dinucleotide":[[0,0.07504165029005883,0.058394188278361625,0.1291767791008276,0,0.4285469924247334,0.6850678105642096,0.1963099579184,0,0.3219820476737194,0.6676429276663445,0.1791414677734,0,0,0,0,0,0,0,0,0.08605380661455975,0.6508479358365697,0.6752386483812103,0,0.21633238120628562,0.5579718338668656,0.8340369861017063,0,0.2228473176729402,0.49088638664473727,0.40091152746720304,0,0,0.055773509982619984,0.11648425342092317,0.10667972203232345,0,0.3903741976818029,0.8965745997826993,-0.09266248374088626,0,0.5257370328205226,0.3221148083765186,-0.03441933482478454,0,0,0,0,0,0,0,0,0.24979847868777583,0.5587131696797254,0.8288895549215294,0,-0.09921792560153087,0.0613635742488956,0.6485174866156669,0,0.14586572975894718,0.046929442633718566,0.16307406497003107,0,-0.10955507522245433,0.3779419705926337,0.1447274542007051,0,0.6090611309058414,1.0197350949559887,0.736058164457301,0,0.43223993688680373,0.7232659155646157,0.8779231428101504,0,0,0,0,0,0,0.41749296303472505,0.27921291858516106,0.2707477345627858,0,0.5054704188818295,0.05112265046130027,0.06820908357941668,0,0.41088435568738646,0.3865614703410767,0.14856486448842787,0,0,0,0,0,0,0,0,0.4196921350705125,0.6741895699320786,0,0.254244960821028,-0.2373691534585145,0.02372194396116356,0,-0.3805589669555616,0.1235468912249047,-0.08962589511789787,0,-0.13857175103630226,0.7525645457729482,0,0.5206974385525864,1.0092991196064567,0.63250327988818,0,0.008043711936149833,0.8195986077021384,0,0,0,0,0.8684545479182848,0,0.46614111567269845,1.047330060678533,0.30217631768418407,0.18282995962571924,1.1006870896096075,0,0,0,0,0,0.5702337501735197,0.1658332673673879,0.7622751222096671,0,0.2587940022320634,0.29266364070511486,1.1804856669760735,0,0,0.7930237730781204,1.546197008873218,1.0934724423240496,0,-0.31354131880110536,0.1575643704343097,0.5739771340377633,0,0.8408342127436512,1.120332148741543,1.2817121787411772,0,0,0,0,0,0,0,0,0,4.909358716211898E-4,2.164878422883781,1.4027525617173513,0,-0.33024066406578,1.3487068637828497,1.149398374331625,0,-1.686294731009344,2.1722254404730332,0.11389290975692568,0,0,0,0,2.4710695188048692,0.496233287000031,2.078174225140504,0,2.7522129668849207,0.6294833356187901,4.6801004209215975,0,-0.99011503134642,1.7664462892740342,6.1337917544209475,0,3.09065661727953,4.768740798078881,6.019988733617493,0,1.8152921556785468,-1.387380348682374,2.9974254916895884,0,5.108890399761604,4.591400604434858,6.264260155879841,0,0,0,0,0,0,1.2491425999687156,1.3715522656423875,1.0022082748712684,0,1.5011827162421678,1.1191065657703252,1.051445317990206,0,-0.3133159398347134,1.147044273653373,0.5629127399441298,0,0,0,0,0,0,0,0,-0.6269830025698511,0.39121413687492,-0.3484240501852369,0,0.25149340622675176,0.49872118983979874,0.17758991778837974,0,0.4442219840638817,0.43603240095591644,0.48877299859574563,0,0.5681944793612992,0,0.38448316952466044,0.5065239343135168,0.5323164918954095,0,0.4262911749353737,0.5830759740170954,0.6903161069949597,0,0.5621565201547387,1.1028023091757309,0,0,0,0,0.19969306543600496,0.2244329263630256,0.012345275676022283,0,0,0,0,0,0.3888880429725141,0.1569835643771924,0.013951822259670621,0,0.2669412437955927,0.6900953561076726,0.28855875478966553,0]],"modifications":[]}]}}
