{"modelSettings":{"letterOrder":"ACGT","bindingModeInteractions":[],"bindingModes":[{"fitLogActivity":true,"flankLength":0,"singleStrand":false,"size":10,"dinucleotideDistance":0,"componentName":"Binding mode 0","positionBias":false,"modifications":[]},{"fitLogActivity":true,"flankLength":0,"singleStrand":false,"size":10,"dinucleotideDistance":0,"componentName":"Binding mode 1","positionBias":false,"modifications":[]}],"letterComplement":"C-G,A-T"},"coefficients":{"bindingModeInteractions":[],"bindingModes":[{"mononucleotide":[0,0,0,0,0,0,0,0,0,0,0,0,0,0,0,0,0,0,0,0,0,0,0,0,0,0,0,0,0,0,0,0,0,0,0,0,0,0,0,0],"activity":[[-10.2785275938924]],"dinucleotide":[],"modifications":[]},{"mononucleotide":[-0.14585733077499974,-0.9439895770843396,-0.6047889315977137,0,0,-0.9919327953537689,-0.5072742324355879,-0.4697253643634838,-0.5643894496679138,-0.988455290632217,0,-0.711239291846919,-1.0195632741679592,0,-1.0911596603307938,-0.5223520457376676,-2.193905734977948,-0.9493383344886244,-2.6334277642757336,0,0,-1.9895053515473755,-2.743704608815329,-1.8121339970392736,0,-2.653664194804069,-2.8470993142418655,-3.2851286179942774,-3.646121159265453,-4.152080254475436,-6.646880773884935,0,-2.2421908124858945,-2.013068295412438,-3.269565772385188,0,0,-2.8274158622348775,-2.5145448442555836,-1.588488942096017],"activity":[[0]],"dinucleotide":[],"modifications":[]}]}}
