{"modelSettings":{"letterOrder":"ACGT","bindingModeInteractions":[],"bindingModes":[{"fitLogActivity":true,"flankLength":0,"singleStrand":false,"size":14,"dinucleotideDistance":0,"componentName":"Binding mode 0","positionBias":false,"modifications":[]},{"fitLogActivity":true,"flankLength":0,"singleStrand":false,"size":14,"dinucleotideDistance":0,"componentName":"Binding mode 1","positionBias":false,"modifications":[]}],"letterComplement":"C-G,A-T"},"coefficients":{"bindingModeInteractions":[],"bindingModes":[{"mononucleotide":[0,0,0,0,0,0,0,0,0,0,0,0,0,0,0,0,0,0,0,0,0,0,0,0,0,0,0,0,0,0,0,0,0,0,0,0,0,0,0,0,0,0,0,0,0,0,0,0,0,0,0,0,0,0,0,0],"activity":[[-5.989953583614618]],"dinucleotide":[],"modifications":[]},{"mononucleotide":[-0.028791244855950637,-0.40562096724195307,-0.24460646560410915,0,-0.07635179398242187,-0.662155207384572,-0.5266240741008215,0,-0.1888060335034627,-1.386070879607498,-0.9857723514752355,0,0,-1.8514476630845174,-1.6319314538762564,-1.0051942395722122,0,-1.1595697648397643,-1.1307474937886681,-0.28202037109738676,-1.6801291424445148,-0.7653653013076394,-0.9252486889544365,0,-1.9356429388253327,0,-2.141444423935428,-0.6810719380315504,-0.27379144648215537,-2.2530711855040986,0,-3.5789231599860836,0,-5.773007676620283,-5.473320357572783,-4.660481430714546,-6.394308934884967,-6.336132375720975,-6.311285096806739,0,-5.443561209424129,-4.538741298881604,-4.921874898444155,0,0,-0.9602105398235619,-2.4559677673241547,-1.9740387243234956,-0.18141050886775822,-0.2460363208447447,-0.1748185740353616,0,-0.5720454945746507,0,-0.3707866970762712,-0.5504936430882257],"activity":[[0]],"dinucleotide":[],"modifications":[]}]}}
