{"modelSettings":{"letterOrder":"ACGT","bindingModeInteractions":[],"bindingModes":[{"fitLogActivity":true,"flankLength":0,"singleStrand":false,"size":14,"dinucleotideDistance":0,"componentName":"Binding mode 0","positionBias":false,"modifications":[]},{"fitLogActivity":true,"flankLength":0,"singleStrand":false,"size":14,"dinucleotideDistance":0,"componentName":"Binding mode 1","positionBias":false,"modifications":[]}],"letterComplement":"C-G,A-T"},"coefficients":{"bindingModeInteractions":[],"bindingModes":[{"mononucleotide":[0,0,0,0,0,0,0,0,0,0,0,0,0,0,0,0,0,0,0,0,0,0,0,0,0,0,0,0,0,0,0,0,0,0,0,0,0,0,0,0,0,0,0,0,0,0,0,0,0,0,0,0,0,0,0,0],"activity":[[-5.8405902810949115]],"dinucleotide":[],"modifications":[]},{"mononucleotide":[-0.5762405514837496,-0.3967105352177285,0,-0.5762645619288023,0,-0.19230178897947603,-0.2258770927233602,-0.18659185992819793,-1.9419676226776463,-2.539196296250026,-1.0166826106189415,0,0,-4.697235687028822,-4.049587497276473,-5.66536364513985,0,-5.914972474842433,-6.2692081278499945,-6.4875934510213025,-4.961786932733018,-5.504183256418118,-5.7070184577332155,0,-3.4413744899622998,0,-2.0965236649592054,-0.25673722636924623,-0.7527003655347944,-2.2055678349859145,0,-2.056179203711954,0,-0.9660683428062278,-0.6998633447874223,-1.7981277342327715,-0.26872660003370186,-1.0968642720039927,-1.1100259840455475,0,-1.0728389230032835,-1.6062659142233775,-1.7297491459609482,0,0,-1.0244786933777874,-1.4400538690044415,-0.24844114092771896,0,-0.5313626699329443,-0.6391414256634889,-0.08560401484110436,0,-0.1770055581093981,-0.3706188694713841,-0.011740909128400645],"activity":[[0]],"dinucleotide":[],"modifications":[]}]}}
