{"modelSettings":{"letterOrder":"ACGT","bindingModeInteractions":[],"bindingModes":[{"fitLogActivity":true,"flankLength":0,"singleStrand":false,"size":14,"dinucleotideDistance":0,"componentName":"Binding mode 0","positionBias":false,"modifications":[]},{"fitLogActivity":true,"flankLength":0,"singleStrand":false,"size":14,"dinucleotideDistance":0,"componentName":"Binding mode 1","positionBias":false,"modifications":[]}],"letterComplement":"C-G,A-T"},"coefficients":{"bindingModeInteractions":[],"bindingModes":[{"mononucleotide":[0,0,0,0,0,0,0,0,0,0,0,0,0,0,0,0,0,0,0,0,0,0,0,0,0,0,0,0,0,0,0,0,0,0,0,0,0,0,0,0,0,0,0,0,0,0,0,0,0,0,0,0,0,0,0,0],"activity":[[-4.383447267606145]],"dinucleotide":[],"modifications":[]},{"mononucleotide":[-0.36183366404723927,0,-0.8244574850028208,-0.1719478983387699,-0.48791036063210314,0,-0.4864509697910293,-0.25866132956791965,-0.928250837346523,0,-1.1135594043438761,-0.3894553319762153,-1.081245815655146,-0.03149759839914701,-0.5328073727801854,0,-0.20147450018625612,0,-0.8851165222994499,-0.7757753215188057,0,-0.276158588327025,-0.5455715101142928,-0.9579342809360991,-3.37192218863295,-0.44838809667089485,-3.689521594179121,0,-0.5928248328689492,-0.3962287779444882,-0.5379174559581692,0,0,-0.09235970330976073,-0.9934990960221324,-0.277099418696535,-0.2830428373847216,0,-0.2430870392837967,-0.24640300820677297,-0.7903075328058051,0,-0.9223815606326458,-0.28757815928701547,-0.9734499226892463,0,-0.9695461542038082,-0.16944661932565097,-0.486017528651737,0,-0.6543487222070565,-0.38447174717941923,-0.24543426917212408,0,-0.5718044341012769,-0.16699149479475928],"activity":[[0]],"dinucleotide":[],"modifications":[]}]}}
