{"modelSettings":{"letterOrder":"ACGT","bindingModeInteractions":[],"bindingModes":[{"fitLogActivity":true,"flankLength":0,"singleStrand":false,"size":11,"dinucleotideDistance":0,"componentName":"Binding mode 0","positionBias":false,"modifications":[]},{"fitLogActivity":true,"flankLength":0,"singleStrand":false,"size":11,"dinucleotideDistance":0,"componentName":"Binding mode 1","positionBias":false,"modifications":[]}],"letterComplement":"C-G,A-T"},"coefficients":{"bindingModeInteractions":[],"bindingModes":[{"mononucleotide":[0,0,0,0,0,0,0,0,0,0,0,0,0,0,0,0,0,0,0,0,0,0,0,0,0,0,0,0,0,0,0,0,0,0,0,0,0,0,0,0,0,0,0,0],"activity":[[-2.119194599765311]],"dinucleotide":[],"modifications":[]},{"mononucleotide":[-0.07855932839813029,-0.11488915438260783,0,-0.0972933650211889,-0.20990194656039662,-0.17307294213806834,0,-0.4317786928291456,-0.3023877128754462,-0.0025653391657431968,-0.5138595138718625,0,-2.505330444275354,-2.7435576020314114,-2.2779528611940627,0,0,-2.5318727522985323,-2.0061194660451083,-2.260449831932593,0,-5.770354106335986,-5.783838544014673,-5.241475352397713,-2.338376025106642,-2.8760444847220956,-2.7697652160079063,0,-0.8016794048061824,-1.0469020130441038,-0.5478981158125773,0,-0.2559490536126843,0,-0.42401789215760743,-0.5123853217779342,-0.5451425417904074,-1.0020020565216852,0,-1.2811252106821458,-0.07627402909083969,-0.03198149448650778,-0.1587105069562087,0],"activity":[[-0.2803608756442101]],"dinucleotide":[],"modifications":[]}]}}
