{"modelSettings":{"letterOrder":"ACGT","bindingModeInteractions":[],"bindingModes":[{"fitLogActivity":true,"flankLength":0,"singleStrand":false,"size":15,"dinucleotideDistance":0,"componentName":"Binding mode 0","positionBias":false,"modifications":[]},{"fitLogActivity":true,"flankLength":0,"singleStrand":false,"size":15,"dinucleotideDistance":0,"componentName":"Binding mode 1","positionBias":false,"modifications":[]}],"letterComplement":"C-G,A-T"},"coefficients":{"bindingModeInteractions":[],"bindingModes":[{"mononucleotide":[0,0,0,0,0,0,0,0,0,0,0,0,0,0,0,0,0,0,0,0,0,0,0,0,0,0,0,0,0,0,0,0,0,0,0,0,0,0,0,0,0,0,0,0,0,0,0,0,0,0,0,0,0,0,0,0,0,0,0,0],"activity":[[-8.011821912292296]],"dinucleotide":[],"modifications":[]},{"mononucleotide":[-0.46819436423247485,0,-0.4202931821402309,-0.3222152217271379,-0.18519504102274098,-0.09034152540760054,0,-0.42216500388649436,0,-0.8764083032128909,-0.7660253052203121,-0.8154586679427736,-0.5736956711458907,-0.9753426993805343,-0.8613090230610743,0,-1.2716644179886014,-0.7753855613691822,-0.9913334492282901,0,-0.29769270062625,0,-0.41422598952902767,-0.6505054888377639,-0.42605696871230325,-1.3902147328787988,0,-1.107626499427731,-0.49336504015362603,-0.5245595039470645,-0.894312967487811,0,-0.9961953795370766,0,-0.7585671318303957,-0.3021207543503648,0,-0.8142684213883102,-0.7962467797323907,-0.8250960068438058,-1.1781566627388704,0,-1.2698817945892786,-0.5099768706522267,-0.6340782148771451,-1.1346368278905574,0,-1.5179219917924662,-1.1298307488223411,0,-0.030608346445102796,-0.3954796808712393,-0.2851937886584981,-0.21564552662384262,-0.2129818525595617,0,-0.09333877280912173,0,-0.06111028547721986,-0.020856444819191466],"activity":[[0]],"dinucleotide":[],"modifications":[]}]}}
