{"modelSettings":{"letterOrder":"ACGT","bindingModeInteractions":[],"bindingModes":[{"fitLogActivity":true,"flankLength":0,"singleStrand":false,"size":10,"dinucleotideDistance":0,"componentName":"Binding mode 0","positionBias":false,"modifications":[]},{"fitLogActivity":true,"flankLength":0,"singleStrand":false,"size":10,"dinucleotideDistance":0,"componentName":"Binding mode 1","positionBias":false,"modifications":[]}],"letterComplement":"C-G,A-T"},"coefficients":{"bindingModeInteractions":[],"bindingModes":[{"mononucleotide":[0,0,0,0,0,0,0,0,0,0,0,0,0,0,0,0,0,0,0,0,0,0,0,0,0,0,0,0,0,0,0,0,0,0,0,0,0,0,0,0],"activity":[[-4.578535640971782]],"dinucleotide":[],"modifications":[]},{"mononucleotide":[-0.592616527042316,-0.5643981664494593,-0.44122741624710926,0,0,-0.1243581003429739,-0.32978659258028387,-0.11504377563089285,0,-0.9262717961310454,-0.6527521909970684,-1.7671696685222944,-0.5993880826296039,-1.167743921240966,-0.7543912011838234,0,-6.790160390171996,-0.30274106567849657,-0.8909401284274203,0,0,-6.407801209778624,-0.08578063467087205,-7.1285852370014435,-0.45887111714135376,0,-0.6633671277639941,-0.34775932457796443,-0.3169080636656716,-0.20031513874755635,0,-0.7428759948952521,-0.30180947001282643,-0.058654428276833315,0,-0.08876328161611369,-0.05377029976116532,-0.02746950299210127,0,-0.03006463171719531],"activity":[[0]],"dinucleotide":[],"modifications":[]}]}}
