{"modelSettings":{"letterOrder":"ACGT","bindingModeInteractions":[],"bindingModes":[{"fitLogActivity":true,"flankLength":0,"singleStrand":false,"size":11,"dinucleotideDistance":0,"componentName":"Binding mode 0","positionBias":false,"modifications":[]},{"fitLogActivity":true,"flankLength":0,"singleStrand":false,"size":11,"dinucleotideDistance":0,"componentName":"Binding mode 1","positionBias":false,"modifications":[]}],"letterComplement":"C-G,A-T"},"coefficients":{"bindingModeInteractions":[],"bindingModes":[{"mononucleotide":[0,0,0,0,0,0,0,0,0,0,0,0,0,0,0,0,0,0,0,0,0,0,0,0,0,0,0,0,0,0,0,0,0,0,0,0,0,0,0,0,0,0,0,0],"activity":[[-6.4010641963868125]],"dinucleotide":[],"modifications":[]},{"mononucleotide":[0,-0.27673317902536176,-0.025926943942094383,-0.07988139018076446,-0.8477859395829901,0,-0.4780796756522303,-0.1218853127402113,-1.6944845230442196,0,-1.6519451983440598,-0.23708471175118362,0,-1.832811938315273,-2.083902744578446,-2.3880674552096854,0,-2.4443610617360187,-3.0061716008855823,-3.340231030268968,-6.153975540268318,-5.192440983196626,-5.664882774659292,0,-3.73053183025167,-1.9242950434451815,-3.055728513768167,0,0,-4.904755208762977,-1.6799540656966423,-2.3856624422798847,0,-0.9201008247439253,-0.35626482974570095,-1.0740043314306318,-0.751622549388987,0,-0.14819362036053008,-0.4153614761148745,-0.5276736288917929,-0.2931577020243772,0,-0.574120003033376],"activity":[[0]],"dinucleotide":[],"modifications":[]}]}}
