{"modelSettings":{"letterOrder":"ACGT","bindingModeInteractions":[],"bindingModes":[{"fitLogActivity":true,"flankLength":0,"singleStrand":false,"size":12,"dinucleotideDistance":0,"componentName":"Binding mode 0","positionBias":false,"modifications":[]},{"fitLogActivity":true,"flankLength":0,"singleStrand":false,"size":12,"dinucleotideDistance":0,"componentName":"Binding mode 1","positionBias":false,"modifications":[]}],"letterComplement":"C-G,A-T"},"coefficients":{"bindingModeInteractions":[],"bindingModes":[{"mononucleotide":[0,0,0,0,0,0,0,0,0,0,0,0,0,0,0,0,0,0,0,0,0,0,0,0,0,0,0,0,0,0,0,0,0,0,0,0,0,0,0,0,0,0,0,0,0,0,0,0],"activity":[[-6.079093777871293]],"dinucleotide":[],"modifications":[]},{"mononucleotide":[-0.1159941101229176,-0.07088698924184644,0,-0.26736511686815145,-0.3013405305196448,0,-0.09428053699450878,-0.27955625712331766,-0.38760289483045085,0,-0.017168527362427355,-0.5058117605739643,-0.9555533233069999,-0.38770234124509173,-0.6152160756402072,0,-1.6839042715192711,-0.9991127130722557,-2.5163198003759284,0,0,-1.9090400735984039,-1.7313152535575158,-5.752582607311996,0,-6.8692269544648195,-4.809447922055858,-3.9035771782822,-2.553223326142641,-1.2775968170004486,-1.9574330012198509,0,-1.2730835230434723,-0.9213895542896662,-0.9041252860242173,0,0,-0.8242068559994742,-0.12261160069545696,-0.7960158751675133,-0.13507077584627236,-0.31527485459437354,0,-0.43996319561701114,-0.10356876685289507,0,-0.15603632435288706,-0.01644517980882032],"activity":[[0]],"dinucleotide":[],"modifications":[]}]}}
