{"modelSettings":{"letterOrder":"ACGT","bindingModeInteractions":[],"bindingModes":[{"fitLogActivity":true,"flankLength":0,"singleStrand":false,"size":12,"dinucleotideDistance":0,"componentName":"Binding mode 0","positionBias":false,"modifications":[]},{"fitLogActivity":true,"flankLength":0,"singleStrand":false,"size":12,"dinucleotideDistance":0,"componentName":"Binding mode 1","positionBias":false,"modifications":[]}],"letterComplement":"C-G,A-T"},"coefficients":{"bindingModeInteractions":[],"bindingModes":[{"mononucleotide":[0,0,0,0,0,0,0,0,0,0,0,0,0,0,0,0,0,0,0,0,0,0,0,0,0,0,0,0,0,0,0,0,0,0,0,0,0,0,0,0,0,0,0,0,0,0,0,0],"activity":[[-6.850841814417165]],"dinucleotide":[],"modifications":[]},{"mononucleotide":[-0.2659879202485511,-0.11450708821944744,0,-0.3520028006628353,-0.22570045019393614,-0.43329058739650694,0,-0.06382461644857784,-1.3184871858556457,-1.4559349586467816,-1.1516225430797817,0,-1.0898207333836245,-1.9854123856379617,-1.4626254105329766,0,-1.2824163968504658,-1.7793889776472183,-1.721228130828404,0,0,-6.640862953404859,-1.9552164124364166,-6.679001845973779,-5.798676217112652,-0.3133180145259056,-2.156541992211646,0,-1.0390971329963046,-1.492282905787004,0,-0.5233132319921898,0,-1.3084133318383815,-0.021390472443069797,-1.2665256770710478,-1.5059584628515275,0,-0.9063170082318619,-0.49175337689685517,-0.22893434306487936,0,-0.24421958652694808,-0.3426994522464737,-0.33369579403678973,0,-0.1475727237886293,-0.09925121974414353],"activity":[[0]],"dinucleotide":[],"modifications":[]}]}}
