{"modelSettings":{"letterOrder":"ACGT","bindingModeInteractions":[],"bindingModes":[{"fitLogActivity":true,"flankLength":0,"singleStrand":true,"size":20,"dinucleotideDistance":0,"componentName":"Binding mode 0","positionBias":false,"modifications":[]},{"fitLogActivity":true,"flankLength":0,"singleStrand":false,"size":12,"dinucleotideDistance":0,"componentName":"Binding mode 1","positionBias":false,"modifications":[]}],"letterComplement":"C-G,A-T"},"coefficients":{"bindingModeInteractions":[],"bindingModes":[{"mononucleotide":[-0.13763159785266055,0,-0.1835178134646851,-0.04867128924827924,-0.12468030717198175,0,-0.03418866557508338,-0.06825666547053899,-0.14120028256273542,-0.039835895998306725,0,-0.069040815943751,-0.10409383231611358,0,-0.037584572655720905,-0.06916005332849373,-0.13177857134398252,0,-0.04694314618359563,-0.11216503556380175,-0.0942900212281419,0,-0.05156093470646539,-0.10103391033157472,-0.07924454369860001,0,-0.007027875754738844,-0.0927017578478786,-0.09126669265401688,0,-0.039200930801444045,-0.09702213663255499,-0.10994654057514275,0,-0.023261720228139993,-0.14208334801151956,-0.10574841377477995,-0.021392453799649047,0,-0.12301838093154771,-0.09173871134209044,-0.0051480309025038196,0,-0.1138539229422193,-0.10151652514641007,0,-0.023445441369110753,-0.13213209386765357,-0.10143147920986095,0,-0.03868553196345914,-0.13376290298017768,-0.10169530935314164,0,-0.045971984499902696,-0.11018228455020918,-0.0922597315232414,0,-0.024288330657951107,-0.06385379442883377,-0.10362421958033519,0,-0.043923554670508125,-0.10122395657393923,-0.06398160821766474,-0.018619908348380676,0,-0.04878514541625911,-0.08099575567631945,0,-0.030496312965573757,-0.027776945295999056,-0.030965053412919552,-0.030789540775286284,-0.019830265406646674,0,0,-0.14357550011454023,-0.06109569015048244,-0.03681142002457616],"activity":[[-0.861259509292663]],"dinucleotide":[],"modifications":[]},{"mononucleotide":[-0.16023659546239877,-0.15021415455227682,0,-0.2702941138656332,-0.400579456079301,-0.5413964563500961,-0.29204957612985183,0,-1.6019555864211394,-1.7110019533396468,-1.4381575378736056,0,-1.511134592363213,-2.763389564481411,-1.8622223904704835,0,-1.4607755220817928,-2.1656456916170894,-1.8170025168423098,0,0,-7.684607730416706,-2.480116585436229,-8.958429096401687,-8.282383350993044,-0.8338139679664298,-2.375557170921917,0,-1.1183777169709277,-1.499169085361281,0,-0.35168896583884823,0,-1.647891980260873,-0.0062067742080191834,-1.3818854453082512,-1.132571034524739,0,-0.874904344502708,-0.5025624699227382,-0.23848415535961998,0,-0.46597277505519763,-0.22220251249785505,-0.24548198955880274,0,-0.23477837724917094,-0.07682872809551888],"activity":[[0]],"dinucleotide":[],"modifications":[]}]}}
