{"modelSettings":{"letterOrder":"ACGT","bindingModeInteractions":[],"bindingModes":[{"fitLogActivity":true,"flankLength":0,"singleStrand":false,"size":12,"dinucleotideDistance":0,"componentName":"Binding mode 0","positionBias":false,"modifications":[]},{"fitLogActivity":true,"flankLength":0,"singleStrand":false,"size":12,"dinucleotideDistance":1,"componentName":"Binding mode 1","positionBias":false,"modifications":[]}],"letterComplement":"C-G,A-T"},"coefficients":{"bindingModeInteractions":[],"bindingModes":[{"mononucleotide":[0,0,0,0,0,0,0,0,0,0,0,0,0,0,0,0,0,0,0,0,0,0,0,0,0,0,0,0,0,0,0,0,0,0,0,0,0,0,0,0,0,0,0,0,0,0,0,0],"activity":[[-6.502235856717766]],"dinucleotide":[],"modifications":[]},{"mononucleotide":[-0.15649568167107653,-0.3386212976371201,0,-0.27660644421652947,-0.32375769582968594,-0.663423911944621,0,-0.2390930987186337,-0.5138117376776847,-1.0623199417986129,0,-1.7944674624786678,-1.465842588391011,-0.1635269364971954,-1.5075530293816435,0,-0.5464243864136744,0,-1.2205459531390161,-1.1968600071808506,0,-4.084680545462634,-0.9883168980347392,-8.808607901854659,-7.7124806904590315,-3.011404210645865,-4.503899143045888,0,0,-2.845216014729739,-3.243441560288219,-1.4309658121837359,0,-2.422276656517509,-3.140135904379928,-1.5501075094221175,0,-1.6855202364627448,-1.9811573157326343,-1.9705860605200716,0,-0.4951423854150576,-0.750278249297061,-0.5140495576900062,-0.3492140343887762,0,-0.23262630810546092,-0.1902699954607474],"activity":[[0]],"dinucleotide":[[0.12604852573878844,0.26565409126228623,0,0.05766858931661645,0.24007675320210886,0.10943215648714855,0,0.13134557591399876,0,0,0,0,0.19525733307591686,0.08260325425887771,0,-0.286720632501547,-0.054281633762071735,0.2542551844165235,0,0.036891304228207744,0.31098092362431373,0.5783365558729194,0,0.1535677954013206,0,0,0,0,-0.06431103774090374,-0.0552009911985234,0,-0.3232596888650008,-0.25473685817822833,0.009820670350418226,0.11299311509573329,0,0.4544154668017395,-0.07431999635741882,0.47361586836817793,0,0,0,0,0,0.43041714663351005,0.8409076694216626,1.2580867377579885,0,-0.068855090022371,0,-1.1028669825209887,0.6798805955446241,0.39823080931992116,0,-0.4207263343855665,0.08218386172939951,-0.018352190941614666,0,-0.19295349375835347,0.5099884309242579,0,0,0,0,0,2.3629545453115455,-0.440466851379659,4.003566569229286,0,0,0,0,0,1.4626910454241777,-0.2031534399392676,4.922141589365327,0,2.657163599828471,0.8414134170331806,2.0018002086882074,0,0,0,0,1.86951547574367,1.8732462944429153,3.020855876652451,0,0.4629928061616866,0.29814718993930267,-0.6835773538979462,0,2.7023487283989596,5.053972876657511,5.3899475965440775,0,0,6.896284811524812,7.2808929428278955,6.775338173219083,0,2.648143356655839,3.4321873125494298,1.1203128490176244,0,3.334067361667274,4.10267590909764,2.635704793957247,0,0,0,0,0,0,0,0,0,0.7926758052292584,1.9629173767307622,2.0669128538698347,0,2.412157218556379,2.197102947841599,2.1690269459275173,0,1.4555214052178318,1.9186526243163327,0.7697624167172101,0,0,0,0,0,0.7092090373857705,1.3213171701354058,0.47896534072478936,0,1.8009018251051927,1.4588392434818944,1.5135201814933357,0,0.8887980796845341,0.7346098165232879,0.3574149080838396,0,0,0,0,0,0.07565051623750385,0.4548543383105752,0.11904985148331804,0,0.18466059290259196,0.6528728002967501,0.6870237350289852,0,0.4897141723201983,0.7696908981449209,0.6871435314380463,0,0,0,0,0.339504907646651,0,0.22783257523660616,0.17981458889422974,0.2246093264766511,0,0.08327516802856394,0.35992008518052643,0.15880964237861406,0,0.21034983734707957,-0.014539809968074024]],"modifications":[]}]}}
