{"modelSettings":{"letterOrder":"ACGT","bindingModeInteractions":[],"bindingModes":[{"fitLogActivity":true,"flankLength":0,"singleStrand":false,"size":12,"dinucleotideDistance":0,"componentName":"Binding mode 0","positionBias":false,"modifications":[]},{"fitLogActivity":true,"flankLength":0,"singleStrand":false,"size":12,"dinucleotideDistance":0,"componentName":"Binding mode 1","positionBias":false,"modifications":[]}],"letterComplement":"C-G,A-T"},"coefficients":{"bindingModeInteractions":[],"bindingModes":[{"mononucleotide":[0,0,0,0,0,0,0,0,0,0,0,0,0,0,0,0,0,0,0,0,0,0,0,0,0,0,0,0,0,0,0,0,0,0,0,0,0,0,0,0,0,0,0,0,0,0,0,0],"activity":[[-7.001498838086671]],"dinucleotide":[],"modifications":[]},{"mononucleotide":[-0.11306681797597307,-0.12966244689686768,0,-0.349185157561017,-0.3545013187576185,-0.22605748355545785,0,-0.2539428874118954,-0.5047732245485346,-0.9226919956009976,0,-1.5211424319216444,-1.4255737494753928,0,-1.3156489291488755,-0.006253246883016317,-0.5439729497223844,0,-1.4491773105090937,-1.0732366934251907,0,-2.1177112086683048,-0.2690879323898514,-7.896001434002025,-8.14220016486319,-1.6396868908793678,-6.8791768935000075,0,0,-1.7879634814171181,-1.7612147306206838,-1.3928294135818478,0,-1.5146975431320175,-2.5470106212083232,-1.0796180350446463,0,-1.1865856843796667,-1.6919939181362889,-1.4056360265295664,-0.09600500495473518,0,-0.4518296863318092,-0.2320631700401936,-0.38832051708406645,0,-0.1413173782371402,-0.28378125678099053],"activity":[[0]],"dinucleotide":[],"modifications":[]}]}}
