{"modelSettings":{"letterOrder":"ACGT","bindingModeInteractions":[],"bindingModes":[{"fitLogActivity":true,"flankLength":0,"singleStrand":false,"size":12,"dinucleotideDistance":0,"componentName":"Binding mode 0","positionBias":false,"modifications":[]},{"fitLogActivity":true,"flankLength":0,"singleStrand":false,"size":12,"dinucleotideDistance":0,"componentName":"Binding mode 1","positionBias":false,"modifications":[]}],"letterComplement":"C-G,A-T"},"coefficients":{"bindingModeInteractions":[],"bindingModes":[{"mononucleotide":[0,0,0,0,0,0,0,0,0,0,0,0,0,0,0,0,0,0,0,0,0,0,0,0,0,0,0,0,0,0,0,0,0,0,0,0,0,0,0,0,0,0,0,0,0,0,0,0],"activity":[[-6.9666882490575235]],"dinucleotide":[],"modifications":[]},{"mononucleotide":[-0.1195980240624106,-0.2509789208041706,0,-0.29704346986136443,-0.27799325087379145,-0.3813003027185058,0,-0.31070294480069194,-0.42409849715296843,-0.7820419128918861,0,-1.1861409742472588,-1.3666210780998824,-0.0403270203337911,-1.7629924757391855,0,-0.436317055424027,0,-1.8174343741663996,-1.0151641913948026,0,-2.578262310612579,-0.5471048731734243,-6.05883919239478,-6.958145876250946,-2.709682563084706,-6.885372231859847,0,0,-1.7557452402828275,-2.0871195138987826,-1.345003529985929,0,-1.9342746769862948,-2.3067532129136925,-1.2164656176057367,0,-1.3648451380813302,-1.911831176965336,-1.476468557391394,0,-0.17427230599800403,-0.4761219778011867,-0.2676230932099646,-0.26596002567137944,0,-0.11911462841128717,-0.15538879815951567],"activity":[[0]],"dinucleotide":[],"modifications":[]}]}}
