{"modelSettings":{"letterOrder":"ACGT","bindingModeInteractions":[],"bindingModes":[{"fitLogActivity":true,"flankLength":0,"singleStrand":false,"size":12,"dinucleotideDistance":0,"componentName":"Binding mode 0","positionBias":false,"modifications":[]},{"fitLogActivity":true,"flankLength":0,"singleStrand":false,"size":12,"dinucleotideDistance":1,"componentName":"Binding mode 1","positionBias":false,"modifications":[]}],"letterComplement":"C-G,A-T"},"coefficients":{"bindingModeInteractions":[],"bindingModes":[{"mononucleotide":[0,0,0,0,0,0,0,0,0,0,0,0,0,0,0,0,0,0,0,0,0,0,0,0,0,0,0,0,0,0,0,0,0,0,0,0,0,0,0,0,0,0,0,0,0,0,0,0],"activity":[[-6.541507880735155]],"dinucleotide":[],"modifications":[]},{"mononucleotide":[-0.10657402009395334,-0.18739093706305532,0,-0.2273685454535599,-0.37032633234536405,-0.41723054833205175,0,-0.13203827318845196,-0.5148097574419097,-0.960497973014018,0,-1.7597102359550307,-1.4141189019137412,-0.16474551020182826,-1.5900670275354178,0,-0.6411425947050482,0,-1.412761913361055,-1.2887167203094423,0,-1.8133671636192714,-0.4204346416300524,-7.46788768056664,-19.193938453650443,-2.8847322070396135,-4.048919044318595,0,0,-1.8183854403425919,-2.3549802254449856,-1.2127490345525613,0,-2.319643308963868,-2.3567446948992323,-1.1224082175582133,0,-1.1633732967406925,-1.6549827919201459,-1.5194859553861706,0,-0.1932928940388976,-0.5793906875953869,-0.25009918265802344,-0.5290072838324038,0,-0.44946613501310395,-0.3241128262563624],"activity":[[0]],"dinucleotide":[[0.06156038293661226,0.10706393544095683,0,-0.07074365040537245,0.17740584141910354,0.2036503899558335,0,-0.030983718061956544,0,0,0,0,0.06180569527683488,-0.040491298250399765,0,-0.5113957147413419,-0.12637072462811805,0.15361488674310397,0,0.009390737288313744,0.2954986622870317,0.3119430898480875,0,-0.005327031131169058,0,0,0,0,-0.0226168309435959,-0.2759888575171532,0,-0.7690500739089492,-0.05545408481790126,0.007110648439179634,0.3072340902107795,0,0.8717851321607046,0.04128733129075002,0.6442705643864022,0,0,0,0,0,0.9910643838785358,0.8584864348962817,1.5775474860736702,0,-0.6630039189194212,0,-0.4121697676707283,0.165898669000069,0.4151533566722252,0,-0.15743824983247912,0.013924475504354383,-0.3706707818178385,0,-0.7157865779001664,0.5695475437935764,0,0,0,0,0,0.4244654492954716,-0.5165039448588011,3.0071912403375167,0,0,0,0,0,0.7706757966792486,0.1360002778291758,3.7131379069502133,0,-4.471883033143651,0.623633623500913,-1.514086892358577,0,0,0,0,9.320545100956828,-4.617570934508563,-6.511947652271105,0,6.394894463216664,-0.539726209509424,-2.7470191946861506,0,9.952926389855474,4.021219005335961,3.8490836695023436,0,0,9.905207801475584,1.0067499830595352,2.540596503463572,0,1.4224847741998037,3.0373374410393064,0.3130686906793114,0,2.575359217803694,3.118525885111228,-5.407198866159789,0,0,0,0,0,0,0,0,0,1.036399525390446,1.4133355204743943,0.37490629166905887,0,2.3769627127211033,1.5252825828214966,1.4130517477655014,0,0.9977729697887732,1.1638316645632445,-0.05829578626306553,0,0,0,0,0,0.855057998130639,1.3196186766730147,0.9219004013850967,0,1.2019898085252052,0.9884840299106434,1.018371423169361,0,0.43167225942144505,0.4283478001021441,0.2374045610818758,0,0,0,0,0,-0.2816084386249118,0.17103612744341667,-0.055204456540767666,0,0.18001393297041268,0.466509695764036,0.22178318646373807,0,0.16335353791955676,0.5649359678867718,0.3897031013071315,0,0,0,0,0.48402805141406713,0,0.5201895541259223,0.2492798278518995,0.14827135623171106,0,0.3114828428681271,0.4608939732990862,0.2884265655557101,0,0.40801019343524736,-0.06141673114429658]],"modifications":[]}]}}
