{"modelSettings":{"letterOrder":"ACGT","bindingModeInteractions":[],"bindingModes":[{"fitLogActivity":true,"flankLength":0,"singleStrand":false,"size":12,"dinucleotideDistance":0,"componentName":"Binding mode 0","positionBias":false,"modifications":[]},{"fitLogActivity":true,"flankLength":0,"singleStrand":false,"size":12,"dinucleotideDistance":0,"componentName":"Binding mode 1","positionBias":false,"modifications":[]}],"letterComplement":"C-G,A-T"},"coefficients":{"bindingModeInteractions":[],"bindingModes":[{"mononucleotide":[0,0,0,0,0,0,0,0,0,0,0,0,0,0,0,0,0,0,0,0,0,0,0,0,0,0,0,0,0,0,0,0,0,0,0,0,0,0,0,0,0,0,0,0,0,0,0,0],"activity":[[-5.8677875525618]],"dinucleotide":[],"modifications":[]},{"mononucleotide":[-0.19895388223335786,-0.15551568057891174,0,-0.32174718546344927,-0.43215469149717123,-0.5755620190613921,-0.288313672858834,0,-1.908444307260753,-2.1816833856855284,-1.620990211079814,0,-1.6933985151985222,-5.436233779329881,-2.6560477294042286,0,-1.7995277173104967,-3.0363149263269875,-2.4058040833486256,0,0,-8.142491924736554,-7.339494731883599,-8.612078310065948,-6.36340456343363,-0.8980467291125747,-2.7651469786504066,0,-1.2840321707320523,-1.7003773944165008,0,-0.41350736174708125,-0.009140012722244961,-2.027737132061832,0,-1.7229607409017644,-1.2641164013281259,0,-0.9361194100931209,-0.5514349466654487,-0.26269978330914867,0,-0.49876487181759366,-0.2571703502750413,-0.2732578538191781,0,-0.25997466020237425,-0.10188175645883746],"activity":[[0]],"dinucleotide":[],"modifications":[]}]}}
