{"modelSettings":{"letterOrder":"ACGT","bindingModeInteractions":[],"bindingModes":[{"fitLogActivity":true,"flankLength":0,"singleStrand":false,"size":12,"dinucleotideDistance":0,"componentName":"Binding mode 0","positionBias":false,"modifications":[]},{"fitLogActivity":true,"flankLength":0,"singleStrand":false,"size":12,"dinucleotideDistance":0,"componentName":"Binding mode 1","positionBias":false,"modifications":[]}],"letterComplement":"C-G,A-T"},"coefficients":{"bindingModeInteractions":[],"bindingModes":[{"mononucleotide":[0,0,0,0,0,0,0,0,0,0,0,0,0,0,0,0,0,0,0,0,0,0,0,0,0,0,0,0,0,0,0,0,0,0,0,0,0,0,0,0,0,0,0,0,0,0,0,0],"activity":[[-5.691298761716967]],"dinucleotide":[],"modifications":[]},{"mononucleotide":[-0.10134054554158745,-0.2605081582584132,0,-0.27058960175413205,-0.2571455736480477,-0.4971998141691447,0,-0.2622478171666396,-0.5512692028990891,-0.9293681666696205,0,-1.2632706697910532,-1.723808957994681,0,-1.8965324437190558,-0.009013110052256579,-0.413991723698393,0,-1.7027826191086115,-1.2838773867807518,0,-2.7563802402358024,-0.8987175651935146,-7.717789256471028,-7.9894444532228235,-4.632403237016661,-7.712621304695882,0,0,-2.4238946365642287,-3.062529939599614,-1.794807923522744,0,-2.646160550879631,-5.158444607705578,-1.6913067947586473,0,-1.6234392826164994,-2.1786991705003143,-1.9051023514333902,0,-0.28826749260389484,-0.5746752035432809,-0.4323343469386831,-0.32131442841919533,0,-0.1551321341170837,-0.19880889878640584],"activity":[[0]],"dinucleotide":[],"modifications":[]}]}}
