{"modelSettings":{"letterOrder":"ACGT","bindingModeInteractions":[],"bindingModes":[{"fitLogActivity":true,"flankLength":0,"singleStrand":false,"size":12,"dinucleotideDistance":0,"componentName":"Binding mode 0","positionBias":false,"modifications":[]},{"fitLogActivity":true,"flankLength":0,"singleStrand":false,"size":12,"dinucleotideDistance":0,"componentName":"Binding mode 1","positionBias":false,"modifications":[]}],"letterComplement":"C-G,A-T"},"coefficients":{"bindingModeInteractions":[],"bindingModes":[{"mononucleotide":[0,0,0,0,0,0,0,0,0,0,0,0,0,0,0,0,0,0,0,0,0,0,0,0,0,0,0,0,0,0,0,0,0,0,0,0,0,0,0,0,0,0,0,0,0,0,0,0],"activity":[[-6.880725869024935]],"dinucleotide":[],"modifications":[]},{"mononucleotide":[-0.290482907879821,-0.13118958716821716,0,-0.3821051005296825,-0.24480866863844497,-0.4419931968986388,0,-0.07404862885531571,-1.3819282965301785,-1.613914381579474,-1.1208035426657759,0,-1.1055311766386362,-2.3842290427375694,-1.6698977796175258,0,-1.3278358750748378,-2.076784741840801,-1.7645941384767045,0,0,-8.909316434112581,-7.725362295910138,-9.562845891562763,-7.167807463427143,-0.3017752348818066,-2.3261348397363255,0,-1.04454339990711,-1.4620531609166063,0,-0.5253338281584723,0,-1.2815414407355323,-0.015098058850263385,-1.3750205300616178,-1.531515542019867,0,-0.9259473947631429,-0.5072841340789846,-0.24130839897625922,0,-0.24452418729296355,-0.3475743587721212,-0.34561955884100115,0,-0.153933656255969,-0.11849824743043769],"activity":[[0]],"dinucleotide":[],"modifications":[]}]}}
