{"modelSettings":{"letterOrder":"ACGT","bindingModeInteractions":[],"bindingModes":[{"fitLogActivity":true,"flankLength":0,"singleStrand":false,"size":12,"dinucleotideDistance":0,"componentName":"Binding mode 0","positionBias":false,"modifications":[]},{"fitLogActivity":true,"flankLength":0,"singleStrand":false,"size":12,"dinucleotideDistance":1,"componentName":"Binding mode 1","positionBias":false,"modifications":[]}],"letterComplement":"C-G,A-T"},"coefficients":{"bindingModeInteractions":[],"bindingModes":[{"mononucleotide":[0,0,0,0,0,0,0,0,0,0,0,0,0,0,0,0,0,0,0,0,0,0,0,0,0,0,0,0,0,0,0,0,0,0,0,0,0,0,0,0,0,0,0,0,0,0,0,0],"activity":[[-6.075899451025405]],"dinucleotide":[],"modifications":[]},{"mononucleotide":[-0.231903049210759,-0.25619502618348555,0,-0.39518017909884406,-0.5270440327335617,-0.7609059751630536,-0.4946439325667171,0,-2.1305128828168534,-2.0026167451331367,-1.7170351175949459,0,-1.6822468385154274,-3.113924183803888,-2.5624961247368563,0,-1.5041650439643393,-3.4506190399653454,-3.099965419114337,0,0,-4.342093275957317,-3.0413041505696166,-8.56530844929672,-7.00561107208505,-0.9935948028744281,-3.3167574780264273,0,-1.3158370712696517,-1.274838376144781,0,-0.5833596277162139,0,-1.5566041526848502,-0.139132416152993,-1.4695259219009085,-2.0086535037271562,0,-1.0927166522680487,-0.5508082098564042,-0.25674692988846726,0,-0.6987084140491442,-0.344322414261482,-0.30442197768916834,0,-0.3566296169737413,-0.17656011045301767],"activity":[[0]],"dinucleotide":[[-0.017494784273413444,0.3648990020690306,0.18634019013807546,0,0.23750017032053528,0.11221422846806384,0.2690776271870696,0,0,0,0,0,0.1583824812386947,0.2402010796375027,0.3605572133873096,0,0.6924765686820757,0.6151582892550946,0.12373847383465453,0,0.8808474178123822,0.7529252896263818,0.5652841948927314,0,0.6546144770107514,0.18749915492374036,0.20096064133998492,0,0,0,0,0,0.3004198045118449,1.4789286975119214,1.0200319770152748,0,0.9944571723113254,1.5959574296619832,1.4404083362654232,0,1.1260242572365358,1.7722672952423069,1.1300999001270648,0,0,0,0,0,0.6460681979645253,2.2999632101318954,2.3576888624308148,0,2.140776876498817,2.757855335425188,2.645819876605144,0,1.6209723727147813,2.795393061102973,2.455156758917235,0,0,0,0,0,0,2.9113440143714433,1.0888242204872833,7.351340243620504,0,4.435472185642428,3.706831260761376,8.430258460629265,0,3.4568879321353903,2.8584736647303104,8.068167217802788,0,0,0,0,0,0,0,0,6.108665224015493,0.36088673231657786,2.803266526159412,0,5.994257334481301,0.861312798662857,1.8511747531964913,0,4.976292372062783,0.862532500349479,2.245878240211427,0,1.111456198763535,2.29863993980009,0,0.9640295043190497,0.8966191822014196,-0.2883631397032267,0,-0.4965734726121407,2.1846284071711115,1.432043759066739,0,1.4963697940427463,0,0,0,0,0,0.5540594390429145,0.10650892566704062,0.7094694976045486,0,0.5217741403333509,-0.4274245382046602,-0.5863700634348654,0,0,0,0,0,0.009571748166322003,0.4191558327969025,-0.1658030301713853,0,0,0,0,1.3995023477753654,0,0.5253548713650797,0.11903381424880788,1.0154253767112489,0,-0.030126314258448694,0.020225469343273517,0.0037281608196919613,0,0.5669181768528202,-0.4066266168085195,-0.3996443234191198,0,0.2254204341025079,0.015137713172997724,0,0,0,0,-0.07150460925005042,0,0.6160218416764307,0.22835964251777607,-0.07485127227619959,0,0.3341831182180961,-0.06892328608067189,-0.3028997813819485,0,0.15449952714177329,0.055635972894989116,0,0,0,0,0.11577626656280149,0,0.14231752564791567,0.2962328317352876,0.1958394154448735,0,0.25150131886543026,0.1252542409819295]],"modifications":[]}]}}
