{"modelSettings":{"letterOrder":"ACGT","bindingModeInteractions":[],"bindingModes":[{"fitLogActivity":true,"flankLength":0,"singleStrand":false,"size":12,"dinucleotideDistance":0,"componentName":"Binding mode 0","positionBias":false,"modifications":[]},{"fitLogActivity":true,"flankLength":0,"singleStrand":false,"size":12,"dinucleotideDistance":1,"componentName":"Binding mode 1","positionBias":false,"modifications":[]}],"letterComplement":"C-G,A-T"},"coefficients":{"bindingModeInteractions":[],"bindingModes":[{"mononucleotide":[0,0,0,0,0,0,0,0,0,0,0,0,0,0,0,0,0,0,0,0,0,0,0,0,0,0,0,0,0,0,0,0,0,0,0,0,0,0,0,0,0,0,0,0,0,0,0,0],"activity":[[-8.704860483623978]],"dinucleotide":[],"modifications":[]},{"mononucleotide":[-0.0994493929075766,-0.1934147574286662,0,-0.22600081294375762,-0.35215237684612255,-0.4283031021258825,0,-0.13328967182457596,-0.5182658977387877,-0.9628954688495899,0,-1.6965182310674738,-1.3618593159073598,-0.1591691799440671,-1.4871845621708868,0,-0.6281108252369503,0,-1.3506118777940994,-1.2621106279658854,0,-1.817345452653619,-0.4168846933433752,-10.349687739683283,-9.26084537877534,-2.600569347570838,-3.533516572625061,0,0,-1.843070410135791,-2.095158274031453,-1.1937848300174778,0,-2.2902999415931227,-2.429767764582925,-1.150992189171495,0,-1.1718003603029121,-1.671720823898875,-1.503301453889101,0,-0.18007890392747505,-0.5513385675728184,-0.17474476545496387,-0.5086813544386217,0,-0.44672096679686746,-0.31668894146731574],"activity":[[0]],"dinucleotide":[[0.0534834618897122,0.10858873291168969,0,-0.08244625659276394,0.1642555384495239,0.22093778138583886,0,-0.01095674022592874,0,0,0,0,0.047935405576250645,-0.03089543465892497,0,-0.4995229088648063,-0.1110863307744534,0.19045109934431004,0,0.13589979344718195,0.32013510650300425,0.3551907414477995,0,0.061893806884414815,0,0,0,0,-0.018417390548792767,-0.27515215945289917,0,-0.80249552872435,0.13424351055619255,0.023002833914750553,0.34487069203654563,0,0.9641042398977948,0.05833663267975098,0.6282643466840163,0,0,0,0,0,0.9512809746438755,0.7739089022715113,1.490538397715886,0,-0.7051709939084674,0,-0.22713575654168316,0.16289363062493933,0.40246022479954746,0,-0.14910829606122356,0.021954794836760883,-0.2592706074099169,0,-0.13103524190917248,0.6039038374735242,0,0,0,0,0,0.613867914134012,-0.4892497724841576,0.8999271737247678,0,0,0,0,0,0.7027257871111239,0.14153443667590082,1.724208089278628,0,-4.14883786011033,0.625246522602211,-3.159577057137266,0,0,0,0,0.049097018301992534,-0.03380449244254713,-2.759880921162029,0,0.2882295457726176,-0.23783334181674753,-0.5090615051709566,0,6.461540806417894,8.935876614856262,8.933050021529855,0,0,1.5624699412119547,1.3354272055228815,0.6907315867228085,0,1.676210274406376,3.059324294472745,0.18166856859149405,0,2.474509983411881,1.911175550997017,0.15683254990643825,0,0,0,0,0,0,0,0,0,1.2610047505585964,1.859651963386133,0.558454283691816,0,1.84427496398472,0.8014714566545127,0.9998942251233132,0,0.9405370764229364,1.3811980418608858,-0.055484998964775656,0,0,0,0,0,0.980254799221278,1.325544861105211,1.060224434715792,0,0.9943474520905777,0.8069194023634036,0.9547371022663711,0,0.3778434729516018,0.5864267804128005,0.2646759552164717,0,0,0,0,0,-0.17349873281645678,0.19508011565215178,-0.03272863738650322,0,0.1886237754091109,0.49765620068000516,0.1669604535731679,0,0.19082972875053628,0.5624571638952691,0.3572495945328118,0,0,0,0,0.4501059386536621,0,0.5068805338738684,0.2340564576334181,0.058568472129573834,0,0.30351466848607345,0.427479795557522,0.19696047799797967,0,0.33085889487521314,-0.1264342074814877]],"modifications":[]}]}}
