{"modelSettings":{"letterOrder":"ACGT","bindingModeInteractions":[],"bindingModes":[{"fitLogActivity":true,"flankLength":0,"singleStrand":false,"size":12,"dinucleotideDistance":0,"componentName":"Binding mode 0","positionBias":false,"modifications":[]},{"fitLogActivity":true,"flankLength":0,"singleStrand":false,"size":12,"dinucleotideDistance":0,"componentName":"Binding mode 1","positionBias":false,"modifications":[]}],"letterComplement":"C-G,A-T"},"coefficients":{"bindingModeInteractions":[],"bindingModes":[{"mononucleotide":[0,0,0,0,0,0,0,0,0,0,0,0,0,0,0,0,0,0,0,0,0,0,0,0,0,0,0,0,0,0,0,0,0,0,0,0,0,0,0,0,0,0,0,0,0,0,0,0],"activity":[[-7.634497492757055]],"dinucleotide":[],"modifications":[]},{"mononucleotide":[-0.05237344271424149,-0.14886485399728144,0,-0.306181268585874,-0.30763204220168205,-0.1336921153407502,0,-0.18686863745708138,-0.5044359942351946,-0.8299183013393829,0,-1.5028977089720037,-1.0520914241181352,0,-1.1252846369001723,-0.0321287051966479,-0.5706271448108176,0,-1.4719096677788244,-1.0597311618349572,0,-2.025048960074461,-0.19195272908687855,-6.883787520021662,-8.147922552984962,-1.6271055204358902,-7.5884147187880115,0,0,-1.3869557874768503,-1.4708816605024033,-1.0346096328334475,0,-0.9595213686796349,-1.5780843403210127,-0.9485691083610703,0,-0.8657992524840381,-1.063523695917814,-1.0266429203248055,-0.18430883217493488,0,-0.40466082030085104,-0.1938484807854124,-0.3729298481460859,0,-0.12158248750187894,-0.24330169519474865],"activity":[[0]],"dinucleotide":[],"modifications":[]}]}}
