{"modelSettings":{"letterOrder":"ACGT","bindingModeInteractions":[],"bindingModes":[{"fitLogActivity":true,"flankLength":0,"singleStrand":false,"size":12,"dinucleotideDistance":0,"componentName":"Binding mode 0","positionBias":false,"modifications":[]},{"fitLogActivity":true,"flankLength":0,"singleStrand":false,"size":12,"dinucleotideDistance":0,"componentName":"Binding mode 1","positionBias":false,"modifications":[]}],"letterComplement":"C-G,A-T"},"coefficients":{"bindingModeInteractions":[],"bindingModes":[{"mononucleotide":[0,0,0,0,0,0,0,0,0,0,0,0,0,0,0,0,0,0,0,0,0,0,0,0,0,0,0,0,0,0,0,0,0,0,0,0,0,0,0,0,0,0,0,0,0,0,0,0],"activity":[[-6.246347470013187]],"dinucleotide":[],"modifications":[]},{"mononucleotide":[-0.20892428469820956,-0.21915118814196077,0,-0.35131424956584745,-0.6390463927264518,0,-0.3275730204455751,-0.5285654556034354,-0.5085513789290239,-0.07584929106575977,0,-1.0419265680638965,-0.9576348791900626,0,-0.41673786299777404,-0.5256006264963853,-2.826826973286992,-2.148091131287834,-4.833837145667405,0,0,-1.8692687272378938,-2.314633207857045,-4.438605488943987,0,-2.549526090537598,-4.004636606370938,-3.1285376332944876,-2.0734529275890816,-2.0781912904291024,-2.161926840120157,0,-1.0957385857847912,-0.9275340929975657,-0.0231930288959461,0,0,-1.2104472834075368,-0.1378392224638212,-0.9224627683428253,-0.5264972188894284,0,-0.14545366814673777,-0.4943275805160088,-0.30520755425923696,-0.0471050015027874,0,-0.4604019891098261],"activity":[[0]],"dinucleotide":[],"modifications":[]}]}}
