{"modelSettings":{"letterOrder":"ACGT","bindingModeInteractions":[],"bindingModes":[{"fitLogActivity":true,"flankLength":0,"singleStrand":false,"size":13,"dinucleotideDistance":0,"componentName":"Binding mode 0","positionBias":false,"modifications":[]},{"fitLogActivity":true,"flankLength":0,"singleStrand":false,"size":13,"dinucleotideDistance":0,"componentName":"Binding mode 1","positionBias":false,"modifications":[]}],"letterComplement":"C-G,A-T"},"coefficients":{"bindingModeInteractions":[],"bindingModes":[{"mononucleotide":[0,0,0,0,0,0,0,0,0,0,0,0,0,0,0,0,0,0,0,0,0,0,0,0,0,0,0,0,0,0,0,0,0,0,0,0,0,0,0,0,0,0,0,0,0,0,0,0,0,0,0,0],"activity":[[-6.422613387492982]],"dinucleotide":[],"modifications":[]},{"mononucleotide":[-0.1746757280657114,-0.30686006382479647,0,-0.5813974253388388,-0.39697753489028287,-0.33917608668078714,0,-0.8739453123525323,-0.8271513783147135,-0.37544831635871034,0,-0.815319799410414,-2.84647091098047,-0.8340313160729949,-4.427281222215241,0,0,-0.5857564455658846,-3.219649504535462,-2.4522393906251008,0,-4.220546168378359,-6.034702056342964,-3.7534323007859616,-5.7894509443938444,-5.023591773820273,-5.64863274365742,0,-6.310615434734215,-5.764990607301089,-5.103790203054567,0,0,-5.357615005241862,-5.584036860219743,-3.3129764506970742,-0.6519200803034053,-1.4002321363953776,0,-1.6340448547179385,-0.8509400968082979,0,-0.043761833668094496,-0.21265016159853545,-0.2784497220306257,-0.603997960888286,0,-0.6552107004294712,-0.2719376674903593,0,-0.2436531487944471,-0.2737616874329589],"activity":[[0]],"dinucleotide":[],"modifications":[]}]}}
