{"modelSettings":{"letterOrder":"ACGT","bindingModeInteractions":[],"bindingModes":[{"fitLogActivity":true,"flankLength":0,"singleStrand":false,"size":13,"dinucleotideDistance":0,"componentName":"Binding mode 0","positionBias":false,"modifications":[]},{"fitLogActivity":true,"flankLength":0,"singleStrand":false,"size":13,"dinucleotideDistance":1,"componentName":"Binding mode 1","positionBias":false,"modifications":[]}],"letterComplement":"C-G,A-T"},"coefficients":{"bindingModeInteractions":[],"bindingModes":[{"mononucleotide":[0,0,0,0,0,0,0,0,0,0,0,0,0,0,0,0,0,0,0,0,0,0,0,0,0,0,0,0,0,0,0,0,0,0,0,0,0,0,0,0,0,0,0,0,0,0,0,0,0,0,0,0],"activity":[[-6.633161511020919]],"dinucleotide":[],"modifications":[]},{"mononucleotide":[-0.30125846583499616,-0.642935132961167,0,-0.519261513389818,-0.7072650878289082,-1.0833982734967158,0,-0.8920115717841508,-0.8429004979815229,-0.7146599142904808,0,-1.1946365447743759,-3.6835711868536505,-0.9224770749298514,-5.211607483505301,0,0,-0.3892677769595849,-3.304523624968522,-2.903005134656061,0,-3.816450979126281,-8.387567808777444,-3.481032105787766,-6.364071884110887,-5.683773873693584,-6.419571296284888,0,-5.425266469400172,-8.099378991786555,-6.118213367087731,0,0,-5.555350991149485,-9.651294809539282,-3.394993808721842,-0.43476273719024405,-1.2431020242990112,0,-1.362652609346858,-0.8348230156876948,0,-0.49953151663934925,-0.1018735317439674,-0.1992701526341918,-0.9056022939946562,0,-1.0158297411185977,-0.281803585300322,0,-0.21636272230300513,-0.2554511019102268],"activity":[[0]],"dinucleotide":[[0.2990385487529057,0.4148118004200363,0,0.311725397334202,0.5907376069515582,0.7924034027082083,0,0.24612501860370806,0,0,0,0,0.20598183661988756,-0.21293783014012213,0,-0.5404754284679534,-0.20946475568880096,0.4692089606191452,0,0.210851435375087,0.7585598516588146,0.8982640614748334,0,0.12801049605594272,0,0,0,0,0.36906662827529146,0.36664294199259295,0,-0.631752026303781,0.19771647096663614,-0.27574222575755947,1.041858590408233,0,1.3745531971443823,0.15626633724499683,1.410671989062851,0,0,0,0,0,1.5963061375645164,1.2031123301571238,1.8296264113737495,0,0,-0.29562500594876084,0.9422600363804552,2.186764220738727,0,-1.1104587787694538,0.7259420393553242,1.376653334725523,0,0.4181042648347635,1.7701875513552494,2.5118298978994016,0,0,0,0,0,0,0,0,0,-2.5556912673563934,0.5004090396446728,-1.7177907206224985,0,0.3017998823295942,5.235429763014258,2.429703692124561,0,-0.6862020893476757,2.1198052574254778,0.8068413921318927,0,0,0,0,4.46219157590049,2.5006644390841766,4.50903706611153,0,6.103943574846776,4.215001894476623,7.765336996869603,0,1.8845213491240642,2.244546115577184,3.5013561340274526,0,5.883004315431454,8.158086303157047,5.177666718448186,0,5.728863281335212,6.874301478182241,6.0453325880419735,0,4.870305256927083,5.324008949200637,5.820712955279016,0,0,0,0,0,0,5.522623627145517,7.0296242520655685,1.8363189546780347,0,5.332897998128688,9.271892986063024,3.961372837394369,0,4.5516021079434,7.839007430008075,3.504588745314681,0,0,0,0,0,0,0,0,-0.3876713806305263,-0.028451677675968234,0,0.008451372778493393,0.3883749593612631,0.4868157206475132,0,1.2390398663876372,0.3055495701024169,-0.4324643294992434,0,0.009682872396358455,-0.1577061821096688,0,0.3743305844703819,-0.6792890023798286,-0.002302683215127388,0,0.27368632388482617,-0.6919585932932328,0,0,0,0,0.11569054852268401,0,-0.03522361964405185,-1.3210544998451077,-0.39250550647809845,0.22791849361259509,0,0.33091831321975107,0,0,0,0,0.19887003318738472,0.6048722194720373,0,0.4193118257099613,0.03290721674628472,0.25613214438543785,0,0.14675977581691946,-0.21244847285825408,0,-0.016975233479088914,-0.19335465482268965,0.12874256527122263,0,0.207886409926493,0.22936880277072724,0,0,0,0,0.3998685967371731,0,0.1515457242566587,0.0072793116022698]],"modifications":[]}]}}
