{"modelSettings":{"letterOrder":"ACGT","bindingModeInteractions":[],"bindingModes":[{"fitLogActivity":true,"flankLength":0,"singleStrand":false,"size":12,"dinucleotideDistance":0,"componentName":"Binding mode 0","positionBias":false,"modifications":[]},{"fitLogActivity":true,"flankLength":0,"singleStrand":false,"size":12,"dinucleotideDistance":0,"componentName":"Binding mode 1","positionBias":false,"modifications":[]}],"letterComplement":"C-G,A-T"},"coefficients":{"bindingModeInteractions":[],"bindingModes":[{"mononucleotide":[0,0,0,0,0,0,0,0,0,0,0,0,0,0,0,0,0,0,0,0,0,0,0,0,0,0,0,0,0,0,0,0,0,0,0,0,0,0,0,0,0,0,0,0,0,0,0,0],"activity":[[-7.988220903970928]],"dinucleotide":[],"modifications":[]},{"mononucleotide":[-0.3880652265780302,-0.13727420943100732,0,-0.39414250850171584,-0.6606321562055442,0,-0.1483795172116693,-0.4963494563368904,-0.49771002139383214,-0.23804378585527353,-0.6029765618552698,0,0,-0.024649401845874053,-0.9377478225916089,-0.9443822386028558,0,-1.2714982057378243,-1.083511753440133,-1.9053657021220598,-1.333478193833752,-2.5389687061275907,-1.0855248595219127,0,-8.103617175553227,-0.9138737578146028,-2.114217174393321,0,0,-7.1824226793368835,-0.9692818079955039,-7.853010277888053,-0.7192890980213953,0,-0.18411621942463974,-0.39448505154506996,-1.1709505905811692,-0.14552404040309241,0,-0.7364878576995935,-0.4135129167084717,-0.10966624185729934,0,-0.545085145466718,-0.3588901952295309,0,-0.2760216221843823,-0.11483327656307019],"activity":[[0]],"dinucleotide":[],"modifications":[]}]}}
