{"modelSettings":{"letterOrder":"ACGT","bindingModeInteractions":[],"bindingModes":[{"fitLogActivity":true,"flankLength":0,"singleStrand":false,"size":11,"dinucleotideDistance":0,"componentName":"Binding mode 0","positionBias":false,"modifications":[]},{"fitLogActivity":true,"flankLength":0,"singleStrand":false,"size":11,"dinucleotideDistance":0,"componentName":"Binding mode 1","positionBias":false,"modifications":[]}],"letterComplement":"C-G,A-T"},"coefficients":{"bindingModeInteractions":[],"bindingModes":[{"mononucleotide":[0,0,0,0,0,0,0,0,0,0,0,0,0,0,0,0,0,0,0,0,0,0,0,0,0,0,0,0,0,0,0,0,0,0,0,0,0,0,0,0,0,0,0,0],"activity":[[-6.513589685007283]],"dinucleotide":[],"modifications":[]},{"mononucleotide":[-0.4992553134737019,-0.09987212516611699,0,-0.5519000771813172,-0.9043602968702498,-0.15075739547429734,-1.2034938915899307,0,0,-0.05172297092293476,-0.9625901434974757,-1.1722326378273102,0,-2.1919374425341616,-2.075256983925158,-2.103664751898,-3.0523492464840096,-4.521025164419104,-2.5070352366518645,0,-8.067113600655704,-2.349608337471082,-1.7682891140172163,0,0,-8.515898068693451,-2.0813243840385507,-2.9932965672892493,-0.5076110900528779,-0.3764856604321931,0,-0.9094366124134368,-1.163477184796145,0,-0.060234930770247885,-0.6288440567472833,-0.5265982505701281,-0.3255659097789092,0,-0.6332927695874684,-0.34534344064432787,0,-0.22763264895934654,-0.20090853604490455],"activity":[[0]],"dinucleotide":[],"modifications":[]}]}}
