{"modelSettings":{"letterOrder":"ACGT","bindingModeInteractions":[],"bindingModes":[{"fitLogActivity":true,"flankLength":0,"singleStrand":false,"size":12,"dinucleotideDistance":0,"componentName":"Binding mode 0","positionBias":false,"modifications":[]},{"fitLogActivity":true,"flankLength":0,"singleStrand":false,"size":12,"dinucleotideDistance":1,"componentName":"Binding mode 1","positionBias":false,"modifications":[]}],"letterComplement":"C-G,A-T"},"coefficients":{"bindingModeInteractions":[],"bindingModes":[{"mononucleotide":[0,0,0,0,0,0,0,0,0,0,0,0,0,0,0,0,0,0,0,0,0,0,0,0,0,0,0,0,0,0,0,0,0,0,0,0,0,0,0,0,0,0,0,0,0,0,0,0],"activity":[[-6.591498024885923]],"dinucleotide":[],"modifications":[]},{"mononucleotide":[0,-0.2738579025716774,-0.043952649290496026,-0.2985672188313977,-1.3240559092053754,0,-0.6391299134959585,-0.7110657742696525,-0.16116924627420381,-0.49947560962466575,0,-0.9394474664142205,-0.8243669008338284,0,-0.6135382005990149,-0.2914659553858989,-1.9882197860021478,-2.6811012448468396,-3.359584084166329,0,0,-2.3079973635648923,-2.110525158312498,-2.8256634098084428,0,-3.108052042886472,-3.563096169553593,-2.9270071520743635,-2.717220891927912,-2.4808644487535148,-2.9818135170087112,0,-1.58984314047499,-1.033055841089432,0,-0.13369456523240686,0,-1.5603741056697702,-0.8665910745139582,-1.49463753184902,-0.7354175320533827,0,-0.4221148854365655,-0.49433640390243294,-0.30042881234818086,0,-0.0788809340609502,-0.43220363750559443],"activity":[[0]],"dinucleotide":[[0,0,0,0,0.9106754982289686,0,0.3106263796988671,0.3994805688592695,0.7277975263448742,0,0.05543858240866051,0.5221436276586449,0.8014503658083125,0,0.16026836493705332,0.06894183809033372,-0.37269810181462937,0.5365847783332764,0,0.3788588219239397,0,0,0,0,0.020860444092425823,0.5683066192491175,0,0.6541341673664682,-0.003792908777787929,0.1162519583508903,0,-0.12187774697800258,-0.7778107725469923,0,-0.3208173453267502,-0.6093231841467581,0.26614341033216427,0,0.46736426789474095,0.17308151448826337,0,0,0,0,0.161938045049002,0,0.26064854328832254,-0.2887614146761912,-0.13152273595355446,0.871315764858311,0.45288221731500933,0,0,0,0,0,-0.20241027664203592,1.040904996066164,-0.017794752085295684,0,0.20502180805634573,0.8695643402422206,0.24005777070366285,0,0,1.9734852601645034,0.38948106950426187,1.7916198370692475,0,1.2767370857038296,0.013647502788272092,0.07863799337761623,0,2.6491207981293687,1.2174173971934223,3.0541143324829347,0,0,0,0,0,0,0,0,0,2.278391429231479,3.169131537689432,1.1684098995477399,0,1.927772008535774,1.2007218243080642,1.326744333556813,0,2.2811847789491395,3.123531221585889,-3.442181385346248,0,0,0,0,0.9473561035717317,1.864338495667515,1.3104692265871511,0,0.7630382080610785,1.1960129500541177,-0.0715875953717715,0,-3.7066241530882316,1.3236124124926238,-3.919350680396483,0,0.70039148488208,1.962541907614833,0,1.0925636959975993,0.6878634433820752,0.5438449709613602,0,0.47396631399690214,0.35210014329784745,0.8791537453444693,0,1.5245363104488172,0,0,0,0,0,1.3671741646498683,1.3999912301186024,1.2716229002014003,0,0.07578039862997965,0.8151774636205458,0.31480724824758965,0,0,0,0,0,-0.007825019111066922,0.6299159281706483,0.017621798436432634,0,0,0,0,0.667883070000177,0,0.354017381207516,0.09591423493532591,0.6435959679186123,0,0.13952399267975757,0.032983157547186615,0.6885219632865907,0,0.6306338063206276,-0.1523648494958847,0.009323932500322485,0,-0.19747610733066612,0.10927200766959544,0,0,0,0,0.04545485650987313,0,0.1904557944901173,0.42239756228379477,0.03374175509531696,0,0.2514436259447397,0.033451538538809444]],"modifications":[]}]}}
