{"modelSettings":{"letterOrder":"ACGT","bindingModeInteractions":[],"bindingModes":[{"fitLogActivity":true,"flankLength":0,"singleStrand":false,"size":13,"dinucleotideDistance":0,"componentName":"Binding mode 0","positionBias":false,"modifications":[]},{"fitLogActivity":true,"flankLength":0,"singleStrand":false,"size":13,"dinucleotideDistance":1,"componentName":"Binding mode 1","positionBias":false,"modifications":[]}],"letterComplement":"C-G,A-T"},"coefficients":{"bindingModeInteractions":[],"bindingModes":[{"mononucleotide":[0,0,0,0,0,0,0,0,0,0,0,0,0,0,0,0,0,0,0,0,0,0,0,0,0,0,0,0,0,0,0,0,0,0,0,0,0,0,0,0,0,0,0,0,0,0,0,0,0,0,0,0],"activity":[[-6.445152055835109]],"dinucleotide":[],"modifications":[]},{"mononucleotide":[-0.30501242462364786,-0.647207427655685,0,-0.5221933083738506,-0.7053749742657391,-1.0940062318322514,0,-0.8839858400439002,-0.8423590124856712,-0.7149878221634207,0,-1.1912351381899686,-3.6935873467379494,-0.9206675544618417,-5.229544267280906,0,0,-0.3876384617779216,-3.2645244173601373,-2.923256162094715,0,-3.812464889200278,-8.013743568137112,-3.476890515980683,-6.088579612543384,-5.218689853438546,-6.5235596292072575,0,-4.969678154126363,-6.595843500448984,-7.4216631554618075,0,0,-5.578227719858074,-7.943219003358461,-3.3990728724516384,-0.43008845158449027,-1.2410361819043878,0,-1.3484587142087108,-0.828555327333099,0,-0.497887456806378,-0.10068323912885013,-0.20027925121768675,-0.9111503489325301,0,-1.0151775011949127,-0.28262404885797743,0,-0.21483285110296713,-0.2572884207761401],"activity":[[0]],"dinucleotide":[[0.30324594240646263,0.4224671227329715,0,0.309229970154842,0.5856159150736477,0.7968999407693715,0,0.24052148056767386,0,0,0,0,0.21578502477152917,-0.21805782560278075,0,-0.5400568525749971,-0.20441073679926092,0.47303698791949067,0,0.20825826655405955,0.7691784148098684,0.9028390859186821,0,0.1532456115709362,0,0,0,0,0.35834261270483303,0.36734268238287804,0,-0.683878506080104,0.15699821948572357,-0.2769726511601984,1.0210623422260507,0,1.4067000416880653,0.14251428590457493,1.315137891972288,0,0,0,0,0,1.60779196540574,1.197122507298591,1.7302026831591188,0,0,-0.2779554202597385,0.961607485879691,2.1879218211436484,0,-1.101310266401951,0.6342316266448407,1.3981822716205183,0,0.3963836762604771,2.521693878935954,2.6683290275994374,0,0,0,0,0,0,0,0,0,-3.507809237881693,1.069362108555973,-1.5084771353917965,0,1.0483990314251415,4.36969558429394,2.3246746362699646,0,0.2018866946043527,1.3726972882812731,0.8359981247423232,0,0,0,0,4.333776606930508,0.19162253049762512,4.933640424811642,0,6.78040819638348,2.469975787417157,8.233383282280334,0,3.4155088071417783,-0.0294017637567503,3.569385767157767,0,5.220971479376901,6.586027692122329,5.12696230922575,0,4.965007833030944,5.414778167399627,5.941004837791235,0,4.474652770451392,1.9771468538775387,7.077901447647047,0,0,0,0,0,0,5.2229689162259,2.2083987003171686,1.2507507885271334,0,3.2477868382780954,7.243149808055987,3.4196555343979114,0,2.012013401548712,3.2663642301785245,3.9722344085913033,0,0,0,0,0,0,0,0,0.2562962086573499,-0.6693362076878291,0,-0.689544184480452,1.7011225281921494,1.432831331266537,0,1.6887932160110193,0.3156028995095781,-0.15934063697322998,0,-0.161857418835746,-0.15847793582654823,0,0.3651873703675079,-0.6825107898540796,0.005390574366840539,0,0.2787226890025707,-0.6985609825643238,0,0,0,0,0.10689907109656716,0,-0.0553101494989221,-1.3484765633600952,-0.3883300526385405,0.2310316015352587,0,0.33199962424911433,0,0,0,0,0.20316988408962722,0.6084532727253578,0,0.4275563892729686,0.03247372005399285,0.2621551549858818,0,0.15265050677915148,-0.2193928259470841,0,-0.018006264046114495,-0.18865993050319751,0.1411302511618171,0,0.20492238427791953,0.23441260998913016,0,0,0,0,0.39440168158509437,0,0.14717866516003575,9.251257657911793E-4]],"modifications":[]}]}}
