{"modelSettings":{"letterOrder":"ACGT","bindingModeInteractions":[],"bindingModes":[{"fitLogActivity":true,"flankLength":0,"singleStrand":true,"size":20,"dinucleotideDistance":0,"componentName":"Binding mode 0","positionBias":false,"modifications":[]},{"fitLogActivity":true,"flankLength":0,"singleStrand":false,"size":12,"dinucleotideDistance":0,"componentName":"Binding mode 1","positionBias":false,"modifications":[]}],"letterComplement":"C-G,A-T"},"coefficients":{"bindingModeInteractions":[],"bindingModes":[{"mononucleotide":[0,-0.139428769164466,-0.11001531342167503,-0.22767045009249465,-0.16924542974966883,-0.010813522496954775,0,-0.03824864381304849,-0.14046071923672176,-0.03627108427221781,0,-0.08141572377930029,-0.12535702762249734,0,-0.05313382639612918,-0.008109557718888993,-0.09780621464958283,0,-0.06455060903328835,-0.00945521314213682,-0.10773285068690885,-0.03208869035424833,-0.09845762978604178,0,-0.07268097803808882,-0.09130983697777584,-0.1391701412512898,0,-0.09136187094937398,-0.1759036938486931,-0.2015265772849597,0,-0.09247043085125917,-0.15569933050231644,-0.22011087021092024,0,-0.07019363473466544,-0.09047681029909782,-0.1539216323065018,0,-0.016105837432427883,-0.007441987535326433,-0.026428945082392907,0,-0.041241853475519896,0,-0.008557637514238436,-0.049358637413735806,-0.012333515781286941,0,-0.004136006285080818,-0.02922869918901405,-0.07462032880388936,0,-0.005852326059282653,-0.0012917522672593051,-0.07757977037101416,-0.016999490024828923,-0.007530206338029366,0,-0.11531374776753722,0,-0.03510729424870185,-0.03520351995772941,-0.11043323909038527,0,-0.07720495450949638,-0.08360256260029342,-0.12093748105807212,0,-0.17199721607958285,-0.2568973643161314,-0.33761494533909797,0,-0.21673151365302523,-0.3852942161760575,-0.4728404364849288,-0.060903559889128545,0,-0.1435636086906653],"activity":[[-0.9138521055963424]],"dinucleotide":[],"modifications":[]},{"mononucleotide":[-0.1552583036099744,-0.20716521704549962,0,-0.27871174352883976,-0.5806152557494038,0,-0.32907565399184513,-0.4576782455286583,-0.4635561551264633,-0.0575779253370321,0,-0.9206668414116645,-0.8631253946997823,0,-0.4017396628562153,-0.5226082746776335,-2.724890239403871,-2.077256709297677,-8.458951343581221,0,0,-1.920773889241186,-2.12687017618609,-8.251866063355028,0,-2.561206153275119,-4.687288274828354,-2.733953295430231,-2.0537668868844587,-2.0465053035840572,-2.1396013599305697,0,-0.9721132911798449,-0.9682124186745469,-0.01651178407722398,0,0,-1.1727104552592227,-0.1533214425905456,-0.888018107439791,-0.452406905813028,0,-0.13251846756762653,-0.4586432987967477,-0.2543373790211394,-0.0528056779836259,0,-0.3692336238743934],"activity":[[-0.06146478006107937]],"dinucleotide":[],"modifications":[]}]}}
