{"modelSettings":{"letterOrder":"ACGT","bindingModeInteractions":[],"bindingModes":[{"fitLogActivity":true,"flankLength":0,"singleStrand":false,"size":12,"dinucleotideDistance":0,"componentName":"Binding mode 0","positionBias":false,"modifications":[]},{"fitLogActivity":true,"flankLength":0,"singleStrand":false,"size":12,"dinucleotideDistance":1,"componentName":"Binding mode 1","positionBias":false,"modifications":[]}],"letterComplement":"C-G,A-T"},"coefficients":{"bindingModeInteractions":[],"bindingModes":[{"mononucleotide":[0,0,0,0,0,0,0,0,0,0,0,0,0,0,0,0,0,0,0,0,0,0,0,0,0,0,0,0,0,0,0,0,0,0,0,0,0,0,0,0,0,0,0,0,0,0,0,0],"activity":[[-6.052900024171328]],"dinucleotide":[],"modifications":[]},{"mononucleotide":[-0.289332461944122,-0.22693237064780192,0,-0.30062977617440545,-1.022328317417582,0,-0.7259501382750777,-0.19387773635242667,-0.06737069538316831,-0.41510398878241617,0,-0.8520985451861929,-1.455129644135889,0,-1.272436395283183,-0.4765995614170251,-3.613364884089015,-6.770369693675045,-6.831120724880632,0,0,-6.883844484265202,-6.570753795134741,-5.60324231627991,0,-7.578494029306448,-6.3946711536379475,-7.467830788962036,-3.6167804768995913,-7.4569981372538345,-4.292638086704867,0,-2.9848040527262016,-3.3134039457584867,-0.37334370331045896,0,0,-5.447274661018992,-0.9159832176802443,-3.84325743791824,-1.1841179863627076,0,-0.6921668048514835,-0.7990574554854017,-0.8221371073348269,0,-0.857036315915515,-0.5031734770629868],"activity":[[0]],"dinucleotide":[[-0.004899210714569335,0,0.24016021205085103,-0.22902216340071213,0.17255264257294378,0,0.21775477147985356,-0.04099018518049391,0,0,0,0,0.41917786769763055,0,0.1325302827915138,-0.2997555561428431,0.15397174494904498,0.3660916046559404,0,0.40167795508333626,0,0,0,0,0.08218708219779813,0.35856198390871263,0,0.1444303316089499,1.8443518814414972E-4,0.06854346556185753,0,-0.550296866392916,-1.4195218871425004,0,-0.7604566501390799,-0.7005200874982531,-0.047597915385976464,0,0.2920341057885487,0.40844867939775753,0,0,0,0,0.17520212461157492,0,0.07634612902930726,-0.15440217508870901,0.015303058757141663,2.0693127618377183,1.5898226758614271,0,0,0,0,0,-0.19118941968040382,1.63330367407546,0.9123657410190553,0,0.20367403183546173,1.1711700630420907,-0.03116030248748025,0,0,3.795154905337389,3.1202859870577146,1.0756570636757612,0,5.595281664895282,6.476764451897007,2.7639618437384144,0,6.312403305274959,6.948061653796834,6.210679579197273,0,0,0,0,0,0,0,0,0,6.781386250965536,7.678502741677204,7.013238777559495,0,5.088461336752415,6.979300470929805,7.422164920027464,0,5.713819849261334,6.292368769751762,6.1920284034429915,0,0,0,0,4.93667024862198,9.00257825850857,6.586155534641666,0,2.2314040791837995,6.147033524185912,4.178505415410594,0,2.512480870488268,7.72889481109555,5.6455945166986226,0,0.5745481333657221,2.4821337957166794,-1.898346406370246,0,2.135763629327565,4.36288196063701,1.023284033116303,0,1.4112637654795162,2.6452519715833898,-0.4322176200912313,0,0,0,0,0,0,2.8882611379936707,1.4216776106561886,2.184492539621333,0,2.808932104538002,0.6212584378798063,1.1141037396983604,0,0.5278340273624291,-1.2585141557979558,-0.3168821727313542,0,0,0,0,0,0,0,0,1.8197846311294619,0,1.492026245999174,1.0958901705295094,1.2334666459086137,0,0.01588148597030603,-0.41745348242852387,1.7353423072600984,0,1.5775873071628057,-0.016795526689609375,-0.7792959661401069,0,0.14299509865813498,0.14342693298793918,0,0,0,0,0.36547830226586164,0,0.9425631217921087,0.37139295178070775,0.15816734374996777,0,0.8216612196957467,-0.30768609397140345]],"modifications":[]}]}}
