{"modelSettings":{"letterOrder":"ACGT","bindingModeInteractions":[],"bindingModes":[{"fitLogActivity":true,"flankLength":0,"singleStrand":false,"size":12,"dinucleotideDistance":0,"componentName":"Binding mode 0","positionBias":false,"modifications":[]},{"fitLogActivity":true,"flankLength":0,"singleStrand":false,"size":12,"dinucleotideDistance":0,"componentName":"Binding mode 1","positionBias":false,"modifications":[]}],"letterComplement":"C-G,A-T"},"coefficients":{"bindingModeInteractions":[],"bindingModes":[{"mononucleotide":[0,0,0,0,0,0,0,0,0,0,0,0,0,0,0,0,0,0,0,0,0,0,0,0,0,0,0,0,0,0,0,0,0,0,0,0,0,0,0,0,0,0,0,0,0,0,0,0],"activity":[[-6.987894619895656]],"dinucleotide":[],"modifications":[]},{"mononucleotide":[-0.02155117692649,-0.17593815342175745,0,-0.19736837034942667,-0.6560778330541197,0,-0.44413480537755134,-0.6780012108979676,-0.522972094279627,0,-0.09236707691837154,-1.0074855486969838,-1.6425937982976357,0,-1.1493174188993613,-0.7363099422343353,-1.7288101978327894,-4.824690415230727,-4.722370695073126,0,0,-1.8659918823341108,-4.7673825346597996,-4.926434318461408,0,-5.458926671765668,-3.173228742428398,-5.663532934555844,-3.291115350607355,-3.832969433168036,-3.2466507749890416,0,-1.723690191138342,-1.8175205455423473,-0.6249309286478066,0,0,-3.0241378252606186,-0.6126750142844983,-2.703397610888791,-0.7235529831401699,0,-0.3388814236360389,-0.7662574660915098,-0.8451384144192033,0,-0.28667475952582855,-0.26110468525109454],"activity":[[0]],"dinucleotide":[],"modifications":[]}]}}
