{"modelSettings":{"letterOrder":"ACGT","bindingModeInteractions":[],"bindingModes":[{"fitLogActivity":true,"flankLength":0,"singleStrand":false,"size":12,"dinucleotideDistance":0,"componentName":"Binding mode 0","positionBias":false,"modifications":[]},{"fitLogActivity":true,"flankLength":0,"singleStrand":false,"size":12,"dinucleotideDistance":0,"componentName":"Binding mode 1","positionBias":false,"modifications":[]}],"letterComplement":"C-G,A-T"},"coefficients":{"bindingModeInteractions":[],"bindingModes":[{"mononucleotide":[0,0,0,0,0,0,0,0,0,0,0,0,0,0,0,0,0,0,0,0,0,0,0,0,0,0,0,0,0,0,0,0,0,0,0,0,0,0,0,0,0,0,0,0,0,0,0,0],"activity":[[-5.950270394960636]],"dinucleotide":[],"modifications":[]},{"mononucleotide":[-0.20415644527644083,-0.20432179242154902,0,-0.3283372670708786,-0.6000031552721499,0,-0.32740092177318125,-0.49450311204151554,-0.476614497121286,-0.04881690455316168,0,-0.9484581996856178,-0.8731303490165931,0,-0.38963312082183066,-0.49412953426808315,-2.9930569525178408,-2.105754540467599,-8.958777731393312,0,0,-1.8491570203119654,-2.222021544794339,-7.568198422505617,0,-2.422868446516917,-4.5896901153297955,-2.777720858154331,-1.931270396081107,-1.9739855930727632,-2.1099977033691353,0,-1.0174886533497052,-0.9101300954486673,-0.0461138304015396,0,0,-1.1360761807400275,-0.1247400857788632,-0.8177214472818504,-0.47488352888699126,0,-0.10864682061307018,-0.45680615518560863,-0.28250031631195416,-0.03846248917323436,0,-0.4324759950836512],"activity":[[0]],"dinucleotide":[],"modifications":[]}]}}
