{"modelSettings":{"letterOrder":"ACGT","bindingModeInteractions":[],"bindingModes":[{"fitLogActivity":true,"flankLength":0,"singleStrand":false,"size":12,"dinucleotideDistance":0,"componentName":"Binding mode 0","positionBias":false,"modifications":[]},{"fitLogActivity":true,"flankLength":0,"singleStrand":false,"size":12,"dinucleotideDistance":0,"componentName":"Binding mode 1","positionBias":false,"modifications":[]}],"letterComplement":"C-G,A-T"},"coefficients":{"bindingModeInteractions":[],"bindingModes":[{"mononucleotide":[0,0,0,0,0,0,0,0,0,0,0,0,0,0,0,0,0,0,0,0,0,0,0,0,0,0,0,0,0,0,0,0,0,0,0,0,0,0,0,0,0,0,0,0,0,0,0,0],"activity":[[-5.9374170712954895]],"dinucleotide":[],"modifications":[]},{"mononucleotide":[-0.16371582527726325,-0.20701671694134038,0,-0.2878237177631746,-0.5514418822261486,0,-0.3141056068196679,-0.43155374445499284,-0.4464618412981842,-0.06313199486386711,0,-0.8693361915153641,-0.836718777040458,0,-0.378655396641963,-0.46273229197159527,-2.509395351555188,-1.9968832075865555,-3.5115368057771885,0,0,-1.7325945925037383,-2.1826943254861213,-3.1536649073323746,0,-2.4934013874263403,-3.1940772768817967,-2.5363537192171073,-1.9303920777832086,-2.0555023889979136,-2.0934493746580447,0,-0.9874614633319414,-0.9100209782726507,-0.06759528335870613,0,0,-1.2013252288427854,-0.1768300843827424,-0.8219623978394459,-0.3679835860705829,0,-0.11820372832287962,-0.3945678892366704,-0.19975956744003298,-0.056163293850882035,0,-0.3883166790696153],"activity":[[0]],"dinucleotide":[],"modifications":[]}]}}
