{"modelSettings":{"letterOrder":"ACGT","bindingModeInteractions":[],"bindingModes":[{"fitLogActivity":true,"flankLength":0,"singleStrand":false,"size":11,"dinucleotideDistance":0,"componentName":"Binding mode 0","positionBias":false,"modifications":[]},{"fitLogActivity":true,"flankLength":0,"singleStrand":false,"size":11,"dinucleotideDistance":0,"componentName":"Binding mode 1","positionBias":false,"modifications":[]}],"letterComplement":"C-G,A-T"},"coefficients":{"bindingModeInteractions":[],"bindingModes":[{"mononucleotide":[0,0,0,0,0,0,0,0,0,0,0,0,0,0,0,0,0,0,0,0,0,0,0,0,0,0,0,0,0,0,0,0,0,0,0,0,0,0,0,0,0,0,0,0],"activity":[[-7.1404145561884445]],"dinucleotide":[],"modifications":[]},{"mononucleotide":[-0.48784106122317006,0,-0.01994452586408002,-0.5270681530920474,-0.825302862119317,-0.12214328045262057,-1.0611152695125199,0,0,-0.07170057294426435,-0.9315470209217729,-1.1069956881653127,0,-1.9714118288952083,-1.7670333228972126,-1.9496915532130146,-2.8087674991088676,-5.213028368046709,-2.1583622195096446,0,-7.630290745214285,-2.0754382041009123,-1.634440725641909,0,0,-7.944507747829334,-1.9316632597963599,-3.027450057336372,-0.5226606853136921,-0.32562646346219104,0,-0.8978490648987307,-1.143120486515878,0,-0.03119240216310004,-0.6697516582356311,-0.5599557715807695,-0.3585164895251509,0,-0.6614875172926187,-0.34006919861441354,0,-0.2282459590959931,-0.22460345208604515],"activity":[[0]],"dinucleotide":[],"modifications":[]}]}}
