{"modelSettings":{"letterOrder":"ACGT","bindingModeInteractions":[],"bindingModes":[{"fitLogActivity":true,"flankLength":0,"singleStrand":false,"size":13,"dinucleotideDistance":0,"componentName":"Binding mode 0","positionBias":false,"modifications":[]},{"fitLogActivity":true,"flankLength":0,"singleStrand":false,"size":13,"dinucleotideDistance":0,"componentName":"Binding mode 1","positionBias":false,"modifications":[]}],"letterComplement":"C-G,A-T"},"coefficients":{"bindingModeInteractions":[],"bindingModes":[{"mononucleotide":[0,0,0,0,0,0,0,0,0,0,0,0,0,0,0,0,0,0,0,0,0,0,0,0,0,0,0,0,0,0,0,0,0,0,0,0,0,0,0,0,0,0,0,0,0,0,0,0,0,0,0,0],"activity":[[-6.913272854221723]],"dinucleotide":[],"modifications":[]},{"mononucleotide":[-0.40675852931219225,0,-1.1776390446003253,-0.1393806386314722,0,-0.9695200979001246,-0.1461233820863832,-2.150881945420328,0,-2.8090525590479167,-2.0027893560566143,-2.462679731331053,-3.1820153638973947,-5.087450934009769,-3.303891239895025,0,-3.0812076505147594,0,-1.747743813572514,-0.3721757202972906,-0.13174525384359725,-0.4112346480067206,0,-1.8227718072309598,-0.09081718104413739,-2.4636619833416944,0,-1.4741166575226918,-0.8478899481306508,-0.9518802298445399,-1.3876966295352817,0,-1.4719039649902843,0,-1.5965875556290223,-0.3555342925047835,0,-0.9076174694992574,-1.943014451986003,-1.3006009722005798,-1.1333192381949395,0,-1.397563340504112,-0.7193614377271178,-1.092510844661085,-0.6063104625319298,0,-0.8146134548304813,-0.807730370909046,-0.13253872239508446,0,-0.811521137024231],"activity":[[0]],"dinucleotide":[],"modifications":[]}]}}
