{"modelSettings":{"letterOrder":"ACGT","bindingModeInteractions":[],"bindingModes":[{"fitLogActivity":true,"flankLength":0,"singleStrand":false,"size":7,"dinucleotideDistance":0,"componentName":"Binding mode 0","positionBias":false,"modifications":[]},{"fitLogActivity":true,"flankLength":0,"singleStrand":false,"size":7,"dinucleotideDistance":0,"componentName":"Binding mode 1","positionBias":false,"modifications":[]}],"letterComplement":"C-G,A-T"},"coefficients":{"bindingModeInteractions":[],"bindingModes":[{"mononucleotide":[0,0,0,0,0,0,0,0,0,0,0,0,0,0,0,0,0,0,0,0,0,0,0,0,0,0,0,0],"activity":[[-9.021974167225455]],"dinucleotide":[],"modifications":[]},{"mononucleotide":[-0.41702102441687794,-0.7786646674907574,-0.5848001404837193,0,-1.4099304884286123,-1.7124516656640254,-2.422289273856168,0,0,-2.0761418218444767,-2.013873654107759,-0.5600768001898304,0,-5.831343351367623,-3.650445030454031,-6.177911905934211,-2.4303923935120375,-1.7593742231169807,-2.30517931383354,0,-0.6693395480772684,-1.2425440993364516,0,-0.004260169998675956,-0.15361846531580525,-1.8697905645941666,0,-1.1775294638110343],"activity":[[0]],"dinucleotide":[],"modifications":[]}]}}
