{"modelSettings":{"letterOrder":"ACGT","bindingModeInteractions":[],"bindingModes":[{"fitLogActivity":true,"flankLength":0,"singleStrand":false,"size":7,"dinucleotideDistance":0,"componentName":"Binding mode 0","positionBias":false,"modifications":[]},{"fitLogActivity":true,"flankLength":0,"singleStrand":false,"size":7,"dinucleotideDistance":0,"componentName":"Binding mode 1","positionBias":false,"modifications":[]}],"letterComplement":"C-G,A-T"},"coefficients":{"bindingModeInteractions":[],"bindingModes":[{"mononucleotide":[0,0,0,0,0,0,0,0,0,0,0,0,0,0,0,0,0,0,0,0,0,0,0,0,0,0,0,0],"activity":[[-13.319395164089318]],"dinucleotide":[],"modifications":[]},{"mononucleotide":[-0.39122571551253005,-0.8120365430327494,-0.59117153992208,0,-1.5460441885878615,-1.9087298735325575,-2.7621621280780904,0,0,-2.4473424336721026,-2.2738447159977397,-0.7756569229803061,0,-5.120882419341061,-4.311590034061707,-7.286137671804548,-2.6486012279195768,-2.0365421733091607,-2.508705982741607,0,-0.9786983607991879,-1.6504086603773458,-0.2143930626207533,0,-0.04388954473164253,-2.1482078267908573,0,-1.340048937792452],"activity":[[0]],"dinucleotide":[],"modifications":[]}]}}
