{"modelSettings":{"letterOrder":"ACGT","bindingModeInteractions":[],"bindingModes":[{"fitLogActivity":true,"flankLength":0,"singleStrand":false,"size":12,"dinucleotideDistance":0,"componentName":"Binding mode 0","positionBias":false,"modifications":[]},{"fitLogActivity":true,"flankLength":0,"singleStrand":false,"size":12,"dinucleotideDistance":0,"componentName":"Binding mode 1","positionBias":false,"modifications":[]}],"letterComplement":"C-G,A-T"},"coefficients":{"bindingModeInteractions":[],"bindingModes":[{"mononucleotide":[0,0,0,0,0,0,0,0,0,0,0,0,0,0,0,0,0,0,0,0,0,0,0,0,0,0,0,0,0,0,0,0,0,0,0,0,0,0,0,0,0,0,0,0,0,0,0,0],"activity":[[-5.929174651276361]],"dinucleotide":[],"modifications":[]},{"mononucleotide":[-0.0697164392443872,-0.3418148703351882,-0.3375859639611667,0,0,-0.31226125414144423,-0.16857071182311856,-0.15343525622070686,-0.6351223618558173,-0.48579621501003967,0,-0.19727018165084154,-0.021609652521899392,-0.4185975239481543,-0.3846200868721823,0,-2.1489132602164958,-3.3362983662772336,-3.3374292314959675,0,0,-2.4908178579865377,-2.5757677682280358,-3.2082287240290066,0,-4.3852600735638285,-4.82870283336168,-4.040280880662248,-3.103935422212146,-4.061953352711944,-3.4072833150444177,0,-1.9939497677370088,-2.073017166754444,-1.4903713620484726,0,0,-2.637791049384357,-0.10838310869645884,-2.231193416055911,-0.5868250129190216,0,-0.1612153377780441,-0.7054444192759686,-0.4395609968536345,0,-0.25032177316666004,-0.08569280241079724],"activity":[[0]],"dinucleotide":[],"modifications":[]}]}}
