{"modelSettings":{"letterOrder":"ACGT","bindingModeInteractions":[],"bindingModes":[{"fitLogActivity":true,"flankLength":0,"singleStrand":false,"size":7,"dinucleotideDistance":0,"componentName":"Binding mode 0","positionBias":false,"modifications":[]},{"fitLogActivity":true,"flankLength":0,"singleStrand":false,"size":7,"dinucleotideDistance":0,"componentName":"Binding mode 1","positionBias":false,"modifications":[]}],"letterComplement":"C-G,A-T"},"coefficients":{"bindingModeInteractions":[],"bindingModes":[{"mononucleotide":[0,0,0,0,0,0,0,0,0,0,0,0,0,0,0,0,0,0,0,0,0,0,0,0,0,0,0,0],"activity":[[-12.681546720398394]],"dinucleotide":[],"modifications":[]},{"mononucleotide":[-0.3811978977521915,-0.7954997490031892,-0.5733909998970868,0,-1.5895801263877933,-1.8594405720307894,-2.8233032043644135,0,0,-2.3886714095258443,-2.2724582977084946,-0.7580858155467665,0,-5.446770302711588,-4.371267759042428,-6.88321420562687,-2.5781763090168965,-2.0454196187011053,-2.528878153572982,0,-0.9888503575125815,-1.6556448245539737,-0.2728502956274088,0,0,-2.126128641642252,-0.007425668198514757,-1.317599455374736],"activity":[[0]],"dinucleotide":[],"modifications":[]}]}}
