{"modelSettings":{"letterOrder":"ACGT","bindingModeInteractions":[],"bindingModes":[{"fitLogActivity":true,"flankLength":0,"singleStrand":false,"size":7,"dinucleotideDistance":0,"componentName":"Binding mode 0","positionBias":false,"modifications":[]},{"fitLogActivity":true,"flankLength":0,"singleStrand":false,"size":7,"dinucleotideDistance":0,"componentName":"Binding mode 1","positionBias":false,"modifications":[]}],"letterComplement":"C-G,A-T"},"coefficients":{"bindingModeInteractions":[],"bindingModes":[{"mononucleotide":[0,0,0,0,0,0,0,0,0,0,0,0,0,0,0,0,0,0,0,0,0,0,0,0,0,0,0,0],"activity":[[-12.40683290981102]],"dinucleotide":[],"modifications":[]},{"mononucleotide":[-0.18621890397120744,-0.8323166035657681,-0.35332979765893713,0,-1.3175598098134382,-1.4006017428934738,-2.0866050396469786,0,0,-1.6801470322465701,-1.828872315041984,-0.4099026636046208,0,-5.960277928614922,-3.293734406292254,-6.246318684222604,-2.061469339874347,-1.675624820082938,-2.2601757187606966,0,-0.5574027862810995,-1.171362073429513,-0.2048547407930692,0,0,-1.4885827713275437,-0.13566121859294755,-0.8076456998026114],"activity":[[0]],"dinucleotide":[],"modifications":[]}]}}
