{"modelSettings":{"letterOrder":"ACGT","bindingModeInteractions":[],"bindingModes":[{"fitLogActivity":true,"flankLength":0,"singleStrand":false,"size":7,"dinucleotideDistance":0,"componentName":"Binding mode 0","positionBias":false,"modifications":[]},{"fitLogActivity":true,"flankLength":0,"singleStrand":false,"size":7,"dinucleotideDistance":0,"componentName":"Binding mode 1","positionBias":false,"modifications":[]}],"letterComplement":"C-G,A-T"},"coefficients":{"bindingModeInteractions":[],"bindingModes":[{"mononucleotide":[0,0,0,0,0,0,0,0,0,0,0,0,0,0,0,0,0,0,0,0,0,0,0,0,0,0,0,0],"activity":[[-8.965756262003486]],"dinucleotide":[],"modifications":[]},{"mononucleotide":[-0.1055962961327972,-0.5815651050430346,-0.31284063364334225,0,-1.198273450416342,-1.0919791005450001,-1.8665714716590678,0,0,-0.8502369547576237,-1.3588940368280356,-0.11145569649022358,0,-3.901479456465666,-2.4559240992936093,-7.420528995714594,-1.7108424373991815,-1.4888480403692268,-2.051763730470155,0,-0.6259290456297908,-1.274386635946109,-0.38516546226224113,0,0,-1.5799251049849017,-0.08046290323835703,-0.951101030630709],"activity":[[0]],"dinucleotide":[],"modifications":[]}]}}
