{"modelSettings":{"letterOrder":"ACGT","bindingModeInteractions":[],"bindingModes":[{"fitLogActivity":true,"flankLength":0,"singleStrand":false,"size":7,"dinucleotideDistance":0,"componentName":"Binding mode 0","positionBias":false,"modifications":[]},{"fitLogActivity":true,"flankLength":0,"singleStrand":false,"size":7,"dinucleotideDistance":0,"componentName":"Binding mode 1","positionBias":false,"modifications":[]}],"letterComplement":"C-G,A-T"},"coefficients":{"bindingModeInteractions":[],"bindingModes":[{"mononucleotide":[0,0,0,0,0,0,0,0,0,0,0,0,0,0,0,0,0,0,0,0,0,0,0,0,0,0,0,0],"activity":[[-9.582759769264884]],"dinucleotide":[],"modifications":[]},{"mononucleotide":[-0.4149506643891443,-0.7746569896897486,-0.5706131028284984,0,-1.3778421802928356,-1.7327396917150462,-2.3576008472688192,0,0,-2.0855901971001365,-2.007289893240949,-0.5879325938768853,0,-5.4109997296644625,-3.6228320358269563,-6.497985107526839,-2.4466669175317346,-1.7813906441222351,-2.299164786471585,0,-0.6958394673236223,-1.2872924235984122,0,-0.0369281373889514,-0.18097285084057146,-1.9428311947406471,0,-1.2065586169504117],"activity":[[0]],"dinucleotide":[],"modifications":[]}]}}
