{"modelSettings":{"letterOrder":"ACGT","bindingModeInteractions":[],"bindingModes":[{"fitLogActivity":true,"flankLength":0,"singleStrand":false,"size":7,"dinucleotideDistance":0,"componentName":"Binding mode 0","positionBias":false,"modifications":[]},{"fitLogActivity":true,"flankLength":0,"singleStrand":false,"size":7,"dinucleotideDistance":0,"componentName":"Binding mode 1","positionBias":false,"modifications":[]}],"letterComplement":"C-G,A-T"},"coefficients":{"bindingModeInteractions":[],"bindingModes":[{"mononucleotide":[0,0,0,0,0,0,0,0,0,0,0,0,0,0,0,0,0,0,0,0,0,0,0,0,0,0,0,0],"activity":[[-12.94246731489216]],"dinucleotide":[],"modifications":[]},{"mononucleotide":[-0.415172579853361,-0.7548982512536995,-0.6042796995275634,0,-1.5273602449289063,-1.8150746921541376,-2.6736330104508403,0,0,-2.2992449940467936,-2.21115615599701,-0.624734938469556,0,-6.011256682148948,-4.308233164314011,-7.080368346755137,-2.53991504388532,-1.9967621957062311,-2.5006523854839653,0,-0.968554620233788,-1.5473661688732374,-0.24056930947057698,0,-0.025314546712377872,-2.0575441102656975,0,-1.2849160608971562],"activity":[[0]],"dinucleotide":[],"modifications":[]}]}}
