{"modelSettings":{"letterOrder":"ACGT","bindingModeInteractions":[],"bindingModes":[{"fitLogActivity":true,"flankLength":0,"singleStrand":false,"size":12,"dinucleotideDistance":0,"componentName":"Binding mode 0","positionBias":false,"modifications":[]},{"fitLogActivity":true,"flankLength":0,"singleStrand":false,"size":12,"dinucleotideDistance":0,"componentName":"Binding mode 1","positionBias":false,"modifications":[]}],"letterComplement":"C-G,A-T"},"coefficients":{"bindingModeInteractions":[],"bindingModes":[{"mononucleotide":[0,0,0,0,0,0,0,0,0,0,0,0,0,0,0,0,0,0,0,0,0,0,0,0,0,0,0,0,0,0,0,0,0,0,0,0,0,0,0,0,0,0,0,0,0,0,0,0],"activity":[[-5.918441736431768]],"dinucleotide":[],"modifications":[]},{"mononucleotide":[-0.022843774013352025,-0.3406988826473616,0,-0.1607354722072163,-0.14209409525030647,-0.3144310805612638,0,-0.3053739622988054,-0.3545441867131811,-0.31224764613996303,0,-0.748755777427601,-0.7659327832804226,0,-1.2609422239461106,-0.17357444337518046,-0.18217658822951321,0,-0.9827857590542144,-0.6911399634781463,0,-2.0290976631626156,-1.1381215160532627,-1.9894226299245459,-3.0789636651233425,-2.5119593926489396,-4.751625711057493,0,-0.4683558707817421,-1.2100956556511582,-2.001173556319536,0,0,-1.0852438539947866,-1.242160718676303,-0.8299032317214845,0,-0.43426824095328387,-0.5953816920874169,-0.37053299721684585,0,-0.12078816878113052,-0.08730620392481958,-0.038708925838347064,0,-0.007492308135160997,-0.006404394701968741,-0.10185516643370329],"activity":[[0]],"dinucleotide":[],"modifications":[]}]}}
