{"modelSettings":{"letterOrder":"ACGT","bindingModeInteractions":[],"bindingModes":[{"fitLogActivity":true,"flankLength":0,"singleStrand":false,"size":7,"dinucleotideDistance":0,"componentName":"Binding mode 0","positionBias":false,"modifications":[]},{"fitLogActivity":true,"flankLength":0,"singleStrand":false,"size":7,"dinucleotideDistance":0,"componentName":"Binding mode 1","positionBias":false,"modifications":[]}],"letterComplement":"C-G,A-T"},"coefficients":{"bindingModeInteractions":[],"bindingModes":[{"mononucleotide":[0,0,0,0,0,0,0,0,0,0,0,0,0,0,0,0,0,0,0,0,0,0,0,0,0,0,0,0],"activity":[[-5.653929380229771]],"dinucleotide":[],"modifications":[]},{"mononucleotide":[-0.4200318676751187,0,-0.05033024379584905,-0.4676659038757882,-1.4571914126042187,-0.09953430228833415,-2.2063477490414134,0,0,-1.1908033446023691,-1.5161702357814946,-1.717874250232951,0,-2.7100398703213266,-3.3191149931135,-2.5078195294211767,-4.058543138724049,-5.090792407848416,-5.511872053477593,0,-2.804081956550339,-2.4386879833809925,-2.8884552260886296,0,0,-4.632164181524699,-2.347113275306246,-2.339484062386231],"activity":[[0]],"dinucleotide":[],"modifications":[]}]}}
