{"modelSettings":{"letterOrder":"ACGT","bindingModeInteractions":[],"bindingModes":[{"fitLogActivity":true,"flankLength":0,"singleStrand":false,"size":7,"dinucleotideDistance":0,"componentName":"Binding mode 0","positionBias":false,"modifications":[]},{"fitLogActivity":true,"flankLength":0,"singleStrand":false,"size":7,"dinucleotideDistance":0,"componentName":"Binding mode 1","positionBias":false,"modifications":[]}],"letterComplement":"C-G,A-T"},"coefficients":{"bindingModeInteractions":[],"bindingModes":[{"mononucleotide":[0,0,0,0,0,0,0,0,0,0,0,0,0,0,0,0,0,0,0,0,0,0,0,0,0,0,0,0],"activity":[[-12.241641521307649]],"dinucleotide":[],"modifications":[]},{"mononucleotide":[-0.1361302435718299,-0.8356551972047739,-0.26253297016298127,0,-1.2925084186679907,-1.4154049381852358,-1.9628096366606815,0,0,-1.5735551370932042,-1.7328867521245868,-0.39508815465722513,0,-4.310486953134689,-2.6869441438473145,-4.404073700072602,-1.9820886009527265,-1.772573596551516,-2.1783074708696155,0,-0.5571176403740652,-1.1745887620490276,-0.17952707459801198,0,0,-1.4387918403927233,-0.05951917391051076,-0.7496767635080781],"activity":[[0]],"dinucleotide":[],"modifications":[]}]}}
