{"modelSettings":{"letterOrder":"ACGT","bindingModeInteractions":[],"bindingModes":[{"fitLogActivity":true,"flankLength":0,"singleStrand":false,"size":7,"dinucleotideDistance":0,"componentName":"Binding mode 0","positionBias":false,"modifications":[]},{"fitLogActivity":true,"flankLength":0,"singleStrand":false,"size":7,"dinucleotideDistance":0,"componentName":"Binding mode 1","positionBias":false,"modifications":[]}],"letterComplement":"C-G,A-T"},"coefficients":{"bindingModeInteractions":[],"bindingModes":[{"mononucleotide":[0,0,0,0,0,0,0,0,0,0,0,0,0,0,0,0,0,0,0,0,0,0,0,0,0,0,0,0],"activity":[[-4.801326695812175]],"dinucleotide":[],"modifications":[]},{"mononucleotide":[-0.5219139552880296,0,-0.11593037941373074,-0.5846768924301666,-1.143548187127879,0,-1.8300740069944186,-0.020912770581820617,0,-1.3691775879619934,-1.60020727463598,-1.5348456537176212,0,-2.5454655952885887,-3.392044581099142,-2.1096339288496795,-4.445454934223138,-4.229795500395771,-4.662093525592217,0,-2.5183114714702235,-1.9200467838556168,-3.026290089766214,0,0,-3.5965985338935527,-2.1026533566319383,-2.1352197078602706],"activity":[[0]],"dinucleotide":[],"modifications":[]}]}}
