{"modelSettings":{"letterOrder":"ACGT","bindingModeInteractions":[],"bindingModes":[{"fitLogActivity":true,"flankLength":0,"singleStrand":false,"size":7,"dinucleotideDistance":0,"componentName":"Binding mode 0","positionBias":false,"modifications":[]},{"fitLogActivity":true,"flankLength":0,"singleStrand":false,"size":7,"dinucleotideDistance":0,"componentName":"Binding mode 1","positionBias":false,"modifications":[]}],"letterComplement":"C-G,A-T"},"coefficients":{"bindingModeInteractions":[],"bindingModes":[{"mononucleotide":[0,0,0,0,0,0,0,0,0,0,0,0,0,0,0,0,0,0,0,0,0,0,0,0,0,0,0,0],"activity":[[-11.919320049861021]],"dinucleotide":[],"modifications":[]},{"mononucleotide":[-0.41503050129548313,-0.48584031340342104,-0.45083230315864187,0,-1.6659388641888315,-1.347207609553352,-2.805720775970414,0,0,-1.4055797555423937,-1.738022466340756,-1.3152768216920594,0,-4.019883097543775,-4.256077965439766,-6.118413918590766,-2.4032291329245754,-2.509354619218826,-2.6522572377538354,0,-1.5100180754567099,-1.546806929582355,-0.6323444762723138,0,0,-2.408869749132543,-0.4515484072062641,-1.5497930074685222],"activity":[[0]],"dinucleotide":[],"modifications":[]}]}}
