{"modelSettings":{"letterOrder":"ACGT","bindingModeInteractions":[],"bindingModes":[{"fitLogActivity":true,"flankLength":0,"singleStrand":false,"size":7,"dinucleotideDistance":0,"componentName":"Binding mode 0","positionBias":false,"modifications":[]},{"fitLogActivity":true,"flankLength":0,"singleStrand":false,"size":7,"dinucleotideDistance":0,"componentName":"Binding mode 1","positionBias":false,"modifications":[]}],"letterComplement":"C-G,A-T"},"coefficients":{"bindingModeInteractions":[],"bindingModes":[{"mononucleotide":[0,0,0,0,0,0,0,0,0,0,0,0,0,0,0,0,0,0,0,0,0,0,0,0,0,0,0,0],"activity":[[-4.962772346611043]],"dinucleotide":[],"modifications":[]},{"mononucleotide":[-0.5210236449196097,0,-0.16239825067592983,-0.6349286171672843,-1.1523540422744523,0,-1.7485586009506298,-0.09246200229936319,0,-1.3568595889356185,-1.6095335062191118,-1.4504047920901186,0,-2.5724462444690666,-3.4526466970992065,-2.1210130816684734,-4.4109607112723275,-4.346913686015899,-5.070721586307312,0,-2.964495943747923,-2.087171767718339,-3.022180929020231,0,0,-3.841556953164573,-2.3341096769973433,-2.3619722399212595],"activity":[[0]],"dinucleotide":[],"modifications":[]}]}}
