{"modelSettings":{"letterOrder":"ACGT","bindingModeInteractions":[],"bindingModes":[{"fitLogActivity":true,"flankLength":0,"singleStrand":false,"size":7,"dinucleotideDistance":0,"componentName":"Binding mode 0","positionBias":false,"modifications":[]},{"fitLogActivity":true,"flankLength":0,"singleStrand":false,"size":7,"dinucleotideDistance":0,"componentName":"Binding mode 1","positionBias":false,"modifications":[]}],"letterComplement":"C-G,A-T"},"coefficients":{"bindingModeInteractions":[],"bindingModes":[{"mononucleotide":[0,0,0,0,0,0,0,0,0,0,0,0,0,0,0,0,0,0,0,0,0,0,0,0,0,0,0,0],"activity":[[-15.33337301283155]],"dinucleotide":[],"modifications":[]},{"mononucleotide":[-0.47273401248599667,-0.4384054261519701,-0.6937878120129999,0,-1.5975207757731913,-2.161846877589364,-3.240407432715803,0,0,-2.4846615786316173,-2.1353731063182133,-1.7436071912143323,0,-4.692539295620287,-4.604754892100085,-5.965963426536845,-2.9666892280556842,-2.6885461389339786,-2.7752321827375765,0,-1.2549624413310374,-1.3916316610028638,-0.2961784072158906,0,0,-2.2783900657859935,-0.11794878375989715,-1.369453656818889],"activity":[[0]],"dinucleotide":[],"modifications":[]}]}}
