{"modelSettings":{"letterOrder":"ACGT","bindingModeInteractions":[],"bindingModes":[{"fitLogActivity":true,"flankLength":0,"singleStrand":false,"size":7,"dinucleotideDistance":0,"componentName":"Binding mode 0","positionBias":false,"modifications":[]},{"fitLogActivity":true,"flankLength":0,"singleStrand":false,"size":7,"dinucleotideDistance":0,"componentName":"Binding mode 1","positionBias":false,"modifications":[]}],"letterComplement":"C-G,A-T"},"coefficients":{"bindingModeInteractions":[],"bindingModes":[{"mononucleotide":[0,0,0,0,0,0,0,0,0,0,0,0,0,0,0,0,0,0,0,0,0,0,0,0,0,0,0,0],"activity":[[-15.657213480522756]],"dinucleotide":[],"modifications":[]},{"mononucleotide":[-0.317841186281429,-0.43357965106731644,-0.681129051525672,0,-2.093639481378098,-2.4410714657802863,-4.080737546758091,0,0,-2.903931755908321,-2.5175897882139613,-2.2064870508107357,0,-5.4673117023181135,-5.7469377835289315,-6.220226331288353,-3.1532306718066367,-3.2274900953265986,-3.119145411224144,0,-1.5093184301314304,-1.5681991379296458,-0.6626244994416277,0,0,-2.6055150280637105,-0.25824485161337485,-1.70589656624683],"activity":[[0]],"dinucleotide":[],"modifications":[]}]}}
