{"modelSettings":{"letterOrder":"ACGT","bindingModeInteractions":[],"bindingModes":[{"fitLogActivity":true,"flankLength":0,"singleStrand":false,"size":7,"dinucleotideDistance":0,"componentName":"Binding mode 0","positionBias":false,"modifications":[]},{"fitLogActivity":true,"flankLength":0,"singleStrand":false,"size":7,"dinucleotideDistance":0,"componentName":"Binding mode 1","positionBias":false,"modifications":[]}],"letterComplement":"C-G,A-T"},"coefficients":{"bindingModeInteractions":[],"bindingModes":[{"mononucleotide":[0,0,0,0,0,0,0,0,0,0,0,0,0,0,0,0,0,0,0,0,0,0,0,0,0,0,0,0],"activity":[[-14.354775559925269]],"dinucleotide":[],"modifications":[]},{"mononucleotide":[-0.5716375671120506,-0.49506788528675294,-0.7601007372588349,0,-1.7152227377256315,-2.508805736887684,-3.6233569845412936,0,0,-2.9775470005934683,-2.193674127979463,-1.887868706779014,0,-5.1987191019744605,-5.530585610234381,-6.539352801489187,-3.1155426935377184,-2.6833790630864547,-2.80319404760364,0,-0.9988229994309314,-1.2188495092556604,-0.10595007159989933,0,0,-2.0006759077137826,-0.10523530800148606,-1.241516354337195],"activity":[[0]],"dinucleotide":[],"modifications":[]}]}}
