{"modelSettings":{"letterOrder":"ACGT","bindingModeInteractions":[],"bindingModes":[{"fitLogActivity":true,"flankLength":0,"singleStrand":false,"size":13,"dinucleotideDistance":0,"componentName":"Binding mode 0","positionBias":false,"modifications":[]},{"fitLogActivity":true,"flankLength":0,"singleStrand":false,"size":13,"dinucleotideDistance":0,"componentName":"Binding mode 1","positionBias":false,"modifications":[]}],"letterComplement":"C-G,A-T"},"coefficients":{"bindingModeInteractions":[],"bindingModes":[{"mononucleotide":[0,0,0,0,0,0,0,0,0,0,0,0,0,0,0,0,0,0,0,0,0,0,0,0,0,0,0,0,0,0,0,0,0,0,0,0,0,0,0,0,0,0,0,0,0,0,0,0,0,0,0,0],"activity":[[-7.35060560859655]],"dinucleotide":[],"modifications":[]},{"mononucleotide":[-0.2153766541917559,-0.14243022155861418,0,-0.4518133596663869,-0.15384122786595533,-0.14851279605822754,0,-0.3512889589666708,-0.8140896865960876,-0.1564264837082998,0,-1.1191860335593553,-2.171316716354684,0,-2.645739476399961,-0.27750041788068724,0,-0.8237680386412487,-1.4277717065373423,-1.8819938864606431,0,-2.363618346049324,-2.239430544832681,-3.959879219065953,-6.134142200575241,-2.9600158617474484,-2.692492807550006,0,-5.4398222405640135,-1.8954932382486849,-2.1836372759550198,0,0,-4.259945262507138,-1.9493547654020906,-3.1867449610910312,-0.21433243684325287,0,-0.35256257959621173,-0.002368975643447513,-1.0094850555207282,0,-0.059469071628985404,-1.1882581851586655,-0.5454016783723015,-0.28977503128467674,0,-0.23537740524962025,-0.3148406814890725,0,-0.11555822337301258,-0.010669095785126537],"activity":[[0]],"dinucleotide":[],"modifications":[]}]}}
