{"modelSettings":{"letterOrder":"ACGT","bindingModeInteractions":[],"bindingModes":[{"fitLogActivity":true,"flankLength":0,"singleStrand":false,"size":12,"dinucleotideDistance":0,"componentName":"Binding mode 0","positionBias":false,"modifications":[]},{"fitLogActivity":true,"flankLength":0,"singleStrand":false,"size":12,"dinucleotideDistance":0,"componentName":"Binding mode 1","positionBias":false,"modifications":[]}],"letterComplement":"C-G,A-T"},"coefficients":{"bindingModeInteractions":[],"bindingModes":[{"mononucleotide":[0,0,0,0,0,0,0,0,0,0,0,0,0,0,0,0,0,0,0,0,0,0,0,0,0,0,0,0,0,0,0,0,0,0,0,0,0,0,0,0,0,0,0,0,0,0,0,0],"activity":[[-7.7685290450671864]],"dinucleotide":[],"modifications":[]},{"mononucleotide":[-0.17559449805989047,-0.23850422052297127,0,-0.27903270155879234,-0.15955895784864893,-0.44466453828378505,0,-0.39598741134335746,-0.6124221575762432,-0.10624816307803897,0,-0.7875528953995277,-2.1519854198823474,-0.05650800737842232,-3.003263116077205,0,0,-1.5975724128498214,-2.157294653569597,-2.0278441395432676,0,-3.250303845598232,-3.9928918832713,-3.297806064618719,-7.166601747958873,-5.725779868415234,-6.028609462770069,0,-4.492184201323312,-2.9773241622002633,-4.5657846841840595,0,0,-4.328170580299213,-3.6281674272571856,-2.4643607083740857,0,-0.7115663262836547,-0.6481653346959222,-0.08479725820173556,-0.2785817705575706,0,-0.3186122481084581,-0.5258681941750689,-0.19213590885745369,-0.19328659609303145,-0.24607646183828535,0],"activity":[[0]],"dinucleotide":[],"modifications":[]}]}}
