{"modelSettings":{"letterOrder":"ACGT","bindingModeInteractions":[],"bindingModes":[{"fitLogActivity":true,"flankLength":0,"singleStrand":false,"size":10,"dinucleotideDistance":0,"componentName":"Binding mode 0","positionBias":false,"modifications":[]},{"fitLogActivity":true,"flankLength":0,"singleStrand":false,"size":10,"dinucleotideDistance":10,"componentName":"Binding mode 1","positionBias":false,"modifications":[]}],"letterComplement":"C-G,A-T"},"coefficients":{"bindingModeInteractions":[],"bindingModes":[{"mononucleotide":[0,0,0,0,0,0,0,0,0,0,0,0,0,0,0,0,0,0,0,0,0,0,0,0,0,0,0,0,0,0,0,0,0,0,0,0,0,0,0,0],"activity":[[-13.483341008926478]],"dinucleotide":[],"modifications":[]},{"mononucleotide":[0,-0.49831236668759393,-0.09014642557610486,-0.6747003566790104,-0.8713011148202137,0,-0.03751580532241672,-0.45486132869057405,-2.850001644575903,0,-3.3972818805063736,-0.9618178075869195,0,-2.3962623602754753,-2.1538036831820286,-2.3586289557414686,0,-2.651815410130244,-4.8331110907895525,-3.3338170477419466,-7.676614242328972,-7.1077356247935874,-8.154053092189729,0,-6.255773509265939,-3.211992634722755,-7.046679326315644,0,0,-4.998227400213343,-4.29543590424073,-2.8047413471810105,0,-1.1592869443032128,-0.8745223688347621,-0.5359066200585267,0,-0.17298731213991148,-0.37850284490009867,-0.19060385637964306],"activity":[[0]],"dinucleotide":[[0,0,0,0,-0.16713641002687218,0,-0.4448028719107544,-0.045111800134668645,0.12917887865673316,0,-0.14057873852059588,7.919096405790693E-4,0.09725828790561719,0,-0.01979144270079569,-0.5527727692326634,-0.44727254151441764,0,-0.03221899462950617,0.4709353362029747,0,0,0,0,-0.4571888077183228,0,-0.3752243695135995,0.7653067809613505,0.151075450046263,0,0.32869091011313945,-0.7459065608957354,0,1.3308043855092646,1.3007380293508692,1.0730498946783573,0,0,0,0,0,1.4915083363285238,0.012741296304848326,1.2791981003934954,0,1.1489251141740024,-0.41659108809626666,0.05365115535547904,0,0,0,0,0,-1.3950900159548176,0.932824919481253,-0.3561989331684323,0,-0.11507720799490961,0.9794386442127916,1.7378611589918291,0,-0.8065101560683843,1.6221420640391235,-0.187805931074303,0,0,0,0,1.1369457206084785,1.26914487953818,1.4239145782089473,0,0.9207714901328341,0.8498102378593195,1.1002590656865436,0,0.9478050484695668,0.9582336271883953,1.123632878533348,0,1.440199674798702,0.9507520290691502,1.788947618637879,0,1.21916816193694,0.6965708519294207,1.5996873650368677,0,1.5344418437848795,1.0601877201372059,1.8724372956787505,0,0,0,0,0,0,1.9116968418228844,1.5056242374180027,1.6588525622681445,0,1.53797223234527,1.243817340484922,1.3569138956196811,0,1.6609158948847327,1.3809383467180485,1.306098727872664,0,0,0,0,0,0,0,0,0,0.38733088942239924,-0.017711055746158166,-0.536067094759991,0,0.19181585578450644,-0.05697994232939507,0.027349981307155602,0,0.012561446453632108,0.2938025256515333,-0.39023338548646613,0,0,0,0,0,0.19006563530894294,0.4243175817971778,0.020248151277296067,0,0.45338356758791454,0.27748706401548606,0.5274811703559994,0,0.5350071033945842,0.18083480181819134,0.08661908317186895],[0,0,0,0,0.2053177367928649,0,-0.04435375766309413,0.4775720191205193,0.1982999123821383,0,0.11217301768984456,0.39869611591104137,0.5454548725096311,0,0.18925468685905544,0.3475561794239921,0,0.14727858570611296,0.7464008438842185,0.008771048656817548,0,0,0,0,0,-0.17915177325745146,0.21555224291113806,0.004012212828586215,0,-0.30486676635619503,0.34935428596192786,-0.33736409246284893,0,-0.35128584472506486,0.4204462685022641,-0.01861514108506679,0,0,0,0,0,-0.4758315214115507,1.1184094928125,0.37558382938722623,0,-0.5528292994740394,1.1849830581241179,-0.22690058722140272,0,0,0,0,0.6608588811678651,0.3550590777151328,0.19228931382864722,0,0.48281302303006335,0.07556109914751552,0.32783413965272423,0,0.6710437562562461,0.3268124993282022,0.31836795706080423,0,0,0,0,0,0.5452817414347617,-0.07852892770403486,0.6495899635217164,0,0.3419969020547491,-0.26632644261678706,0.570884125041955,0,0.5111788784052429,-0.09316338532561463,0.6397254697199077,0,0,1.76770016541564,1.3433707719600623,1.2710413628926194,0,2.157442959373224,1.4932597733051942,1.4053903967576105,0,1.5795057327346385,1.2138538319516545,1.1219407319558101,0,0,0,0,0,0.4127080392207034,-0.14356479013595447,0.4204624008506439,0,0.1495495417327044,-0.06881299892583481,0.4320712875114827,0,0.1644851842233841,0.06703415435460336,0.33554695828016534,0,0,0,0,0,0,0,0,0,-0.276671780442415,0.13771107606555155,-0.448552118505817,0,0.09602470588081324,0.3568335444565953,0.0014854688541277028,0,-0.20103959646691294,0.009900165854317855,-0.43222529746970384],[0,0,0,0,0,0.03265439956620053,-0.8300809851862643,0.1254241622011527,0,-0.022503223811410233,-0.4909468408655515,0.01036004272810409,0,-0.06058531979939197,-0.472531562552887,-0.019031856854455853,0,0.01102063471507897,0.4767128705686803,-0.27554920013469797,0,0,0,0,0,-0.19621642541424578,0.35343962783469784,-0.06276981296192119,0,-0.45876763411956656,-0.29963394808876664,-0.2392641653294154,0.8796057205193062,0.6316003877277545,0.9669222170080314,0,0,0,0,0,1.2253996017859006,1.0082250140044717,1.3743833079833667,0,0.41815026139744127,0.14859646885071065,0.5181913843328108,0,0,0,0,0,0.05849636839883843,-0.04232262676902465,0.10951744138246688,0,0.26431559777422464,-0.16145067475735342,0.25253640314761583,0,0.5122370054098475,0.0176345997247509,0.42726675580096085,0,0,0,0,0,0,1.4211861093587537,0.9996430494121196,0.8676517812628362,0,1.5176279290673165,1.1792603092508127,0.8549635790587935,0,1.026445185422654,0.7931907171420018,0.5919385641792072,0,0.4693636024016872,0.15260182530472477,-0.03238116245042555,0,0.28402447455073165,-0.10472786305262893,0.05659456221848025,0,0.5521813507763422,0.10502483798779494,0.18751099259301718,0,0,0,0,0,-0.10301982294463308,-0.04839344682445379,-0.1908391965442977,0,-0.14614616825858473,0.028628432273631432,0.06056821519544808,0,-0.37280887656385886,0.01234644427489684,-0.04661585993494555,0,0,0,0],[0,0,0,0,0,-0.16176415234140862,-0.21532267922662385,-0.09843557789181201,0,-0.08986869040897716,0.017211423603558984,-0.021402556832937236,0,-0.15150340177447497,-0.28549213270215024,-0.061952726094608224,0.42322175985410126,0.6356001025131999,0.5324264322439944,0,0,0,0,0,-0.10207813176178249,0.013409448513982625,0.005384106604239491,0,0.4039367600253545,0.5059647007742427,0.5403861410452446,0,1.3429553202311926,0.07194516135278217,0.8871741766924419,0,0,0,0,0,0.5673269634919382,-0.028891091961470217,0.5950529241296287,0,0.06561738173387255,-0.009061384024173336,0.1113218210604714,0,0,0,0,0,0,0.43573046658104353,-0.025719529383169792,0.17372217135626755,0,0.36286781959518244,0.057706884861389085,0.30654599637276014,0,0.5867848483332079,0.14853386270216173,0.3068049852758268,0,0,0,0,0,-0.14676161752057038,-0.15490132423268932,-0.051541354579455856,0,-0.03412571696209277,-0.03310795046277093,-0.17659904985264152,0,-0.025163115686799742,-0.1531240680886441,-0.13718589650264246,0,-0.24082429369578762,-0.03608942638875945,-0.07565255809537952,0,-0.13344852701420784,-0.026631069997220536,-0.0607388955477397,0,-0.07069441896294215,0.041261486315622875,0.14572050029162753,0,0,0,0],[0,0,0,0,0.18192842032098078,0.003917902538219664,0.2460849993102041,0,-0.21491346079422158,-0.25655626667642295,-0.20095988821529076,0,0.0496909193825914,-0.05727022794004277,0.19261844027492003,0,0.4468972211871458,0.06737623461617126,0.24102046085351603,0,0,0,0,0,0.3620722997155319,-0.039030281371046804,0.1500677538492532,0,0.2527282724976292,0.034040444648772095,0.239743566858861,0,0,-0.06847656243000699,-0.06666327925581683,-0.17809805790777666,0,0,0,0,0,0.16132782650560706,0.20661512951217986,0.013188412741192757,0,-0.016963660544558223,-0.024940413826655572,0.08069860808864071,0,0,0,0,0,0.03383100943883122,-0.036376714495175655,0.1345631269268388,0,0.054467279380828515,0.03833878924976197,0.1595835885510697,0,0.06511726963341413,-0.03175826516693814,0.12736526111287283,0,0,0,0,0,-0.10333827867147694,-0.034983886388578966,