{"modelSettings":{"letterOrder":"ACGT","bindingModeInteractions":[],"bindingModes":[{"fitLogActivity":true,"flankLength":0,"singleStrand":false,"size":10,"dinucleotideDistance":0,"componentName":"Binding mode 0","positionBias":false,"modifications":[]},{"fitLogActivity":true,"flankLength":0,"singleStrand":false,"size":10,"dinucleotideDistance":10,"componentName":"Binding mode 1","positionBias":false,"modifications":[]}],"letterComplement":"C-G,A-T"},"coefficients":{"bindingModeInteractions":[],"bindingModes":[{"mononucleotide":[0,0,0,0,0,0,0,0,0,0,0,0,0,0,0,0,0,0,0,0,0,0,0,0,0,0,0,0,0,0,0,0,0,0,0,0,0,0,0,0],"activity":[[-11.241598692546425]],"dinucleotide":[],"modifications":[]},{"mononucleotide":[0,-0.24475393642969046,-0.18061783083645544,-0.36795386448490675,-0.4162670446118568,0,-0.6130519628528317,-0.25860361752305483,-1.993148174694852,-3.0751678192009226,-4.338050075427516,0,0,-6.158640307702316,-2.149323373617819,-5.792661292018292,0,-7.501623521891029,-7.569432977031126,-6.968198437419512,-2.2695557641048962,-3.983042656900607,-1.5214273931649265,0,-1.5235078157021738,-1.4793637352305993,-1.6749737045116122,0,-1.080512980574306,-2.5189432430335277,0,-2.1506939613239995,-0.33089203866709127,-0.17101730383563485,0,-0.7239145293394751,-0.4361219687389015,-0.311193833925385,-0.37804494056530924,0],"activity":[[0]],"dinucleotide":[[0,0,0,0,0.37008385155634826,0,0.6323526653825517,0.3363499084420516,0.5116270254793598,0,0.21188098452931658,0.12986869214431263,0.4950446004111244,0,0.4710756677645822,0.6018666784038667,-0.6281276298754941,0.15890163315623962,-0.3598165662727455,0,0,0,0,0,-0.49454971312381435,0.2101673097111565,0.2510182475494611,0,2.2574768234839837E-4,0.2320700149909225,0.25108061396790493,0,0,0.7951180330991265,0.771918349969666,1.1178416851979076,0,0.7934523130392357,0.544661054101077,0.6748055744141652,0,1.13714667410186,0.7091995917227258,1.4134487752270068,0,0,0,0,0,0,0,0,0,2.2239835976555735,1.8207539766155207,2.181815787701227,0,1.2738995569771365,0.9640653676872173,0.7719970579695143,0,2.612285573302257,1.7887391626986364,2.8806594365263045,0,0,0,0,0.9001998848550024,0.6853973035733407,1.0874038885005692,0,1.117369184342806,0.744010852014636,0.5333020133067734,0,1.0645899363265876,0.6020472067119957,0.6653721336327294,0,-0.8990179995292475,1.1607154101500177,-0.9788676408178629,0,1.0451477810499066,0.2800767769325345,0.5172330364997002,0,-1.6429618679303566,-0.8189860138207932,-2.246087813994456,0,0,0,0,0,0.01605394068235988,0.7702949089503708,0,0.6902125103764973,-0.2909793960441336,-0.5498328092416411,0,0.7894694558942206,1.077124747811709,0.9896425063138192,0,0.9472321310143057,0,0,0,0,-0.5958941125343022,0.7066006713520991,0,0.4217983170008841,0.20535270229911795,-0.33708675239339314,0,-0.1472223370466068,0,0,0,0,0.006208802762733612,-0.41185842068725353,0,-0.5044428298100287,-0.5264884155762664,0.029865251072857646,-0.020601023936052787,0,0.09095261052501513,-0.13941095786211566,-0.36459351944313134,0,0,0,0,0,0.1838328407006271,0.11734451598768825,-0.10234201189890912,0],[0,0,0,0,0.34994662698813794,0.14567877924427997,0.39596599286493017,0,0.2813564819450587,0.041198798272573,0.14968909061884528,0,0.35532747982558543,-0.19173065406568224,0.2958953585742785,0,0,0.3507852156664164,0.642634886428672,0.568230681726897,0,0,0,0,0,-0.13345904596353186,0.13755368851334637,0.49779778448967704,0,0.017179282421633246,0.32900136789232004,0.31346985051376386,0,1.4830156201566993,2.0047731231981567,0.6208778718708174,0,1.323753763994663,1.8756773518190357,0.8767841725171586,0,2.157850392192419,3.4601458887192535,1.8117187406005542,0,0,0,0,0,0,0,0,-0.06542102885769552,0.060662924812419305,0.02571002959518154,0,-1.0113107778623176,-1.0265064481034862,-0.9774355033448154,0,-0.04839025102469918,-0.386055031022984,0.08419316373328023,0,0,0,0,0,-0.1941647923462071,0.2664541023897442,-0.06687743313059258,0,0.03527460758770573,-0.20458822531796983,-0.13940063846173167,0,0.07061318401102312,-0.1685082602395127,-0.16788566960530105,0,-0.134644654723731,-0.21515291030919936,0,-0.39796391430334666,1.151084359408789,0.37486731250161753,0,-0.23855383936838237,-0.47245091235545367,-1.2849227495533935,0,-1.0242359735493292,0,0,0,0,-0.408466125202283,-0.08404546058507911,0,-0.10975456467519606,0.276136135151285,0.2937526073055938,0,0.7249133012441762,-0.27454839637976214,-0.1630200918210125,0,0.07415524563366649,0,0,0,0,0.41878732357229254,0.4436376290006949,0.5848058254000703,0,0.00433809054133949,0.10217183163481547,-0.17290879134501047,0,0,0,0,0,0.42245993201854315,0.21565877587008941,0.16371975694461316,0],[0,0,0,0,0,0.08128401225783044,-0.2728421901491238,0.34496566758862635,0,-0.4253072724086788,-0.2615707739116333,0.39792373971026684,0,0.038459417239602445,-0.2031900483865572,0.44632903239208055,0,0.29951094615693563,0.44126079720326494,-0.025791914263752602,0,0,0,0,0,0.9226301121369875,0.7041223851969338,0.9206170498813471,0,0.11197575203580712,0.6404038073695766,0.1304122871249902,-0.19125385592637567,0.3587138016072249,0.06555851852016747,0,-0.14463260734891747,0.4977569884490869,0.03510087056867306,0,0.08271341134310717,0.846096305165946,0.3554508347089005,0,0,0,0,0,0,0,0,0,-0.12655333269921343,0.10405779236152668,-0.3750594062021353,0,-0.6774228057183995,-0.7051698980526284,-0.6211863486390392,0,-0.04441792011000878,-0.07394414072241773,-0.44585681824026047,0,0,0,0,0,0.44714988995924543,1.3887036229759637,0,0.8221508115230094,0.8467086772015175,1.3897337801856864,0,1.2358417094914902,0.3899173250183807,1.2042797468521478,0,1.3612826677293945,-0.26680675908685014,0.026755637656814102,0,-0.284496026211313,-0.5356164335744413,0.3865519778862012,0,0.4488029828747173,-0.5982281511043421,-0.2361311258130261,0,-0.13230654487450355,0,0,0,0,-0.09443599617561649,0.03570818314108504,0.015814025240232787,0,-0.5457953039554599,-0.4711773559237695,-1.0048541855855202,0,-0.13604553211382697,-0.02492653839205694,-0.11991484563481603,0,0,0,0,0],[0,0,0,0,0,-0.4385316052971424,-0.5524023022931557,0.06353072854589037,0,-0.3886773976722493,-0.5598472424837615,0.2950740834095491,0,-0.061036328250388294,-0.1990323039119568,0.386383812200803,0.17299218701445263,0.013598470445200128,0.23717045007193782,0,0,0,0,0,0.03644094460665048,-0.06519755498084212,-0.13060443654105214,0,0.34127013056975475,0.2639280510991133,0.38465535211117974,0,-0.30596424036436964,-0.09933622268399045,-0.3187057521584924,0,-0.6030119851452369,-0.5159604069792305,-0.7643201076387811,0,-0.20792733899614468,-0.1399844030593833,-0.12986412703731887,0,0,0,0,0,0,0,0,0,-0.1322095495237363,0.1791047605814029,0,0.94967475894199,0.13212207483235616,-0.8255173337107831,0,-0.4057819668051028,-0.03490484596295573,0.2027515795097372,0,1.6606494739407172,0,0,0,0,0.6702141035017792,0.026048371281248706,0,0.9410695471751467,0.9821024234631199,-0.050289252256767725,0,1.5681880335633345,0.3093399580136147,-0.341898341341091,0,0.4448915283596975,-0.26415145957251696,-0.08974751410973258,-0.33582135654164436,0,-0.38869209655731396,0.09940532199591257,-0.27877881570992624,0,-0.35752950393060257,-0.13630395288877928,-0.42755076217203136,0,0,0,0,0],[0,0,0,0,-0.25475529768432725,-0.07090807075539995,-0.14394710708954328,0,-0.10821062549200455,-0.02975674537135653,-0.09252544063331314,0,-0.13711716790999784,0.046653784530997555,-0.05369862805394465,0,0.18120490444444304,0.16990092718908034,0.2448511434032632,0,0,0,0,0,0.0034577189715196965,-0.05058411188718015,0.008744524569787693,0,0.17126277043224913,0.1267377609312943,0.18071177924588344,0,0.04081271176279966,-0.8446034641545657,0,-0.6835125793195527,0.20618689037793647,-0.3214959588292885,0,-0.705462761302531,0.005204497976919242,-0.6956731929011575,0,-0.43745291496110106,0,0,0,0,0,0,0,0,0.04746478849320823,0.35408436804543086,0,0.25607294501918076,-0.051267436148337175,-0.007238442459721384,0,0.035256320386297446,0.17127672184949994,0.39170497725296727,0,0.5610610735172745,0,0,0,0,0.15862011219613237,0.003647006826113852,0.16350625368581717,0,