{"modelSettings":{"letterOrder":"ACGT","bindingModeInteractions":[],"bindingModes":[{"fitLogActivity":true,"flankLength":0,"singleStrand":false,"size":10,"dinucleotideDistance":0,"componentName":"Binding mode 0","positionBias":false,"modifications":[]},{"fitLogActivity":true,"flankLength":0,"singleStrand":false,"size":10,"dinucleotideDistance":0,"componentName":"Binding mode 1","positionBias":false,"modifications":[]}],"letterComplement":"C-G,A-T"},"coefficients":{"bindingModeInteractions":[],"bindingModes":[{"mononucleotide":[0,0,0,0,0,0,0,0,0,0,0,0,0,0,0,0,0,0,0,0,0,0,0,0,0,0,0,0,0,0,0,0,0,0,0,0,0,0,0,0],"activity":[[-12.466404462425569]],"dinucleotide":[],"modifications":[]},{"mononucleotide":[-0.1639863252364977,-0.27219203406243153,0,-0.03001986316520089,-0.4162956914710696,-0.8053021161281579,-1.0245045260228314,0,-2.146553811833469,-3.250897175145435,-3.8083132433183478,0,0,-6.10944157925355,-2.603352002938652,-4.810230469600786,0,-6.493371893320167,-5.888127144925351,-5.884435740760954,-2.8710171892905714,-2.982586920191541,-3.05785736301209,0,-1.462551132812791,-1.5212024541742926,-1.471920153973036,0,-0.038945450339012755,-2.4468855336523703,0,-1.9293396300986165,-0.6351603140470401,0,-0.20445593609000579,-0.2545385047712032,-0.8160241603421803,-0.2579733695674198,-1.0418839348134143,0],"activity":[[0]],"dinucleotide":[],"modifications":[]}]}}
