{"modelSettings":{"letterOrder":"ACGT","bindingModeInteractions":[],"bindingModes":[{"fitLogActivity":true,"flankLength":0,"singleStrand":false,"size":10,"dinucleotideDistance":0,"componentName":"Binding mode 0","positionBias":false,"modifications":[]},{"fitLogActivity":true,"flankLength":0,"singleStrand":false,"size":10,"dinucleotideDistance":10,"componentName":"Binding mode 1","positionBias":false,"modifications":[]}],"letterComplement":"C-G,A-T"},"coefficients":{"bindingModeInteractions":[],"bindingModes":[{"mononucleotide":[0,0,0,0,0,0,0,0,0,0,0,0,0,0,0,0,0,0,0,0,0,0,0,0,0,0,0,0,0,0,0,0,0,0,0,0,0,0,0,0],"activity":[[-12.692696166008599]],"dinucleotide":[],"modifications":[]},{"mononucleotide":[-0.17696977120973756,-0.48246560035461705,-0.3084424449476604,0,-0.5272516810426868,-0.8168347830194671,-0.9837526957442124,0,-2.402427558212908,-3.9365739711141208,-4.491204211040756,0,0,-6.72764125520954,-2.771575914137575,-5.948558849471295,0,-9.299311474318394,-11.53594088324125,-9.019820103266284,-2.7954706215452276,-4.661615366302927,-2.0419249927087497,0,-1.928504435396948,-1.9007301081459635,-2.0752004054206177,0,-0.9112906311690585,-3.0296781623234645,0,-2.6094167849746563,-0.42707490742652254,-0.16691475521700028,0,-0.9203205363188109,-0.6537896239702841,-0.10218104873285938,-0.43759341925703055,0],"activity":[[0]],"dinucleotide":[[0.07297145653908466,0.6779217669526032,0.10505685601392578,0,0.18316806662275287,0.4139573687616114,0.517131898191483,0,0.6007368259367638,0.5888323154027733,0.3196985139596116,0,0,0,0,0,-0.4738566565432123,0.030900837309641993,-0.6470210384295001,0,0.13581147323958032,-0.14678118558767217,-0.18369929789580208,0,-0.21172057089720564,0.08469304841193015,0.18436299101479658,0,0,0,0,0,0,1.391966096095624,1.170323664720705,1.6835150432380992,0,1.063310259640712,1.0603307418913053,1.873911292337585,0,1.1445112765751908,1.3004679887021133,2.336023905448277,0,0,0,0,0,0,0,0,0,2.354291400646165,3.3804579802755548,2.1563379904243263,0,-1.1054183928559436,2.2516928310493487,-0.842745385907758,0,1.6276417629452347,2.118822919365458,0.7671231634441167,0,0,0,0,-0.035686069116266594,1.0255253791745869,0.35525035199931665,0,-0.24417928563140023,1.0518644730101254,-0.004589209173047948,0,-1.8519804930481492,-1.7487481292620135,-2.417254028557881,0,-0.3116287150015191,1.7661584904118852,-0.515684004324128,0,1.873946195759597,0.9640580939524002,1.0405156870295134,0,-0.9592458689800321,-0.19903367278854578,-1.7564044235437777,0,0,0,0,0,-0.21656683024630663,1.289143653365442,0,1.0574480735765226,-0.5044564418975162,-0.10093462269626308,0,1.2884621408883499,0.9984387142168902,1.5107697171682526,0,1.2837276168269574,0,0,0,0,-0.7554725771604547,0.8154215950844401,0,0.5332876224184231,0.3030059542148331,-0.3024601471149815,0,-0.007046886598379487,0,0,0,0,0.10173844845839408,-0.3806901904393598,0,-0.4447542542749554,-0.448179063740481,0.05176978480474137,0.01773394219117108,0,0.07807637288401459,-0.10546260038041577,-0.44268474487624054,0,0,0,0,0,0.19024309139551931,0.15789315665614811,-0.1479310549534203,0],[-0.4161570131690624,0.1363136176532107,-0.39736007145443963,0,0.0902906816376543,0.5185700622425484,0.11612451058401696,0,-0.1552539618677269,0.2152937142303566,-0.17217010091775364,0,0,0,0,0,0,0.49034802795055654,0.41773876854478864,0.22573484682060752,0,0.37082047268705587,-0.15184299133688572,-0.33192205790909046,0,-0.16669843038304233,0.07804485333989408,0.18905175029361398,0,0,0,0,0,4.793379931273512,2.902949285228086,3.641266332935194,0,2.9682217043434633,2.934964809514142,3.6840771990114085,0,3.9890660078254605,4.3991691288684915,3.9187551456409135,0,0,0,0,0,0,0,0,-0.25755073276210183,0.258102118165354,0.09472698345932784,0,-0.2966034744340966,-0.34953695467164003,-0.33964828760976484,0,-0.3932198494678918,0.19689038217071797,0.7312624927598872,0,0,0,0,0,1.278287748406072,2.200343357743657,1.467814167959414,0,2.3894119824780944,1.0816361749330667,0.19236210481150806,0,4.353138891296381,-1.3938502624343663,0.02893860154025063,0,-0.3160115335305447,0.10924340216297157,0,-0.3354363486675114,1.2584412942043661,0.4801192566092798,0,0.08166320670837557,-0.6877660531281666,-0.7558790776036322,0,-0.5176061256933622,0,0,0,0,-0.38783810161521703,0.0010883425129666335,0,-0.05473227484227117,0.3456198359481677,0.2946352583045506,0,0.7241078654673521,-0.305489985084507,-0.13479305144574383,0,0.13464239411092205,0,0,0,0,0.48576460982592984,0.4454156869266779,0.5925398337572583,0,0.20854016628115524,0.12707152449653325,-0.0483097557879395,0,0,0,0,0,0.6067708988471168,0.2364514853538342,0.21647303243901117,0],[0,0.047095696129797915,0.08243291832686594,-0.014154408241896732,0,-0.16564319794535898,-0.0019495533375533114,0.21383870990653975,0,-0.09020724636255117,-0.12227004097314698,0.17973818054456814,0,0,0,0,0,-0.5666003173601766,0.6965565206242808,-2.2979751052004005,0,-1.6542511486160265,-0.17301244148918116,0.18754544720544075,0,-1.384628891442766,0.630427261736985,-2.210438970733515,0,0,0,0,0.2571391204205131,0.7032571022440699,0.6814342023704221,0,0.5166723028805249,1.1177150066926629,0.6368964424786121,0,0.6441545314495691,1.34979505692211,1.102151465171894,0,0,0,0,0,0,0,0,0,0.27348687507474345,-0.18875277035013305,-0.6153257855331553,0,-0.07985313790929549,-0.2610863572980735,-0.14637211343181544,0,0.1719061488653022,-0.1255697042111219,-0.40487358832297815,0,0,0,0,0,0.24121061971341717,2.9936749098191697,0,1.1644282809828184,1.894578651532985,2.625381728098869,0,1.9491891788787363,2.1726044236263116,2.019959055434782,0,3.653332856774923,-0.3112371585525704,-0.0157361089881336,0,-0.34697431764791986,-0.5841235184893439,0.31448061478848466,0,0.49858217126708304,-0.6096270292636712,-0.3065542842933979,0,-0.06082213435630468,0,0,0,0,-0.0933800611696487,-0.046228344998858084,0.06930843993994884,0,-0.5148454551772605,-0.5110281621693833,-0.8283836614541764,0,-0.1370697507013059,-0.08911519118823463,0.023219401355599523,0,0,0,0,0],[0,0.0804922688278662,0.6545087642323342,1.3149913162688032,0,-0.27082564663000674,0.05643226764173548,0.13868714172210872,0,-0.5658313627584821,0.22138889876926626,1.3679532596287256,0,0,0,0,-0.22240776648745353,-0.1603065848898666,-0.09062641691783035,0,-0.2570483855132073,-7.494176258493468E-5,-0.18766368980010473,0,-0.19166391155463014,-0.05037968312688523,-0.24427586196296236,0,0,0,0,0,0.12291479263513949,0.2576394624926568,0.1096548617056774,0,-0.15780242253906618,-0.1545571148776057,-0.35686180612921614,0,0.3721523082345204,0.31235426978486913,0.2491155871623505,0,0,0,0,0,0,0,0,0,0.6154155522560929,0.2532611241528766,0,0.7138110501004213,-0.02794542656686172,-0.18840194919376696,0,-0.05084215384695856,0.24462807660163932,8.191028232076292E-4,0,0.8850294360191393,0,0,0,0,0.27332340761142326,0.19033977567342752,0,0.7825820080639225,0.3374021035414625,-0.13951152515791954,0,3.4044824477496256,0.36125240446644113,1.2321445584493897,0,1.6514917913408365,-0.09251969945272709,-0.04219764954849392,-0.16231759466023288,0,-0.3258505052915046,0.04662539280444555,-0.29544742001395363,0,-0.18860453974616043,-0.08546585002721052,-0.1580658883371031,0,0,0,0,0],[0.1586221648642301,-0.12281479653964666,0.023418769771858194,0,-0.04609635302806048,-0.07178685672863949,-0.005335739487689395,0,0.03614439255711055,-0.19909359004742377,-0.09919169681729656,0,0,0,0,0,0.055570911383714616,0.0858609469641074,0.12514201675109327,0,-0.13204510535931302,-0.022836135506337563,-0.06061812422526547,0,-0.0647215627212363,-0.011655624670805942,-0.028471662063290104,0,0,0,0,0,0.030941945653167657,-0.14916381015095137,0,-0.225267540365512,0.19290266137242895,0.021900901594163358,0,-0.2592443559324513,0.04926896411342874,0.07953182969457373,0,-0.04220279410857053,0,0,0,0,0,0,0,0,0.16441847880253047,0.05693230695632323,0,0.2854427596475846,-0.007932181510406977,-0.06761353625978561,0,0.06969732043069676,0.35164804221133217,0.1217766840605865,0,0.23937950423846566,0,0,0,0,-0.08989111176782316,-0.22329612975884494,0.005761215195674296,0,