{"modelSettings":{"letterOrder":"ACGT","bindingModeInteractions":[],"bindingModes":[{"fitLogActivity":true,"flankLength":0,"singleStrand":false,"size":10,"dinucleotideDistance":0,"componentName":"Binding mode 0","positionBias":false,"modifications":[]},{"fitLogActivity":true,"flankLength":0,"singleStrand":false,"size":10,"dinucleotideDistance":0,"componentName":"Binding mode 1","positionBias":false,"modifications":[]}],"letterComplement":"C-G,A-T"},"coefficients":{"bindingModeInteractions":[],"bindingModes":[{"mononucleotide":[0,0,0,0,0,0,0,0,0,0,0,0,0,0,0,0,0,0,0,0,0,0,0,0,0,0,0,0,0,0,0,0,0,0,0,0,0,0,0,0],"activity":[[-10.771733640083655]],"dinucleotide":[],"modifications":[]},{"mononucleotide":[-0.40581051639848487,-0.141465485076411,-0.09560071872789755,0,-0.549505008199034,-0.7689793352006606,-0.8737098798415095,0,-1.5709420477837754,-2.4357556657042183,-2.747856506728831,0,0,-4.514781690527712,-1.8411148767576309,-3.465354139731229,0,-4.89601360261133,-4.621878947089866,-4.155531610522688,-2.5497243260692883,-2.2058267726814993,-2.355493144433722,0,-1.2423511364484796,-1.2831943374834387,-1.103940961997856,0,-0.08901744129848121,-2.1642236670012194,0,-1.9117059302348849,-0.7626348830763632,0,-0.1879270883482489,-0.19838270874148622,-0.6048579502550984,-0.1479126119384997,-0.8027024726230028,0],"activity":[[0]],"dinucleotide":[],"modifications":[]}]}}
