{"modelSettings":{"letterOrder":"ACGT","bindingModeInteractions":[],"bindingModes":[{"fitLogActivity":true,"flankLength":0,"singleStrand":false,"size":10,"dinucleotideDistance":0,"componentName":"Binding mode 0","positionBias":false,"modifications":[]},{"fitLogActivity":true,"flankLength":0,"singleStrand":false,"size":10,"dinucleotideDistance":10,"componentName":"Binding mode 1","positionBias":false,"modifications":[]}],"letterComplement":"C-G,A-T"},"coefficients":{"bindingModeInteractions":[],"bindingModes":[{"mononucleotide":[0,0,0,0,0,0,0,0,0,0,0,0,0,0,0,0,0,0,0,0,0,0,0,0,0,0,0,0,0,0,0,0,0,0,0,0,0,0,0,0],"activity":[[-8.562334167641957]],"dinucleotide":[],"modifications":[]},{"mononucleotide":[-0.24854049648331067,-0.4753523100543946,-0.3127763530859893,0,-0.43641701742988115,-0.8363618705281777,-1.1113377933040365,0,-2.6884591954984653,-4.48714133791982,-5.101302192194098,0,0,-7.967030734402319,-3.2354853278505447,-7.883835224595999,0,-8.669609848761453,-7.306290979944605,-8.143530557584379,-3.20751318193775,-5.218236956380696,-2.5334036093308203,0,-2.0981767725247673,-2.10522561506302,-2.25244126486749,0,-0.7975960008989285,-3.422878406863645,0,-2.8666886134604193,-0.5845452477184754,-0.2009210256835683,0,-0.9311152135656595,-0.7396727667102807,-0.10884827762274751,-0.5722559015585928,0],"activity":[[0]],"dinucleotide":[[0.08673398084119377,0.6436702301918711,0.17089000502447593,0,0.1390026085310634,0.32776166491218905,0.5664861750811836,0,0.5726989287774789,0.5891382887554597,0.38825162469276986,0,0,0,0,0,-0.5714744641826446,0.10942316987492173,-0.6756940408776071,0,0.2604496388539417,0.0049931984940894125,-0.0500040812958229,0,-0.29026411449721845,0.3159385105481345,0.34945761281782595,0,0,0,0,0,0,0.962648682731384,1.3169093546104795,0.9043909148103602,0,1.2108405359916112,1.1169749768308765,1.0023805059611917,0,1.3735868732243723,1.5997335572293618,1.2521042134803295,0,0,0,0,0,0,0,0,0,1.988760550677572,1.7073386924461609,1.7276651635075293,0,1.188053424944414,0.9457013484384618,0.8201344042669501,0,1.3151711952929475,0.9602926784226824,1.06180006820564,0,0,0,0,0.8548302421699923,1.1152975278761303,1.22814903398225,0,0.7431566168863508,0.8795123237708573,0.9803823808217516,0,0.8909940156371832,1.034465056024942,1.207790273868115,0,-0.4853028783998674,1.8023722199708718,-0.5145540268088684,0,1.9609302033663631,1.1380645046716626,1.2320141840246652,0,-1.0828926693494445,-0.2560480524899358,-1.611195437428913,0,0,0,0,0,-0.21365607633356642,1.2004503696506905,0,0.9362891925229873,-0.4209672859995388,-0.12931338454231067,0,1.1876262595652873,0.9766008330256701,1.4198495365193766,0,1.115253097255465,0,0,0,0,-0.765900788579172,0.8175037945397854,0,0.5248124026052174,0.35146391028485535,-0.2465689299647691,0,0.04660202341765629,0,0,0,0,0.19437255410903642,-0.3907575936928591,0,-0.4320316025597082,-0.4928159177231617,0.0852473273632941,0.06936001161987004,0,0.07632785336238967,-0.14138916080998953,-0.4097625630775261,0,0,0,0,0,0.21934102404889355,0.11482694581220576,-0.10199136676694742,0],[-0.38697713499895325,0.1510266681184289,-0.2766075125061356,0,0.09222903335757326,0.4597271931959046,0.14714184888776316,0,-0.05863356366263428,0.2039185090246649,-0.22315376907185147,0,0,0,0,0,0,0.6800206263533859,0.3789380965460829,1.0364078795986238,0,0.5787904640592529,-0.15687821287891612,0.10775421439012689,0,0.3891134259716864,0.09268500757212106,0.7798105962806794,0,0,0,0,0,1.6422775584441531,1.982958070169584,2.0238388500692164,0,1.5453556997526192,1.8628913383655288,1.7236543027965237,0,2.3496003023724654,3.3124758129861824,2.705362489675439,0,0,0,0,0,0,0,0,0.6913762559452294,0.28515794822222773,0.24955064141335015,0,-0.17729813547770057,-0.29105091567886987,-0.3254929227586043,0,2.003357270737382,0.7277988887837434,0.88578097166193,0,0,0,0,0,0.07439216214152822,0.17066191067159586,0.28626756685508425,0,-0.07396899326102435,-0.07258417379369675,0.16059881337991477,0,0.7760245635186571,0.5337158681169285,1.0669767405624242,0,-0.401935946490271,0.32735110212650476,0,-0.11281886033330046,1.134962494902517,0.8525703967028697,0,0.11407885331310119,-0.7892851723191328,-0.6707772206100966,0,-0.6788364782418501,0,0,0,0,-0.40750924161438196,-0.007952465264356334,0,0.027317062676450732,0.364067352830058,0.2766913559711801,0,0.8145855934862913,-0.28092068390292546,-0.14312949285669596,0,0.14813903736934542,0,0,0,0,0.43512699079044825,0.40630244338508525,0.5589641805357664,0,0.22299705546301762,0.11592920763502956,-0.0773781703137515,0,0,0,0,0,0.6404528958315927,0.2749349833627228,0.327278490962601,0],[0,0.22459417900856415,0.21140095712504792,0.024222517181561543,0,0.12784206444607982,0.05757847392812554,0.35981936822006766,0,-0.40846411497161483,-0.09516253921816809,0.11261872335605005,0,0,0,0,0,0.42588011694478567,0.12353370303271483,0.10577390212527327,0,-0.0894118092101941,-0.24245580290526192,0.2901705281720215,0,0.610189281309804,0.07560465436480612,0.6302897594808332,0,0,0,0,0.3721789597584557,0.8946930537016495,0.783572941653353,0,0.5538288360247652,1.2085672529030518,0.8133209280184666,0,0.9676296109875242,1.5507359928809539,1.2995657144369233,0,0,0,0,0,0,0,0,0,-0.014502418652458715,0.35561190377868357,-0.14709221068201295,0,-0.242723106699696,-0.22553482260684454,-0.2289030858276888,0,0.07838300464659653,0.7328012000021324,-0.12137777194105404,0,0,0,0,0,0.3272752936894108,1.5960846620518971,0,0.8981792935486084,0.1768346888748873,1.1098240233873025,0,0.45541122340741147,0.0635664992281697,1.3346035871149056,0,0.5864391328552934,-0.22445766536845557,0.030352416938626448,0,-0.30094532867729384,-0.5152499633831624,0.3470337749013641,0,0.47744367734495086,-0.6614136478858876,-0.3229649988892076,0,-0.13043341006388687,0,0,0,0,-0.021047180551563294,0.054752912963402345,0.15832840739312015,0,-0.5769754230750133,-0.5323954565863485,-0.9045514685502578,0,-0.09621958794255114,-0.029458365320972568,-0.02205105281603359,0,0,0,0,0],[0,0.3304752130659452,-0.17231888684607455,-0.09047026174214956,0,-0.19427950653308557,-0.428660091082504,-0.26679967137640226,0,-0.16877828187962507,-0.15415995735641452,-0.24388018254960464,0,0,0,0,-0.21271244829239144,-0.07195529880962148,0.0015016464563535337,0,-0.32938886600573536,0.051147495045794855,-0.25093359689880135,0,-0.1853149879671312,-0.011393287879398528,-0.29205404509525046,0,0,0,0,0,-0.009483529957030612,0.2357407957597797,0.07824211889854826,0,-0.07417131395861709,-0.09845999675083839,-0.2787126276381393,0,0.356368249081207,0.23320175504362695,0.32838302955989995,0,0,0,0,0,0,0,0,0,0.2556250526534871,1.2494745437667287,0,2.1644700731206026,-0.05460931581813089,-0.0503268662261096,0,0.06099517343121974,-0.06843876316407993,1.284343788067476,0,2.71731298883598,0,0,0,0,0.8536950871082407,0.0057500110814387995,0,0.7623601091294088,0.8426136392978893,0.19295749901063353,0,1.1153713894918935,0.7557304557813023,0.23056214744321935,0,0.7179663254551976,-0.12802984367061132,0.02226867881350536,-0.1267458239521364,0,-0.3464072005294998,0.10423283266976568,-0.2399286584199558,0,-0.1342732338095285,-0.015025771910579522,-0.10189929701581502,0,0,0,0,0],[0.23849232536347031,-0.05659855189419716,0.06315882895407032,0,-0.07742287456509178,-0.03503911797154302,0.08643595535972803,0,0.0808335106101854,-0.11246031898651054,0.014093312997714769,0,0,0,0,0,0.017326132696072527,0.09385651643702086,0.11953446698422976,0,-0.17162162820022964,0.05498619956112094,-0.08862233448260337,0,-0.10240948580722176,0.027149418967463035,-0.0566618258045839,0,0,0,0,0,-0.04135827225981892,-0.13920613351281297,0,-0.3062617583483842,0.029122335427546275,0.38863741856340894,0,0.19052132182884485,-0.03668881614506603,0.09791798550348751,0,-0.20761129147664192,0,0,0,0,0,0,0,0,0.5234057622064974,0.7937528546537118,0,0.8935409502076226,0.004171277839916776,0.04457991046244647,0,0.21119099131537222,0.027841390650024778,1.0488604692691483,0,1.0628145509839522,0,0,0,0,0.06863865736301022,-0.17682292058931814,0.02520310060904407,0,-0.38060150785801383,