{"modelSettings":{"letterOrder":"ACGT","bindingModeInteractions":[],"bindingModes":[{"fitLogActivity":true,"flankLength":0,"singleStrand":false,"size":10,"dinucleotideDistance":0,"componentName":"Binding mode 0","positionBias":false,"modifications":[]},{"fitLogActivity":true,"flankLength":0,"singleStrand":false,"size":10,"dinucleotideDistance":10,"componentName":"Binding mode 1","positionBias":false,"modifications":[]}],"letterComplement":"C-G,A-T"},"coefficients":{"bindingModeInteractions":[],"bindingModes":[{"mononucleotide":[0,0,0,0,0,0,0,0,0,0,0,0,0,0,0,0,0,0,0,0,0,0,0,0,0,0,0,0,0,0,0,0,0,0,0,0,0,0,0,0],"activity":[[-14.057343340706167]],"dinucleotide":[],"modifications":[]},{"mononucleotide":[-0.28732692031181695,-0.5437187290849994,0,-0.06508518513408212,-0.11858073320726437,-0.7503874179736564,-1.1847461047353978,0,-3.5902452064132677,-4.818701811965842,-6.033610725008505,0,0,-7.415314072918805,-3.9297364718068843,-6.61787134246159,0,-9.904035569007359,-10.227434587554091,-9.357563789321759,-4.089691171292005,-4.028488711052805,-4.032793153326141,0,-2.934916065501962,-3.2814705020664987,-1.8290885420662897,0,0,-4.440657023482261,-0.3617821012137233,-3.7326194939556725,-2.2593104923108727,0,-0.8064616579681614,-1.1323743983633763,-0.7469378723783915,0,-0.7707532836309479,-0.41351688910306317],"activity":[[0]],"dinucleotide":[[-0.5545161720504187,0.06702411258757113,-0.22873009210408357,0,-0.37906965768223166,-0.13193747051602633,0.27891326066547206,0,0,0,0,0,-0.644590070567168,-0.559507137425805,-0.25498523005513585,0,-0.43312943695759065,0.08083628173492219,-0.5684249564657664,0,0.28311520788273725,0.052501930753495074,0.02941792702138546,0,9.337973516849729E-4,0.3007373607794577,0.44359184068796953,0,0,0,0,0,0,1.86611477392864,1.5265571203829893,2.268839592061589,0,2.161885409607587,1.4277616564983573,2.4860433601593,0,2.087220737368785,1.7269703556879552,2.496395275326238,0,0,0,0,0,0,0,0,0,2.797258081314933,2.716523006625028,2.63739493822062,0,0.7843371598971274,1.9613951907214435,1.5585289121044177,0,2.629544602946531,2.123798448195611,2.2473491833312167,0,0,0,0,0.4457300316648709,1.598626787042594,1.1147856680208044,0,-0.29502630995792956,0.97298884689509,0.23940565273340297,0,-0.384510546333237,-1.4349777059222468,0.1326886167167416,0,-0.04251743717147072,2.093932567736922,-0.29963659291417244,0,2.1326039573862836,1.2499587568948378,1.2390173637728132,0,-0.6865827596498377,0.00289052553233482,-1.5350829154015386,0,0,0,0,0,0,1.7885982100825366,0.1398544969800657,1.4019385541191909,0,0.6447962547666677,0.48176156551495675,2.0310517051779318,0,0.6890847540159708,-1.1484490881967493,0.36714222933071206,0,0,0,0,0,0,0,0,2.4505488349695934,0,1.2289954395064155,0.6401498179832501,1.76384257097911,0,0.8235371216342429,0.2554104708853353,2.3139700051616856,0,1.3806193113163414,0.2828727209539057,-0.7644533915445155,0,0.3206323857340463,-0.15951652758075108,0,0,0,0,-0.15084544171382985,0,0.35673509915413004,-0.1275613264713833,-0.15048035292826167,0,0.017380120723106796,-0.24220880639173648],[-0.270269316773355,-0.10097585557985411,-0.15710834237366278,0,0.3023097611807519,0.37550675424746593,0.48414909737799405,0,0,0,0,0,0.23642580834349758,-0.11287429466020171,0.28639848292975234,0,0,0.4625385783841276,0.4991699802149743,0.45958168714046277,0,0.11899922558195364,-0.043301370145783835,-0.13198405997919682,0,-2.998150445598924E-4,0.21217908208400438,0.572060302272841,0,0,0,0,0,3.4318063359827367,3.0454798312093097,3.9766068774149,0,2.8087102869394442,3.084002548202143,2.563559868536661,0,3.646697120193874,4.482466878335959,3.389755700725477,0,0,0,0,0,0,0,0,0.37446209434717304,0.5063779649629971,0.5509114037994518,0,0.022930196974552786,-0.1308416839786153,-0.09265788878544345,0,0.24012875982358395,0.17230254476199036,0.8052802782407102,0,0,0,0,0,1.0247949839772819,1.477904716304435,0.49615459707687215,0,2.137689362913042,1.0228382812250754,0.27377883259446634,0,3.619025533649964,1.2610871054712867,1.3297962223026687,0,0,0.7458019362979789,0.3458989728589419,0.23572946602140554,0,-0.4132833967943128,-1.2903762104312015,-1.0246419350519602,0,0.2013942645596778,0.7102075401414809,0.2983247942342677,0,0,0,0,-0.35147705540902496,0,0.014482891673360587,0.06531466151469711,0.1872192473762535,0,-0.2583395782873712,0.5617277302533772,-0.1013821142884117,0,0.1373624803991489,0.35543291126920806,0,0,0,0,0,0,0,0,0.22698882254123465,0,-0.30361890295018323,0.38456752120333526,0.042976078578698784,0,-0.1477649746083578,0.4757542893814178,0.3887649828963271,0,-0.20897453155076295,0.2061231228587359],[0,0.34903545287028415,0.26025236119317974,-0.005965802309196633,0,0.15920687800525712,0.23560969483904248,0.20035247174398307,0,0,0,0,0,0.4037063223880537,0.15846935959017827,-0.11783962360307676,0,0.5307236890907916,0.5608754484773684,-0.4671514399860044,0,-0.6012072232938444,-0.3037500335173302,-0.24584617127396058,0,-0.1433192032497672,0.376571871465714,0.5097140602214374,0,0,0,0,0.5966249621624051,0.8969802817155692,0.9569535154020414,0,0.9308779626924206,1.4140903605507305,1.03209909362986,0,1.1284575416246838,1.668593533424378,1.5679042858431416,0,0,0,0,0,0,0,0,0,0.6682553423261677,0.45502551370508826,-0.2647593729562825,0,0.15020376024177295,-0.12155016298126675,0.00803612584857838,0,0.5962158133413826,0.12410375169055143,-0.22544337384474744,0,0,0,0,0,0,1.9108967522882878,-0.9322921060672353,0.5080954382414831,0,0.7858202703469104,-1.4608084834840689,0.05853503765703216,0,0.5862561733155864,-0.9867911772459177,0.13849206694551341,-0.23109827129222182,0,0.16921663618719496,-0.24357237366437978,-0.8573892256460951,0,-0.26992477333480114,0.269418105941142,-0.30665123654764237,0,0.3096038382378614,0.3114871439224718,0,0,0,0,0.017610174904688414,0,0.17388335782896558,0.039912036438133125,0.07205767349127523,0,-0.26841441001822375,0.5918088133758368,0.03423766588216548,0,0.15221879399285498,0.0829363884157881,0,0,0,0],[0,1.0128743465785703,0.39807214959272663,0.7295193778819051,0,0.29551238174889427,-0.23222844099954187,0.3061463766886696,0,0,0,0,0,0.5330725072319229,-0.24405565615173686,0.2721477589323058,-0.15280627372557287,-0.13260963609577203,-0.07845227690812973,0,-0.15948369479932456,0.08975488426421574,-0.14405773234239927,0,-0.057884630850194796,0.03136379975628234,-0.15435779956814955,0,0,0,0,0,0.4554239315085633,0.42042791657611556,0.284773543600525,0,0.07958792709569806,0.029456067586988155,-0.19873603309742904,0,0.744843157256529,0.5417674263252543,0.45797106672697296,0,0,0,0,0,0,0,0,0,0,-0.24589655002706579,-0.8062435813263269,0.22486466491184132,0,0.07394139112521003,-0.008556716821238375,0.12381119771183347,0,-0.37121273768896046,-0.43453702560999385,0.9618933595720307,0,0,0,0,0.7800230885779662,0,-0.048022114201280885,1.7039117222694138,0.5412600868752993,0,0.054078423004540355,3.087107536621591,0.16724641995872425,0,-0.22139720502364568,0.6231723462340604,0.03985141777458434,0,-0.09292348086805635,0.029198431889238208,-0.3041763590219704,0,-0.289432611812968,-0.009979763527887542,0.03376490953244904,0,-0.03522357027669187,0.07606544789032732,0,0,0,0],[0.21458390717950326,0.05267141880302262,0.14468568257305936,0,-0.043482689315253786,0.16316877429855747,0.10843303832559403,0,0,0,0,0,-0.021669034258978925,0.23042502338895288,0.09819806083299332,0,0.11032421043469842,0.15936790953644397,0.13858406844220728,0,-0.07429218013138916,0.054322231500177676,-0.05146907030164449,0,0.05731503421681694,0.07909214222267735,-0.0011301656659581383,0,0,0,0,0,0,-0.0015394423989558703,-0.10464971831381442,-0.1717380953196237,0,0.043575363192250194,-0.17963261772271455,-0.28238503209780674,0,0.22485374812277215,-0.10152871683211462,0.16757016444114825,0,0,0,0,0,0,0,0,0.04064227030150924,0,-0.1431002065045739,0.22873776659922385,0.10536586789095459,0,0.11817951801502513,0.23688342938424523,0.10365416776844683,0,-0.20433095058471107,0.3202526660528475,0,0,0,0,0.34888602869867036,0,-0.20303781747437633,0.5814659172128245,-0.877670435122031,0,-1.2644903942920909,