{"modelSettings":{"letterOrder":"ACGT","bindingModeInteractions":[],"bindingModes":[{"fitLogActivity":true,"flankLength":0,"singleStrand":false,"size":10,"dinucleotideDistance":0,"componentName":"Binding mode 0","positionBias":false,"modifications":[]},{"fitLogActivity":true,"flankLength":0,"singleStrand":false,"size":10,"dinucleotideDistance":10,"componentName":"Binding mode 1","positionBias":false,"modifications":[]}],"letterComplement":"C-G,A-T"},"coefficients":{"bindingModeInteractions":[],"bindingModes":[{"mononucleotide":[0,0,0,0,0,0,0,0,0,0,0,0,0,0,0,0,0,0,0,0,0,0,0,0,0,0,0,0,0,0,0,0,0,0,0,0,0,0,0,0],"activity":[[-13.539229387461729]],"dinucleotide":[],"modifications":[]},{"mononucleotide":[-0.3273854651184893,-0.477948773299153,-0.26674144299835345,0,-0.4439617624873402,-0.814317641696475,-0.9497542740420579,0,-2.287613504165531,-3.873257299313232,-4.402438076803476,0,0,-6.013179696500046,-2.965761645715423,-5.698314308622459,0,-6.848426368222997,-6.594559049131501,-6.636113939221314,-2.842960514629903,-4.2011943944081604,-2.5826006154204677,0,-2.1079928493823865,-1.9173795985687412,-2.287625510253463,0,-0.7678829894838324,-2.8905480436556017,0,-2.5021381896474266,-0.4019262686412606,-0.04914583564965058,0,-0.6766930731523477,-0.7440480463936106,-0.1479421136526593,-0.6968642035137618,0],"activity":[[0]],"dinucleotide":[[0.10544504826648615,0.42017250073924317,0.08202538006758986,0,0.15435930191264968,0.2951875386718281,0.37944427323755914,0,0.5161650160486958,0.4299541751818652,0.21640298469575314,0,0,0,0,0,-0.4919901974157068,-0.04784380533886612,-0.41621458612831574,0,0.11027620346954548,0.0758919869841268,0.013837523616958336,0,-0.21009727921368127,0.1001748175453514,0.1595566882364441,0,0,0,0,0,0,1.004809215937934,1.1024126218112347,0.9812207203174967,0,1.1416990654315153,0.9819643329966006,1.0736875634430287,0,1.3208083286210446,1.2277299210236894,1.2503819587555949,0,0,0,0,0,0,0,0,0,1.5607295838082251,1.4711930730305092,1.5133930441376506,0,0.9641298810311838,0.813159251753822,0.9085676884294358,0,1.467616308672655,1.377502278976781,1.4168113121912178,0,0,0,0,0.9700567147680559,0.9304515489419263,1.0917177055988034,0,1.0025238270903998,0.9797174305218252,1.1277777289745536,0,0.9093287547735649,0.9095299628013702,1.016353862879912,0,-0.2811219781025791,1.2692820812574923,-0.23039302563526753,0,1.1235623605206513,0.6273190739506926,0.7643139184340058,0,-0.6539660858357763,-0.13642557543434108,-0.8503969866438474,0,0,0,0,0,0.08649238759342204,0.9969305518562184,0,0.9073878521223655,-0.25442363671514734,0.041719867649735676,0,0.9373049454123503,0.9643782207148766,1.2466425486175972,0,1.159178947019703,0,0,0,0,-0.5642569522881933,0.6629614698043227,0,0.3750214351291865,0.1375580605398623,-0.22939991770580992,0,-0.04806386213516767,0,0,0,0,0.040063450627199515,-0.3008603777278793,0,-0.31895515347818293,-0.4007358443522582,-0.07186741054148871,-0.06763606247364184,0,-0.04697663481947778,-0.18333375000759622,-0.24421860388250427,0,0,0,0,0,0.030121883676217376,0.04062318424087796,-0.09842139192146027,0],[-0.3366829390496102,-0.017997139744736046,-0.25596302002786775,0,0.05358085141672131,0.21124764620016823,0.1458963631517305,0,-0.11089161061795583,0.04466324445695857,-0.21503725986069,0,0,0,0,0,0,0.37300394496739564,0.38665579886725787,0.37955354489889004,0,0.21261900176736148,-0.09271817087596279,0.13017320635673535,0,0.252503985456098,0.03935326288545049,0.23865836233202486,0,0,0,0,0,0.9278124122133384,0.9451738315561169,0.9248047805366593,0,1.2095203394734462,1.2189876268479232,1.1921484599581191,0,1.331681357453947,1.369465180717766,1.30463918351286,0,0,0,0,0,0,0,0,0.5897692013969404,0.5772967250710952,0.6851222415277345,0,-0.18811564246518309,-0.15114805349856653,0.01120538975696661,0,0.5622756185941657,0.5102351532702993,0.6160377243128199,0,0,0,0,0,0.43709364631989267,0.4703025493011861,0.4826112368648072,0,0.463203555552667,0.43766737848541837,0.48310188356503936,0,0.5596930016154005,0.46149860630891126,0.5169955374936084,0,-0.2698244952309805,-0.1056756583671401,0,-0.13709829926135875,0.8997351378591105,0.6181063117952936,0,0.2591029656763233,-0.4515339968931551,-0.32067630193964014,0,-0.4121411711581917,0,0,0,0,-0.2565653096707159,0.025856433089916475,0,0.0199577812156857,0.30587864299673573,0.25101423798322786,0,0.6260398773279057,-0.21732560397816592,-0.10504725197969123,0,0.13073418946723336,0,0,0,0,0.30823388010168884,0.3646743367894252,0.3343376577301793,0,0.13590913946769145,0.08891165292532843,0.05658318907934312,0,0,0,0,0,0.3912537792392725,0.15190357649149666,0.2453419615305652,0],[0,0.1333079767258214,0.13862681319265935,0.0978213625276938,0,0.13799830374001498,0.05440845175023856,0.13151774567610008,0,-0.13976495853328252,-0.0865452446109014,-0.1177439343007105,0,0,0,0,0,0.1253895450533733,0.09419554529896068,0.035865503559392664,0,0.2298519300304278,0.10111858361589654,0.20555679515472391,0,0.33704754677494897,0.2623745261573376,0.2347642954968574,0,0,0,0,0.20022342429019524,0.6201971675271203,0.6065281527201201,0,0.4412719428311167,0.7967042314098336,0.8052168697230844,0,0.6304840213931975,1.0253542617328115,1.0283360422723522,0,0,0,0,0,0,0,0,0,0.2887762290426714,0.2022429661701981,0.24705039953079044,0,-0.048590710630382006,-0.22567125895228557,0.017591980848830957,0,0.29123535865387673,0.18437171747998704,0.23492371753320285,0,0,0,0,0,0.12580651769522788,0.8983838910450856,0,0.7033959210508574,0.0048538094945165255,0.8063867830477172,0,0.5978852113790758,0.11017803906871215,0.8740826270315196,0,0.6799427728350178,-0.20372693227753036,0.026959754610015096,0,-0.17377464592705127,-0.23463027955155003,0.37614337180451995,0,0.4207962867495558,-0.33643891225564193,-0.17099213005506497,0,-0.03167869814778701,0,0,0,0,0.026273584309272735,0.08104382142440203,0.14069319658620305,0,-0.3707241835789121,-0.3113666476450132,-0.6180630969880898,0,0.04526504917177876,0.04598110402316902,0.10134181637307194,0,0,0,0,0],[0,0.12629642634040383,0.09653084038488391,0.08996934477575369,0,0.07318132251127185,-0.010765627455993076,0.06114078424365044,0,-0.09436558996847388,-0.11659754868204075,-0.14126135606148083,0,0,0,0,-0.19067707161767267,-0.17096015097320816,-0.06235876581168309,0,-0.18328982711591113,-0.10499007255844717,-0.10764550501085157,0,-0.19795346050296558,-0.18116439575375054,-0.18397812054228346,0,0,0,0,0,0.022176446242069048,0.06811691658985097,0.08340075941507052,0,0.004520063886227277,0.03898304471489489,-0.015360166296526145,0,0.17323535824739444,0.11189401342938865,0.25832711948913634,0,0,0,0,0,0,0,0,0,-0.005076146360790901,0.4345243127486391,0,0.4411438967643857,-0.15569339353913403,-0.1673408659490505,0,-0.07620407560781572,-0.03063892387109135,0.38255143218495036,0,0.4328089898632417,0,0,0,0,0.2776184679588054,-0.11206746704730186,0,0.21246291324486855,0.24244512812069008,-0.13988789308035088,0,0.19616580073935186,0.2378087356980556,-0.11737820797258536,0,0.169351617387961,-0.0997179055173607,-0.0461572963330692,-0.08890857080986603,0,-0.19041509562221215,0.10075348352046998,-0.19798752166957012,0,-0.13184859344837196,-0.05742591731541413,-0.09018911743248115,0,0,0,0,0],[0.10646268889337751,-0.05519263997218271,0.08685223367288675,0,-0.04276742836189573,-0.04019169473279849,0.042272850223661784,0,-0.002564557126048861,-0.13064852271968874,-0.04600580113500019,0,0,0,0,0,0.12286503056492037,0.11671746802580651,0.1537291275340329,0,-0.009854504550132148,0.026454672932950896,0.02386737747662826,0,0.05006404335755166,0.0379055882839876,0.03786091897706978,0,0,0,0,0,-0.011541010481468383,-0.4079926016038513,0,-0.37507705125335633,-0.15734977774619274,-0.06594738218383434,0,-0.14011050703729833,-0.10761858472224795,-0.07972086784034094,0,-0.2173709291885988,0,0,0,0,0,0,0,0,0.1304386472374519,-0.094026442246399,0,0.08786308711053525,0.01545360991368927,-0.019877258136808074,0,0.007580645095405458,0.13756410817540843,0.037460754229126536,0,0.13064788536821137,0,0,0,0,0.19273148979484134,-0.12932926064213301,0.3032341414506172,