{"modelSettings":{"letterOrder":"ACGT","bindingModeInteractions":[],"bindingModes":[{"fitLogActivity":true,"flankLength":0,"singleStrand":false,"size":10,"dinucleotideDistance":0,"componentName":"Binding mode 0","positionBias":false,"modifications":[]},{"fitLogActivity":true,"flankLength":0,"singleStrand":false,"size":10,"dinucleotideDistance":10,"componentName":"Binding mode 1","positionBias":false,"modifications":[]}],"letterComplement":"C-G,A-T"},"coefficients":{"bindingModeInteractions":[],"bindingModes":[{"mononucleotide":[0,0,0,0,0,0,0,0,0,0,0,0,0,0,0,0,0,0,0,0,0,0,0,0,0,0,0,0,0,0,0,0,0,0,0,0,0,0,0,0],"activity":[[-12.4627655468327]],"dinucleotide":[],"modifications":[]},{"mononucleotide":[-0.28758972260050264,-0.5370177653765253,-0.30213082581112793,0,-0.3546885687207917,-0.713268377291552,-0.9319028504365843,0,-2.469546020535084,-4.114292240591661,-4.750680358347518,0,0,-8.189172843161666,-3.008853641038856,-7.151160696679002,0,-14.451481815741838,-10.59659694121806,-9.375665517145503,-2.5982443083413633,-4.3738771481675895,-2.006941628565124,0,-2.0083482433325974,-1.7354073057302388,-2.4390504351776396,0,-1.1543614010618173,-2.9677489813006916,0,-2.6143291937433935,-0.41786780224402964,-0.3363663847736733,0,-0.7925473782003278,-0.7066834902743686,-0.1859281955372447,-0.48645201289767037,0],"activity":[[0]],"dinucleotide":[[0.05830097883419949,0.5922672814557695,0.003729568561404939,0,0.1634682543424768,0.3520814239900698,0.5002631532759949,0,0.5867790717508568,0.5267661902950511,0.2883550872515652,0,0,0,0,0,-0.6849822295793517,-0.1697241450377467,-0.6136553744268314,0,0.16409804871642475,-0.1597190295043216,-0.10745315991934046,0,-0.33252591839729906,0.016945965910975858,0.2919528266995881,0,0,0,0,0,0,0.5113925489268087,1.252160106969244,0.7396899197172768,0,2.117862631140758,1.373425188917449,1.4231292712459993,0,2.3360933689059813,1.5113878901656967,2.0666350244838583,0,0,0,0,0,0,0,0,0,-0.8885685756654702,-1.4593127177614171,-3.237114361503835,0,-3.1553810038139574,1.4336462996735815,-3.976298653908378,0,-2.2435667884594572,-0.38333141469571785,-3.967222420910595,0,0,0,0,3.5991938079708667,0.2455820965600246,3.141044754730153,0,0.14868220580818559,1.3585201109737817,-0.18195346537909884,0,0.8516323980391647,-1.394757894138145,1.1398003373017467,0,-0.42015866727763473,1.571981651766671,-0.5810546988808891,0,0.831770016435474,0.7643559943331537,0.38721597609166203,0,-0.7768888749987486,-0.3590183864758316,-1.580204021442718,0,0,0,0,0,-0.5280517800973055,1.061024074704565,0,1.0073839114766683,-0.46982530648023957,-0.21034035976078602,0,1.234068796566806,1.0270224486400537,1.3770905990413356,0,1.1701848979395404,0,0,0,0,-0.4695911968834583,1.0759664577837862,0,0.7328761626145566,0.4241760685327094,-0.07605230356777515,0,-0.008196847964045517,0,0,0,0,0.16959987955758482,-0.22327696580513923,0,-0.31786426958235037,-0.4705637346782501,0.0047615718898628145,-0.034946546473784146,0,0.03624790599328698,0.037613309029199904,-0.41359965060448634,0,0,0,0,0,0.07995245026588282,0.16024056697021116,-0.3074914661463799,0],[-0.5455441324924726,0.15374903118003047,-0.4981086100815837,0,0.09907613933437176,0.4811900904014923,0.19986668739750346,0,-0.1685762476235233,0.2107844388400828,-0.2872361939429293,0,0,0,0,0,0,0.5713909414527016,0.4813803466514104,0.8847331997685624,0,0.70394408977727,-0.13539393853174353,0.16143513006534604,0,0.5331697388568042,0.2209239334179598,0.958673435280291,0,0,0,0,0,6.868090443092951,3.5572212987495497,7.182267101599654,0,2.7374899140847635,2.851275093156085,2.7324749608968606,0,5.500961644936364,4.695700674574377,6.3582977835093875,0,0,0,0,0,0,0,0,-0.47272632743589327,0.7377135622148998,0.28181232249748334,0,-0.23636600386311368,-0.25384275843984305,-0.2130043540849922,0,0.9427445961962846,1.165712354729635,1.036116045589079,0,0,0,0,0,6.56993908274365,1.1048699769477963,5.222166809038955,0,2.252107949420182,0.6717089527143152,0.29521276471551516,0,4.51199944309635,0.6169966451132893,4.5076996474558735,0,-0.220610133656586,-0.19257213333542378,0,-0.48695524512451627,0.9262033374956014,1.240144527751843,0,0.5228071025233785,-0.4365012004841855,-0.8889345256716492,0,-0.6144307433362357,0,0,0,0,-0.1938983886088348,0.19339245798425342,0,0.1060489571185883,0.25058051142385374,0.20373305725190338,0,0.6878511062263417,-0.11088968058543003,0.19434657921110787,0,0.34930007236871585,0,0,0,0,0.47374863714551285,0.47026579153494463,0.6480144568367789,0,0.2865531485070818,0.1659248374853881,-0.12229141932540788,0,0,0,0,0,0.5910668205013305,0.2846867881335644,0.2409292823053919,0],[0,0.24197602063570045,0.12095933065555453,-0.008926469028901707,0,0.15787135629499538,0.06954863400288591,-0.12202583342882356,0,-0.18570572736896196,-0.12476859597767209,0.20145459348311867,0,0,0,0,0,-1.0586517604172627,0.7488646038961946,-1.2728704838078357,0,-2.04362347493767,-0.5618204945556791,-2.894240799021702,0,-1.6492894387486317,0.2197839730425155,-2.686324285948386,0,0,0,0,0.42603933360114876,1.1479581880727503,0.8814580564738401,0,0.32747909681435416,1.1786543514279737,0.7235909549307609,0,0.6207480471644251,1.4616822192877699,1.327791820235542,0,0,0,0,0,0,0,0,0,-0.3234139716589546,0.44855218547740705,-0.985936886736452,0,-0.17659711511151333,-0.28207320103042743,-0.25268216676601174,0,-0.07789596653935149,0.2978956424855248,-0.08381410520408572,0,0,0,0,0,-2.917456066639101,2.555867435389736,0,2.002203935952668,1.278352109774218,2.468627787439221,0,1.8619891290883182,-1.5203090189907869,2.397309980073299,0,0.7360618665621281,-0.3743452592967236,0.05525500047027787,0,-0.416655106571139,-0.0042387886044279455,0.3909049433866745,0,0.3674071401304593,-0.603536528401813,-0.27244744817329014,0,-0.2169419013889442,0,0,0,0,-0.04375248978729385,-0.06903290311222765,0.2235846270241959,0,-0.48633669344250663,-0.5099051016648799,-0.7194987375602784,0,-0.01476520289133365,0.010094335239129393,0.033563557077435746,0,0,0,0,0],[0,0.08769388417325885,0.7954551033151294,-0.004784811898732144,0,-0.16542416618852762,-0.10923306571873681,-0.5488207192787478,0,-0.6296088495090224,-0.07303622750284156,-0.8928124189040982,0,0,0,0,-0.24227929272851512,-0.17982519694472643,-0.15989284138614757,0,-0.39872902307908653,-0.24231713295369595,-0.3249351093808084,0,-0.23826132767769437,-0.19389236996344383,-0.300405574845243,0,0,0,0,0,0.2568987716195439,0.310379102810308,0.3028221015841579,0,0.025811914323965013,0.005967040733994011,-0.32323721919048687,0,0.6046845201287177,0.4312688059774521,0.6727735107056558,0,0,0,0,0,0,0,0,0,0.47814524348296317,0.9774144357269101,0,2.3211462769419917,-0.11336700625285889,-0.08175256055226132,0,0.12397134524650522,-0.0600701765856968,0.8739579948003922,0,2.387181042770689,0,0,0,0,0.3965354959372007,0.9522951612271484,0,1.1804061076069736,-0.09343264894094006,-0.2551002436603689,0,2.8138422550506217,0.650985825988748,1.066738242584094,0,1.2322336865972758,-0.08923059202953443,-0.046658400576865766,-0.09837208260312824,0,-0.3347050013475936,-0.04339600208851291,-0.16281477476980033,0,-0.07870991258051063,-0.04084684159329566,-0.14019765727149736,0,0,0,0,0],[0.2294565229053056,-0.06730329784542644,0.12474582514665844,0,-0.005246742820799177,-0.05908481901599316,0.017199288428787263,0,0.0235584146211254,-0.18187014806575252,-0.056724544065207994,0,0,0,0,0,0.025389582934580268,0.10064861799980651,0.17264588040756212,0,-0.12644047842399253,0.022796394291007438,-0.040573052493803274,0,-0.09111575385637849,0.027528638357050106,0.026724697318869062,0,0,0,0,0,-0.11797307353907982,-0.1077393755965792,0,-0.2933809415225461,0.129939407368596,0.18006384372736406,0,0.20737845037608782,-0.08351874062359332,0.1284035731468034,0,-0.18280852999447283,0,0,0,0,0,0,0,0,0.6614611909968504,0.7710777830154187,0,1.2188872024306816,-0.005729942950753575,-0.06471297597457948,0,0.13401504376644358,0.5490735441829901,0.7468194690578578,0,0.8539704270835315,0,0,0,0,-0.09363337128861637,-0.09970526761143716,0.33999162831918106,0,-1.9561323124339207,-1.1772084495331363,