{"modelSettings":{"letterOrder":"ACGT","bindingModeInteractions":[],"bindingModes":[{"fitLogActivity":true,"flankLength":0,"singleStrand":false,"size":10,"dinucleotideDistance":0,"componentName":"Binding mode 0","positionBias":false,"modifications":[]},{"fitLogActivity":true,"flankLength":0,"singleStrand":false,"size":10,"dinucleotideDistance":10,"componentName":"Binding mode 1","positionBias":false,"modifications":[]}],"letterComplement":"C-G,A-T"},"coefficients":{"bindingModeInteractions":[],"bindingModes":[{"mononucleotide":[0,0,0,0,0,0,0,0,0,0,0,0,0,0,0,0,0,0,0,0,0,0,0,0,0,0,0,0,0,0,0,0,0,0,0,0,0,0,0,0],"activity":[[-13.74737302964969]],"dinucleotide":[],"modifications":[]},{"mononucleotide":[-0.26517362067128125,-0.3766470311627924,0,-0.026547449186128946,-0.06885138122559697,-0.5660808020963549,-1.0317006590633502,0,-3.325113401281954,-4.425893815561153,-5.640369327611648,0,0,-7.223006350639927,-3.667953136468339,-6.2495884845761855,0,-8.6689920813192,-9.989916163395412,-8.843672686504872,-3.8281138135462487,-3.7133638285739194,-3.7522162106332053,0,-2.6295626076903758,-3.0315009545712566,-1.595614713903947,0,0,-4.170415291020398,-0.3043940351915989,-3.5147831061336006,-2.035746070339758,0,-0.6905609816167831,-1.013099400524858,-0.5590302037245166,0,-0.6458344006452043,-0.38211959909687965],"activity":[[0]],"dinucleotide":[[-0.49196456298840774,0.07883679183555348,-0.200196447702496,0,-0.3848625152071121,-0.21286167916847654,0.25970346955608337,0,0,0,0,0,-0.5934847998179423,-0.524197119873443,-0.2287525056738713,0,-0.44560094441794096,0.04913724605676517,-0.567351578210781,0,0.25386050925669856,-0.07517564921765629,-0.07855353266377563,0,-0.02843429776028561,0.19933380540395795,0.3649213184901594,0,0,0,0,0,0,1.575901874358074,1.4298308157884243,2.062512447854745,0,1.7805060971374047,1.3198997377683614,2.048459821472047,0,1.8288138452589457,1.597449551317771,2.3018461987478496,0,0,0,0,0,0,0,0,0,2.770272094820168,2.66975900148368,2.587482439189607,0,1.2644380098807275,1.895107988173562,1.6154414295432886,0,2.5670656970928896,1.8595324212556612,2.1561446646953577,0,0,0,0,0.46686089376093065,1.6123458328481846,1.0599241305835374,0,-0.027401162831699466,1.1659075786261912,0.4011458014976732,0,-0.23081150016722596,-0.8142565651555138,0.1881811324103566,0,-0.11885976149406119,1.9063667480377333,-0.40288270668758663,0,1.9113441348955558,1.1287836423804372,1.105543837776846,0,-0.832923381281856,-0.10065825945036977,-1.533465800313424,0,0,0,0,0,0,1.5442021576842837,0.07309885377727321,1.2476958916364786,0,0.5457784312691949,0.47777709224064857,1.8935642700326376,0,0.5391843397397231,-1.153175645474164,0.2876787913308849,0,0,0,0,0,0,0,0,2.3311723614784303,0,1.1983728891212708,0.6571136798190365,1.644538495720783,0,0.7892262219337103,0.26147843010320915,2.230223808552961,0,1.3335085612977307,0.27221659041135116,-0.7828304854194568,0,0.2833002064388901,-0.15920250794753832,0,0,0,0,-0.1563157003275233,0,0.35020477477859346,-0.12435909742929763,-0.18373435546297712,0,-9.362423465044678E-4,-0.2342877284588556],[-0.23378739122797043,-0.09363917010433287,-0.18644473899388814,0,0.2338076596750973,0.2999571135351884,0.40026470619606247,0,0,0,0,0,0.22114589614005276,-0.1180425280822357,0.23897281151397198,0,0,0.32255338231907693,0.4500162662565934,0.44845943287122747,0,-0.06875571324717633,-0.07325763546743502,-0.239536150548318,0,-0.1770241553946903,0.15966690024703833,0.4139337438619277,0,0,0,0,0,2.55153787188417,2.7489682427852262,3.243943664860364,0,2.0471059704249104,2.6895726585176707,2.132632668169128,0,2.987669034456097,4.143633500943396,2.7477116542553777,0,0,0,0,0,0,0,0,0.6113943296737929,0.8531141133019666,0.6488654226544615,0,-0.0724770621742028,-0.1943059862864409,-0.15477163614055378,0,0.3359541308398253,0.19968017929614312,0.7622949048399938,0,0,0,0,0,0.5951592307838247,1.0527533115136922,-0.08077086101451592,0,1.9912471221654613,0.8954395147216889,0.09160083147309095,0,3.175471671643935,0.9603494999821915,1.02187691032427,0,0,0.7414654769059261,0.3074789344570821,0.19736285436063827,0,-0.2997426264206613,-1.231309789513955,-0.9676032631177653,0,0.09299529423627106,0.7054869760412359,0.22126968231387423,0,0,0,0,-0.37165114740778016,0,-0.037881871099291864,0.05584377250326433,0.13059925819138485,0,-0.28026486842548115,0.5569556133566751,-0.1316257827721552,0,0.12380246215386892,0.3439488930588839,0,0,0,0,0,0,0,0,0.15038413738733247,0,-0.3050880135273628,0.3430527605284084,0.029250574102659632,0,-0.14514212517066927,0.4473920461514851,0.3773424754704333,0,-0.18716740549570865,0.21596516247699604],[0,0.25772958907245425,0.24966231511168768,-0.10717659933997048,0,0.3046147598356441,0.17919766140957138,0.0836795545928588,0,0,0,0,0,0.31488023358834205,0.14432214354398187,0.07407190888303283,0,0.42984214459085024,0.7017576335431919,-0.15691310300043604,0,-0.4352422438938657,-0.03471075442305249,-0.0029282779608763576,0,0.21576192283083628,0.526688668953101,0.7204648922264294,0,0,0,0,0.5940124480481472,0.8667956219605593,0.8455258906341916,0,0.8136177277850294,1.3149468976640701,0.8523445090526405,0,1.033994526685957,1.578608196867096,1.3872588620219126,0,0,0,0,0,0,0,0,0,0.40144738187889395,0.3066741420947672,-0.07848160645670532,0,0.06263436400758238,-0.14913818114391297,-0.046229267897086146,0,0.5194030673737977,0.13873198379631546,-0.1870432174003822,0,0,0,0,0,0,1.2566707649869322,-1.167245369406647,0.1942832219554358,0,0.6893367378178183,-1.4304936849714203,0.09862812153479084,0,0.6888016588965051,-0.8633693636674931,0.268472662665884,-0.17536100703430169,0,0.10763904854652573,-0.21321507380909477,-0.8344296827242852,0,-0.3584244500860567,0.2122709081340437,-0.32426526368739683,0,0.26763757016202305,0.26148951133132936,0,0,0,0,-0.00696337971667349,0,0.13314552500761945,0.06106643253112587,0.03494991011239712,0,-0.3495312125306951,0.5590819318971803,-0.019632839754254672,0,0.07411120012233052,0.06288035723613028,0,0,0,0],[0,0.6838016126647233,0.4575788652655408,0.5346520844777363,0,-0.09930565597072771,-0.0909028857026506,0.30302272258401963,0,0,0,0,0,0.06379319320805976,-0.1122710103334299,0.42288757979510017,-0.16892161178383525,-0.16274940105743596,-0.09116574655071208,0,-0.1903769703084306,0.003053317346905615,-0.185126337772763,0,-0.06197621876104886,-0.01247791522080366,-0.21402450582698762,0,0,0,0,0,0.39373205109357645,0.37482350717524593,0.17277468710304866,0,-0.052395613757424186,-0.07046170706300003,-0.3035792607547254,0,0.6419539419572242,0.45868245695814913,0.38742814872544873,0,0,0,0,0,0,0,0,0,0,-0.03923152348867909,-0.47709029540269743,0.4454398912270108,0,0.023985902609679144,-0.009498455380644089,0.0925931428749891,0,-0.1771896506120445,-0.30936590164856526,1.1437655203858963,0,0,0,0,0.70771735085202,0,-0.16463912975439143,1.6208599432856499,0.7471374996894156,0,0.24131912799909827,3.0860695445881703,0.27356845660225204,0,-0.038927155371210276,0.7873889598047672,-0.05454028957592527,0,-0.11767859251637258,0.0036477726602166527,-0.3232692786903044,0,-0.2804672959104204,-0.010504032955886977,-0.056177310186170004,0,-0.09605601888098825,0.05879187426440602,0,0,0,0],[0.23022957345337725,0.04097601873602752,0.11188913768135178,0,-0.025982636373196755,0.0994270376419899,0.09679649710335436,0,0,0,0,0,0.007111573257208903,0.17316107545105375,0.11229767263083801,0,0.128650529125653,0.16143637655344634,0.12356759426073927,0,-0.08646175260126121,0.005660757898807489,-0.10267600964176138,0,0.021405682464916254,0.02762123914743242,-0.030554120250255945,0,0,0,0,0,0,0.035700101609769774,-0.10699281115474601,-0.19261011407098216,0,-0.007806537300687921,-0.17914722787522663,-0.3537800255873176,0,0.19163957525202946,-0.06826077139913256,0.024167516888432772,0,0,0,0,0,0,0,0,0.12945078249029685,0,-0.17501925873616386,0.2757098925979662,0.11217739246915848,0,0.08704562384389192,0.2069621971011193,0.14138435856616738,0,-0.2534879133368557,0.2575098467382455,0,0,0,0,0.36502575909193524,0,-0.10242519060203925,0.548128115501024,-0.7347287173544146,0,