{"modelSettings":{"letterOrder":"ACGT","bindingModeInteractions":[],"bindingModes":[{"fitLogActivity":true,"flankLength":0,"singleStrand":false,"size":10,"dinucleotideDistance":0,"componentName":"Binding mode 0","positionBias":false,"modifications":[]},{"fitLogActivity":true,"flankLength":0,"singleStrand":false,"size":10,"dinucleotideDistance":10,"componentName":"Binding mode 1","positionBias":false,"modifications":[]}],"letterComplement":"C-G,A-T"},"coefficients":{"bindingModeInteractions":[],"bindingModes":[{"mononucleotide":[0,0,0,0,0,0,0,0,0,0,0,0,0,0,0,0,0,0,0,0,0,0,0,0,0,0,0,0,0,0,0,0,0,0,0,0,0,0,0,0],"activity":[[-12.79153831349352]],"dinucleotide":[],"modifications":[]},{"mononucleotide":[-0.23323696197000743,-0.4132567498342006,-0.03937572487884111,0,-0.6145708788651341,-1.0087402473392766,-1.1497914538015843,0,-2.543851102808982,-3.961474032950834,-4.7580409751939055,0,0,-6.36411445624322,-3.1210333629426605,-5.660569690689022,0,-8.194801066473126,-9.682860585061622,-8.694784492317762,-3.1975843626174347,-2.9855552705207575,-3.2054048345076582,0,-2.148164165264089,-2.5866895785811064,-1.3289344579733982,0,0,-3.4770208529304014,-0.2768200071323932,-3.0174701696376944,-1.6361262271865158,0,-0.6365878068266877,-0.8381249833253746,-0.3348502649965326,0,-0.49160289475742047,-0.177278570498558],"activity":[[0]],"dinucleotide":[[0.10380809428424609,0.6255900119259836,0.10656880510887934,0,0.19874946289611994,0.34929046052499757,0.5152347639027361,0,0.5549522047680959,0.4936818928959683,0.2418870939951674,0,0,0,0,0,-0.472457371195409,0.0442613643732761,-0.5650882542809263,0,0.1939587844508628,-0.04322452222854967,-0.04690933422865218,0,-0.14337820799205225,0.13298860415576907,0.2821416890049795,0,0,0,0,0,0,1.2218014407399558,1.1378271100362687,1.3813723641346138,0,1.4994057743713753,1.079515185757427,1.6161816482718088,0,1.4578034853952104,1.3226082553356777,1.683038958931462,0,0,0,0,0,0,0,0,0,2.2649865488789676,2.7714342663328146,2.2822810797260313,0,0.14944438835657792,1.964420332944389,1.1257548491260216,0,2.1021009310128527,2.26944641018779,1.7266484359035168,0,0,0,0,0.23241549536431982,1.059842040248581,0.7858118679505299,0,0.2929254849662115,1.2726371500922369,0.5082100975977362,0,0.6100491576318738,1.0965300622000083,0.93785724093091,0,-0.49006082894729097,1.6879316241381987,-0.4748884686577801,0,1.620015053612219,0.8519631790575755,0.8988538476964347,0,-0.8919716621736695,-0.1715446427026004,-1.5064010412458666,0,0,0,0,0,0,1.3133043179568915,0.1159554017385016,1.103550665231217,0,0.36782453731733344,0.3983352732724281,1.6968732057010536,0,0.38413688155004877,-1.050983815253523,0.19844516493947495,0,0,0,0,0,0,0,0,2.0643099793198525,0,1.1168076416868518,0.5760174658174666,1.4695913902212787,0,0.759394681778014,0.22274841544791713,1.9413115882195484,0,1.1953454404916277,0.24887712841940957,-0.6981383659475258,0,0.2612998563503961,-0.11811480674954566,0,0,0,0,-0.18643737255979254,0,0.2872102843454165,-0.14437201946293854,-0.1691869523606888,0,-0.021306793269565638,-0.20524615078557584],[-0.48163645457740056,0.044306720472185646,-0.46381653942453127,0,0.02993632578062666,0.40522590034488104,0.17950983409892096,0,-0.17845752409001392,0.15150483220570443,-0.19382737031781616,0,0,0,0,0,0,0.42189501073224545,0.41320114492783677,0.47436175306282635,0,0.1415931293714472,-0.10906389396205185,-0.08257481476942097,0,0.05137512945984657,0.12774850180780817,0.43539584973205336,0,0,0,0,0,3.670423317428825,2.6857044846400058,2.660399887801571,0,2.4828544437308757,2.504584755514564,2.0610698865398493,0,3.258036605749469,3.843512901804992,2.648930290392334,0,0,0,0,0,0,0,0,0.2553993190255266,0.4702509750829478,0.42943207087445145,0,-0.2780012391580806,-0.2936311517641341,-0.2097620521696255,0,0.20147498973064515,0.32124254855109236,0.6242883735761975,0,0,0,0,0,1.1558954324711674,1.748414835026642,0.5737391151837965,0,1.8745846641231942,0.9932800926602958,0.21985334608792684,0,1.7198119925833844,1.1648984443705785,1.0815262021954712,0,0,0.29060572472186674,0.3057955049431831,-0.08994393710044513,0,-0.5207163066066673,-1.140067363201478,-1.1027831288581167,0,-0.1989219524230874,0.5860841794547733,-0.018649558930514232,0,0,0,0,-0.3911131529942775,0,0.015872126491696115,0.003607295460265725,0.04537334032690232,0,-0.25098495513185437,0.4777223992313342,-0.16384370743514864,0,0.1597670108899134,0.2948978390195691,0,0,0,0,0,0,0,0,0.050983400986375216,0,-0.33809248586732643,0.2660147531323567,0.011331822277281134,0,-0.13046344245742958,0.3928955489046295,0.28454030289736654,0,-0.15168666199387726,0.1678413323150858],[0,0.06043878069689956,0.10075237041667684,-0.09677707448158923,0,0.0777713016532271,0.04952379112111682,0.1266511155922121,0,-0.22157403150082544,-0.11058601893793796,0.03478582475589054,0,0,0,0,0,-0.10721916758455308,0.5690402077267951,0.20370849582705652,0,-1.008654420878118,-0.21205985019992823,0.06534656969394526,0,-0.8314332345688147,0.3883846844341452,0.172792293494755,0,0,0,0,0.21208663702668495,0.6293227792344007,0.6379580772158828,0,0.43457175263297465,1.022100936524013,0.678391843839818,0,0.7136361228101098,1.312687081287537,1.1255589773099057,0,0,0,0,0,0,0,0,0,0.2551600597646555,0.14587766843883365,-0.24570324739288463,0,-0.023899068429122927,-0.20347156841310454,-0.0333240083483366,0,0.079230665761159,0.14084422641529493,-0.27092946654138395,0,0,0,0,0,0,1.8403949882430766,-0.6860838127229858,0.323078477621781,0,1.0282400832033591,-1.3809779073505268,0.18893631331091854,0,0.8625943219243233,-0.8026458401826932,-0.13044959639015374,-0.35464375363474776,0,0.07520240830768543,-0.3098500981875434,-0.9096474824969363,0,-0.32322530584167986,0.21233262555240628,-0.3243257748131283,0,0.3224173490505873,0.23897985944252742,0,0,0,0,-0.07227525055826778,0,0.11394235967256794,0.05798369395388381,-0.014089247176548803,0,-0.2977688931444149,0.4735310250580689,-0.05649945901358677,0,0.024886120186913274,-0.0023053280181528635,0,0,0,0],[0,0.09809527669598239,0.5507346245022138,0.061616586004818785,0,-0.35346633737902344,-0.08258442751484729,-0.1953709135025612,0,-0.6334410520273241,0.024016090584005667,-0.2110887578585725,0,0,0,0,-0.16648855477507407,-0.12769749275291886,-0.047439437570165666,0,-0.25602235789733374,-0.013620305561883761,-0.170798917746823,0,-0.1582414544151476,-0.03208606128771141,-0.19602644245520473,0,0,0,0,0,0.15403549946374806,0.24728409423447584,0.14082240147809877,0,-0.1356540521788432,-0.11268568064203777,-0.32750537956358183,0,0.4038416810431791,0.2761690058816644,0.33130627217422415,0,0,0,0,0,0,0,0,0,0,0.2449311037563664,-0.40117684183741176,0.6218747741241941,0,-0.10963509167710672,0.058798395279818116,-0.02205769176549932,0,0.07325378975453489,-0.05897436256400912,1.2516179665035008,0,0,0,0,0.7677593637674676,0,0.14048894799080713,1.109019963218505,0.7890524785265463,0,0.19721532466431668,2.78359549648608,0.7105391114953807,0,0.2968376531535686,1.1786932546583415,-0.12193329859243907,0,-0.13550051831682008,0.02620633450321197,-0.3773079358897933,0,-0.313863856637397,-0.0382126252570032,-0.13579425175724946,0,-0.13317640808041897,0.041004306590607165,0,0,0,0],[0.15134917087246702,-0.1494087551663661,0.008850776019754036,0,-0.030910536491685292,-0.044908488042219474,0.007068111767927654,0,0.03862271139392792,-0.1549195250606541,-0.057749009935987416,0,0,0,0,0,0.09762229626912955,0.11885143875636661,0.1501883005414797,0,-0.08907961748014959,0.006748233910717438,-0.06972008649804895,0,-0.016434263707397534,0.026901885639464496,-0.004251184721086432,0,0,0,0,0,0,-0.26649900485827427,-0.011892869075432522,-0.3579434783664448,0,-0.18391501765845852,-0.14679915408364153,-0.4385903618652991,0,0.01629048915847875,0.023574834369149755,-0.19439891061877645,0,0,0,0,0,0,0,0,0.025093534487973024,0,-0.19325950911523293,0.17381711674993916,0.02642571511888736,0,0.0734217027771571,0.17211246113473155,-0.19457281049540942,0,-0.21630453275589456,0.17333932974540378,0,0,0,0,0.005677125711445186,0,0.2933057515253452,0.5265633261722487,