{"modelSettings":{"letterOrder":"ACGT","bindingModeInteractions":[],"bindingModes":[{"fitLogActivity":true,"flankLength":0,"singleStrand":false,"size":10,"dinucleotideDistance":0,"componentName":"Binding mode 0","positionBias":false,"modifications":[]},{"fitLogActivity":true,"flankLength":0,"singleStrand":false,"size":10,"dinucleotideDistance":10,"componentName":"Binding mode 1","positionBias":false,"modifications":[]}],"letterComplement":"C-G,A-T"},"coefficients":{"bindingModeInteractions":[],"bindingModes":[{"mononucleotide":[0,0,0,0,0,0,0,0,0,0,0,0,0,0,0,0,0,0,0,0,0,0,0,0,0,0,0,0,0,0,0,0,0,0,0,0,0,0,0,0],"activity":[[-13.411252413918932]],"dinucleotide":[],"modifications":[]},{"mononucleotide":[-0.30400786869833984,-0.5006123960574389,-0.1367264885714543,0,-0.6662133987348628,-1.1525816588160507,-1.2571523353475635,0,-2.4746849022033555,-4.0549416392560955,-4.4940821475866874,0,0,-6.654955478359827,-3.019908008168872,-5.558274458107059,0,-7.749343251264162,-7.0300513013969175,-7.328959691555934,-3.106913088937504,-2.9518582999136456,-3.2464596591224613,0,-1.9445047714182548,-2.4953407852033536,-1.3733598404597769,0,0,-3.3469982250862946,-0.26206915177596524,-2.805682510095103,-1.5296129440737838,0,-0.5991345071856604,-0.796622033139009,-0.2572179110055416,0,-0.7157824473259229,-0.21517627915499382],"activity":[[0]],"dinucleotide":[[0.14999704009238402,0.5174980500103752,0.11930877307537013,0,0.212956602208503,0.36845532456811836,0.47567740763943944,0,0.5593166311505022,0.4397045357072935,0.29112187443429915,0,0,0,0,0,-0.3419365397737444,0.04561221494078538,-0.4904651553396828,0,0.29557735987922573,0.046507352425139814,0.02496963510657757,0,-0.053350874815067506,0.14612082307743446,0.2925541434392569,0,0,0,0,0,0,0.9870075197300565,1.0539510584637997,1.0399913027984065,0,1.1997370932798734,0.9815268058172197,1.109232136595896,0,1.3609678772451215,1.2163617526749686,1.3098473261391916,0,0,0,0,0,0,0,0,0,1.793339867757398,1.5812896480165737,1.6906414991930347,0,0.9726519568113314,0.6687388272392933,0.866054937578479,0,1.5490143367204041,1.32450183896594,1.4382135413451973,0,0,0,0,1.0005953582294946,0.9699037331839655,1.1736003564399446,0,0.9194912688358574,0.8863488607628689,1.141138374670355,0,0.9163602898836629,0.9320238816063178,1.098982723430689,0,-0.28696847045512985,1.550656737182785,-0.3334802902505283,0,1.386566565806696,0.8584809591695963,0.8006900518433016,0,-0.7937302539262463,-0.1367504579044434,-1.3118905336232158,0,0,0,0,0,0,1.0586027390205661,-0.095280245869791,0.7706251066402139,0,0.4170019636100264,0.3571248772983431,1.4132614029082982,0,0.2632452973406618,-1.0752596596759418,-0.04178035633887234,0,0,0,0,0,0,0,0,1.7844462443666513,0,0.9512094708267851,0.4755847289946704,1.3038289224302062,0,0.7505336965770275,0.28285417983444594,1.8395390930571232,0,1.0803503213334866,0.30690739287126334,-0.49333093237427983,0,0.24821054115767627,-0.06438494881079304,0,0,0,0,-0.11721427543467833,0,0.3349592710614915,-0.09699246474660606,-0.09967068784758304,0,0.05434528228757607,-0.13947116258294656],[-0.3320658788597819,0.0395791125094469,-0.3799908354232979,0,0.05894797642359961,0.35457749214220247,0.13664406020319664,0,-0.12497842691221228,0.1376174346554535,-0.21842098428490964,0,0,0,0,0,0,0.3805050220682986,0.33995641146414357,0.3455905681437095,0,0.14339737120063312,-0.15899308718169713,-0.09782701201909028,0,0.20482855297763614,0.06268196538908821,0.22793750688767833,0,0,0,0,0,0.9878710009362202,1.0297802451770899,1.0031772331645303,0,1.26198282887262,1.3104995186478998,1.2561849056709669,0,1.4019139970882204,1.5675875812171807,1.4115238371270102,0,0,0,0,0,0,0,0,0.4804537237586519,0.43502043103526233,0.5512496977520733,0,-0.37837380126283193,-0.4213569590146733,-0.18252188854974616,0,0.34911405001823326,0.23849412020230432,0.40268461791494303,0,0,0,0,0,0.3695154863421646,0.4118113678727795,0.4665086374092411,0,0.27440808189754584,0.2054308167486738,0.4324347804019224,0,0.5169095696112365,0.40558995521208807,0.564526264049654,0,0,0.1984814989625816,0.16811852807185446,-0.05336108434675779,0,-0.30226434020527293,-1.0917222229987722,-0.9728958354277006,0,-0.08047769696195761,0.5226650162031463,-0.07086003635105609,0,0,0,0,-0.2983364912695192,0,-0.03915731579637738,0.002792889151196576,0.02093393979959579,0,-0.2937995141043861,0.3796039526002408,-0.1615039204080535,0,0.18425108555496816,0.28317185708102444,0,0,0,0,0,0,0,0,-0.0014148882551667796,0,-0.15323633399859826,0.20634157731890834,-0.05524973623271401,0,-0.00472356024791698,0.34280195899357,0.3182228210197815,0,0.043749290931674345,0.20001567797084618],[0,0.09326071864578012,0.07293637864310609,-0.02553400229503211,0,0.11965843473676063,0.04339099672056612,0.10338609542560473,0,-0.20355681210491738,-0.11628186224006543,-0.06301424777314146,0,0,0,0,0,0.19449905439453374,0.06477148714648884,0.05271737373651497,0,0.2041034849413652,-0.06553987542028317,0.2035933655668014,0,0.37753167192596315,0.28364198831889986,0.35516331096322773,0,0,0,0,0.2456178209530666,0.6237199504423332,0.6351623232802046,0,0.43696636853357695,0.8936869292528842,0.7672556337182357,0,0.6016585742083498,1.1913714337734786,1.0456389447957442,0,0,0,0,0,0,0,0,0,0.27761744019386825,0.1451153693623013,0.10353335997279611,0,-0.08799344427619538,-0.2898096171734439,-0.07094503687974374,0,0.26459959519844034,0.052313141767786675,-0.03415617525627379,0,0,0,0,0,0,0.8692278007053442,-0.19635016379672976,0.6129560412543107,0,0.891689330579398,0.07255679308330265,0.6429663665884497,0,0.8310070424930238,-0.17347030298154031,0.5865310767554188,-0.29838632276043775,0,0.039076384059095304,-0.2604316684814121,-0.7517730144746988,0,-0.36998017820318996,0.11443996459577566,-0.2785416562955918,0,0.2457546518079452,0.17874654302948834,0,0,0,0,-0.07864144600492073,0,0.06403893597457433,-0.001544744745528348,-0.06831256018530008,0,-0.2877052029507192,0.4489063647384244,-0.12019453612216369,0,0.005926227386562566,0.0076881754004807235,0,0,0,0],[0,0.13207529093081938,-6.787078128791535E-4,0.047358590126856726,0,0.015279716490143258,-0.15097806459122687,-0.025871937752338425,0,-0.09098527905601905,-0.16073345286671525,-0.14913285278461075,0,0,0,0,-0.15164533769581556,-0.1458741299884565,-0.08014298622984573,0,-0.22190406279444908,-0.07103737377443053,-0.16780671762665555,0,-0.17238568403400922,-0.11549184401803991,-0.23445570917975544,0,0,0,0,0,0.10113847182434021,0.1226618856391486,0.0783739945607973,0,0.03846273627374419,-0.017348133303506152,-0.1323137074702867,0,0.27024191139442166,0.10702769495535147,0.21286326666306365,0,0,0,0,0,0,0,0,0,0,0.3612815346916971,-0.04778844165534135,0.5335675037979257,0,-0.2436288379011211,0.03503037855089719,-0.07830635427358956,0,0.325040368456623,-0.03715137889053466,0.7585970089882164,0,0,0,0,0.47026188463120455,0,0.10885423139842665,0.4031452508221207,0.38091602082096543,0,0.04477169828442129,0.4128367130377848,0.38027626631366473,0,0.10558501911227403,0.3550225450356468,-0.06932384194341479,0,-0.05084216758202054,0.06264482851718878,-0.33066195766386786,0,-0.23830472198721253,-0.021369226834615063,-0.15718868919714257,0,-0.09352481183471095,0.07337867803632658,0,0,0,0],[0.15400538303185973,-0.10549408558838946,0.06685954470139244,0,-0.06960103075758983,-0.06943955175184335,0.020650801690003995,0,9.793651374727652E-4,-0.13914949760402306,-0.04675850951266591,0,0,0,0,0,0.09305647966762276,0.12062014718703828,0.15506251540619753,0,0.008478989308658758,0.05478575168328792,0.06963340735920553,0,0.06052890825737123,0.025035191081713926,0.07860403935094507,0,0,0,0,0,0,-0.40952416338457276,-0.04266440328092358,-0.37912909595248045,0,-0.11821866189161856,0.025939745495428213,-0.30148311944408324,0,-0.09324326619455725,0.03804594095012259,-0.3008641212182077,0,0,0,0,0,0,0,0,0.14968286090384986,0,-0.040324461107534404,0.13605047412494198,0.050565684295753144,0,0.015901472893421698,0.09983350714763706,-0.09452835975264229,0,-0.24607912581433133,0.019981463716963077,0,0,0,0,0.3704863762052595,0,0.4945396457006792,