{"modelSettings":{"letterOrder":"ACGT","bindingModeInteractions":[],"bindingModes":[{"fitLogActivity":true,"flankLength":0,"singleStrand":false,"size":10,"dinucleotideDistance":0,"componentName":"Binding mode 0","positionBias":false,"modifications":[]},{"fitLogActivity":true,"flankLength":0,"singleStrand":false,"size":10,"dinucleotideDistance":14,"componentName":"Binding mode 1","positionBias":false,"modifications":[]}],"letterComplement":"C-G,A-T"},"coefficients":{"bindingModeInteractions":[],"bindingModes":[{"mononucleotide":[0,0,0,0,0,0,0,0,0,0,0,0,0,0,0,0,0,0,0,0,0,0,0,0,0,0,0,0,0,0,0,0,0,0,0,0,0,0,0,0],"activity":[[-12.047796575282172]],"dinucleotide":[],"modifications":[]},{"mononucleotide":[-0.5495052402336253,-0.49835678491255964,-0.23654417277487205,0,-0.5496793169349492,-1.1104711960651463,-1.1990662042218,0,-2.557649603190527,-4.9312342362587795,-4.634973910549685,0,0,-7.492017864230229,-3.5788416772681235,-6.987080526109457,0,-8.029356483322017,-7.7052675341179775,-7.9228729246316245,-3.622016355632121,-3.646300177208508,-3.7750117446922995,0,-2.13947306883481,-2.70212618168495,-1.5907926406371415,0,0,-4.067496656940883,-0.5574893710456261,-3.4817556417498436,-1.7373783380058287,0,-0.5211871400150754,-0.8533010918369288,-0.4429650774233682,0,-0.4541400856528628,-0.16389935682056977],"activity":[[0]],"dinucleotide":[[0.15200020379117518,0.7533291862363019,0.2489499581183221,0,0.17945754905016287,0.41389782901470085,0.7002187320822841,0,0.6069933919144055,0.7016317098393072,0.4644355342841777,0,0,0,0,0,-0.8048717109005947,-0.13792065862428515,-1.0000212447038122,0,0.11669051978495393,-0.2599411877326805,-0.4050744489161753,0,-0.6757026844705463,-0.04341563412298477,-0.16798886003520597,0,0,0,0,0,0,1.2519565404203163,1.212219546809468,1.0824052051109803,0,1.3662203817823642,0.8350252033406598,1.2291179222807767,0,1.5090557768595598,1.0026428624252848,1.3724817819206354,0,0,0,0,0,0,0,0,0,1.7767994770130073,1.7418009722138912,1.8324675793249625,0,1.1539713480612441,1.0476059999828884,1.2188340968431284,0,1.7107593708493525,1.674639568301739,1.7597320626305724,0,0,0,0,1.1907694308056573,1.0125687990049475,1.4237578461489129,0,1.2102707468749987,1.1175152788901546,1.5162214807951457,0,1.257764538331232,1.1538029400433185,1.5420242348983457,0,-0.4886304098925178,1.7177812749501982,-0.36639716954440793,0,1.9108402440620953,0.8845630507550979,1.3335862120863222,0,-1.229431131776976,-0.4687805654915298,-1.576759909657338,0,0,0,0,0,0,1.354428206296273,0.21283117562770837,1.2321661767494687,0,0.24145139115932857,0.3224025622897697,1.4957831167828646,0,0.47227342364509006,-1.0247678384910106,0.18764289808998846,0,0,0,0,0,0,0,0,2.0512676234834655,0,1.0415145768956835,0.6131601163260552,1.5012235682654516,0,0.8089669745185368,0.3646434059357784,2.0468539479547507,0,1.1466449894200204,0.1260855077091083,-0.6910082488768747,0,0.2417413692944006,-0.11243135878941057,0,0,0,0,-0.20204505054964628,0,0.15351153288865715,-0.2489157193655922,-0.08046067659331158,0,0.02074220485806144,-0.25977978787758893],[-0.33505331908342484,0.24022196683167252,-0.20542901658184487,0,-0.0857742585207717,0.4152303578343286,-0.008949789005909814,0,-0.08251632444219847,0.36030863491328535,-0.10622536840605168,0,0,0,0,0,0,0.37291022809090535,0.32737455399243043,0.2907673849552843,0,0.4115229653024617,-0.30061532979819816,0.2153835497789931,0,0.26983840883089627,-0.043227345338055834,0.2521800229607578,0,0,0,0,0,1.2884263088669918,1.3062627935584956,1.292743699379681,0,1.5760781707003737,1.6310842921377482,1.605049645236953,0,1.7464624004125664,1.811704097087821,1.7776862102005797,0,0,0,0,0,0,0,0,0.655322150603519,0.8368801410636646,0.6972699606783372,0,-0.7306883533009518,-0.2208352544873602,-0.7927891732821291,0,0.49029964902867995,0.5583097143294342,0.44974374005307993,0,0,0,0,0,0.4874550267012481,0.7497678492090465,0.6416340289646616,0,0.42832677516666706,0.5953900038638977,0.5547424322221364,0,0.6088122020944944,0.5803771014155394,0.6500614446606559,0,0,0.37672302262091506,0.530099440672676,0.21706525897370277,0,-0.352509090874328,-1.1892377076979272,-1.0498419512650532,0,0.3320312117118416,0.9033097700663264,0.09897816315966779,0,0,0,0,-0.4381967097122166,0,-0.03717433633473277,0.03542795531993903,0.17161877731685493,0,-0.23165473217281551,0.46458235927372726,-0.03544361270991825,0,0.2388283774206803,0.35023064023488093,0,0,0,0,0,0,0,0,0.11907281421963134,0,-0.2603197737988232,0.40025027471924846,0.013019110888714991,0,-0.1660784848491348,0.5116840665604205,0.27091929355583666,0,0.033542597494053084,0.207961679705571],[0,0.3240017877397534,0.46983094022574345,0.08071057280400495,0,0.146128560641273,0.11462669014264026,0.058533814762750325,0,-0.17055219042540948,-0.042061658865216955,-0.05850057442214229,0,0,0,0,0,-0.16015999804379177,0.015598455376693465,-0.1402792119750984,0,-0.048622706327952514,-0.11804135747455113,0.06755712268831182,0,0.4961172237133269,0.3263754507479355,0.36350252865628363,0,0,0,0,0.12934443462433087,0.5137256346216041,0.5475130682848821,0,0.16034038830813735,0.7405356725787566,0.32218891178765574,0,0.5326404240258942,0.8307315880696429,0.7175163282463899,0,0,0,0,0,0,0,0,0,0.31065917274176513,0.11910320233851834,0.1443805482861702,0,-0.266847476343667,-0.3843935937018319,-0.16268057141190617,0,0.25996327405321296,0.06512282136841563,0.03190417673222079,0,0,0,0,0,0,1.143333504353759,-0.07434212944387397,0.9722767813554238,0,1.0513255159182862,-0.037025210413322185,0.8711563814434218,0,1.0557436407221061,-0.21718834074422233,0.8487425256527903,-0.29740432587413324,0,-0.1150144570926237,-0.35815082647877805,-0.8308310530764675,0,-0.31845072187634216,0.037073812003064255,-0.25654843252249204,0,0.35398666032422854,0.22319806876193837,0,0,0,0,-0.08865469010342863,0,-0.05353075217360104,-0.07868313084830802,-0.11379827975207668,0,-0.4597521698255882,0.39567578419835137,-0.016449329064994522,0,0.003158498385455566,-0.007751210011037735,0,0,0,0],[0,0.21972386404911148,-0.0034757713170243676,0.017858383702481717,0,0.16233972871153313,-0.06936525781456382,0.10853062296603966,0,-0.12319276805608048,-0.25914997624076186,-0.30125861793733044,0,0,0,0,-0.17765485930538194,-0.256613300196352,0.01116213255378895,0,-0.4093000592722831,-0.1070683469851037,-0.2811800984197177,0,-0.4220048599444617,-0.3934164579215995,-0.4050729360477021,0,0,0,0,0,-0.15820790011529873,0.13360987465290108,-0.11990832036068078,0,-0.2567414699405788,-0.10674588275894692,-0.291156436428901,0,-0.102324718621567,-0.1869651422262013,-0.18334750919272302,0,0,0,0,0,0,0,0,0,0,0.5219223465159821,0.05976549011434784,0.5956807525660164,0,-0.23088218647018088,0.25436759427749767,0.03021465097712195,0,0.5662452269935585,0.15022700408555423,0.8068925401412503,0,0,0,0,0.6109905338712593,0,0.11465166165563545,0.4776590154096212,0.48654329216667414,0,-1.0962729359675905E-4,0.49163780275121916,0.39279657311716143,0,0.1164849309492837,0.3692064351290263,-0.18171808177627824,0,-0.20354607843425665,0.1001490431835288,-0.5500609247875126,0,-0.445162112952989,0.0896323801422314,-0.25091718737502156,0,-0.19246230598716796,-0.016489985656968464,0,0,0,0],[0.28918020663461697,0.06078265640002645,0.13370894527330535,0,-0.2457010150051886,0.06385930440140974,-0.16586867333691035,0,0.09198444850528276,0.0030250988854874095,0.04301086389119346,0,0,0,0,0,-0.02372501627868928,0.15290930569996952,0.05386383256478222,0,-0.2942489800674428,0.04246741315144398,-0.1527613363172442,0,-0.17784003511447555,0.09397082649961419,-0.14969791104226715,0,0,0,0,0,0,-0.8190205117463467,-0.015485798571855725,-0.4961656616799175,0,0.09009101305423073,0.33412814606242236,-0.033441385972944104,0,-0.16049381765138193,-0.053046701781106265,-0.21181342601984632,0,0,0,0,0,0,0,0,0.1416626581765943,0,-0.016777986360899888,0.2804637089815607,0.03970012157324554,0,0.02365767342307734,0.11266616299944765,0.09516356547625371,0,0.13337617521720624,0.27752737783375636,0,0,0,0,0.6100033127944613,0,0.6539969927911589,0.6221221855004959,0.34180569776882663,