{"modelSettings":{"letterOrder":"ACGT","bindingModeInteractions":[],"bindingModes":[{"fitLogActivity":true,"flankLength":0,"singleStrand":false,"size":10,"dinucleotideDistance":0,"componentName":"Binding mode 0","positionBias":false,"modifications":[]},{"fitLogActivity":true,"flankLength":0,"singleStrand":false,"size":10,"dinucleotideDistance":10,"componentName":"Binding mode 1","positionBias":false,"modifications":[]}],"letterComplement":"C-G,A-T"},"coefficients":{"bindingModeInteractions":[],"bindingModes":[{"mononucleotide":[0,0,0,0,0,0,0,0,0,0,0,0,0,0,0,0,0,0,0,0,0,0,0,0,0,0,0,0,0,0,0,0,0,0,0,0,0,0,0,0],"activity":[[-11.364944773309292]],"dinucleotide":[],"modifications":[]},{"mononucleotide":[-0.23068258641620787,-0.2080819104882825,-0.11529055317827597,0,-0.45378453419496045,-0.6876096840149306,-0.924261182099567,0,-1.9611065968250103,-3.004833186225798,-3.403137485025878,0,0,-5.313982852968812,-2.243728724353062,-4.349170079021312,0,-6.390442549699367,-5.6297199011381,-6.253249054951134,-2.358590558323911,-2.9977147925630865,-1.9428532161568866,0,-1.6008499510434526,-1.2905724271228598,-1.9075657617497184,0,-0.21512563654650663,-2.6468094962547326,0,-2.47151507492935,-0.3710817619551712,0,-0.07864264936018861,-0.5981479661589706,-0.5818394727022609,-0.21282482919978474,-0.6746795323962709,0],"activity":[[0]],"dinucleotide":[[-0.017093379538043685,0.3946714789790007,0.046830104951452345,0,0.06712735953819227,0.13942855720132608,0.2653867659775533,0,0.36588690188808703,0.2892785956074748,0.10643952466186546,0,0,0,0,0,-0.16218410752503232,0.014525346791618432,-0.38308726899008727,0,0.29987465710375005,-0.10343637885207713,0.0413604968355461,0,0.1427109495045631,0.12413888927482031,0.3108227224109914,0,0,0,0,0,0,0.7825821779734774,0.8617326655566706,0.895324599067953,0,0.9038756078758698,0.6884567979733358,0.9009183523971824,0,1.1155791762738039,0.8991302099872991,1.072473271239902,0,0,0,0,0,0,0,0,0,1.415340666414039,1.2333666668138417,1.3739067910257248,0,0.5735191911630899,0.3165798471371666,0.5509893230579781,0,1.109818124760995,0.8942974732699209,1.0372527736153572,0,0,0,0,0.8124041323960594,0.8225722050872903,1.0741788871361129,0,0.7515669650842778,0.6298906047774597,1.035122273415567,0,0.6677089228853106,0.7052846656302911,0.8535543052728771,0,-0.37540146910151284,1.1946287735506855,-0.30822349086235246,0,1.025277289456763,0.5372281263163785,0.5026152185957651,0,-0.7077587263687612,-0.18318490822973654,-1.0779475726938719,0,0,0,0,0,-0.012525341163001524,0.813321950182821,0,0.744972250718376,-0.3000336914150159,-0.0297898962580172,0,1.0166779099928283,0.8881507252526939,0.997457763223295,0,1.0395424343164104,0,0,0,0,-1.1337316142266594,0,-0.5753578883717791,-0.19775236442042443,0.5128796503868323,0,0.3400684735040844,0.3213173602540875,0,0,0,0,0.37525710409939617,0,0.26616182468536476,0.018684472751237635,-0.4453219753165474,0.0736276443915127,0.20572879091392737,0,0,0,0,0,0.05487336887056937,0.16975370532761325,0.3490292585279966,0,0.1105133064505166,0.22465458919834047,0.1617285446039003,0],[-0.3343209061153001,-0.059796866974588525,-0.4261915633933011,0,0.028581176927744867,0.19423248815661065,0.07496982481217529,0,-0.09619734888368425,0.056850185688774424,-0.22862553785848583,0,0,0,0,0,0,0.2344855435407176,0.24852864893382876,0.2557490785768106,0,0.06390331256552528,-0.11272744939598223,-0.19357166000129666,0,0.15387372441532943,0.04347855124141997,0.14158579821505057,0,0,0,0,0,0.7393752759887935,0.8441242190759457,0.8567150392862537,0,0.8542615095800663,0.9807738273162219,0.9433762701205168,0,1.0462058301954364,1.3138942942955447,1.147455641577448,0,0,0,0,0,0,0,0,0.3742655330126752,0.25057505744427644,0.3915638288669676,0,-0.12763422557549564,-0.34192184562087924,-0.042742593938683626,0,0.363286742418115,0.19352030018517397,0.3486840812810206,0,0,0,0,0,0.20950125478178094,0.25689082093556337,0.2349535690431388,0,0.21707714094603503,0.11464523361667922,0.34370554355141714,0,0.47774872273534896,0.3470896450188281,0.51745598785448,0,-0.12933669664923908,0.023568451095787424,0,-0.09931595610071131,0.9198298170247847,0.6848883200889286,0,0.3014188974777463,-0.3566540800507285,-0.5154567810794788,0,-0.34010821328360397,0,0,0,0,-0.2434262268702425,0,-0.018728161363159135,-0.10792040890937304,0.1454010087474238,0,-0.11959191478710007,0.33491012351785976,-0.0563498768939219,0,0.11334203009500499,0.2303436213928327,0,0,0,0,0.271309836608042,0.301509325120374,0.34063481972052845,0,0.13885008980476954,0.10951112992308332,-0.07133141062929749,0,0,0,0,0,0.3793136397368926,0.15696548805841903,0.15543831880488046,0],[0,0.024437789888056116,-0.03140695017749806,-0.030135296845223536,0,0.0042016457979698885,0.007909709158697709,-0.010186532105299406,0,-0.2278810318360147,-0.14707586416247587,-0.0017680900984373693,0,0,0,0,0,0.2019497415591296,0.07884676469138796,0.0288897323959727,0,0.14125325761144936,0.007244628987361779,0.14695521520898858,0,0.334577802179318,0.2564831518580686,0.2928939727866293,0,0,0,0,0.16030200283661067,0.41306614949009735,0.48921076048208256,0,0.37865090738963936,0.5953531318140799,0.6399403980734517,0,0.5556933997877218,0.8569941538213603,0.9039645078159975,0,0,0,0,0,0,0,0,0,0.2516538418060481,0.046122688551601954,0.15210255577748377,0,0.05443093233819685,-0.1935317885768617,0.047332155596808256,0,0.13303960077695365,6.919037199901723E-4,0.05326516856727359,0,0,0,0,0,0.30921311607353097,0.9228559954395497,0,0.6782948798758834,0.036327062581965386,0.650558148044424,0,0.40551475437337725,0.2619405821738905,0.848906368678298,0,0.6036813619966424,-0.3075190046539005,0,-0.04721140276673186,-0.21570787074024977,-0.4933222910473569,0,-0.3463054722816592,0.035390990205427464,-0.2732998073226254,0,0.09106176797936794,0.09182301566130047,0,0,0,0,-0.09657344394986911,-0.006478210873034573,0.07218212866876517,0,-0.35348809883698706,-0.3335470437190815,-0.5744894905001616,0,-0.04701522983030859,-0.011162864319377075,0.02744284851502954,0,0,0,0,0],[0,0.1610604787635843,0.009743434458462374,0.047392164625952304,0,0.10522604773054667,-0.025071708949720772,-0.030753509894998032,0,-0.012495751518045495,-0.12175246866751799,-0.1416741346208621,0,0,0,0,-0.05531732956416047,-0.08102240734121047,0.0137600078506539,0,-0.05805284672014821,0.024805944360333676,-0.006670616423923192,0,-0.04036848784780478,-0.0021507414978634287,-0.06695155800401231,0,0,0,0,0,0.03536755012680537,0.10650990972621788,0.11221830736895377,0,0.013320857135967756,-0.09157164053508637,-0.05179246399845461,0,0.22630894556693626,0.030393179771610157,0.28318611782737246,0,0,0,0,0,0,0,0,0,0.010361337836916285,0.34026301825672967,0,0.46481274903265835,-0.09702941120808806,-0.14634620285140265,0,-0.03746741446652635,-0.10490456063859899,0.23389404089619248,0,0.4936086709245693,0,0,0,0,0.3735119235283637,0,0.07571601443551401,0.33415469777594176,0.2400990361483517,0,0.019680884455292258,0.31895359570251536,0.320071743662913,0,0.07205682571485461,0.2890359811901426,-0.08736678423139299,-0.028865165121344738,-0.04577972543050368,0,-0.2391238221309644,0.008233081426631372,-0.17185571739099803,0,-0.1990142692069634,-0.11441704931333607,-0.1806879795875549,0,0,0,0,0],[0.06284347172703164,-0.20816862007525838,-0.06966394677609422,0,-0.07431950629627071,-0.09787969009206599,-0.04489045177212114,0,0.05012832936593625,-0.15136694791782812,-0.054385449061902236,0,0,0,0,0,0.1753970427346112,0.12905094962590002,0.1576517047070496,0,0.0048360529472013525,0.05871348131537735,0.025358372470173585,0,0.13922060037064465,0.08969739014651257,0.0918658217650945,0,0,0,0,0,0.038625780751774474,-0.3019449134387848,0,-0.3203412218760171,0.07005294819892427,-0.07150678072750782,0,-0.1341149421005534,-5.549656841123962E-4,-0.22909850410879606,0,-0.3338258880384597,0,0,0,0,0,0,0,0,0.022971900723271155,0,-0.08010451349753467,-0.033577209229206595,0.022850040950621597,0,0.059274185500700405,0.029663114657170198,-0.14119727340065413,0,-0.21617748731611464,-0.12222790534982497,0,0,0,0,-0.06792147829312078,