{"modelSettings":{"letterOrder":"ACGT","bindingModeInteractions":[],"bindingModes":[{"fitLogActivity":true,"flankLength":0,"singleStrand":false,"size":10,"dinucleotideDistance":0,"componentName":"Binding mode 0","positionBias":false,"modifications":[]},{"fitLogActivity":true,"flankLength":0,"singleStrand":false,"size":10,"dinucleotideDistance":10,"componentName":"Binding mode 1","positionBias":false,"modifications":[]}],"letterComplement":"C-G,A-T"},"coefficients":{"bindingModeInteractions":[],"bindingModes":[{"mononucleotide":[0,0,0,0,0,0,0,0,0,0,0,0,0,0,0,0,0,0,0,0,0,0,0,0,0,0,0,0,0,0,0,0,0,0,0,0,0,0,0,0],"activity":[[-12.698924231238728]],"dinucleotide":[],"modifications":[]},{"mononucleotide":[-0.189892087855835,-0.4494361964186844,-0.3102816208330239,0,-0.5218168763450723,-0.8044946374369228,-0.9928602716457,0,-2.4937685682624924,-4.007071428995417,-4.591439375138464,0,0,-6.729586082769371,-2.7829286108977573,-6.07607510625372,0,-10.269356979823268,-11.688248555865668,-9.188146883527756,-2.8351999251165783,-4.538215823724304,-2.0738347309961966,0,-1.94189329158705,-1.9044907664155737,-2.0081634198435516,0,-1.0207903030093952,-3.0282495892171903,0,-2.639949303231057,-0.46388219399697306,-0.14453206434042087,0,-0.8986329409572082,-0.6645889986392985,-0.1096352564713019,-0.4806208761723427,0],"activity":[[0]],"dinucleotide":[[0.07945472599913828,0.6765225763792895,0.14249504037799454,0,0.1969645877863364,0.41288839693772417,0.5084359785884089,0,0.6013217013122887,0.5913749281355489,0.3286278994660137,0,0,0,0,0,-0.45016861791534524,0.09367989006109312,-0.6238188669749825,0,0.16733150167027233,-0.0905980592982063,-0.15026666520519072,0,-0.179935960771191,0.12836848322200378,0.22470234645847142,0,0,0,0,0,0,1.482272760762628,1.188966177779447,1.728690831822611,0,1.7147152647237842,0.9964267806009186,1.9556719158458975,0,1.3503886754714856,1.3262166372885957,2.45767804674861,0,0,0,0,0,0,0,0,0,3.4686484098765327,2.7921641078014776,1.948581596027637,0,0.5133467030180636,2.0563600385350984,-0.8931842154543261,0,0.7075779815822827,1.7828571304829968,0.7215835122958243,0,0,0,0,-1.6225422302316446,-0.2578122478712057,-0.43806468270605237,0,-0.22690624777908397,0.8460894918858077,0.02077549924162625,0,-2.3202345469950902,-1.9342015083188393,-2.6302307068900106,0,-0.3849059757318658,1.727906812035025,-0.5789580844615427,0,1.5908001651646977,0.9340514879272508,0.7852745548530891,0,-0.9126692041443167,-0.23248418057580977,-2.1833311040478343,0,0,0,0,0,-0.05651903194749508,1.1835687576575307,0,0.9912128471478976,-0.44236313361938073,-0.07375732967240989,0,1.2579778361141916,1.1688293676367731,1.4100001370678044,0,1.2161157790949204,0,0,0,0,-0.7847103588442312,0.7667216059230846,0,0.5051096942067659,0.3428321442053912,-0.37497454390461726,0,-0.012403122197291339,0,0,0,0,0.15039739197799573,-0.3866048523576717,0,-0.43947206903164915,-0.4374872910661747,0.05560328597025066,0.037684769150990505,0,0.08611365901669643,-0.11799728637137807,-0.3877144940752224,0,0,0,0,0,0.18467537692405855,0.14326492403595648,-0.1221213699812882,0],[-0.4362812897914612,0.15578531453699362,-0.42490326052002025,0,0.08412559202108483,0.4932100758645426,0.12406844003976403,0,-0.16310554671640176,0.23060625176294636,-0.18877605579350032,0,0,0,0,0,0,0.34449292664981,0.3937454940028662,0.22135184794164786,0,0.14403995928072177,-0.17808780560930693,-0.39743546883411796,0,0.05254749634087652,0.07077702057347501,0.20892956925328043,0,0,0,0,0,-0.9676405442911893,3.124391926074578,3.525505552604516,0,2.2884947426728424,3.1410232621397363,3.2493415017660006,0,1.0452547790950995,4.670870505993749,3.8126822231475757,0,0,0,0,0,0,0,0,-0.5675231760273913,0.2591115523810288,-0.20056934774076218,0,-0.2979828317743065,-0.3086874920933216,-0.3318345122218691,0,-0.33987097584360626,0.2734854260087758,0.7846495426186504,0,0,0,0,0,-2.283083900517642,-0.19978347831814958,-3.0931053515852653,0,2.4128317246754367,0.803832690632607,-0.003970581303635257,0,4.4346402464525925,-1.5366213983697286,-0.3957512904872349,0,-0.22819332968768968,0.1215650770161476,0,-0.22571240072983123,1.280621508946754,0.9882268177878819,0,0.277177305697359,-0.7020881582642318,-0.8381250419564283,0,-0.39791790476420896,0,0,0,0,-0.4091390258955192,0.020889792012251718,0,-0.025291487423361403,0.34298648046016655,0.284631537464886,0,0.7024400909730257,-0.3638969056977972,-0.15655995523053612,0,0.10311391926604507,0,0,0,0,0.4835849911565635,0.4495013530445595,0.5938444871677415,0,0.2476914678177753,0.13153042423498018,-0.03312910125853019,0,0,0,0,0,0.6287247269853813,0.25975275218421956,0.2626722341937757,0],[0,-0.025430240269054494,0.07700393819674467,-6.320708831886179E-4,0,-0.19753547024925666,-0.006987991448234254,0.17637438781961556,0,-0.12232914667006156,-0.1229361904838715,0.15191457856594326,0,0,0,0,0,1.8597402609462907,0.7026398111293979,-2.21217186488,0,0.43927034091322703,-0.16477780256586527,0.29287788774535706,0,3.0675363386421957,0.6265132855006499,-2.169284365047421,0,0,0,0,0.33562214066806906,0.7653425278090786,0.821481843151151,0,0.5789382104951075,1.1738894080840172,0.5510297834005895,0,0.7530606392401218,1.4313984412551441,1.199583059299976,0,0,0,0,0,0,0,0,0,0.09084626669478446,0.171586798082501,-0.8257681463648581,0,-0.08663872461357869,-0.2244946549101039,-0.1778612878770316,0,0.15597900504928752,0.00652290384124754,-0.42769577652753377,0,0,0,0,0,2.714879381563838,2.0480037350825633,0,1.7528789894641328,2.0137106550314687,2.3432154739066533,0,1.8412909236458646,2.691630206887665,2.1452146140252957,0,3.919770217277116,-0.29511763643942057,4.828921309254497E-4,0,-0.33215725900146076,-0.31595069571424084,0.3336055744963371,0,0.4521045883910144,-0.6052524511902417,-0.5096592707147494,0,-0.1493157325959853,0,0,0,0,-0.065487206626476,-0.022564345390842178,0.06802481155700502,0,-0.5011990352355111,-0.5065007785573581,-0.8159593778216818,0,-0.14833560027849568,-0.10943274104794476,-0.009123062392435877,0,0,0,0,0],[0,0.7633676044671134,0.6782864172365013,1.2330856080010921,0,-0.3308921358351924,0.05177021113415492,0.18147485719715917,0,0.9796770431769204,0.22698361674644474,1.250353879750703,0,0,0,0,-0.24177198420891877,-0.1966236004359132,-0.04753072672971825,0,-0.27731954391972025,-0.016507061823052283,-0.23259657696072367,0,-0.19746948678528575,-0.06933264785046589,-0.22942356711712364,0,0,0,0,0,0.17242347908412015,0.2769211489007706,0.13000738765952136,0,-0.1603952982816832,-0.10635600777685905,-0.3617188033504064,0,0.41998445720628297,0.37469148603842406,0.3101923122245811,0,0,0,0,0,0,0,0,0,0.8189903856088954,0.2646571145162966,0,0.8677188726273819,-0.019685844327200996,-0.15964744106325046,0,-0.014702876537457499,0.28381877755715124,0.03856817754916264,0,1.0383571339255289,0,0,0,0,1.293641835046543,-0.7947372207849028,0,0.08988588152100263,0.4637458884630288,0.035064322145329285,0,3.6610740009187825,0.2554360277753709,1.2476343415073021,0,1.6272694828150556,-0.0683385686464133,-0.025051782431095404,-0.14004260580836903,0,-0.2957698095842636,0.03515127802124063,-0.24070665368244004,0,-0.15831947932828871,-0.1502117267911416,-0.11036994202943351,0,0,0,0,0],[0.18087391604254677,-0.08661333668909599,0.06576401482302785,0,-0.032576412674726996,-0.033986809445940125,-0.028503295890443425,0,0.05260240839754893,-0.15629842959325124,-0.06509752102100919,0,0,0,0,0,0.03951656778035506,0.07322287622763923,0.08837373951994643,0,-0.1625584262034927,-0.04485684621687369,-0.10961430226766922,0,-0.09515125405589941,-0.02529063845078383,-0.08560840372630629,0,0,0,0,0,0.02522946660044223,-0.18741222639456012,0,-0.22391778520784822,0.1605144550262434,0.1007868371214462,0,-0.12816530854996522,-0.003232958344792536,0.03456443125801911,0,-0.020643004924055575,0,0,0,0,0,0,0,0,0.269146109203783,0.03312230274647021,0,0.300345119561678,0.012125310346422502,-0.0729891587229794,0,0.0638129360135089,0.4574710489447025,0.24575218561808043,0,0.3008710426251522,0,0,0,0,0.6779873369767557,0.04252751627166873,0.5673303806675953,0,-2.6492473641793204,