{"modelSettings":{"letterOrder":"ACGT","bindingModeInteractions":[],"bindingModes":[{"fitLogActivity":true,"flankLength":0,"singleStrand":false,"size":10,"dinucleotideDistance":0,"componentName":"Binding mode 0","positionBias":false,"modifications":[]},{"fitLogActivity":true,"flankLength":0,"singleStrand":false,"size":10,"dinucleotideDistance":14,"componentName":"Binding mode 1","positionBias":false,"modifications":[]}],"letterComplement":"C-G,A-T"},"coefficients":{"bindingModeInteractions":[],"bindingModes":[{"mononucleotide":[0,0,0,0,0,0,0,0,0,0,0,0,0,0,0,0,0,0,0,0,0,0,0,0,0,0,0,0,0,0,0,0,0,0,0,0,0,0,0,0],"activity":[[-7.050072941558533]],"dinucleotide":[],"modifications":[]},{"mononucleotide":[-1.5277817100310047,-1.6516902001268017,-1.5450004479904633,0,-0.8198864505090291,-0.5300873185545889,0,-1.203551109728135,-2.645236940153469,-0.33683257295759805,-4.545949893317765,0,0,-1.9295169991000138,-2.975284971314475,-2.9221657316794576,0,-3.54071297912231,-3.216923760274758,-3.424919878714903,-2.780600352066535,-6.622558808641983,-4.39205395545798,0,-8.953430824043776,-3.9075988574739866,-7.206576542750483,0,0,-8.1003047852731,-5.592144390111376,-1.6731199148800204,-0.3013183158479995,-0.7699767659650649,0,-0.840385856282027,-1.8991880430194716,-0.9619317753495129,-1.0147495042425665,0],"activity":[[0]],"dinucleotide":[[0.0853642465713893,0.11718108547747175,0,-0.12048212001836234,0.12135267509668424,0.5454707496865221,0,0.2890548577557759,0.003950025259495504,0.2702032194097157,0,0.5403971669231424,0,0,0,0,0.12966586209610398,-0.20249608022309085,0.6090217933468818,0,1.0503587799592125,0.6451103015807762,1.2591491100648557,0,0,0,0,0,1.1496468235302615,0.8711717595168058,1.7421309477723383,0,0,0.007793261870423507,0.6733501078099682,0.43530798565104334,0,-0.8132614432923724,0.12026253011063925,-0.3066966859352416,0,0.026762672539076604,-0.9279405489386043,-0.48527869807525725,0,0,0,0,0,0,0,0,0,-1.7382371676121622,0.8293434319373905,-0.9470358655592346,0,0.2979012476483014,0.7840615891777425,0.5469720499522168,0,-0.27886644151936224,1.368485125576429,-0.5244155161010315,0,0,0,0,-0.5913420005569048,1.4538707036061016,-1.2433631954204074,0,-0.7285499548764225,0.9981973432332865,-0.25257087242380294,0,0.9273736192062181,1.2173526896822597,0.2026381953006826,0,1.4598023777851274,-0.6267284176454595,2.26197797610018,0,2.3423561650756426,3.5396799642210635,5.8054474236295,0,2.56433968334707,2.4676132618424855,4.632094853320853,0,0,0,0,0,0,3.064771001677091,5.58947807960358,0.5709109440778448,0,1.6273755887415273,1.930887061171731,2.021110451249624,0,2.357270564707365,2.9931356093417882,1.8067637644290677,0,0,0,0,0,0,0,0,2.1935758270429533,0.5844609572679165,0,-0.025234412300282116,1.1841492981344377,-1.509212111878755,0,-1.2261836990164108,-0.6785358637363674,-1.3138084023069503,0,-1.2093982996196093,1.005864632014279,0.11031303511310497,0.2486191889407987,0,0.330016566938518,0.011984844733071487,0.6133124061573039,0,0,0,0,0,0.89733719361235,0.8586858435771862,0.8714032886169454,0],[0.2954937404678524,0.6899640146793509,1.088181787109468,0,0.004893503844138891,-0.0997313090288996,-0.046796509968883626,0,0.10041505280077168,0.052471824513943055,0.46118301388499106,0,0,0,0,0,0,0.526285773797242,0.8125012752298062,0.2675686238531645,0,0.06830310005990636,-0.4941131573766615,-0.01967538396938906,0,0,0,0,0,-0.4138025064340862,0.02129333486836238,-0.7569040182643434,0,0.3618325420056916,0.502278336779403,0.07820268205399472,0,0.1990793566787863,-0.7848915324888188,0.6689385423164493,0,1.0239364521841505,-0.37847690554352376,-0.9678315708117466,0,0,0,0,0,0,0,0,1.9351217945384023,0.27633999661895814,0.18033423053134,0,-0.5425567544808274,0.22450569407023657,1.3224445509463436,0,3.838946562151057,1.5544812591031274,0.029274418323803175,0,0,0,0,0,4.041995079207629,0.9882233672035987,0.9554079272513878,0,1.9265853668344626,0.12194542650492046,1.4275365847198547,0,3.153230051897971,0.45168974849553045,0.5839458652051821,0,0,6.079224279516948,1.9485882214255028,2.5262815052124523,0,3.0617244653375533,3.9849345734614907,2.15840256915474,0,5.474031285486237,3.309701915214136,-0.002104204029881984,0,0,0,0,-2.3772603835786796,-1.0385235871189415,0,0.1237835163335319,0.6493458410909736,1.2469955090349139,0,0.7167054895965563,-0.8788312849402766,0.1829240172377773,0,0.7898307410347423,0,0,0,0,0,0,0,0,-0.22814301506160106,-1.125551151730539,-0.24491601377722816,0,0.9772379217583929,-0.45469451529051064,1.1199163053169592,0,-0.22025905584098915,-0.22451860765977383,-0.12071028975313869,0],[0,0.3301583290518231,1.1387186087139978,0.8738054104540569,0,0.28323155852013837,0.2190417088565173,0.4062051443860035,0,0.5538931835518417,0.8107172141959977,0.41871833537061853,0,0,0,0,0,1.077983749140321,0.6141381162222093,0.4611169899571248,0,0.1824607147461612,-1.1007907760221927,0.31614272575605895,0,0,0,0,0,0.13465798043073818,-1.1371955969114218,0.27731110173934503,1.584947669957323,2.205825965909254,3.2830522873251655,0,-0.6286434164201271,0.2722111619263625,1.6161806662815623,0,2.162017237085781,2.9291806050601146,3.741186197587835,0,0,0,0,0,0,0,0,0,-2.4095060947063622,-0.10725640286387872,1.0068107984040289,0,-1.8438460409799742,0.19672553561104777,1.0684560790873956,0,-3.673110393880215,-1.0748665724698316,-0.08876579865097511,0,0,0,0,0,0,3.180674566887122,-0.02039250650117097,-0.3773635976629208,0,-0.0761301471659106,-0.37129879431749835,-0.20695879268574835,0,2.023401922578671,0.060055406965245695,-0.48002598381440187,-1.8733899332240953,-1.0660904535564333,0,-1.5095042858985068,0.892051121386265,1.2983959967568204,0,-0.3062489706304721,0.3399272407765457,-0.11268328396642602,0,-0.09503354933578922,0,0,0,0,2.164695749977417,4.243201706873538,3.222605284592282,0,0.1180972540293137,-0.16630722407673915,-0.4304077729059905,0,2.4808669983121323,1.2013120065860203,1.5412788269184219,0,0,0,0,0],[0,0.634629209056742,-0.2255446401770005,0.2617264893876463,0,-0.2607994255020305,0.5015934487958678,0.06783884455227529,0,0.3486546601608982,-0.20984411878575138,0.35219054552586115,0,0,0,0,0.38277138218132656,0.15731346835444704,0.653224533566803,0,-0.8870281043987007,-1.4461774006255155,-1.6013975154565188,0,0,0,0,0,-0.21531185074381698,1.3263625048110566,-1.4903199636284121,0,2.200167154685346,-1.0116706681854293,1.715028516587811,0,-0.021307195021414316,-0.046676033463285194,-0.9797941192716975,0,0.830860363937731,-1.7456110799452986,1.4332639058239174,0,0,0,0,0,0,0,0,0,0,1.7301133752427091,1.5438859359132255,-0.1307388066349846,0,0.9009412763461828,1.639851817531179,0.15601867701080074,0,-0.44559396428184606,0.6647071660218504,0.16510165825773981,0,0,0,0,1.039858406403443,0.2717308344032672,0,0.8214666820875638,0.4271253342928931,-0.60645879850484,0,0.39185128990756857,0.2568853308966421,-0.18731722347956126,0,0.538535607179575,-0.8577758988132249,-1.6044193757171623,-1.0360789264982193,0,-1.0767176109632821,-0.13238318390691894,-0.6974965112924689,0,-2.3167855635631263,-1.5671435535106308,-1.2121444423290555,0,0,0,0,0],[0.41687112497726764,0.20678649053780784,-0.7666874637081147,0,0.3867260049585344,1.9091626285547116,1.5902580931820438,0,-0.9162827939699998,-0.6971576777668567,-0.6931876782611983,0,0,0,0,0,0.9070559740762718,0.7523496592750627,0.4390448710161081,0,0.11081147532469693,0.316307350984836,-1.0319729353275005,0,0,0,0,0,0.37357545305231454,-0.6554135456461179,-0.9282655481568209,0,0,-1.8472843403998223,-4.3982629312245365,-0.4949689784135156,0,-2.7306994754665794,-0.3479132538116092,-0.010895417903227234,0,-1.359770203540215,-1.5263052072243148,0.29749032936999953,0,0,0,0,0,0,0,0,0.0440790501818471,0.4796601301215855,0,0.7441041000000577,-0.12161183447402824,0.10489821109305009,0,0.07680791724783997,0.2967432383166466,0.0680013457950297,0,-0.08812849379949661,0,0,0,0,-0.39162723418595036,-0.8529779592358429,-0.04593525528810183,0,0.4113055492466593,-0.062339250138432334,-0.2491159507577736,0,-0.25525865296638095,-0.056946928144391507,0.3024097909538135,0],