{"modelSettings":{"letterOrder":"ACGT","bindingModeInteractions":[],"bindingModes":[{"fitLogActivity":true,"flankLength":0,"singleStrand":false,"size":10,"dinucleotideDistance":0,"componentName":"Binding mode 0","positionBias":false,"modifications":[]},{"fitLogActivity":true,"flankLength":0,"singleStrand":false,"size":10,"dinucleotideDistance":10,"componentName":"Binding mode 1","positionBias":false,"modifications":[]}],"letterComplement":"C-G,A-T"},"coefficients":{"bindingModeInteractions":[],"bindingModes":[{"mononucleotide":[0,0,0,0,0,0,0,0,0,0,0,0,0,0,0,0,0,0,0,0,0,0,0,0,0,0,0,0,0,0,0,0,0,0,0,0,0,0,0,0],"activity":[[-13.81887520198532]],"dinucleotide":[],"modifications":[]},{"mononucleotide":[-0.3011131701558276,-0.49649839446264465,-0.10434971543438099,0,-0.642406630283926,-1.148625657150341,-1.1859529254482075,0,-2.3932820289884544,-3.9822895537921568,-4.3784581836402765,0,0,-6.251939986539131,-3.1213008642336226,-5.53639178178117,0,-7.009299722896808,-6.719753124142702,-6.621694609383498,-3.084180795081949,-2.8987280992422884,-3.311586712709272,0,-1.8320988274085177,-2.277922151059443,-1.4555513403686777,0,0,-3.2447439098896034,-0.2850101466292301,-2.738187354601621,-1.3706570412007835,0,-0.5150230007546488,-0.7217007266013,-0.38125872599695376,0,-0.8101948585318046,-0.179551887933465],"activity":[[0]],"dinucleotide":[[0.1285596506591844,0.37864936072708844,0.07889752111246517,0,0.17150334325847516,0.2980890351118872,0.36856778919657884,0,0.4904451036722286,0.3644997944907705,0.23178734670373613,0,0,0,0,0,-0.33216578159255583,0.012598711752358938,-0.3695043413180663,0,0.23793969014312033,0.1248309948481916,0.10062750374219487,0,-0.08022358460388634,0.1357455402275889,0.2078159988052768,0,0,0,0,0,0,0.920438908648717,0.9825314183745721,0.8649929065664299,0,1.1137060430348278,0.9372619607111812,1.0106039931614639,0,1.2626977133750525,1.1428573149812191,1.1648974086322283,0,0,0,0,0,0,0,0,0,1.5800912813207812,1.4612036389027274,1.4996878323227527,0,0.9370797744850385,0.7540195649461428,0.8549363924110445,0,1.4329616011573698,1.3112724772159599,1.351540679374148,0,0,0,0,0.9430761784605846,0.9087038546327335,1.0693242163384475,0,0.9500165906142239,0.9359368921478506,1.1001768805546845,0,0.8648333621790076,0.8769186603904195,0.9875678215224042,0,-0.15499853205315173,1.2715764711089408,-0.15171925161754007,0,1.117722324518823,0.7148530751098772,0.7362430440733343,0,-0.5707973637236972,-0.05263972107174375,-0.8486807753185612,0,0,0,0,0,0,0.8777178915916748,-0.1560088075025967,0.6544545982428209,0,0.4123657070494442,0.2649522572515144,1.1410477866209394,0,0.28766735807003574,-0.9318709634366624,0.07041371574811972,0,0,0,0,0,0,0,0,1.4128144699209573,0,0.8213992762261597,0.420628732183423,1.0848309486013643,0,0.6655373282521747,0.2843295582094132,1.4806760342264456,0,0.9217307953737768,0.31626437196913404,-0.34560102564707673,0,0.13240689721901422,-0.037568444164643555,0,0,0,0,-0.09930658791099689,0,0.18242733453058735,-0.09056913979802328,-0.08330504281099427,0,0.007917717509859479,-0.10241989423866582],[-0.2636060798327735,-0.002786082480998431,-0.27269657371424394,0,0.07612670224589824,0.26387666544155586,0.14993858206237753,0,-0.10643822718825913,0.042742978400140075,-0.1994721838945921,0,0,0,0,0,0,0.34371124785643303,0.3135945880115747,0.3167152879175905,0,0.19906097311832838,-0.08708270470968316,0.05922860538227237,0,0.23617228825991354,0.058706388603338766,0.19377713456620782,0,0,0,0,0,0.8607796523096312,0.8742455108054905,0.8505850889424735,0,1.1624857553736678,1.170246861722573,1.1235053795730536,0,1.2550054236030945,1.310546604704502,1.2203849644269695,0,0,0,0,0,0,0,0,0.5658457207648766,0.5457731909269832,0.688856185288703,0,-0.20046961233195226,-0.19449683827356345,0.058008418901328795,0,0.5018215187025472,0.43510009731065935,0.5986567762613575,0,0,0,0,0,0.3899584613241238,0.4409502668820835,0.46734902380389354,0,0.3822801832780858,0.3721468799007468,0.4712090124547723,0,0.48842226555721435,0.40393879963403556,0.49340594031863017,0,0,0.16933353922860483,0.16378429170655462,0.048526522916526815,0,-0.22917095131573806,-0.8778883364123562,-0.6946137645134867,0,0.1267826179587841,0.48163289880253934,0.05180782210869861,0,0,0,0,-0.2054900592227189,0,-0.06435061806872655,-0.008503748695120272,0.03994049785345677,0,-0.2637206583039271,0.3082251187857592,-0.12298304574655328,0,0.12141401276045105,0.2216913344434075,0,0,0,0,0,0,0,0,0.04295711874433117,0,0.04179551860088271,0.19234025496717244,-0.02527318540471124,0,0.08406664890879867,0.31341241243831186,0.30109772855180506,0,0.1917546868627884,0.216412681792439],[0,0.10553998214719051,0.07549055776758484,0.06628663153035674,0,0.12880776755017997,0.0511891683963106,0.11554586076698037,0,-0.1699999295218273,-0.10741833730625538,-0.11037826607198653,0,0,0,0,0,0.14065624070337712,0.08633039817697785,0.031406814925139415,0,0.24197815589014038,0.07943249725284574,0.20392972582365942,0,0.3348831512390884,0.2694218923956573,0.25439119183823244,0,0,0,0,0.25301830727280183,0.6420500588789633,0.6468787735764341,0,0.4818078885774515,0.852559886594574,0.8235751396609281,0,0.6187431000590724,1.0746254891549913,1.0289395621223871,0,0,0,0,0,0,0,0,0,0.28458079858889374,0.20906694570809847,0.2513286439902913,0,-0.030199100543848445,-0.20752486199824638,0.07127950802841454,0,0.2705529081903606,0.14637967650301498,0.19845119568219172,0,0,0,0,0,0,0.7740661071876094,-0.12293870782804639,0.5819526770226986,0,0.8146919886195398,0.03669852335856394,0.614739454656684,0,0.7526691995263413,-0.10553542732226173,0.5643732331224669,-0.2618634601009697,0,-0.01998308657412018,-0.19405319729008497,-0.6285561124527064,0,-0.38350164013356824,0.04402044628309998,-0.21074756132989414,0,0.1811081125992704,0.13608566150765622,0,0,0,0,-0.025838464004145134,0,0.06478420200872259,-0.010094945904438823,-0.04616570569022027,0,-0.23941866699257996,0.34815507897274767,-0.05563975374831953,0,0.046357129142205356,-0.006580302534782589,0,0,0,0],[0,0.14248025154171273,0.08051569738757891,0.09076862036051914,0,0.06099681446621652,-0.04147244897736613,0.040961767906615876,0,-0.10013988898850101,-0.13121762420161254,-0.1363560087747473,0,0,0,0,-0.13391610735670678,-0.10973126867194427,-0.06292843115046942,0,-0.11935141448528963,-0.034418150034392525,-0.06565910275253373,0,-0.16586550129157995,-0.12250632136298911,-0.1779277369809691,0,0,0,0,0,0.0275150080000941,0.051054649347554104,0.11022712461097939,0,0.05634929980747483,0.05677588270296319,0.003638128258994122,0,0.165643701113388,0.07957907863699809,0.21329005996862538,0,0,0,0,0,0,0,0,0,0,0.3925048506863149,-0.01364044392242203,0.42733500561180193,0,-0.045472871204113474,0.1384123941955746,0.053014905097256815,0,0.36102872511341566,0.017494327844885582,0.459477370645649,0,0,0,0,0.40050079679185213,0,0.12322487206277088,0.3379721940445215,0.3554620371870447,0,0.10825667148697349,0.33272627204215866,0.3477827074385509,0,0.11962385659815489,0.29393811896732025,-0.013816757686523573,0,0.02490578078448369,0.08120246367490269,-0.23405985092350967,0,-0.1974911329713711,-0.05408235432527064,-0.07705213740318939,0,0.0026100572677032474,0.07091735707320268,0,0,0,0],[0.10976883362929124,-0.06739887028914104,0.06328928536965694,0,-0.026136241826918205,-0.03372286091697685,0.037558145163450796,0,-0.005144002115139212,-0.12225911982773052,-0.05385721190764148,0,0,0,0,0,0.11520593165230641,0.1281424317537696,0.1547540161705534,0,0.06510839737758767,0.10365271565300072,0.11778462559939173,0,0.08634305223042471,0.06584999335638608,0.09105439623279388,0,0,0,0,0,0,-0.370955215293038,0.006724515831301403,-0.3351977686319225,0,0.01507857480554975,0.10369485417582869,-0.0920903097707626,0,-0.04036300380921176,0.08441358151786549,-0.1898725223721911,0,0,0,0,0,0,0,0,0.2289009180612478,0,0.0813046426265025,0.18004698076169312,0.07166873111343541,0,0.03192602316854565,0.06979677903057624,0.10189525910130381,0,-0.03420668440019092,0.09445008536264865,0,0,0,0,0.3389883271318084,0,0.45705587367258005,0.15000304843033518,