{"modelSettings":{"letterOrder":"ACGT","bindingModeInteractions":[],"bindingModes":[{"fitLogActivity":true,"flankLength":0,"singleStrand":false,"size":10,"dinucleotideDistance":0,"componentName":"Binding mode 0","positionBias":false,"modifications":[]},{"fitLogActivity":true,"flankLength":0,"singleStrand":false,"size":10,"dinucleotideDistance":10,"componentName":"Binding mode 1","positionBias":false,"modifications":[]}],"letterComplement":"C-G,A-T"},"coefficients":{"bindingModeInteractions":[],"bindingModes":[{"mononucleotide":[0,0,0,0,0,0,0,0,0,0,0,0,0,0,0,0,0,0,0,0,0,0,0,0,0,0,0,0,0,0,0,0,0,0,0,0,0,0,0,0],"activity":[[-12.476237112179225]],"dinucleotide":[],"modifications":[]},{"mononucleotide":[-0.28174312809910074,-0.5379575777966306,-0.2982266372793605,0,-0.35207854466846644,-0.6982094825880658,-0.9325693488769868,0,-2.457515532110653,-4.132533606644428,-4.748688561677106,0,0,-8.048854017941817,-3.004317732900592,-7.15335219729918,0,-13.798057424412507,-10.024124779974676,-9.311328737068807,-2.629088131614397,-4.393766468812011,-2.036977521034098,0,-2.020064559915437,-1.7397520205948167,-2.4472314014488123,0,-1.138078657145961,-2.9941879932932522,0,-2.625483421566872,-0.4137792982976576,-0.3570998547734705,0,-0.7967889768377496,-0.6917890563536853,-0.18584631755052605,-0.4801804303736361,0],"activity":[[0]],"dinucleotide":[[0.05860767955945434,0.5876733302382657,-0.003714783185831294,0,0.16675362349156675,0.34952436171782786,0.5018797967769206,0,0.5892670121656192,0.5258864558385836,0.29233526167521884,0,0,0,0,0,-0.6959634158971406,-0.17106557909803666,-0.6133986482435771,0,0.1453558688574308,-0.156310517904501,-0.1197265066347164,0,-0.35074018237546056,0.013961342235026208,0.2864525847574111,0,0,0,0,0,0,0.5920310275530287,1.2493752618620988,0.7183778351314949,0,2.0571283470476907,1.3914283806969863,1.4519413081328523,0,2.2107175014218434,1.5049550526256255,2.002191256749148,0,0,0,0,0,0,0,0,0,-1.1696144988090893,-0.49788847120918334,-2.363503751210839,0,-3.127898502214606,1.118574530495204,-3.8827636476811325,0,-1.700836742030706,-0.17175180587539884,-3.040216987842161,0,0,0,0,3.5722630943098093,0.271248301025949,3.128991397625379,0,-0.041266910370961085,1.1884343142943923,-0.10418590749711676,0,0.9045779988774445,-1.2908712950806471,1.1675451528560998,0,-0.3963342696905565,1.5906055991187715,-0.5660619360116268,0,0.8145992197387182,0.7918892760073364,0.3736473409615382,0,-0.749600040253287,-0.3629801813349429,-1.5594094340580078,0,0,0,0,0,-0.5444603796366421,1.0651443506314155,0,1.024383762499288,-0.4860299990852486,-0.20187266772505286,0,1.246420659463043,1.0075131793405836,1.382071195507824,0,1.1749605346562646,0,0,0,0,-0.4774767927674892,1.0721734861678875,0,0.7302187854577111,0.4310523309436034,-0.05228744368205174,0,-0.002290202747976977,0,0,0,0,0.17400352019932797,-0.21283985598427435,0,-0.3185922748386396,-0.47200546491369355,0.0016301056933221147,-0.03172824790798057,0,0.026016673417646352,0.04263055790729009,-0.421180638660239,0,0,0,0,0,0.07109503336532796,0.15402264696794177,-0.3162733804290392,0],[-0.5523838986431242,0.13021746699114356,-0.5063243447639953,0,0.10006318304670359,0.48182388219657213,0.19918603581971972,0,-0.17117024699523764,0.20615458820624344,-0.29576208897704515,0,0,0,0,0,0,0.6118024965472308,0.4924045651185631,0.929892278981912,0,0.6346720367526828,-0.13462332227583573,0.1939138596252743,0,0.5255778910755602,0.23026333569876023,1.0034801416841788,0,0,0,0,0,6.610834848171244,3.8042583523672437,7.0734791933087955,0,2.6042571835644104,2.8197544441014504,2.6943220747956325,0,5.238312714483854,4.7171289745340435,6.2621473669228,0,0,0,0,0,0,0,0,-0.33473323987742987,0.6667032297196585,0.2355984273249483,0,-0.24163703266662928,-0.24044329071948045,-0.22256071414449607,0,0.8870592068358238,1.0137953082149682,1.0101086391102552,0,0,0,0,0,6.167671478004728,0.8875898419839565,4.833368921006674,0,2.2247440202630955,0.6365090800031084,0.5508633834929526,0,4.458907553345591,0.6437340975163579,4.438912800693149,0,-0.2304595009065098,-0.19754476941293753,0,-0.4939137563040541,0.9176629174403228,1.245875352827147,0,0.5104248897987693,-0.46283914579177843,-0.8992295880147108,0,-0.6270575918859462,0,0,0,0,-0.19143287450265678,0.20337871071820413,0,0.11437542396077838,0.24406954690611204,0.1975951712260926,0,0.6917125697320348,-0.10633349649249269,0.2073276315480026,0,0.3570704713561197,0,0,0,0,0.475491250509708,0.4780619636277752,0.6498903571106487,0,0.29041575827326405,0.17690193390527043,-0.11667747467350065,0,0,0,0,0,0.5900204071471213,0.2917812450553834,0.24256779112537963,0],[0,0.2605556510491809,0.12068761583127863,-0.0017175390030255144,0,0.17672306322548081,0.0683940808023511,-0.11890877118505383,0,-0.24535995633997487,-0.1282864178040457,0.16484717746885913,0,0,0,0,0,-1.0219969146380716,0.539527737994776,-1.2466979131995206,0,-1.9928814057860311,-0.7359037221441049,-2.7773018452570586,0,-1.60656096985673,-0.036257274190283795,-2.59980905316214,0,0,0,0,0.42484111260223223,1.1401224028265204,0.8772436501304473,0,0.34451789526700516,1.1920866405566048,0.7529314301595225,0,0.6247790171946228,1.4522315742760101,1.3355766550917085,0,0,0,0,0,0,0,0,0,-0.3760011456244037,0.41856798558404407,-0.9871849272693662,0,-0.1902872998203824,-0.28648558404167357,-0.2597566334531862,0,-0.06368202878118012,0.3463937236796628,-0.08884120749788593,0,0,0,0,0,-2.742022519525788,2.588976624341969,0,1.9956016434351902,0.8365071431957993,2.4825960175765722,0,1.9168966829428697,-1.4564254908346737,2.4465638208652614,0,0.7830667810551049,-0.3680887644654689,0.07779658886997165,0,-0.4036422525959411,-0.0040798248598168385,0.39888071854777163,0,0.38707147148735377,-0.6032817616297805,-0.25629741927320016,0,-0.21397250336323648,0,0,0,0,-0.04564357839900257,-0.07853387881159168,0.2227236069820444,0,-0.48796538546840473,-0.5145449788863905,-0.7231678271689876,0,-0.014412811887470234,0.007349363980226897,0.03597261057708412,0,0,0,0,0],[0,0.09441927556927787,0.6963382576008996,0.004196595416850357,0,-0.16239771001294478,-0.13667814527954647,-0.5463419324608942,0,-0.6222029434338694,-0.1773663766844784,-0.8695555554420693,0,0,0,0,-0.24540093155244502,-0.17034827381954276,-0.16250908047718315,0,-0.4050838362717908,-0.24914236233374432,-0.3306433820189216,0,-0.24285809633880362,-0.19075281902378194,-0.2989774310202673,0,0,0,0,0,0.26831496510970076,0.30934897311897114,0.3198602288648029,0,0.03330005548041548,0.013193565030061194,-0.288112152980176,0,0.6176647436210452,0.42928373817632703,0.6911344014638381,0,0,0,0,0,0,0,0,0,0.5044330697602515,0.7997637310829315,0,2.340982355828597,-0.12438151493331784,-0.0860953054932061,0,0.1253562499721772,-0.05919087551325397,0.8083195420978004,0,2.377364346938813,0,0,0,0,0.39552817469790824,0.9088266377123695,0,1.1580203576113828,0.03884454539321425,-0.08270728791592674,0,2.476364045781862,0.6485498443630959,1.0562498259167405,0,1.2449139466384622,-0.08315599018691344,-0.041423034397535474,-0.09242544444662126,0,-0.3428398879009844,-0.04303723483002031,-0.1685888356430585,0,-0.060368122525014556,-0.016666366968408397,-0.12420092565911833,0,0,0,0,0],[0.23340597020060816,-0.06640098123263893,0.12770512899467956,0,-0.001265022651571357,-0.06168992500464476,0.018399446146149856,0,0.027067282323286257,-0.18423865377669113,-0.05556931292183176,0,0,0,0,0,0.022831571036468823,0.1014308968325528,0.1705785469783292,0,-0.13886644568649942,0.020804174192983638,-0.05043029306711766,0,-0.09448399553006048,0.031078063935217948,0.02593730976375319,0,0,0,0,0,-0.13081911241395172,-0.10818180293554391,0,-0.2966858107170216,0.1089664300813773,0.15923725376932651,0,0.1757235421716663,-0.0965367740147638,0.12593229979619736,0,-0.17589372527230474,0,0,0,0,0,0,0,0,0.5624459578859531,0.697655195654689,0,1.141352320744602,-0.015389757624390654,-0.06574923788083797,0,0.13439773983566727,0.49266122787631517,0.746266551238751,0,0.8669935440787668,0,0,0,0,-0.0863213883414069,-0.0983070319242092,0.33782721884553446,0,-1.6895095840362515,-1.0299947669378327,