{"modelSettings":{"letterOrder":"ACGT","bindingModeInteractions":[],"bindingModes":[{"fitLogActivity":true,"flankLength":0,"singleStrand":false,"size":10,"dinucleotideDistance":0,"componentName":"Binding mode 0","positionBias":false,"modifications":[]},{"fitLogActivity":true,"flankLength":0,"singleStrand":false,"size":10,"dinucleotideDistance":10,"componentName":"Binding mode 1","positionBias":false,"modifications":[]}],"letterComplement":"C-G,A-T"},"coefficients":{"bindingModeInteractions":[],"bindingModes":[{"mononucleotide":[0,0,0,0,0,0,0,0,0,0,0,0,0,0,0,0,0,0,0,0,0,0,0,0,0,0,0,0,0,0,0,0,0,0,0,0,0,0,0,0],"activity":[[-11.73501378836421]],"dinucleotide":[],"modifications":[]},{"mononucleotide":[-0.7422464551484294,-0.5808360618221311,0,-0.5407812537573298,0,-0.4127268165140565,-0.7828781812092092,-0.3263308225953159,-3.0203954251202534,-3.416097350201637,-5.09600141903193,0,0,-5.927165895453297,-2.060698843646341,-4.944444059838822,0,-13.958326639784396,-13.42859186629628,-10.486062340784509,-2.6194724916411456,-4.140217844669438,-2.0053334846086304,0,-1.878480597713978,-1.838890622917321,-1.974552831659313,0,-0.7887118463207434,-2.604473920407109,0,-2.274212906753952,-0.567867873628265,-0.47556275138429216,0,-0.7512464993171442,-0.6803475391813629,0,-0.38234199327045126,-0.1966907237675426],"activity":[[0]],"dinucleotide":[[0,0.7287162299615519,0.3514510791850656,0.5872087176780476,0,0.09762604539417685,0.6483132162432925,0.382797377157269,0,0,0,0,0,0.08983119201814338,0.4345982621415594,0.4604536823047898,0,0,0,0,0.8547739566611052,-0.164111025111632,0.6147225951254853,0,0.3141877332673664,0.04093068430973368,0.8651060062785856,0,0.7898335043884983,0.2566653715608913,0.8845028719167098,0,0,0.9156088373892359,1.1582835703969354,0.5015446697080073,0,1.407905556786539,1.2291839778414992,0.8833205590105271,0,1.8637685132001813,1.066787905321231,1.5161316260122888,0,0,0,0,0,0,0,0,0,-0.7104656226402142,0.9950006983052191,-1.968943012873872,0,-2.356275281847388,-1.3255201437538897,-2.8358496896160137,0,-0.8910188629664297,-0.04019191243774145,-1.8448765663472386,0,0,0,0,3.556363184765811,0.16026068269479055,3.1629619594022245,0,-0.011500856364733636,-0.4309655737912692,0.8613879756195661,0,1.3610524314346595,-0.6118804393790587,1.7629112568764391,0,-0.5957258514851347,1.4777646032880356,-0.6812606228439897,0,0.6805767287167246,0.6554142003504371,0.07421310757356636,0,-0.8078933395382926,-0.48915514053612696,-1.7253619784154801,0,0,0,0,0,-0.6116192351894503,0.9711030258426483,0,1.060305817742111,-0.4210761970179959,-0.4328445973639585,0,1.1589729876705874,1.0444529939475404,1.438091858440957,0,1.3565471253193127,0,0,0,0,-0.4749128956372668,1.0632623183108652,0,0.6082973875834368,0.541074645526904,-0.05422921679765835,0,0.003126716126824469,0,0,0,0,0.1378931977731579,-0.2829861301903174,0,-0.4607695381399619,-0.45005006793354774,0,0.09867102638534941,0.03735117717502012,0.18039549159181245,0,-0.16899598999090637,0.12065716301835039,0,0,0,0,0.03458230052756406,0,-0.2691534766788499,-0.13562168200139135],[-0.4203918051529727,-0.12891505407568893,-0.28575090123657887,0,0.1911406274273384,0.1500640669575164,0.43891106874153785,0,0,0,0,0,0.19819418419750434,-0.1360939739551963,0.39883654806557534,0,0,0,0,0,0,-0.6386198519515895,-0.9153760102846431,-0.9972359152913466,0,-0.4985972436563131,-0.45004123743656166,-0.21594488710698556,0,-0.7321297430378015,-0.5863291942753617,-1.2446707744435983,0,5.952014213772252,5.6645582649043895,6.105811177435846,0,2.5263403681308088,2.6920754100636213,2.258512018896207,0,4.846680351456014,5.2260325555865546,5.501287769359854,0,0,0,0,0,0,0,0,-0.6947743430915523,0.2675459829803195,-0.43256616405854587,0,-0.4557869503009808,-0.6364398983367252,-0.5708049286568739,0,0.4818497357449356,0.7267516152624474,0.7947435522886632,0,0,0,0,0,5.548975508709892,0.9599816844486035,4.066161000269004,0,3.881914868598148,0.8495288509922982,3.582401325761893,0,4.589621997351161,1.019094740434893,4.289953299852899,0,-0.12790224356892033,-0.30027038617635604,0,-0.49304370036953316,1.0390322481024166,1.0087294915304827,0,0.44907743453687843,-0.30652157199085917,-0.8304985609764577,0,-0.4820162604981739,0,0,0,0,-0.24443192292187366,0.21095987140629324,0,0.10386012890489393,0.323972455047,0.17336739468255358,0,0.8291597659164118,-0.010240258090661758,0.26763394210373237,0,0.48790926614106667,0,0,0,0,-0.13463778271808602,0,0.19764668496867754,-0.38250710257422016,-2.0454409626058379E-4,0,-0.2889761881286921,-0.014927870806918264,0,0,0,0,0.23889628987716982,0,-0.0023357762525053616,-0.21986257454649927],[0,0.7294058637797249,0.34695880989546835,-0.010872691276684776,0,0.5627969967835735,0.1053146543386605,-0.3850295701100235,0,0,0,0,0,0.5450662625930844,0.18210931224577198,-0.04431061926808688,0,0,0,0,0,-0.7855532314179747,-0.36292210311287576,-0.9905252384947598,0,-0.5694777581562782,-0.46977014382548177,-0.9329275171145284,0,0.7666124827207916,0.7728895637878637,1.1929297877201623,0.22342329555185625,0.7741049448419624,0.7185776977021199,0,0.288651789940519,0.774286324125173,0.278824891964625,0,0.45818641144501804,1.0293902833731359,0.9964363827079623,0,0,0,0,0,0,0,0,0,-0.3224583844560236,0.4976558951220298,-0.9546551768952076,0,-0.3402175021226652,-0.3542599419219652,-0.44000698383686476,0,-0.08142499384947044,0.723364895120751,-0.15312203063072616,0,0,0,0,0,-1.9170975542266078,2.7113646801782156,0,2.0553877361095623,-0.6820157254183421,3.7205124047714584,0,2.938177862623087,-0.8777028575662982,2.4520252121393646,0,1.0837807016443168,-0.3851299791671261,0.03610386035392743,0,-0.3716570033234339,0.008389475394466217,0.41974196942306996,0,0.5007652894746348,-0.47290508859626357,-0.4390790110929448,0,-0.2966299127738745,0,0,0,0,0.09825653224552688,0,0.23027232336656933,0.122250937113773,0.07828043488791314,0,-0.31684307356126507,0.5413097440740251,-0.021208633679739464,0,-0.14176748749981005,-0.03745228711230064,0,0,0,0],[0,0.7091248466061835,0.9434587068586762,0.759446886876697,0,0.36104531657736594,0.3770235440353247,0.21284397705673008,0,0,0,0,0,0.6598318628430988,0.8211589433976592,0.7891106377398973,0,0,0,0,-0.12989547991291417,-0.1706834990399715,-0.21890502334657613,0,0.07563927888170685,-0.11870998579375502,-0.1728039784234614,0,0.3847433787658354,0.2438807259468847,0.27674346130756877,0,0.21308295382135256,0.1598593003904334,0.2886977071717123,0,-0.0797327660090108,-0.2040684739115317,-0.3695928480503827,0,0.4869323363757907,0.3269542030589285,0.5144961035547126,0,0,0,0,0,0,0,0,0,0.3036069303851203,1.0107992081344772,0,1.5873625017994488,-0.09844820103882235,-0.3483018569917835,0,0.013060125935169253,-0.40300084238345324,0.43287097898946847,0,1.8911657782021472,0,0,0,0,0.5579346297546692,0.8689157948872541,0,1.3152767351322687,0.3565210833478538,1.1783898412451972,0,1.141329111229414,0.642661045672142,0.6697806954188845,0,1.0144590705033725,0.06539800185032618,0,0.02023011397193475,0.11505710291413251,-0.20250612225142994,0,-0.20561922602509597,0.09871499341266166,0.24270006259807042,0,-0.0024752032124490952,0.27690074043141033,0,0,0,0],[0.2044141713646601,0.1288751132208361,0.2231461196298521,0,-0.04340973952155025,0.0339137495461701,-0.011836997401851068,0,0,0,0,0,-0.0706464730783063,0.16447368102566529,0.09230004122863367,0,0,0,0,0,-0.24356138031098018,-0.06755222717139064,-0.43456833264204775,0,-0.20079802833091875,-0.1257664278649342,-0.22584986377980165,0,-0.05481245653359501,-0.08305951988012117,-0.11154207336422806,0,-0.16314979497575166,-0.3841387321240042,0,-0.4643952615476117,0.05549239572409892,-0.14726001922375964,0,-0.08442993518635866,-0.15175962274953037,-0.31496911621178647,0,-0.6064014523556516,0,0,0,0,0,0,0,0,0.09656952082550063,0.41787823886953746,0,0.48836584468863276,-0.008669015568431249,0.05372632396438215,0,0.18552521976509606,0.13799935867425006,0.7081825626960825,0,0.8028810571744476,0,0,0,0,0.02725642750845836,0,0.35153116493987824,0.06125992967289484,-0.2244482391628253,0,0.37001468144312355,0.13622064479472407,