{"modelSettings":{"letterOrder":"ACGT","bindingModeInteractions":[],"bindingModes":[{"fitLogActivity":true,"flankLength":0,"singleStrand":false,"size":10,"dinucleotideDistance":0,"componentName":"Binding mode 0","positionBias":false,"modifications":[]},{"fitLogActivity":true,"flankLength":0,"singleStrand":false,"size":10,"dinucleotideDistance":10,"componentName":"Binding mode 1","positionBias":false,"modifications":[]}],"letterComplement":"C-G,A-T"},"coefficients":{"bindingModeInteractions":[],"bindingModes":[{"mononucleotide":[0,0,0,0,0,0,0,0,0,0,0,0,0,0,0,0,0,0,0,0,0,0,0,0,0,0,0,0,0,0,0,0,0,0,0,0,0,0,0,0],"activity":[[-11.291514634606354]],"dinucleotide":[],"modifications":[]},{"mononucleotide":[-0.23565003467549328,-0.13857839626424617,-0.27663736060297683,0,-0.2810841536967654,-0.3603103806781087,-0.5129430678096814,0,-1.69563809894982,-3.0856243830693626,-3.837399972804772,0,0,-6.055340602330142,-2.085177673847632,-5.030378007686027,0,-7.102264369682816,-6.380511562100811,-6.166966931656496,-2.130751018358827,-3.6994689274343675,-1.285035463947628,0,-1.3670847734404101,-1.3344958206591113,-1.4891328022361612,0,-1.0770471160998771,-2.370413498635782,0,-2.0583052746127986,-0.34565276166831804,-0.19204232796735798,0,-0.769020990056339,-0.3067628885826683,-0.04015561890512842,-0.13718093665845155,0],"activity":[[0]],"dinucleotide":[[0.11023766223271192,0.593419996380435,0.13334365931079706,0,0.13825746031720154,0.2660637218818618,0.42175749280238417,0,0.4836770414849232,0.4653563715398157,0.20908193495249527,0,0,0,0,0,-0.6103712928901563,-0.06753484820796363,-0.588458066314498,0,0.007324242917091439,-0.22190341994846552,-0.2397598707406754,0,-0.47397303311920425,-0.04366961175385509,0.0072575208497553945,0,0,0,0,0,0,0.8609124348513966,0.7982245902825484,1.0319074114561104,0,0.8605508058364038,0.5956168850892034,0.6557990580537858,0,1.1127532811926475,0.7536767757358334,1.1216091813331666,0,0,0,0,0,0,0,0,0,1.9886740400974414,1.6918541026202352,2.1614036922719375,0,1.0864860592739412,0.6230989402869103,0.9249084862101213,0,2.2382241898518185,1.825109673033369,2.8349322201903497,0,0,0,0,0.9908778544173682,0.6925801674918031,1.1064357656178014,0,1.0169620891664621,0.6601469074987918,0.8115170851472335,0,0.9491530755589217,0.5807628479310001,0.7526872793451851,0,-0.8295069409722258,1.1752998051159569,-0.9340413739273794,0,1.0495726355818018,0.3181475665213789,0.523777502376535,0,-1.5493446373825455,-0.7537046532334752,-2.1579046562657966,0,0,0,0,0,0.05742691905964037,0.8158982932327046,0,0.7357908585576922,-0.27519948713383613,-0.4951795566337793,0,0.8249512219232109,1.0942986781168305,1.0185932275745584,0,0.9738129761350205,0,0,0,0,-0.5967788595180075,0.713133133655266,0,0.41588423335729363,0.22363826711051704,-0.3154685252213536,0,-0.14033325195726398,0,0,0,0,0.03853239577928935,-0.3881546565784637,0,-0.4880328717361797,-0.508177631332928,0.027624425129121555,-0.015743021019306802,0,0.08579271889852169,-0.1440205275916524,-0.35419377502856886,0,0,0,0,0,0.1924913892266038,0.12427015803407837,-0.07826385793289381,0],[-0.35708209200848007,0.17143707346882842,-0.29981589451913315,0,-0.0027803574121385566,0.3341191298009418,0.09635220729587246,0,-0.0781404934893768,0.22107770013432226,-0.1585247627216635,0,0,0,0,0,0,0.28604501936492,0.31623255162830777,0.21574530935979652,0,0.003273843288797096,-0.3194530367380386,-0.32436822624132944,0,-0.055982029892565066,-0.1742520346674521,0.1791597451786977,0,0,0,0,0,1.1179968753107161,1.272406511844407,0.5898052971806056,0,1.20982596792585,1.4514353112362386,0.8717966807056019,0,1.7281170435571447,2.356085711338187,1.4813283655801293,0,0,0,0,0,0,0,0,0.06206097337303973,0.11501695637962506,0.12225101880672362,0,-0.9625256325016291,-0.9717408547394228,-0.8978608425313368,0,-0.03885210037140219,-0.27968701832294407,-0.00843907021398671,0,0,0,0,0,0.07929982012674763,0.3850644418518261,0.23233434033009992,0,0.02380250460726252,-0.06686379705740642,0.13728823669244328,0,0.16683891312737664,0.09085429069841844,0.14332507893434787,0,-0.11443101725778249,-0.20136922904305088,0,-0.37367340460940657,1.1506921127200762,0.4640847452376775,0,-0.11860070354522811,-0.43965024098681393,-1.1475213119525343,0,-0.908501925455993,0,0,0,0,-0.3768157171252149,-0.06739650760157812,0,-0.09437926876649083,0.2945663177400917,0.2986483845714658,0,0.7273740329578873,-0.2560852216305616,-0.1616985469984007,0,0.08044964289894985,0,0,0,0,0.41528684458181253,0.4387624446661271,0.5668013397095915,0,0.01947027373985133,0.10140429419080466,-0.16014206329925873,0,0,0,0,0,0.42413966935286673,0.20228506636096188,0.162657921254322,0],[0,-0.0035751734076576724,0.19862666329700218,-0.2990119194095495,0,0.017719089964181478,-0.06517393776402436,-0.13517512415792332,0,-0.40187934809223336,-0.059481034320329584,-0.032873389265867914,0,0,0,0,0,0.030368127210294915,-0.2559344742048779,-0.25346174566663926,0,-0.1567560779009174,-0.5975457179163133,-0.22103338307974418,0,0.5238362319916661,-0.09543090081111316,0.5403848481436402,0,0,0,0,-0.14443406454588015,0.37784317572328874,0.1167798465192833,0,-0.08623731047477534,0.521880192338962,0.13909363140444242,0,0.14835755777692583,0.8678048912306853,0.43701040675069613,0,0,0,0,0,0,0,0,0,0.030259676411620973,0.11826225381467559,-0.23320185260550552,0,-0.6082311120104213,-0.6537581973631097,-0.5742406673074889,0,0.0741940865515005,0.024162630318789624,-0.283105483300238,0,0,0,0,0,0.20617970881892944,1.2009945303547322,0,0.6920710634776768,0.18914909266304036,1.0055486720365607,0,0.7150992501887838,0.14835196413245555,1.1139150974269718,0,1.1299171352562567,-0.24685608092716205,0.03761964684967545,0,-0.27039517517940315,-0.46746162129757085,0.4003822675594515,0,0.44808026496569475,-0.5355254761049233,-0.21830480954568277,0,-0.10801093858623201,0,0,0,0,-0.08334198215362143,0.0347671142846524,0.01976936215262448,0,-0.5333572837387228,-0.466727131076464,-0.9990128019957991,0,-0.1255022368311689,-0.02383613519271055,-0.11004551765765491,0,0,0,0,0],[0,-0.07693519866122678,-0.2008944150968226,-0.4231405509912243,0,-0.24975769409063453,-0.3727277593704805,-0.324133264922299,0,-0.3142461770157947,-0.30443897627019645,-0.12717202212886214,0,0,0,0,-0.1569046835770198,-0.23228528919025626,-0.13591346682838612,0,-0.3256469580303101,-0.2621147197631739,-0.37032791210172444,0,-0.2906708355012748,-0.3197590762691984,-0.492980576207394,0,0,0,0,0,-0.2507524692145875,-0.07831236431972943,-0.2860404610027665,0,-0.5026194289095427,-0.4665824487137229,-0.6703190546796796,0,-0.10174631910902221,-0.10152856755746065,-0.08864388631934261,0,0,0,0,0,0,0,0,0,-0.09008948613815271,0.24906434337245997,0,0.8650626241936266,0.12157016455459058,-0.7377136480047106,0,-0.34542194495761525,-0.08799906408046176,0.3149455112948303,0,1.572653514966266,0,0,0,0,0.4181408879982804,0.021353879016803745,0,0.5220058763892084,0.5347120138002524,0.15168641678418027,0,0.8251205951414367,0.23609134796563502,-0.2128690979639245,0,0.36601412305954995,-0.2484360881935448,-0.09178357123949521,-0.3287176169524688,0,-0.3816422023652537,0.07687289410714904,-0.29834488352248734,0,-0.3420907366709116,-0.14709519450654973,-0.4225590650787536,0,0,0,0,0],[0.13268911685853357,-0.04658573880868211,0.06130603667662715,0,-0.11204327935959402,-0.12157927192510964,-0.0884538062565241,0,0.02644140059930411,-0.0754158264143272,-0.03785836493198591,0,0,0,0,0,0.018647129896611325,0.05223406317079693,0.06699833483368867,0,-0.1543630292172118,-0.11213527841215587,-0.16536192420456075,0,-0.14045581663559936,-0.15637756906296918,-0.15142333469080604,0,0,0,0,0,0.049408679626838925,-0.7725492383473576,0,-0.6538414094105853,0.14763937583084186,-0.2529029268188854,0,-0.5862227149451691,0.010417796193139317,-0.6228906101354621,0,-0.4680728519254096,0,0,0,0,0,0,0,0,0.11434435731960235,0.2771725374019791,0,0.22321715040394352,-0.021698665233559566,0.004168308109301577,0,0.035896162356878314,0.21282458253242087,0.43099134102684467,0,0.5536248556513677,0,0,0,0,0.29091131956728233,0.09179455673038106,