{"modelSettings":{"letterOrder":"ACGT","bindingModeInteractions":[],"bindingModes":[{"fitLogActivity":true,"flankLength":0,"singleStrand":false,"size":10,"dinucleotideDistance":0,"componentName":"Binding mode 0","positionBias":false,"modifications":[]},{"fitLogActivity":true,"flankLength":0,"singleStrand":false,"size":10,"dinucleotideDistance":10,"componentName":"Binding mode 1","positionBias":false,"modifications":[]}],"letterComplement":"C-G,A-T"},"coefficients":{"bindingModeInteractions":[],"bindingModes":[{"mononucleotide":[0,0,0,0,0,0,0,0,0,0,0,0,0,0,0,0,0,0,0,0,0,0,0,0,0,0,0,0,0,0,0,0,0,0,0,0,0,0,0,0],"activity":[[-13.082212177233702]],"dinucleotide":[],"modifications":[]},{"mononucleotide":[-0.02784110802559958,-0.555062194585362,-0.15996507071158694,0,-0.49516900299261435,-0.622775566548142,-1.0736647726986877,0,-2.4997300740230775,-3.762706499224952,-4.5248284299783785,0,0,-6.733087123354398,-2.737788505647813,-5.740452540538772,0,-7.803154825625601,-6.838386408324334,-7.550788398734067,-2.737300741655774,-4.3833932263349995,-2.0736063262535294,0,-1.9520765131930937,-1.7105799964540274,-2.089700112486392,0,-0.8310322982318117,-2.88178211504894,0,-2.59005947887317,-0.5457125323868044,-0.1925412563893727,0,-0.9171046838568135,-0.5101072124621027,-0.15048639194339275,-0.40284597680858036,0],"activity":[[0]],"dinucleotide":[[0.009371793233978742,0.48807373439384216,0.040213034737520914,0,0.10290402487709427,0.13692304365898034,0.3966671834963429,0,0.413675273510548,0.4416929679826551,0.21771903478038235,0,0,0,0,0,-0.24477099715942252,0.2767638412311486,-0.5017332404192194,0,0.32676673002347556,0.132203086924366,-0.002259923362688987,0,0.06734935278413445,0.3298128808194507,0.4609228513316266,0,0,0,0,0,0,0.8474830779762232,1.0062603405067732,1.0558187745551884,0,0.9357056179112391,0.7263253577629332,1.203686360038322,0,1.3774917494637737,1.3202205464359658,1.7386369912799466,0,0,0,0,0,0,0,0,0,1.8816578485348217,1.4747783824506246,1.7099658381736926,0,1.1736554381913162,0.4603588946319448,0.9175799450341717,0,1.4889456576421392,1.0460983274418325,1.2712246486039067,0,0,0,0,0.831318821277609,0.8701669344672496,1.163020806787653,0,0.9368053691405862,0.7677728042723366,1.274419462525005,0,0.7409349855743095,1.0061582047099122,1.1843008971441744,0,-0.494069680713606,1.6110112397557765,-0.5236769052938506,0,1.4932973111191092,1.0253552923794373,0.79679331792887,0,-0.8932138733048234,-0.12222370572843211,-1.4350845151273894,0,0,0,0,0,-0.07340808321017889,0.9800014016839933,0,0.8546856051001352,-0.5757292087863064,-0.16981411733349017,0,1.1934329921437001,0.9454835376190642,1.191448318833686,0,1.1901623524126377,0,0,0,0,-0.6745755338581545,0.7274828818437116,0,0.5832835282667688,0.2701637142812574,-0.2513752358627528,0,0.03064394361894518,0,0,0,0,0.20411734050517705,-0.3237864645468509,0,-0.31415693492037366,-0.3995310529306404,0.13200029213355746,0.09328117361155419,0,0.022618834053179437,-0.09501636795236967,-0.3953466543737312,0,0,0,0,0,0.1788033686894166,0.10827599072449923,-0.12359619044213277,0],[-0.47272522174064413,-0.11651028353345261,-0.4121671265631335,0,0.117988580319067,0.3136524502342617,0.29020808894280226,0,-0.07239544077891846,0.18661344886384068,-0.18483872640601273,0,0,0,0,0,0,0.40359209366318005,0.48602746705416067,0.45958124317602334,0,0.15460888852755517,-0.05883907620079487,-0.02005154678728438,0,0.11035124319460543,0.1475028342483018,0.31046212373456683,0,0,0,0,0,1.1903922291498361,1.1395303391606362,1.4996931801378075,0,1.31214381552598,1.1478714103226757,1.4559365980690337,0,2.0231020862910984,2.0181944898708153,2.2471712943653372,0,0,0,0,0,0,0,0,0.3864348370757664,0.15700348306051382,0.23047789815506192,0,-0.2519418626414911,-0.6490790456001552,-0.43252455548815316,0,0.3403389280001612,-0.03933434609116304,0.020085216488519464,0,0,0,0,0,0.1164598583410168,0.2812801642228884,0.15296431728128645,0,0.2041905897994969,0.21407564768596998,0.560858202625651,0,0.6496530095029325,0.41263793535734017,0.6486603526501433,0,-0.183826503280752,0.053916717224542055,0,-0.2673912111982242,1.1717619335553238,0.8827718261020472,0,0.27871697347086766,-0.6062078571326639,-0.935480064107491,0,-0.5204831576541604,0,0,0,0,-0.28051268369907145,0.161309195324554,0,0.0814009510745981,0.15633453983241896,0.20235252135195658,0,0.6956275782106109,-0.28936676770646486,-0.003614229170428196,0,0.2108618866394778,0,0,0,0,0.23486788785938595,0.2966978978317072,0.41493701569978114,0,0.19312164526066145,0.129098034325418,-0.07809098194490716,0,0,0,0,0,0.5623892185770263,0.19192632154461897,0.24754372697652016,0],[0,0.03675561602424793,0.10864173117256914,-0.4491915905760546,0,0.013246972186051309,0.10100788165982166,0.18675685046805413,0,-0.33665895895947173,-0.07183817967324568,-0.016310990971135197,0,0,0,0,0,0.4048905568016625,0.11975111777893233,0.12841018156739992,0,0.12451107704488251,0.03516378191885927,0.329461052661447,0,0.6146082560485855,0.1989722275168262,0.5304263748658915,0,0,0,0,0.1821971280127821,0.6665409846914692,0.7060391385566263,0,0.24405480333502005,0.8455883787677294,0.6075204379677386,0,0.5061858979033325,1.0794847131392284,1.0932880627936878,0,0,0,0,0,0,0,0,0,0.21375681504184385,0.30243911265859325,0.04091790883124702,0,-0.1109303236016661,-0.24501402897350033,-0.25564603240049255,0,0.08648511897357913,0.1295934628153006,-0.23741456113336312,0,0,0,0,0,0.231600269371679,1.1392620762828471,0,0.855830324855626,-0.07676790151371904,0.7175471700172569,0,0.440159899485586,0.3793813367583745,1.1006807784607169,0,0.6593406601211669,-0.291212484493629,0.061038587852896065,0,-0.3356555041582565,-0.34511137025898186,0.3773840604561638,0,0.5191908981869169,-0.5619557561711552,-0.19488992506762592,0,-0.09436293735168633,0,0,0,0,-0.17678414329384662,-0.0324050443865147,0.09087407015211468,0,-0.5117248400735974,-0.44963535899182894,-0.8176346418558076,0,-0.018694427567974792,0.06925570492794808,-0.02315013064177407,0,0,0,0,0],[0,0.13297865109852758,-0.17557676074048345,0.00503760620488336,0,-0.08312866769042593,-0.210683822991518,0.07841530279430486,0,-0.1794894345729947,-0.15928022844980205,-0.22568620079371549,0,0,0,0,-0.27985146754371293,-0.02189851185207381,-0.04787325977591639,0,-0.33709085451757037,-0.0300663382779085,-0.3650599999497963,0,-0.2753417372821536,-0.07676524183921885,-0.3471393586907867,0,0,0,0,0,0.13133379472653317,0.21887174619630212,0.25793814603976717,0,-0.12643433348592836,-0.2772191362943035,-0.3157389698343964,0,0.2796251878893905,0.1509820503381505,0.3782238919532759,0,0,0,0,0,0,0,0,0,0.23223058424457932,0.6151865283856583,0,0.8800674581044436,-1.458567728800375E-4,-0.36840046026976836,0,-0.062459530503717,0.04298246477509693,0.20388446962300755,0,1.0924769538816257,0,0,0,0,0.7118270438714536,0.06985631536609738,0,0.43388302814915747,0.4955363076309389,0.3065249507954775,0,0.4902645755347308,0.5441460124051254,0.22611394066317736,0,0.30299251291213203,-0.12866547926716798,0.17517195814265474,-0.049515018797685606,0,-0.26554916919688054,0.12379588809824149,-0.24724673510624307,0,-0.13696204978785875,-0.029689936631369207,-0.19054666144270005,0,0,0,0,0],[0.10486835130458783,-0.08150635334460787,-0.08990431391901499,0,-0.038539865346598035,-0.016674061850547872,0.16100505645503027,0,0.047199627147578305,-0.16886096120905947,-0.06766737571847514,0,0,0,0,0,0.09153197779434219,0.050729546661544944,0.08917066713244903,0,-0.18484523732718028,-0.044501744256127296,-0.23322868604567315,0,-0.02294025317997761,-0.002248625273502114,-0.0682737309108683,0,0,0,0,0,-0.029316585605324796,-0.32517924424222233,0,-0.35163119888465566,0.10661687663478503,0.0561074141655169,0,-0.09317416668228518,-0.0459185562509834,-0.26136015737045604,0,-0.3370026868642526,0,0,0,0,0,0,0,0,0.5770843919710824,0.3058871491732571,0,0.36680649661435716,0.03233579185078561,0.034070386259367424,0,0.13225437830526676,-0.02646575298320819,0.45365178581020515,0,0.46745162959726905,0,0,0,0,-0.0938941657055068,-0.1947168485536217,0.06774503804996357,0,-0.09190253538548454,