{"modelSettings":{"letterOrder":"ACGT","bindingModeInteractions":[],"bindingModes":[{"fitLogActivity":true,"flankLength":0,"singleStrand":false,"size":10,"dinucleotideDistance":0,"componentName":"Binding mode 0","positionBias":false,"modifications":[]},{"fitLogActivity":true,"flankLength":0,"singleStrand":false,"size":10,"dinucleotideDistance":10,"componentName":"Binding mode 1","positionBias":false,"modifications":[]}],"letterComplement":"C-G,A-T"},"coefficients":{"bindingModeInteractions":[],"bindingModes":[{"mononucleotide":[0,0,0,0,0,0,0,0,0,0,0,0,0,0,0,0,0,0,0,0,0,0,0,0,0,0,0,0,0,0,0,0,0,0,0,0,0,0,0,0],"activity":[[-11.425067437743072]],"dinucleotide":[],"modifications":[]},{"mononucleotide":[0,-0.468302358691018,-0.24461481683099717,-0.15603356878659125,-0.44382274864080196,-0.2563132497436469,-0.870269280605392,0,-2.3053197043709597,-3.0673310689197617,-3.9536520578021754,0,0,-5.274595649967395,-2.1147193857396376,-4.628561190696368,0,-6.548199178474218,-5.650736453919146,-6.976072139426786,-2.0558372398374285,-3.512964593331505,-1.6171633176437112,0,-1.54344335845207,-1.5354299386315866,-1.6510698381560698,0,-0.9044973269458014,-2.353533526180219,0,-2.133738061753233,-0.2626621129778901,-0.12427433066652882,0,-0.5974849756654212,-0.4942107653945016,-0.1821908005499948,-0.29312859973955896,0],"activity":[[0]],"dinucleotide":[[0,0,0,0,0.1781735516466787,-0.1829689324674577,0.3808629068832019,0,0.44965171987506203,-0.026865100096328476,0.19600973325185045,0,0.05897067645324938,-0.4047033151895407,0.049055085321418446,0,-0.26170783373378104,0.046133918468594715,-0.5245028690210729,0,0.22054871593613967,-0.09005889163351721,-0.0024462890702841023,0,0.007496481381896736,0.0658479248715329,0.2157671197344868,0,0,0,0,0,0,0.8941175929592688,0.8497383413249349,0.9823887208621525,0,1.0512027298756017,0.7072274082442789,0.96513902015087,0,1.4713733182884194,0.8958945649693488,1.2863978281382504,0,0,0,0,0,0,0,0,0,1.3669169680937223,1.1247254618237097,1.3949746514094628,0,0.6086409506885122,0.08631144680443725,0.5459665510842289,0,0.9721073890454512,0.651345642736116,0.9185646390590989,0,0,0,0,0.6271112976732853,0.6117657207970986,1.0004292664013779,0,0.6832737904969743,0.212935941129901,0.7763495912224716,0,0.6676431206541196,0.6055344781802674,0.860377699061841,0,-0.5179789617792645,1.329863920131439,-0.4567063326657941,0,1.1184615010198256,0.6027029040768372,0.509509256694793,0,-0.9333981722265121,-0.29437134068409687,-1.4351003095219999,0,0,0,0,0,0.04157237760210464,0.8781559325073598,0,0.7579191379891395,-0.32797792526721903,-0.15068691602042517,0,1.1258777898185954,0.9413640953791145,1.0248111043098085,0,1.0019108084694341,0,0,0,0,-0.6280796053255742,0.705495268484353,0,0.4198419876180761,0.28905220333830783,-0.2938358854773959,0,-0.033760822347527863,0,0,0,0,0.10993634329571478,-0.3312184942130152,0,-0.37184226837992895,-0.3527152945612406,0.024400369245558995,-0.047482347080069154,0,0.07772583180422865,-0.06946574784536486,-0.4025134417238303,0,0,0,0,0,0.14797541437437678,0.16503404702112467,-0.18172399493490943,0],[0,0,0,0,0.4280593291676418,0.36616123073992934,0.5679810101278315,0,0.2713641684553041,0.19460966836830096,0.31287232311628976,0,0.4150460796888762,0.106835578512122,0.532032538894998,0,0,0.18965589932118654,0.2855627451579936,0.2051849573866793,0,-0.08174184249521499,-0.1308345717253001,-0.4241836758542492,0,-0.017375170378656435,0.050753907818606336,0.09417699064831453,0,0,0,0,0,0.9001276389446122,1.1191634020864853,1.526296182802536,0,0.728765255832748,0.984031539148047,1.1843146718780453,0,1.1684397440349024,1.8174722059347879,1.753991519446508,0,0,0,0,0,0,0,0,-0.09310888158910835,-0.008798380488604707,-0.08623005863955413,0,-0.280856476770861,-0.4940429466463776,-0.2641845765671649,0,0.11943896079087502,-0.008964808626574339,-0.04359982824398223,0,0,0,0,0,-0.3584275381682236,0.07598527767502716,-0.15676690156169037,0,-0.03409786690689742,-0.42895742861506037,0.4317431081920411,0,0.512320127442301,0.3173869713247939,0.8493906132114937,0,-0.1508843515318148,-0.03148307066521383,0,-0.28199394114114273,1.0243421717145313,0.7009993006462167,0,0.1294578321484261,-0.5153038462242612,-0.8079654134852534,0,-0.52517798803696,0,0,0,0,-0.3882899857341826,-0.004159334235368739,0,-0.12254956479824308,0.25462791710884236,0.16629046064373032,0,0.5228441008037503,-0.35640626653526697,-0.15724631593140614,0,0.07996523674171296,0,0,0,0,0.4007891417217939,0.3443919250009566,0.4038456097988541,0,0.12473700240027608,0.13166764813712817,-0.16672575817873714,0,0,0,0,0,0.4356312154259001,0.1841647917924938,0.08765654956049573,0],[0,0,0,0,0,-0.011577259462162814,0.0885871483977585,0.21064079923382906,0,-0.21479146001524718,-0.04788725848733222,0.24317239239190513,0,0.11215417752152224,0.09496419070183926,0.15541598002731583,0,0.22838887002908592,0.04277911969868331,0.11174408903799993,0,-0.022904718510758926,0.005318675081617208,0.23367225892766008,0,0.6004906344451495,0.13582110343932463,0.647602848744862,0,0,0,0,0.14370751857618203,0.4461374544273724,0.4712387139905747,0,0.28214980990901406,0.6115772602285237,0.44793251541248047,0,0.32997493493980823,0.9097996823833743,0.7226505564354815,0,0,0,0,0,0,0,0,0,0.19800795442326802,-0.014897575772373273,-0.31856159972979725,0,-0.05464180107973604,-0.25647597355975016,-0.12143310470650359,0,-0.010374561463819987,-0.04130848450321345,-0.3071824855959324,0,0,0,0,0,0.633881877690877,1.5816235152238391,0,0.9236176284318978,-0.1278901045305041,0.5274520429911425,0,0.038733781832965164,0.22732434004092106,1.029105096862919,0,0.3977199352437992,-0.3852443658607232,-0.010824504204840935,0,-0.30515667583273043,-0.31558491846948655,0.31239307082722956,0,0.3750586210791429,-0.5568434822019763,-0.138036144562121,0,-0.011927172940060515,0,0,0,0,-0.10419187147639253,-0.014492407259049322,0.05571872023291968,0,-0.3995564101596436,-0.40297073404085015,-0.716756609686874,0,-0.18095924693107523,-0.025621663151118135,-0.002681670282766113,0,0,0,0,0],[0,0,0,0,0,-0.26523810838777706,0.0053139152706158654,-0.05124695652102318,0,-0.1740107883696158,-0.10701632846425468,-0.10525117838223963,0,-0.31521871136217783,0.0188866166314412,-0.05005566417563401,-0.1508564736962681,-0.18401499944548672,-0.026689468911198944,0,-0.17920018173604468,-0.05804092379185999,-0.08652125714055714,0,-0.1027882179384969,-0.051094749809076134,-0.12401973397281729,0,0,0,0,0,0.05626112247925974,0.14148537256511418,0.03978633308136903,0,-0.03917497753635768,-0.15252802005648203,-0.11454551150417203,0,0.17597078244440834,0.13272450935119728,0.17012182355607486,0,0,0,0,0,0,0,0,0,0.12313257590522753,0.21126153966043226,0,0.6225907065226846,-0.03622475939897374,-0.29451337703975344,0,-0.18414484082764115,0.09221781847230126,0.2578946818499901,0,1.0688842260494749,0,0,0,0,0.6906347851629366,0.02661192865369344,0,0.48460597939605243,0.24044740124950614,0.11787588014543982,0,0.5268102152999914,0.4228088048868024,-0.20070921294371047,0,0.17891675896719583,-0.1739618847198292,-0.020666109236151975,-0.1378249482226801,0,-0.35891651747623854,2.5819242551694543E-4,-0.23691726004982172,0,-0.2581739305426787,-0.08476709939765792,-0.1684652390975998,0,0,0,0,0],[0,0,0,0,-0.1452075227407601,0.11748332297900177,0.09848412664455442,0,-0.09680755305972255,-0.009893259102426555,-0.0059256079758434055,0,-0.0953392402018105,0.1859896077494163,0.15254355949322562,0,0.1030448103699193,0.10395711412578024,0.16805570911705559,0,-0.05452025663129234,0.04583393886845677,0.011575696907784483,0,-0.007298702005635427,0.027985975617772496,0.02531686086772833,0,0,0,0,0,0.06461718132206329,-0.2845184469800204,0,-0.35786772086703067,0.0741318869121601,-0.23645981198291288,0,-0.34356544978057446,-0.0658641051167228,-0.3075596060451389,0,-0.4036811531616742,0,0,0,0,0,0,0,0,0.0910699485291655,0.25995091590264163,0,0.2741808906317402,-0.028032324716265933,-0.020507891783515753,0,-0.0011746710997755372,0.1358602138331193,0.2892559914167139,0,0.3252335107823896,0,0,0,0,-0.03607927736635119,