{"modelSettings":{"letterOrder":"ACGT","bindingModeInteractions":[],"bindingModes":[{"fitLogActivity":true,"flankLength":0,"singleStrand":false,"size":10,"dinucleotideDistance":0,"componentName":"Binding mode 0","positionBias":false,"modifications":[]},{"fitLogActivity":true,"flankLength":0,"singleStrand":false,"size":10,"dinucleotideDistance":10,"componentName":"Binding mode 1","positionBias":false,"modifications":[]}],"letterComplement":"C-G,A-T"},"coefficients":{"bindingModeInteractions":[],"bindingModes":[{"mononucleotide":[0,0,0,0,0,0,0,0,0,0,0,0,0,0,0,0,0,0,0,0,0,0,0,0,0,0,0,0,0,0,0,0,0,0,0,0,0,0,0,0],"activity":[[-12.102866935476984]],"dinucleotide":[],"modifications":[]},{"mononucleotide":[-0.5738950228182222,-0.6222076696070875,0,-0.39574288328938323,0,-0.37395562248616976,-0.7290229584114059,-0.2235050977338826,-2.7338859738732104,-3.229951151289632,-4.9171286026333325,0,0,-6.28941645480536,-2.1950862585642525,-4.995489283814216,0,-9.792401414245532,-12.130501719387862,-11.394110899850237,-2.602635669836797,-4.379925635199198,-1.8926902524155542,0,-1.7160886380088316,-2.0060158154120327,-1.7681592627659999,0,-0.5301658103484552,-2.4768911728562584,0,-2.1478804636909503,-0.3744897601393591,-0.3018645810571998,0,-0.6439572258342805,-0.4519355561396905,0,-0.33109644751112377,-0.0495984667524203],"activity":[[0]],"dinucleotide":[[0,0.5758857577897682,0.28197077025651396,0.44394902877377085,0,0.20822808031312334,0.6328691759101446,0.4131737236091455,0,0,0,0,0,0.07594473978348226,0.3176225405559929,0.5649140220906528,0,0,0,0,0.5810894567303855,-0.2636382369246979,0.3740831384379124,0,0.22675196056652247,-0.03426427069137361,0.7240818400320475,0,0.5258122962668548,-0.0010861110343656222,0.6867510606120186,0,0,1.065642390418292,0.9372981262699005,1.3603981236351466,0,1.138254690952719,0.833636868708532,1.3100932729333525,0,1.070042812620338,1.0174575996298385,1.8320498191902352,0,0,0,0,0,0,0,0,0,2.226821415463787,3.5019736991284436,2.4490207709268184,0,-0.2356665595556322,2.429079887333378,-0.34333770091416227,0,2.214061720206658,2.3419283783248037,1.2229834155641122,0,0,0,0,-0.014746585612469332,1.177514744138442,0.3690775115856013,0,0.03321147039569894,1.3214131079217477,0.3416809267349912,0,-1.3459744580082038,-1.4626155207373142,-1.5097895603487963,0,-0.5044279788439727,1.5122754011103607,-0.7490323397423158,0,1.5083809568666444,0.6755143234970458,0.7495169985856291,0,-1.1963749886281594,-0.40408955903726174,-1.979657615763931,0,0,0,0,0,-0.08017480021905854,1.0874446671583176,0,0.9264385111260198,-0.4173743189011585,-0.2356872482254273,0,1.1083468602302595,1.0813606339816735,1.2608253374369642,0,1.1186936126534928,0,0,0,0,-0.6937564178590847,0.7494592951185108,0,0.49569892084555267,0.25220974082671344,-0.34504515083441767,0,-0.050405139126723064,0,0,0,0,0.05005201643821611,-0.4054577992694117,0,-0.459697649069156,-0.5269464924540808,0,-0.05625535858411013,-0.01563178365545248,0.19307016504446128,0,-0.27079509910473565,0.16820324266510056,0,0,0,0,0.029847644802502238,0,-0.2896077392599903,-0.09106678683907088],[-0.23494114769298236,-0.033735501544032154,-0.2235518932812095,0,0.1538005887139775,0.23247317036528337,0.26796478344535846,0,0,0,0,0,0.13803961609498927,-0.179392881634155,0.18536192235172866,0,0,0,0,0,0,-0.12738450588045058,-0.5721888449640451,-0.6062533770557677,0,-0.6536627191427069,-0.3746804010844018,-0.0922900052186737,0,-0.1492162320873751,-0.3459629610825061,-0.1973841362675257,0,3.9686621596878684,2.7026803708618594,3.171733717607019,0,2.415521444610958,2.6836854926414517,3.1022324786213566,0,3.411453612550801,4.245924709102123,3.505076311335067,0,0,0,0,0,0,0,0,-0.34916679692343067,0.15674108156756894,-0.1367103911529597,0,-0.5391951539903923,-0.6174653311406537,-0.5927874881398862,0,-0.389559961515511,-0.10960285699183459,0.4582901078521635,0,0,0,0,0,0.6849589123069499,1.7112916618298897,0.41782966871473626,0,2.62190490670228,1.1808538171496465,0.23135698413748607,0,4.0193438813213405,-1.0249398559570082,-0.0753658760904159,0,-0.24290522834583417,-0.11651656531791232,0,-0.44846670967661506,1.2088503827251573,0.39684321904942976,0,-0.09277056388424754,-0.6071053024939834,-1.155498358549126,0,-0.7645122982871833,0,0,0,0,-0.31936477983460865,0.021319259507176724,0,-0.04281030696930177,0.3458814796896643,0.3087604710901015,0,0.7426130872783911,-0.2504702297273482,-0.1156641606322184,0,0.14047084053940573,0,0,0,0,-0.020324366178593678,0,0.12542015979473486,-0.4220404346238231,-0.028007698382905843,0,-0.24471702426959752,-0.1187048353533191,0,0,0,0,0.27416697718176586,0,-0.06666314071798674,-0.21040754574791798],[0,0.13870350711893575,0.2388457293856341,-0.21452324081364615,0,-0.01085257614196422,0.08866516647501044,-0.07616520427832985,0,0,0,0,0,0.11156975448324591,0.1298886107215651,-0.06339204570869139,0,0,0,0,0,-1.0059430668816915,-0.7078098363468701,2.2045013547891745,0,-0.9543866486975592,-0.074143620247213,0.08085714933651644,0,0.37055176476245855,-0.8864260022702783,1.6331940159277547,0.05091040078373332,0.46634976504412506,0.36162771663011384,0,0.24703271527905812,0.7818616258618105,0.28054714110051204,0,0.41674484142380575,1.0574270164477717,0.7735018566425804,0,0,0,0,0,0,0,0,0,0.010970646300471287,-0.3575467622625439,-0.6261521429474133,0,-0.216105187558302,-0.3892545455193419,-0.32243608498141985,0,0.08807182554372428,-0.27433748795453994,-0.5895581740751865,0,0,0,0,0,0.7478539275946368,2.5982513948406307,0,1.0458389397265044,1.9024400339402376,2.7663264558706295,0,2.063613615393198,2.175535623165011,2.0138398956377976,0,3.171034003710986,-0.3048213078072042,-0.0058227322990545005,0,-0.31360248922474643,-0.5575017819934152,0.4094156324809033,0,0.5240883454448628,-0.5946857726660424,-0.2718159454537439,0,-0.053127729829551384,0,0,0,0,-0.08574469867320911,0,0.0871171717220518,0.06924871052164505,-0.048549458210898955,0,-0.37924389897305044,0.49120259292670543,-0.06262018291023264,0,0.054108088855953085,0.07065375355334602,0,0,0,0],[0,0.8694296015021017,0.4327460610975482,0.02029308380856243,0,0.30198570151492454,-0.09689530917816214,-0.9768038632171763,0,0,0,0,0,0.5469803347379774,-0.18014376926562647,-1.0652085846047967,0,0,0,0,-0.04621138708806072,0.08495206730646832,-0.1489702421002761,0,-0.029482280683993167,0.0379249426381465,-0.23451919957309286,0,0.25525841165698004,0.1849965168566694,0.1331525325001781,0,-0.006584936518535756,0.11502486682925461,-0.09640927206034533,0,-0.3455148818261833,-0.34741873754813746,-0.6072400312065129,0,0.22576545266538872,0.12179985815798489,0.07039870984307495,0,0,0,0,0,0,0,0,0,0.46607167509794767,-0.039490163930208766,0,0.777633997021411,0.01674172461055523,-0.4073236258848585,0,-0.19412357215521503,0.29134052931766163,-0.30895965048298724,0,0.7088305899598941,0,0,0,0,0.5593174056765129,0.03336516813463675,0,0.9649913680956317,0.4842619145448275,-0.20386088594841212,0,3.4474496993806056,0.23957279981357615,0.6578208149548885,0,1.2987170549994573,-0.12851827064070065,0,-0.17274751983441217,0.03354480931694859,-0.3924120084527196,0,-0.36443851510448155,-0.031221493193138272,-0.14206796460038706,0,-0.12509683388064552,0.11880627836162727,0,0,0,0],[0.09201160283777732,0.04046885415335044,0.10255889479959457,0,-0.11410970532049447,0.05269374099762647,0.08225458736781732,0,0,0,0,0,-0.022715829330714143,0.15796138913138602,0.11644683380220577,0,0,0,0,0,-0.1840153314538222,-0.16681565416145006,-0.25090736086802323,0,-0.14476605603307746,-0.15921673124879376,-0.22033986916849724,0,0.002315700160353984,-0.042457547802772666,-0.06758242567256545,0,0.06585308259093736,-0.3570501136612023,0,-0.38329172935099987,0.26446886968924765,-0.1374991003924375,0,-0.4439429536942221,0.06797434563263582,-0.23711891792058548,0,-0.28098932895067374,0,0,0,0,0,0,0,0,0.13339114438867394,0.21943240252372576,0,0.382231707312072,-0.02913341664444502,-0.053107182309299006,0,0.07231951801605696,0.295962022152942,0.08515655829035751,0,0.22160195899421709,0,0,0,0,-0.010361033706264067,0,0.30945894291959775,