{"modelSettings":{"letterOrder":"ACGT","bindingModeInteractions":[],"bindingModes":[{"fitLogActivity":true,"flankLength":0,"singleStrand":false,"size":10,"dinucleotideDistance":0,"componentName":"Binding mode 0","positionBias":false,"modifications":[]},{"fitLogActivity":true,"flankLength":0,"singleStrand":false,"size":10,"dinucleotideDistance":10,"componentName":"Binding mode 1","positionBias":false,"modifications":[]}],"letterComplement":"C-G,A-T"},"coefficients":{"bindingModeInteractions":[],"bindingModes":[{"mononucleotide":[0,0,0,0,0,0,0,0,0,0,0,0,0,0,0,0,0,0,0,0,0,0,0,0,0,0,0,0,0,0,0,0,0,0,0,0,0,0,0,0],"activity":[[-12.590270968100974]],"dinucleotide":[],"modifications":[]},{"mononucleotide":[-0.7818553853779612,-0.7531040752524797,0,-0.5397367460658912,0,-0.30863226049929615,-0.7646365870764832,-0.23840057770539946,-3.32101888996987,-3.5974666361235625,-5.696853384183525,0,0,-5.815540149777881,-2.52697519805797,-5.411542001405108,0,-13.343263812306922,-10.085386087841107,-11.75438517322719,-3.029839004236022,-3.4440405893549633,-2.9620327663091164,0,-2.1272176044054234,-2.3449279297100842,-1.0415059557837845,0,0,-3.4322531370617373,-0.5719054412552439,-3.1738918301364567,-1.6318228258165681,0,-0.5228570394654243,-0.5647849666692614,-0.37679828593782216,0,-0.5368464054259748,-0.3545042819099645],"activity":[[0]],"dinucleotide":[[0,0.5897980166935376,0.27569666555099426,0.5845879350225561,0,0.2607931830508009,0.6714351161048211,0.44769551730503254,0,0,0,0,0,0.001015743176023154,0.24664894905667634,0.6150286310336837,0,0,0,0,0.7609109848687137,-0.0015022156050665814,0.2354841882714016,0,0.21465092164727428,0.0397405117402414,0.921366552482322,0,0.787290099626861,0.18729958386711143,0.6789895337432155,0,0,0.15535355016786667,1.1820765878457946,-0.17502185062498654,0,0.8132306378509426,1.0762901809771988,0.5130963795238976,0,0.3310070534619509,1.2752566060037474,0.18227169792299236,0,0,0,0,0,0,0,0,0,2.0452532574465607,2.782815050550923,-0.47525467945789046,0,-1.2166374042811992,1.5039207136592303,-3.114993005588005,0,0.5476137050016305,1.809320096683157,-0.678769085849634,0,0,0,0,0.5906289436620806,0.536627363004758,0.9785777299535052,0,0.31649495531077143,0.8868686701708413,0.7980976351008291,0,1.149345618770825,-1.1705855874671443,1.7675635792381676,0,-0.7037061925456882,1.5352959887580058,-0.6329024100960305,0,2.026833205778085,0.7606223635264762,1.2197105530204757,0,-1.131365675244572,-0.5388883127361117,-1.6905974168973588,0,0,0,0,0,0,1.3121082058854432,0.3802037112763572,1.3538937525586645,0,0.302422433839749,0.6270012197300732,1.806835747284257,0,0.3252107874813408,-0.9757333152431036,0.17734012269445198,0,0,0,0,0,0,0,0,2.1682309026562816,0,0.998105190110377,0.2819991526748087,1.7468751475224429,0,0.9939741784044609,0.35093121938147753,2.1700324780618456,0,1.2685779730179108,0.2454537077619836,-0.49156346209662916,0,0.46205357802019176,-0.021086023102923956,0,0,0,0,0.01736798832641062,0,0.4542505901840337,-0.06499116618040524,-0.10772173943264418,0,0.04828020897899998,-0.21090895100270068],[-0.4093791327207752,-0.13880770050017688,-0.1919222398788918,0,0.20904565690942212,0.12751305438819482,0.4806386831597642,0,0,0,0,0,0.15063283849770137,-0.29623178764791014,0.28419929113915465,0,0,0,0,0,0,-0.9371990278439544,-0.8235658913999746,-1.3279231887591578,0,-1.0177401157231856,-0.4733904282828365,-0.34598398326969004,0,-1.8547283840566342,-0.525922238132452,-1.8050513635215415,0,6.139255825398024,3.916438900919161,7.081936706273706,0,3.194711009120045,2.5897746908204518,3.14037359032519,0,4.7493680380406875,4.856902676585252,6.327373009082807,0,0,0,0,0,0,0,0,0.28857102332447404,0.570911438280401,0.11077680119519151,0,-0.658548889945946,-0.3764024844700744,-0.5934715151440795,0,1.2512903142913423,0.774239560056543,0.7566726662435475,0,0,0,0,0,3.153119025873254,1.7237599044262026,3.479358684700447,0,2.0292228482677857,0.46001695381998786,0.8258838898876242,0,4.505054849559267,0.9625150680563088,4.3709284888505096,0,0,0.07946529667077407,0.3520829565795687,-0.24391853859494184,0,-0.9896486249880292,-1.5789217725175773,-1.7450800876152721,0,-0.48360089621099256,0.639890468811199,-0.2437834298946031,0,0,0,0,-0.5484081200624975,0,-0.1263094280809085,-0.07200801385615074,-0.19610425384647412,0,-0.41623121169119814,0.4720852715257142,-0.3745900098625503,0,-0.13233331061515274,0.17131182466763129,0,0,0,0,0,0,0,0,0.05520464468091557,0,-0.4538345017562331,0.35754728438161365,-0.01134216816308653,0,-0.16160549282277126,0.5068568913083717,0.18672049935917023,0,-0.29022807779612547,0.17778872048875627],[0,1.4167047177317293,0.30920415065725004,0.5026359873094339,0,0.7899600921171039,0.11426887432310151,0.13600912759753214,0,0,0,0,0,0.7068055551409422,0.06611716792390165,0.3260107338257079,0,0,0,0,0,-1.5413202312341685,-1.3574823827322096,-1.2446454863129404,0,-1.147616179372072,-0.46942626007606236,-1.1527726576330313,0,0.5384900548789027,-0.2176750949717139,1.2363722793183456,0.12999116309456138,0.7398154399393224,0.5796943213551744,0,-0.020108858036091526,0.7982952207128218,0.48125987639031553,0,0.2995146370041315,1.1401810847316227,1.007444636229403,0,0,0,0,0,0,0,0,0,-0.517211425137651,-0.037044070591566225,-1.519456010309951,0,-0.44553513570916614,-0.5384626858455066,-0.5164530506003233,0,-0.15800630648476321,0.7183870475137581,-0.3441135503771582,0,0,0,0,0,0,4.784270736606537,1.0915420489687104,3.4599109840118025,0,2.5626106652908653,-0.7099201523402758,1.4900979097091973,0,4.460191569024159,1.2745740999689517,2.698205231316024,-0.47386495691671016,0,-0.10911502884613355,-0.4956371759424245,-0.8662413883785067,0,-0.08559946147709807,0.22965257344110324,-0.4374011967110789,0,0.20397095713422608,0.06270603272743891,0,0,0,0,-0.08802463050580966,0,0.17541052605209373,-0.012904692475153468,-0.020666211145013325,0,-0.40775639704636957,0.5099465706041437,-0.010945038491811054,0,0.031448186940040035,-0.05423454319152432,0,0,0,0],[0,1.196666865552519,0.7134040747669559,0.9284354617634261,0,0.5387028936387424,-0.036471197607975014,0.534144600738987,0,0,0,0,0,1.117762720898284,0.1126860300387964,1.0115296355099321,0,0,0,0,-0.23003756896480532,0.01267067770302166,-0.31064059263313926,0,-0.05649780148129224,0.04368436092337635,-0.2760971090203763,0,0.38420738984607183,0.2678952994675914,0.22849551682165536,0,0.08741802721816416,0.18657706762224713,0.08097321542726998,0,-0.22393602308997895,-0.2152360602961707,-0.6251059938826113,0,0.37437236772939997,0.18983124152094977,0.4526150723806195,0,0,0,0,0,0,0,0,0,0,0.3530649446793621,-0.40727238090236906,2.382992379904464,0,-0.4873051284907346,0.062157498284133084,0.035246931935836834,0,0.8673060806002937,0.019171814872056103,3.2726092780509513,0,0,0,0,-0.516328948292049,0,-0.9101770050438187,0.08789728319725221,0.5024549395789695,0,0.0040677730860263495,2.2537769778598484,-0.4596590437357708,0,-1.279222566529139,0.16811334951242785,-0.16673854215752382,0,-0.2445825551917622,0.023598229846642838,-0.5182080119639658,0,-0.5206135538603109,0.037737022455472946,-0.24220211273978487,0,-0.29217807113584104,0.016238387695567624,0,0,0,0],[0.24127229002255568,0.1747833107087251,0.2270541033149449,0,-0.10254270646520158,0.0972386323485539,0.04776348451142809,0,0,0,0,0,0.0034149036272408395,0.2439168454446774,0.023880113150458016,0,0,0,0,0,-0.2190899400358557,-0.20508485992880843,-0.3313407569839555,0,-0.144733216748421,-0.17362826630686934,-0.25065562285281695,0,-0.01957393213259584,-0.08099920710094466,-0.12045663943809526,0,0,-0.17524511111234986,0.08711176640494056,-0.3131865851696398,0,-0.5423575057066214,-0.10642558697804727,-0.04638517289714983,0,-0.08014512205195601,0.10950942268305663,-0.31434366148059034,0,0,0,0,0,0,0,0,-0.5553583727154994,0,-0.8747197333677006,0.06947622027491995,-0.04434578857220295,0,0.01278917772529864,0.0885469526786764,-1.0270870119547872,0,-1.5357301723128325,0.07089893374189415,0,0,0,0,-0.2285910286086228,0,0.21432070520495117,0.1896819788929971,-0.4415047501827747,0,-0.3237503122458101,