{"modelSettings":{"letterOrder":"ACGT","bindingModeInteractions":[],"bindingModes":[{"fitLogActivity":true,"flankLength":0,"singleStrand":false,"size":10,"dinucleotideDistance":0,"componentName":"Binding mode 0","positionBias":false,"modifications":[]},{"fitLogActivity":true,"flankLength":0,"singleStrand":false,"size":10,"dinucleotideDistance":10,"componentName":"Binding mode 1","positionBias":false,"modifications":[]}],"letterComplement":"C-G,A-T"},"coefficients":{"bindingModeInteractions":[],"bindingModes":[{"mononucleotide":[0,0,0,0,0,0,0,0,0,0,0,0,0,0,0,0,0,0,0,0,0,0,0,0,0,0,0,0,0,0,0,0,0,0,0,0,0,0,0,0],"activity":[[-12.881360901374444]],"dinucleotide":[],"modifications":[]},{"mononucleotide":[-0.3319577816229399,-0.49610834816279337,-0.4201288773886215,0,-0.4408845194026637,-0.6662843679650867,-0.9783765276211416,0,-2.215879389001053,-3.9634674930336864,-4.542333999627911,0,0,-6.993667596519012,-2.8183744290073665,-6.700083280516187,0,-8.261731854714125,-6.962887614290986,-8.06925489369103,-2.7030763412920153,-4.378104187327183,-2.1691555282441537,0,-1.9081828316156486,-1.8540912257588207,-2.133520289620693,0,-0.9214499218924745,-2.79340959674132,0,-2.5777625478988075,-0.2840691550908221,-0.03867625488674098,0,-0.811923549210779,-0.6890063638743038,-0.1899023418451532,-0.4190505673388587,0],"activity":[[0]],"dinucleotide":[[0.0994915599394881,0.6265053117217884,0.13779587416973804,0,0.186393621028194,0.3854958605941442,0.5340620668625996,0,0.6006993428402977,0.5552681049068522,0.304627354386497,0,0,0,0,0,-0.5655413134311718,-0.010656611044902675,-0.6662819202468269,0,0.11392775460656601,-0.09473429002502431,-0.2613318179298334,0,-0.2743806433693283,0.058472879689905,0.26171312024694693,0,0,0,0,0,0,0.8282834042654752,1.101228883700485,0.8934166691705432,0,1.0731001739190624,0.8907975122647915,0.7668272924783732,0,1.3172516687475877,1.258591197673784,1.1085255908434313,0,0,0,0,0,0,0,0,0,1.9194532904080432,1.7017736184579206,1.8406159768523676,0,0.9328430559410847,0.6489968770704913,0.7995051018373154,0,1.5041402128496504,1.259134333452952,1.3777278268381181,0,0,0,0,0.9775158010666765,1.0630233801352382,1.3142970371776528,0,0.6807311117800658,0.6577373030680853,0.9100846814012957,0,0.8171111608426465,0.8481565247566891,1.0309813644695005,0,-0.6742317600764896,1.5917052052811087,-0.6390450594823651,0,1.510900966361385,0.7297297144861572,0.8372476736204302,0,-1.1858611301835156,-0.39621670405246245,-1.6884936080718749,0,0,0,0,0,-0.10682622483355297,1.0216434419619107,0,0.8936351636624273,-0.39064647906187133,-0.23180949036638587,0,1.1558932562649513,1.1337682680246173,1.3063628802826202,0,1.1766507206337935,0,0,0,0,-0.7487399997869955,0.7741921353753447,0,0.4961101282535676,0.25799683012799157,-0.3276482896260191,0,-0.03868004439254147,0,0,0,0,0.06905818275451159,-0.39963796097008775,0,-0.42989999878884877,-0.5983714042996096,-0.03676370475525503,-0.0714651320694859,0,-0.03485870270183766,-0.19215543964914483,-0.46197120148977544,0,0,0,0,0,0.07695564786960452,0.10030543185893281,-0.1923558621351391,0],[-0.451653553135706,0.16277679856974192,-0.41367038419512614,0,0.03329005562228238,0.3374771071494358,0.14391529372827971,0,-0.13804666808535648,0.25626470781121924,-0.2314053470764197,0,0,0,0,0,0,0.5564261085547209,0.433941791044127,0.7765121045422845,0,0.23218765158385946,-0.24849177260044364,-0.04998712223006141,0,0.19369248846092724,0.002116437163811824,0.7079139558397598,0,0,0,0,0,1.6027341842258664,1.6109789050736119,1.5343953702511612,0,1.5024724349222431,1.5780966732500374,1.5425336054569971,0,2.054769806868041,2.4803603890719153,2.070307489552061,0,0,0,0,0,0,0,0,0.40847045424106554,0.2661488358321549,0.2887588328285222,0,-0.5854077358626073,-0.5873555454434163,-0.4833412935353918,0,0.7789118650286859,0.14825988911291432,0.11793797194403588,0,0,0,0,0,0.2990231314768579,0.44225303330826726,0.468273212452166,0,0.030273471421962128,-0.08454677185383908,0.1819194246147049,0,0.742793910714731,0.5802421736303032,0.8688616474112472,0,-0.29402621243107685,-0.17999454551251404,0,-0.3267730441446748,1.1865204868810384,0.6353954551306771,0,-0.031309684087803547,-0.5367014322206689,-0.9415272583026972,0,-0.8023420581034273,0,0,0,0,-0.48467947772809206,-0.030536069031992685,0,-0.0560351706824358,0.29705938236722473,0.30898341769393856,0,0.7821559375669587,-0.3755601540878337,-0.17777077171739641,0,0.10751292088896669,0,0,0,0,0.38910488751355854,0.4270350608083878,0.553854663134357,0,0.0956397121108683,0.09209374681299476,-0.18124774163834,0,0,0,0,0,0.4854683974329994,0.2614603624333962,0.20197211798659964,0],[0,0.24403404313205712,0.16662590353802287,-0.04875190659566009,0,0.23326867995446765,0.03426429082134863,0.11084897196351218,0,-0.12314258561811275,-0.06513500550610196,0.05736665345390346,0,0,0,0,0,0.26101693940867854,0.020261327332979917,0.20032527178004322,0,-0.03468014332721303,-0.4636008351603156,0.18895591025124503,0,0.3947448580386368,0.0784073413710189,0.37972334426843624,0,0,0,0,0.10426008687458932,0.6027050875558144,0.4869748165802177,0,0.1905857862401561,0.7571942099879658,0.5570430789628649,0,0.4508414416319688,1.1206770921428433,0.9472825230633273,0,0,0,0,0,0,0,0,0,-0.0179750975947659,-0.012715970957469125,-0.24965500181382794,0,-0.2749291686995381,-0.40721198794453795,-0.2883146342077758,0,-0.05497252998495128,0.42476975862971145,-0.3388801247222979,0,0,0,0,0,0.39553415183856444,1.3053399632246379,0,0.832751784036617,0.21073401947517745,0.9110267847159612,0,0.4402782804372958,0.23255962799166952,1.104089350213659,0,0.6171695184808943,-0.3888358733589561,-0.018339772872014493,0,-0.35528013712074547,-0.5916073804134694,0.32459115423844676,0,0.45615492814279524,-0.5968579228544448,-0.27324655208676507,0,-0.09491129369456619,0,0,0,0,-0.05471182343849312,0.08687205924465857,0.13624486068049535,0,-0.5342867199734482,-0.46209099388209296,-0.8609781068013169,0,-0.04628720084155358,0.032320707343371335,0.004254573997827471,0,0,0,0,0],[0,-0.016922007323517008,-0.023324321076827026,-0.12304744602460183,0,-0.17413326786232375,-0.2743427429307239,-0.17394774245379097,0,-0.14311697227347508,-0.18163796179355263,-0.3461505771494995,0,0,0,0,-0.22118586417394281,-0.22899404180628657,-0.06415347170590024,0,-0.39045015696466123,-0.1837150721287104,-0.33704364711601986,0,-0.22776308049968375,-0.1792105980357741,-0.3067119621274399,0,0,0,0,0,-0.027624527308004687,0.13090443128735707,-0.023891283707532907,0,-0.24370396998727806,-0.2097600568251261,-0.41468653794765054,0,0.19873622949855108,0.04495003554823107,0.20059841668042822,0,0,0,0,0,0,0,0,0,-0.0596321650315037,0.49480698639117904,0,1.0863958714448163,-0.02118866623616711,-0.4359209984994221,0,-0.1659699128937948,-0.02235902201947404,0.740509100716304,0,2.0707795330032255,0,0,0,0,0.600726659340781,-0.08077876989073296,0,0.611545096530671,0.5925219022850428,-0.13278264021317376,0,0.8390394501148419,0.4834916826835993,-0.15471998844845558,0,0.4539942306019089,-0.15129153037730791,0.0040166288180811804,-0.20421557074714602,0,-0.40844428993763504,0.05849824259452774,-0.3451670505812796,0,-0.28743736278714316,-0.0581191204579814,-0.306179317659824,0,0,0,0,0],[0.14967281403113475,-0.12642431734625426,0.09291533340823888,0,-0.1303141453736889,-0.1144695148451147,0.007980813238297912,0,0.019427441451176808,-0.16297998277200865,-0.016847077748850303,0,0,0,0,0,0.0682779262226445,0.07656622472627328,0.14872297153700265,0,-0.15859067742816002,-0.09911145335328841,-0.12758815550542169,0,-0.06415373774005362,-0.06281071197331878,-0.033980557223600716,0,0,0,0,0,0.006811934040684697,-0.5290798476262593,0,-0.46001491002512296,0.001980252986992781,-0.21245593471065138,0,-0.29721107748958175,-0.06203086103274025,-0.2649287765791719,0,-0.45621423314988263,0,0,0,0,0,0,0,0,0.15137514751160275,0.21164589174905402,0,0.3197657461915977,-0.05439773222814415,-0.014829061500226892,0,0.03801888248626106,0.23098503836567907,0.8847716805927766,0,0.9197183749329394,0,0,0,0,-0.0605587245154009,-0.21669512179641792,0.09366092476321519,0,