{"modelSettings":{"letterOrder":"ACGT","bindingModeInteractions":[],"bindingModes":[{"fitLogActivity":true,"flankLength":0,"singleStrand":false,"size":10,"dinucleotideDistance":0,"componentName":"Binding mode 0","positionBias":false,"modifications":[]},{"fitLogActivity":true,"flankLength":0,"singleStrand":false,"size":10,"dinucleotideDistance":10,"componentName":"Binding mode 1","positionBias":false,"modifications":[]}],"letterComplement":"C-G,A-T"},"coefficients":{"bindingModeInteractions":[],"bindingModes":[{"mononucleotide":[0,0,0,0,0,0,0,0,0,0,0,0,0,0,0,0,0,0,0,0,0,0,0,0,0,0,0,0,0,0,0,0,0,0,0,0,0,0,0,0],"activity":[[-12.151372027939882]],"dinucleotide":[],"modifications":[]},{"mononucleotide":[-0.20530902576402532,-0.2780607506499324,0,-0.05986291867799931,-0.24733191912907238,-0.6281117495379793,-0.7876631508939393,0,-1.9919224424473407,-2.967227929464279,-3.5153185180648663,0,0,-5.33953187563907,-2.5437355039900424,-4.525874766183307,0,-5.879993756274081,-5.658633715457567,-5.7979755082724465,-2.423756457541435,-2.2062898599248486,-2.560947802342417,0,-1.4962437145315985,-1.6818705802344085,-1.1546295402590658,0,0,-2.5711710644155374,-0.2389581677526511,-2.33626657556698,-1.2207838153120654,0,-0.40129094304245916,-0.5724681818927073,-0.31661424433801333,0,-0.5179693785998252,-0.23409616749826956],"activity":[[0]],"dinucleotide":[[-0.3313836249773221,-0.01498978427113462,-0.13052344914546055,0,-0.2399685306477286,-0.10993191800197133,0.13783886021012215,0,0,0,0,0,-0.31801694077658027,-0.25610113503931364,-0.0811376471984353,0,-0.24563616429435964,0.04490793383580538,-0.3626876270525923,0,0.19048915179797543,0.050624247747268036,0.09157586647188865,0,9.726922268837868E-4,0.11465029320780395,0.1798893900642824,0,0,0,0,0,0,0.7686350991751247,0.7936468586612184,0.6945177978140986,0,0.8793652508766563,0.701364766998342,0.7480307662607615,0,1.0406878511040816,0.8643593405850529,0.8968241532306003,0,0,0,0,0,0,0,0,0,1.3152936395740262,1.2113205414434667,1.2567889420899476,0,0.6897167883418414,0.5218224519045194,0.6267453464970183,0,1.1184567971761687,1.0078659584781349,1.0538595322116961,0,0,0,0,0.743626902287418,0.6578465812804417,0.9330487192282044,0,0.7600351769452374,0.6890394581473807,0.974102162267652,0,0.6605509358099733,0.638302619319024,0.7919848210207983,0,-0.32008514263763876,0.915339010057576,-0.2383308529956114,0,0.7668045767079166,0.4035580012062683,0.461998960738943,0,-0.6321246674790189,-0.18436768378048995,-0.8463233230006573,0,0,0,0,0,0,0.7188876357945699,-0.08436203466165759,0.6091218368391234,0,0.25836275748937476,0.2117051744908598,1.0039636339514355,0,0.22720210791733386,-0.6997641353211987,0.19793944304280853,0,0,0,0,0,0,0,0,1.231400816984138,0,0.7629245535407039,0.41757460856636897,0.915341621970855,0,0.5848126203464261,0.30439141738313813,1.2117655976881085,0,0.8026967148434156,0.26561270305409757,-0.3053632224918643,0,0.06976067654266016,-0.033664012248078024,0,0,0,0,-0.11474610428799137,0,0.12768981496501253,-0.05622647896485633,-0.10750301727695932,0,-0.07053590707894752,-0.1525882395242446],[-0.19182528180920766,-0.0753199458674434,-0.13627797362798688,0,0.13425566774220155,0.15566418187957876,0.25805700819877675,0,0,0,0,0,0.06501332242128743,-0.042849363194240375,0.1724220417367599,0,0,0.30152623843680537,0.2766903538603085,0.25669906389735075,0,0.12741286893996318,-0.041682231462258024,-0.035605548743902204,0,0.16679535678267499,0.08013269417039481,0.1137759955675044,0,0,0,0,0,0.6964345523619997,0.7357600888757787,0.7163275532969848,0,0.9131558013160914,0.9397274623013665,0.8922283273009919,0,1.0349185799206495,1.1525764801879532,1.0161973707168777,0,0,0,0,0,0,0,0,0.43804155093860686,0.33957066790471657,0.49773705186443706,0,-0.09365545999955316,-0.25302565187913917,0.09063619503958442,0,0.41071320842312176,0.2437724785329234,0.4439513481815922,0,0,0,0,0,0.19354011837588914,0.2957812617828157,0.30944695826662283,0,0.21611506759845156,0.18169287957621272,0.36254645689545484,0,0.36379713775209765,0.2805159119593501,0.41220250908097356,0,0,0.13781683202545914,0.15584993013464388,0.0951969779996853,0,-0.1314896625234061,-0.6927886496634228,-0.45537227810844527,0,0.05576892274285683,0.45929694996121917,0.1985051415025767,0,0,0,0,-0.20446547719022679,0,-0.0551346895371303,-0.09500859258924255,0.06530620302984946,0,-0.1640471452679586,0.23895059467966018,-0.13134576250606145,0,0.07928306623910553,0.16081743806200066,0,0,0,0,0,0,0,0,5.228803570407337E-4,0,-0.016090484192368137,0.1580104806852649,-0.025230904591578174,0,0.07075417895453162,0.2794070886147253,0.2109260379207738,0,0.10182983416292846,0.1706581243894627],[0,0.2337890451584883,0.0913954716919303,0.11295312271838931,0,0.22468444210361493,0.11093805297260761,0.12881254682729537,0,0,0,0,0,0.16854284462157754,0.10943044264708401,0.047663753725166735,0,0.10525184943969812,0.051345619557597644,0.029394388853331677,0,0.1802733214249379,0.05090257700570078,0.1458208719729761,0,0.28573505095753937,0.19361813057779287,0.19331849698851222,0,0,0,0,0.11963389705754413,0.4376314912996584,0.46767860560259766,0,0.32270974820959,0.5859916153242244,0.5941166684451122,0,0.4036405421269196,0.8209358424777493,0.8098109599981713,0,0,0,0,0,0,0,0,0,0.2512313660777181,0.12826497992214136,0.1597598434522638,0,0.06140464813448476,-0.1575499425107605,0.08357006076984241,0,0.18946827728664495,0.06303928696688033,0.14349821110642047,0,0,0,0,0,0,0.6382080861858102,-0.13179392200694728,0.4580892044676794,0,0.6615248969653535,0.06966510833549933,0.47177321884457335,0,0.6100044047586488,-0.09460041919649775,0.44714833265377507,-0.28656814361102345,0,-0.09156302637234948,-0.19397615257743706,-0.5063569234471732,0,-0.36567989297885095,-0.03420450076988146,-0.2730029827726903,0,0.0651617690832973,0.09020193782946784,0,0,0,0,-0.02899133080350591,0,0.06355248100217636,0.02812046619941011,-0.006069168093057797,0,-0.21841940548097405,0.2826643438826091,-0.06973029465298719,0,0.038905032069497025,-0.001959402969734736,0,0,0,0],[0,0.2109045617672809,0.20458880091200182,0.22061241422068,0,0.09278518426268789,0.08240844827749783,0.13208746398408877,0,0,0,0,0,0.048394541808807645,0.11448322636527752,0.10727031376885421,-0.09161271642444468,-0.06142655641424977,0.0024322243908230234,0,0.0028285647660757363,0.03332818910081503,0.048087916759089744,0,-0.06016081760865255,-0.008456338159446908,-0.04852675433364695,0,0,0,0,0,-0.013164426647716887,0.032857676386687906,0.06959235335292835,0,0.03193526075095576,-0.029822807299485277,0.03470202709712211,0,0.09486326781120269,0.048008349778994486,0.17638861940982764,0,0,0,0,0,0,0,0,0,0,0.31669397972522617,0.026524752322151457,0.36823152547681026,0,0.008172644334345947,0.152282183982825,0.0839156690112075,0,0.27749443568357535,0.06108409004434101,0.38790316355388654,0,0,0,0,0.326642049421066,0,0.028438722789106308,0.2780358957075375,0.21366778157814537,0,-0.003613803570470253,0.24336395894160923,0.30417198933706935,0,0.06730897826270876,0.2575050733976969,-0.01586959572830171,0,0.04333606152924485,0.046156866059119395,-0.20647648371470506,0,-0.1529282241341452,-0.05122574306890382,-0.08644195374399644,0,0.002790612093705569,0.05948653269536308,0,0,0,0],[0.0632012772901831,0.04781616342241524,0.06717431337934343,0,0.004071667743642315,0.12719389326065134,0.10512528829001955,0,0,0,0,0,0.002214810389598476,0.14526744673378023,0.11287750595691204,0,0.16847283937238355,0.12295759625061109,0.20860267732060578,0,0.07006783387111604,0.11610284585003328,0.11867706210956142,0,0.09444938318646567,0.06893187392210809,0.08975980198851907,0,0,0,0,0,0,-0.3479933602907943,-0.009470654425830283,-0.33959647234579293,0,-0.07500581389338024,0.008318956694052915,-0.16439197398130023,0,-0.1759931883603194,0.08575843901017599,-0.2486830400569069,0,0,0,0,0,0,0,0,0.15458348787565512,0,0.03533406696494801,0.09182293059445712,0.031836113255544696,0,0.023893133991682802,-0.010536422502641862,0.08198837234269085,0,-0.03333629094411705,0.030668595762639583,0,0,0,0,0.1841933450042994,0,