{"modelSettings":{"letterOrder":"ACGT","bindingModeInteractions":[],"bindingModes":[{"fitLogActivity":true,"flankLength":0,"singleStrand":false,"size":10,"dinucleotideDistance":0,"componentName":"Binding mode 0","positionBias":false,"modifications":[]},{"fitLogActivity":true,"flankLength":0,"singleStrand":false,"size":10,"dinucleotideDistance":10,"componentName":"Binding mode 1","positionBias":false,"modifications":[]}],"letterComplement":"C-G,A-T"},"coefficients":{"bindingModeInteractions":[],"bindingModes":[{"mononucleotide":[0,0,0,0,0,0,0,0,0,0,0,0,0,0,0,0,0,0,0,0,0,0,0,0,0,0,0,0,0,0,0,0,0,0,0,0,0,0,0,0],"activity":[[-12.648019251123161]],"dinucleotide":[],"modifications":[]},{"mononucleotide":[-0.12200082015159275,-0.25486618553815577,-0.1668729860372815,0,-0.49131985654944277,-0.6391329729911774,-0.9430540110735599,0,-2.1328841636094547,-3.5380603942533764,-3.8946977300311234,0,0,-5.862495824596886,-2.451577832203739,-5.218554257135688,0,-7.773826607100468,-6.269549243882039,-7.819617001792181,-2.48286339160887,-3.5377815219646944,-2.0307976137828803,0,-1.716401340341962,-1.3915298746034663,-2.076085769181237,0,-0.27640676582672974,-2.8684914857412123,0,-2.767139674594117,-0.3536864829221935,0,-0.094609100307681,-0.8080631431722631,-0.6115687657835691,-0.2567914595910481,-0.6908172642106258,0],"activity":[[0]],"dinucleotide":[[0.04054601625217913,0.5038612351296896,0.04349057488214925,0,0.12859428340728396,0.22754566882807836,0.412784581104487,0,0.5306600314777739,0.4273856806249441,0.199108489494229,0,0,0,0,0,-0.4251216236322364,0.05668287925392512,-0.641140811857106,0,0.22873778181269788,-0.1508423060995714,-0.19382813354684725,0,-0.04531981190892331,0.13392488887698129,0.26689723456062087,0,0,0,0,0,0,0.778136257779181,0.9594828659677281,0.9702032574016854,0,0.952394166564341,0.7917057636276965,0.8899865978920953,0,1.2300517632632832,1.0379366622297175,1.2128321750529727,0,0,0,0,0,0,0,0,0,1.6807064892464645,1.3091569983564142,1.561575699174444,0,0.5697079180948563,-0.05493004802774948,0.37021915049257004,0,1.2451799976631364,0.8139166432773521,1.047575154485596,0,0,0,0,0.9919173319978682,0.901937763979948,1.3631593794035943,0,0.717244759818275,0.3266609416464128,0.7953355964358844,0,0.6338930882581657,0.6640864319038151,0.9154539469609979,0,-0.5807887838080195,1.458433503255801,-0.6257901114421038,0,1.3834105866672077,0.682912650215104,0.6763357220605837,0,-1.0905861354124093,-0.35516987215647156,-1.681898442617772,0,0,0,0,0,-0.05717192291090534,0.9429290700283239,0,0.7888419560298443,-0.3833467469989884,-0.24167670275763342,0,1.1764346730576385,1.1513757277658714,1.174036512348624,0,1.1127057499134452,0,0,0,0,-1.4364478355217205,0,-0.7144186278432021,-0.2597994574643785,0.6641756110621753,0,0.40517318790668533,0.3926127615317947,0,0,0,0,0.5714516022453822,0,0.45886782876477916,0.08268061520054992,-0.5732643603101035,0.14501395804108608,0.4059806300427615,0,0,0,0,0,0.06677940409657612,0.16834213210968718,0.48722894187212784,0,0.12909913190420852,0.26881000125729226,0.28384934504728676,0],[-0.4079105856151992,-8.252306971261447E-4,-0.48100816044085626,0,0.021455842265936553,0.28253345578265066,0.063869490072193,0,-0.16548771640339766,0.11958797577557334,-0.3075949872261754,0,0,0,0,0,0,0.22979573983437707,0.3439874303177275,0.47881698911242054,0,-0.08072428312212132,-0.22316352109521187,-0.20012825265521172,0,-0.09805442338083736,0.009984422436307483,0.43564427236607095,0,0,0,0,0,1.309956796536369,1.437276888576477,1.6656795668649362,0,1.136682132653835,1.305422182221001,1.479730327657471,0,1.712281540017356,2.2191417655128216,2.0607494709975143,0,0,0,0,0,0,0,0,0.04542539659735034,-0.07465019847051657,-0.042513673342305935,0,-0.47741561145027234,-0.6497613047252431,-0.4976138434028554,0,0.3308577731016751,-0.11147646928425736,0.04037127693551135,0,0,0,0,0,0.15627801881023373,0.179844219566883,0.16022177442725294,0,-0.030222913971427623,-0.36820757815767635,0.23961416722406526,0,0.7461651554697148,0.39266342017463707,0.9473496319485086,0,-0.23134859489760817,-0.13556865259823692,0,-0.42947128297071746,1.2108539128839642,0.6519524930924945,0,0.056730180308457,-0.4739920435147589,-1.065303315059574,0,-0.6787937474108086,0,0,0,0,-0.43400103637811416,0,0.005995056371214336,-0.07321404342551041,0.07041804585717593,0,-0.21507672748124262,0.4978463859908837,-0.2052759629470824,0,0.16825361304105835,0.2913865357702221,0,0,0,0,0.31432752870415115,0.38794812165431614,0.4874436290060964,0,0.0787451394659211,0.08162300710253234,-0.21839487787811596,0,0,0,0,0,0.4627714851180045,0.23186735300526173,0.10646834494563606,0],[0,-0.0467005055271521,0.02813002660438002,-0.12517413197378513,0,-0.047878189492843504,-0.011661628310109862,-0.007119843637491741,0,-0.524542514181781,-0.1193615831979411,0.10312638182414968,0,0,0,0,0,0.18451533377372442,-0.06112206475596338,0.09418651008206602,0,-0.1286821984305604,-0.5065068379489386,0.19062881267970866,0,0.31741987371031755,-0.03101415997670287,0.44805035740328947,0,0,0,0,0.1551279369446057,0.4632033742940518,0.4648722006736534,0,0.2218649683719809,0.6577457765842265,0.4429110858833445,0,0.37987524198303735,0.942020656831227,0.8890036389131915,0,0,0,0,0,0,0,0,0,0.04735910514755837,-0.03875653697375725,-0.3211834759812682,0,-0.17585096236545095,-0.33144418087329086,-0.26067113643897155,0,0.0016921704709638163,0.08284948671324521,-0.35853672629861144,0,0,0,0,0,0.604144884741447,1.2919171325470682,0,0.9233291185863663,0.19409342930940454,0.6750270625507255,0,0.43373884416718944,0.27764212845753367,0.9379695943399629,0,0.539618553709559,-0.28401791044544655,0,0.06919816260967693,-0.26752452943357774,-0.7754585030093217,0,-0.34184052838146606,0.09286707568184749,-0.3050116953130839,0,0.22482006186919135,0.19926912590657597,0,0,0,0,-0.1354999914219004,-0.00372875458904387,0.06657233431505105,0,-0.509823717709045,-0.4501172931265889,-0.8274407606698011,0,-0.09956923602346279,-0.016202829741600144,-0.024114760723819018,0,0,0,0,0],[0,0.05830342710605407,-0.16370157271154717,-0.13814231976127456,0,-0.1523841917205946,-0.2379820835462354,-0.23918246679276933,0,-0.12212359594972266,-0.21729844646816332,-0.4400917847333785,0,0,0,0,-0.2444366875312287,-0.2078155374752253,-0.07281437583281214,0,-0.2927727955325494,-0.14205013086372364,-0.2520546116674982,0,-0.16048981114346983,-0.17497886738177382,-0.2652477573409229,0,0,0,0,0,-0.022441104640884113,0.06277485459963295,-0.04312432166871627,0,-0.18795929464509697,-0.2775609601228366,-0.34808392647017783,0,0.2189072846708422,0.02281041173754783,0.12535985313005416,0,0,0,0,0,0,0,0,0,0.19876850689320857,0.44701791414315295,0,0.9171439791396443,0.013832030830671194,-0.41859985110739384,0,-0.19370586758099417,0.12021544862269895,0.2914292908785354,0,1.6083253895973701,0,0,0,0,0.5530766126403535,0,-0.09492630700893123,0.5881418423849727,0.5299564495966482,0,-0.0622468825738931,0.8100745299290955,0.6903573868092625,0,0.14013546301793056,0.6377322537873162,-0.13127951396086335,-0.002601735975801489,-0.20836312334902818,0,-0.36104033288141224,-0.0011308336474940006,-0.3821746232969474,0,-0.24811932927234892,-0.12585655119804295,-0.29179036451163487,0,0,0,0,0],[0.13680200461481462,-0.21533364915709896,0.0140089232991496,0,-0.0973382134633427,-0.11079360133926563,-0.024672956661477397,0,0.04313644322912147,-0.18670117952965715,-0.07813964502468362,0,0,0,0,0,0.11229607790525264,0.11984438969578992,0.1578125924951257,0,-0.0716336568708007,-0.05828495215788809,-0.0861624994050203,0,0.0013592214191016083,-0.0478187169623947,0.012556241009274771,0,0,0,0,0,0.02398354988408169,-0.4726393222801626,0,-0.496483745196004,0.12049023941117287,-0.19742826827792648,0,-0.28714909124568955,-0.007042855660585268,-0.437051705277657,0,-0.6463917755455615,0,0,0,0,0,0,0,0,0.05425349233447818,0,-0.16959436321344157,0.16647705407123325,0.016402126387396798,0,0.08148702160913768,0.07767679244542958,-0.37026362697131354,0,-0.5925212497656904,0.09157786975897775,0,0,0,0,-0.12423058133560261,-0.28338463585611784,