{"modelSettings":{"letterOrder":"ACGT","bindingModeInteractions":[],"bindingModes":[{"fitLogActivity":true,"flankLength":0,"singleStrand":false,"size":10,"dinucleotideDistance":0,"componentName":"Binding mode 0","positionBias":false,"modifications":[]},{"fitLogActivity":true,"flankLength":0,"singleStrand":false,"size":10,"dinucleotideDistance":10,"componentName":"Binding mode 1","positionBias":false,"modifications":[]}],"letterComplement":"C-G,A-T"},"coefficients":{"bindingModeInteractions":[],"bindingModes":[{"mononucleotide":[0,0,0,0,0,0,0,0,0,0,0,0,0,0,0,0,0,0,0,0,0,0,0,0,0,0,0,0,0,0,0,0,0,0,0,0,0,0,0,0],"activity":[[-12.859309394299915]],"dinucleotide":[],"modifications":[]},{"mononucleotide":[-0.10529827398739755,-0.4211626123479242,-0.19590304257337365,0,-0.51896538759914,-0.8529567637205675,-1.0370991855648448,0,-2.502550791163987,-3.968280565527314,-4.518819870215356,0,0,-6.500384421625643,-2.8289865289697227,-5.867916963745785,0,-7.642797627896385,-6.6880724510870255,-7.3915612807827396,-2.8811550077205226,-4.352983730904999,-2.235465233011821,0,-2.0804627776776856,-1.916929125206182,-2.179618728375611,0,-0.9600559764596959,-3.035220348119161,0,-2.5991800577322355,-0.39416321815002675,-0.10761245116048457,0,-0.803138484797743,-0.6146776320293466,-0.11463728333362155,-0.4766460572469384,0],"activity":[[0]],"dinucleotide":[[0.06717956057535446,0.5304271132272786,0.07315401491243101,0,0.17867513895756737,0.34083033013021247,0.4297535900315754,0,0.5171730872718481,0.4684640813045595,0.23441920162339258,0,0,0,0,0,-0.39123044756818803,0.021146058354521102,-0.5566242458949553,0,0.2379796350888741,-0.03337553501865553,-0.029285508086638323,0,-0.06546221691847176,0.1668201681237358,0.3036963865840141,0,0,0,0,0,0,1.1588066758443585,1.2010854663515973,1.3539651999197932,0,1.2639923093450367,1.0594705966606517,1.2844987378544257,0,1.4839957217109845,1.3194526610904616,1.5695188765471748,0,0,0,0,0,0,0,0,0,1.7370918754798303,1.5282128052984358,1.7132413325446834,0,0.9193673397182707,0.64424495547701,0.9022327450428858,0,1.4606275198198944,1.224252534627924,1.417568878355688,0,0,0,0,0.9537430810625782,0.9287965348166285,1.260032466110287,0,0.8673201633801497,0.7454921862917203,1.1752535397911856,0,0.9188007924025872,0.8776996103236243,1.095343557606462,0,-0.3442669896533479,1.600074797222593,-0.37258749719325746,0,1.4437937854388556,0.8668109049315449,0.8087441997080704,0,-0.8769017605089893,-0.1839697340783033,-1.4336801008781608,0,0,0,0,0,0.04376077317487326,1.1677012994262972,0,0.9795915155532047,-0.3608273813527587,-0.0029347399166121946,0,1.2016296279660938,1.0765017396661563,1.354384889090567,0,1.2293168966913894,0,0,0,0,-0.6711498166125827,0.7779401793651619,0,0.4602671532743452,0.2963762547937918,-0.28400550847568695,0,-0.026140763273456713,0,0,0,0,0.13964696740974958,-0.38092366832903757,0,-0.39493488581601977,-0.43850082842922866,0.013358895292787665,-0.03967373431267607,0,0.04221571966828819,-0.08934006370005498,-0.39654847098423307,0,0,0,0,0,0.1579362924715948,0.15017689068297724,-0.13197419492310392,0],[-0.39364669169246724,0.005911869326240549,-0.43926371596142477,0,0.06995127540677437,0.38915779516917315,0.13598351887016946,0,-0.1498813890386117,0.12087760648029722,-0.23375304286873,0,0,0,0,0,0,0.335672033390777,0.3788671689214196,0.3612475911421793,0,0.07679477013996827,-0.12325087772367738,-0.14286830215352087,0,0.15788728530155893,0.10154690884858475,0.3177395181330205,0,0,0,0,0,1.0726734787204482,1.2427800227789536,1.1541493248576522,0,1.2274948412722129,1.3843855919223262,1.2821539286424368,0,1.538573013991936,1.9573308556117208,1.63633392234237,0,0,0,0,0,0,0,0,0.49062250653727624,0.4871931314924378,0.5033155477097804,0,-0.23878648337295516,-0.3636293052100408,-0.18425278072146245,0,0.38442047875964214,0.2720759899872789,0.39947852376785953,0,0,0,0,0,0.2453678474176968,0.295032141247642,0.2782333808973938,0,0.20938886709770088,0.028908735509542538,0.35560236439577864,0,0.5307948214639477,0.38241450328968085,0.577352328816902,0,-0.22001676548686167,0.07989592625851483,0,-0.13753959186374498,1.1296752703554018,0.9011996743722488,0,0.2880133843251844,-0.5274067652568117,-0.5870100267591933,0,-0.44852259420226837,0,0,0,0,-0.3487834159837382,0.002909605173870844,0,-0.03004708346330176,0.2861100540719921,0.21939041890711142,0,0.6412441492864893,-0.33486014917410856,-0.16771044480650854,0,0.12197832427806343,0,0,0,0,0.38584670998091397,0.39509471645097705,0.45899168590233064,0,0.20518539247107448,0.14261419254474195,-0.01719773452606166,0,0,0,0,0,0.5515543091675754,0.2200800369914111,0.2108528980492066,0],[0,-0.009099865514961891,0.02745261779690633,-0.04119242905784759,0,0.018141388651059742,0.009139833839284961,0.13372623641295256,0,-0.2850114475438996,-0.125684449488225,0.018018060425951887,0,0,0,0,0,0.2000348870894859,0.05524484645644279,0.010763432655825689,0,0.14763396576920584,-0.06674252988287765,0.17538877541977627,0,0.49935914431987527,0.2631143485607783,0.40783691108553555,0,0,0,0,0.32780661165859115,0.693195968254142,0.7292196053945856,0,0.5710361659507059,0.9727031779365332,0.8105044535549926,0,0.7294409727813136,1.3493698536827559,1.2001542764143753,0,0,0,0,0,0,0,0,0,0.39637992066234773,0.20961910475969248,0.07126179085598494,0,-0.031192170226614913,-0.2129907668886304,-0.07407461868318332,0,0.34580838941766956,0.1606889651458534,0.01665215953518029,0,0,0,0,0,0.34935222207838734,1.2485197112439117,0,0.874632014256024,0.02701249385751403,0.9024867549802593,0,0.5636387725038379,0.27890971664631614,1.0967393293601333,0,0.7832822470989402,-0.28324227283151426,-0.00847966403270295,0,-0.28819542118527863,-0.36728491398006113,0.3181690531397132,0,0.40642754009575466,-0.5123144694171984,-0.20843536585235878,0,-0.025062113616213466,0,0,0,0,-0.02014177634028158,0.03856198852312431,0.10772276143217496,0,-0.4526990299745135,-0.4446458313142907,-0.7516971635479797,0,-0.07364967449934312,-0.022035505490946683,0.04877918925125968,0,0,0,0,0],[0,0.15892903127522562,-0.013470395697531501,0.01879079753105639,0,0.07584229917611918,-0.02744333345482808,0.012211864571191278,0,-0.032433312878533016,-0.12585671234343465,-0.1640399975723552,0,0,0,0,-0.16581428070720516,-0.17895214431180495,-0.0743976593193807,0,-0.1896776011122645,-0.040876773356551155,-0.14570635378570795,0,-0.1217020085474978,-0.07791698829226057,-0.18188101780582233,0,0,0,0,0,0.1934834472741329,0.23715355855655584,0.12765415331670305,0,0.10639336267371036,-0.009221994546732226,-0.034330475801902516,0,0.4000583734079761,0.3002615928050254,0.34718261684987173,0,0,0,0,0,0,0,0,0,0.08472276766765852,0.4730739212174324,0,0.6979015850732946,-0.029747136094345983,-0.17470632689256416,0,-0.025737787906426668,0.03596913078603947,0.4505559823924443,0,1.047959411086623,0,0,0,0,0.4889510503986534,-0.034849566868501825,0,0.4460183333866796,0.3909111581871034,0.0365593002350888,0,0.533778712525816,0.3598991715638826,-0.06270761827007476,0,0.37518673563253024,-0.0668733622983666,-0.024151530121050868,-0.11736523371957297,0,-0.2620573288837935,0.05050301468187968,-0.1926249142204366,0,-0.17911022255605236,-0.06950743321033848,-0.1547162341473518,0,0,0,0,0],[0.18344234982999552,-0.13244669582727475,0.022628645935472314,0,-0.04706514269192841,-0.043672393931666775,-0.012082226170565313,0,0.03299213254164979,-0.17040849782514478,-0.08582572014607681,0,0,0,0,0,0.11023004717624119,0.13080239548778216,0.1597199383208645,0,-0.043604107575856865,0.038606570848654265,0.03359179840872262,0,0.03592944315973057,0.038153529162244126,0.053610647265151634,0,0,0,0,0,0.07010906671777661,-0.2057311940406823,0,-0.2668654601446878,-0.017326789742317494,0.03640847386819779,0,-0.1901293760999776,-0.048052373096359347,-0.015518632579651026,0,-0.1767692594107091,0,0,0,0,0,0,0,0,0.18970575362378383,0.09521316421968429,0,0.17701599489640962,0.0014952843931075321,-0.028319322954788007,0,0.04913374123178471,0.18839362855917052,0.30443695446423646,0,0.3309562998045372,0,0,0,0,0.19679044435869208,-0.16860473980744928,