{"modelSettings":{"letterOrder":"ACGT","bindingModeInteractions":[],"bindingModes":[{"fitLogActivity":true,"flankLength":0,"singleStrand":false,"size":10,"dinucleotideDistance":0,"componentName":"Binding mode 0","positionBias":false,"modifications":[]},{"fitLogActivity":true,"flankLength":0,"singleStrand":false,"size":10,"dinucleotideDistance":10,"componentName":"Binding mode 1","positionBias":false,"modifications":[]}],"letterComplement":"C-G,A-T"},"coefficients":{"bindingModeInteractions":[],"bindingModes":[{"mononucleotide":[0,0,0,0,0,0,0,0,0,0,0,0,0,0,0,0,0,0,0,0,0,0,0,0,0,0,0,0,0,0,0,0,0,0,0,0,0,0,0,0],"activity":[[-12.391280864558654]],"dinucleotide":[],"modifications":[]},{"mononucleotide":[-0.3582242572985045,-0.4707455271387667,-0.320611848806417,0,-0.48801908717905496,-0.8303759955784107,-0.9870660715788222,0,-2.389127510025753,-4.168624960601598,-4.69528220192305,0,0,-7.400933344866628,-2.8781283197041936,-7.988912339339411,0,-8.72097277912522,-7.294076968939832,-8.18572462362105,-2.861537505202617,-4.713579822883572,-2.063760588348686,0,-1.9977236953608528,-1.9202488257071149,-2.1662254764106885,0,-1.049577826801434,-3.0890951045768786,0,-2.6793439015434797,-0.39386815685263377,-0.143033053324507,0,-0.929991362470372,-0.6588387690671877,-0.13658214452879747,-0.4811336977298324,0],"activity":[[0]],"dinucleotide":[[0.13795994970824044,0.7377451210670258,0.20877113832172745,0,0.2086461964885249,0.49406435249677416,0.585226461739507,0,0.6100152029508265,0.6506659246724211,0.36595393610216165,0,0,0,0,0,-0.5949586824301485,-0.026514441685382195,-0.677052768091416,0,0.1350115182060816,-0.07098954725878848,-0.2533012719945038,0,-0.28335447390661583,0.08035126588614894,0.24034850173032574,0,0,0,0,0,0,1.040169145752591,1.1975749866749164,0.6972640287295278,0,1.2402517001872333,1.006181539129516,0.8079170923752397,0,1.3820017260408335,1.2715902382012416,1.03974448427463,0,0,0,0,0,0,0,0,0,2.071033551444808,1.9075789786444535,1.8697689455676922,0,1.1609805550598686,1.073598348848428,0.8503608992504077,0,1.550606177660292,1.3415092969267306,1.3209643337221575,0,0,0,0,1.0163764447753039,1.2594937158880235,1.5402488326284143,0,0.6514106680279852,0.883414772806173,0.8888995927336207,0,1.056630040346981,1.0605851954315941,1.1852903225461855,0,-0.5883508072316772,1.6994640934937024,-0.5749231012781468,0,1.8126676435137323,0.92959134772273,0.987089039328505,0,-1.177560642166278,-0.40040840105053466,-1.854797237394326,0,0,0,0,0,-0.13608183033201726,1.1810252904029594,0,1.0286080610321013,-0.3923823275697309,-0.13152285620670412,0,1.2558973756889653,1.147780824788022,1.4626761113733568,0,1.3091452615280774,0,0,0,0,-0.7034783301962073,0.8600878043232262,0,0.5491941704663832,0.2949064494386868,-0.26766267529863885,0,-0.01121458955205945,0,0,0,0,0.12654537634263274,-0.44342818939080075,0,-0.38540162410265744,-0.5731577534460017,0.0180762962903509,0.0058348001038746045,0,0.02893400870310603,-0.14513545837447428,-0.4412517127900595,0,0,0,0,0,0.16689374408643687,0.14125149443100404,-0.12492981778584022,0],[-0.4165696264292573,0.22726141205128947,-0.42682304951583383,0,0.08183936891410992,0.5003975039003299,0.07607342186794153,0,-0.14951193385767025,0.21871316655956452,-0.32150272425844584,0,0,0,0,0,0,0.6562166755099152,0.408786596281808,1.1335989649956613,0,0.15092133728962054,-0.3076645869645853,0.31667000700313785,0,0.07693083118589605,-0.057627432041282844,1.076985613148179,0,0,0,0,0,1.6517175215724702,2.0112094899580644,1.758243446513836,0,1.5246845521739107,1.819604167226153,1.627090394313008,0,2.396611028409355,3.3428319128560684,2.6381418941975276,0,0,0,0,0,0,0,0,0.7154763769864907,0.4149130108071528,0.35726766457093184,0,-0.5303226706753517,-0.5029057555243899,-0.5626021586460634,0,1.6448064596071283,0.521106945721403,0.6135796219925318,0,0,0,0,0,0.2546406174776088,0.3082282394695497,0.3837944747619737,0,0.03310496780922456,-0.12703299153226943,0.13196003617115437,0,0.7573346074030738,0.5655652969407203,1.119963030897278,0,-0.2639757795486819,-0.05136149441442228,0,-0.13292950844970441,1.2433114232423712,0.37943187837915104,0,-0.20234804268615925,-0.6085790108149389,-0.8716331691926431,0,-0.7911353561901118,0,0,0,0,-0.4317638596966682,-0.06542040203118438,0,-0.08229076945636615,0.3350966188919249,0.3199940475171006,0,0.8162253504937889,-0.3650562467218492,-0.15652546910672038,0,0.14457707136355946,0,0,0,0,0.43947790210308124,0.5013155723716739,0.6210523869926381,0,0.13567522296533685,0.10965650579331099,-0.16179723749253494,0,0,0,0,0,0.6084016254607985,0.2892854019494955,0.26774618794259375,0],[0,0.20361192912245585,0.17971722216788955,0.3122566587784501,0,0.20938319661142657,0.02662803751851195,0.21471623005943385,0,-0.36076626747349216,-0.08231002623170225,0.08159853968499853,0,0,0,0,0,0.4617324370249456,0.1228242754642963,0.37001323647022133,0,0.021720653927941314,-0.7021895797365509,0.1625538787888292,0,0.5745085968830033,0.05967155733551266,0.5485623682414484,0,0,0,0,0.1563030146695139,0.6419753767851155,0.5618351374221078,0,0.3367893892085041,0.8501840960326508,0.5747599632360458,0,0.5255126264207002,1.292513488184504,1.0524107708241761,0,0,0,0,0,0,0,0,0,0.13549170718376047,0.17512503456690176,-0.18188501923862432,0,-0.3464066830196133,-0.43372316170097847,-0.3082648478194745,0,-0.14767110974962705,0.5767970329736798,-0.4285882027886565,0,0,0,0,0,0.2753726493659414,1.5494116010923822,0,1.041105411729756,0.22476509313347037,1.373500998681985,0,0.8414961309000137,0.015252545918489346,1.3285935027163518,0,0.7993514725384028,-0.24592211806617081,-0.023753025114996884,0,-0.35592237578473274,-0.7215222276986015,0.2742119787953001,0,0.3904397814769034,-0.6474525543855636,-0.31236037923685656,0,-0.10098552099919544,0,0,0,0,0.03190514423104496,0.09260629616600236,0.17595323373244742,0,-0.5524588454467421,-0.5450899048767393,-0.8653860934387354,0,-0.08726415897277917,-0.06142858973949039,0.00727511600518671,0,0,0,0,0],[0,0.24231585741082462,0.1930769401332295,-0.12351964344829192,0,-0.042885233027433856,-0.27299586417816624,-0.22638064225761134,0,-0.08432848010770755,-0.04820956689252576,-0.4936870478156674,0,0,0,0,-0.17827847147117382,-0.173971595231456,-0.10568683882027896,0,-0.3460973876384372,-0.14416584028762713,-0.3799560281860037,0,-0.1736462783880821,-0.1269795507015239,-0.3882133505057528,0,0,0,0,0,-0.051072753360744017,0.18779952326469562,5.643979469125426E-4,0,-0.1677605530191668,-0.18029113084447435,-0.4973306035285612,0,0.20370215628776567,0.19514074362539002,0.12817333837093603,0,0,0,0,0,0,0,0,0,0.013050989893248044,0.5998054383276088,0,1.4926909915404796,-0.02269312193795603,-0.3971340644266528,0,-0.1534606017083,-0.029962389337276463,0.9450776807776435,0,2.827570288420393,0,0,0,0,0.7297909797357427,0.014753138892555029,0,1.0123682340733833,0.5834732554944893,-0.04696482351874032,0,1.3602595697786626,0.6059256682341978,-0.051996680316694466,0,0.8951825321005469,-0.0832875902850132,-0.05128268374446865,-0.25345587660393454,0,-0.36462530034828955,0.06109174451723831,-0.2779780549477948,0,-0.21880644889475676,-0.08932103807490854,-0.2780625062130522,0,0,0,0,0],[0.23055100050590394,-0.13601140990289196,0.09517369899597883,0,-0.11971562002587621,-0.06817421487299669,0.0017654082382763114,0,0.047745367673293515,-0.13837205056324553,-0.022319731361437167,0,0,0,0,0,0.021580602950760586,0.05968344056651986,0.15284423787408485,0,-0.17356292564908582,-0.09002571306553131,-0.11633608829475417,0,-0.08072559807333946,-0.05704507467953368,-0.012360119354423382,0,0,0,0,0,-0.0035332949449946582,-0.4308587319479935,0,-0.40030355097619186,0.1300016331828644,-0.027094106587695066,0,-0.10019330978865781,0.03307961743351573,-0.13096398253934538,0,-0.3997617295966105,0,0,0,0,0,0,0,0,0.13238284364412323,0.30210801231579865,0,0.4326119380333422,-0.07549238926181534,-0.003878259855273569,0,0.10109575352091493,0.4266640734195004,1.2483111562701215,0,1.2473215023656747,0,0,0,0,0.11493544864031868,-0.2509999825631226,0.1582346166119155,0,-0.18452845233202275,