{"modelSettings":{"letterOrder":"ACGT","bindingModeInteractions":[],"bindingModes":[{"fitLogActivity":true,"flankLength":0,"singleStrand":false,"size":10,"dinucleotideDistance":0,"componentName":"Binding mode 0","positionBias":false,"modifications":[]},{"fitLogActivity":true,"flankLength":0,"singleStrand":false,"size":10,"dinucleotideDistance":0,"componentName":"Binding mode 1","positionBias":false,"modifications":[]}],"letterComplement":"C-G,A-T"},"coefficients":{"bindingModeInteractions":[],"bindingModes":[{"mononucleotide":[0,0,0,0,0,0,0,0,0,0,0,0,0,0,0,0,0,0,0,0,0,0,0,0,0,0,0,0,0,0,0,0,0,0,0,0,0,0,0,0],"activity":[[-8.14509934427169]],"dinucleotide":[],"modifications":[]},{"mononucleotide":[-0.29395477545618,-0.36227891188074013,0,-0.09381943650408386,-0.2846240053477769,-0.7038089396125016,-0.9786495949942577,0,-2.7118523720920407,-3.7001447172325386,-4.44917458129545,0,0,-6.746426664746904,-2.9180346915922697,-5.87352459893274,0,-7.379023460699429,-6.32187426055758,-6.869152168428579,-3.1574409859771424,-3.4542898072966746,-3.3078293205828238,0,-1.7998318807094873,-1.6882535124896187,-1.5781827685272876,0,-0.12573026756680505,-2.820685304078521,0,-2.2028776090920448,-0.6937469303117445,0,-0.041215101597269044,-0.3899256738591679,-0.7256854941799076,-0.13628538989011485,-0.8805005889865769,0],"activity":[[0]],"dinucleotide":[],"modifications":[]}]}}
