{"modelSettings":{"letterOrder":"ACGT","bindingModeInteractions":[],"bindingModes":[{"fitLogActivity":true,"flankLength":0,"singleStrand":false,"size":11,"dinucleotideDistance":0,"componentName":"Binding mode 0","positionBias":false,"modifications":[]},{"fitLogActivity":true,"flankLength":0,"singleStrand":false,"size":11,"dinucleotideDistance":0,"componentName":"Binding mode 1","positionBias":false,"modifications":[]}],"letterComplement":"C-G,A-T"},"coefficients":{"bindingModeInteractions":[],"bindingModes":[{"mononucleotide":[0,0,0,0,0,0,0,0,0,0,0,0,0,0,0,0,0,0,0,0,0,0,0,0,0,0,0,0,0,0,0,0,0,0,0,0,0,0,0,0,0,0,0,0],"activity":[[-9.136080224372622]],"dinucleotide":[],"modifications":[]},{"mononucleotide":[0,-0.7324736540645891,-0.17646738526387518,-0.7483725938521302,-0.5454240524443172,0,-0.06368356273040687,-0.7889407477513768,-2.270365451344855,0,-2.9211603913097646,-0.06139873389420947,0,-1.6237973455306751,-1.8801806878452776,-1.9347384564626562,0,-3.1271065481483964,-3.7002416234768782,-3.1698342843455167,-6.744119731383587,-6.349307462454026,-7.005510195826202,0,-6.410835149718596,-3.075907729388841,-6.143875793413005,0,0,-4.808624872680247,-3.784042301589243,-2.868557577613301,0,-0.795869419162037,-0.6924842930292165,-0.13270289432149873,-0.0953008440915708,0,-0.4031630723697541,-0.27212184681015406,-0.5086580515922068,-0.3553892517237831,-0.49524090703293955,0],"activity":[[0]],"dinucleotide":[],"modifications":[]}]}}
