{"modelSettings":{"letterOrder":"ACGT","bindingModeInteractions":[],"bindingModes":[{"fitLogActivity":true,"flankLength":0,"singleStrand":false,"size":10,"dinucleotideDistance":0,"componentName":"Binding mode 0","positionBias":false,"modifications":[]},{"fitLogActivity":true,"flankLength":0,"singleStrand":false,"size":10,"dinucleotideDistance":0,"componentName":"Binding mode 1","positionBias":false,"modifications":[]}],"letterComplement":"C-G,A-T"},"coefficients":{"bindingModeInteractions":[],"bindingModes":[{"mononucleotide":[0,0,0,0,0,0,0,0,0,0,0,0,0,0,0,0,0,0,0,0,0,0,0,0,0,0,0,0,0,0,0,0,0,0,0,0,0,0,0,0],"activity":[[-11.531986503618429]],"dinucleotide":[],"modifications":[]},{"mononucleotide":[-0.28648115245405203,-0.49737492059524313,0,-0.11845405115348662,-0.27463042337021437,-0.7259318958509586,-1.0752554296605108,0,-3.0510098491603337,-4.203743354356819,-5.075099259013257,0,0,-7.364236188613246,-3.2434471356269157,-6.887050347918825,0,-8.104379961152702,-7.395768000487102,-8.476142753752534,-3.330547787561585,-3.7672001560650834,-3.499117506091901,0,-1.8940568458004738,-1.7909941956867506,-1.7229910805992297,0,-0.1233426012980876,-3.0541093049821555,0,-2.2609363469441472,-0.6580616802619328,-0.007468672253582831,0,-0.4450135505981023,-0.6807645248881886,-0.05094527826805706,-0.8249387783565874,0],"activity":[[0]],"dinucleotide":[],"modifications":[]}]}}
