{"modelSettings":{"letterOrder":"ACGT","bindingModeInteractions":[],"bindingModes":[{"fitLogActivity":true,"flankLength":0,"singleStrand":false,"size":10,"dinucleotideDistance":0,"componentName":"Binding mode 0","positionBias":false,"modifications":[]},{"fitLogActivity":true,"flankLength":0,"singleStrand":false,"size":10,"dinucleotideDistance":1,"componentName":"Binding mode 1","positionBias":false,"modifications":[]}],"letterComplement":"C-G,A-T"},"coefficients":{"bindingModeInteractions":[],"bindingModes":[{"mononucleotide":[0,0,0,0,0,0,0,0,0,0,0,0,0,0,0,0,0,0,0,0,0,0,0,0,0,0,0,0,0,0,0,0,0,0,0,0,0,0,0,0],"activity":[[-13.039408076877736]],"dinucleotide":[],"modifications":[]},{"mononucleotide":[0,-0.9763321304554677,-0.24904644532898956,-0.6529666330713924,-0.5860023332068347,-0.7701523117897249,0,-2.09072121356112,-3.3712881287468637,-0.2593778012375645,-3.4725096283596075,0,0,-1.022061735255633,-2.2885786199338254,-1.7665639040251813,0,-2.4246399949254736,-3.4008892624933686,-3.1193159153325976,-8.859644605055369,-5.547135098444431,-9.40537613665531,0,-5.5323791617200575,-2.8464209112229817,-6.553368718393137,0,0,-3.9497256862818535,-3.379506399019652,-2.2068369451246985,0,-1.0959150764281753,-1.0410606742114277,-0.4649059308662964,0,-0.2254442148110436,-0.37445554354210375,-0.3127830239423033],"activity":[[0]],"dinucleotide":[[0,0,0,0,0.1647292909134186,0.2930348357822412,0,0.4287597182922629,0.1058852624366784,0.14484205584610255,0,0.22548943476309802,0.0639873549112755,0.0046591556271446954,0,-0.43572108611577187,0.2347761698640083,0.20832231669940637,0.3760626941150247,0,1.1735050170762458,0.8541124168744079,1.020531054298072,0,0,0,0,0,2.0675138316727275,1.5413281054686623,1.8116386840173635,0,0,0.5055228493703945,1.9634771992778046,1.0567894630910013,0,-1.0406930260693839,0.5314140234591567,-0.15717876202270542,0,0.5636549074728219,0.6267784362451252,1.2593338655346287,0,0,0,0,0,0,0,0,0,-1.9452844053992822,0.7691765428087249,-0.3897551004582622,0,-0.33548946041149463,0.7791685132320625,1.7850680749525218,0,-1.347888555540126,1.3637787512286712,-0.43286384584181636,0,0,0,0,0.6432069669101175,0.26874318652265927,2.5623073927913502,0,0.06273477507930458,-1.0575834254720178,1.3437816319530071,0,0.23223397161173587,-1.3963217566183737,1.551091945062005,0,2.78253724922682,3.636069196487176,4.36162577681759,0,0.7229610258483934,-0.12964248922074617,2.294041541797734,0,2.602997271916365,1.6447025286666737,3.7767084938781714,0,0,0,0,0,0,2.3793105270341313,1.3258028404556077,1.3844842395239834,0,1.2344626266594831,0.6801622551373301,0.9359547819231198,0,1.232655646017431,-0.04193591847872824,1.0719190370073157,0,0,0,0,0,0,0,0,0,0.2888302884186791,-0.22346550161352052,-0.7563219992409316,0,0.16459840456894703,-0.12682472690968005,0.24354331292220976,0,-0.030230715641853756,0.25027720834320366,-0.40599704374901124,0,0,0,0,0,0.13851973597158285,0.3833178820021761,-0.02062762419366937,0,0.48569854928359346,0.20259287128671533,0.45561111808294363,0,0.4304137946879365,0.10853043783213678,-0.019977142040397577]],"modifications":[]}]}}
