{"modelSettings":{"letterOrder":"ACGT","bindingModeInteractions":[],"bindingModes":[{"fitLogActivity":true,"flankLength":0,"singleStrand":false,"size":10,"dinucleotideDistance":0,"componentName":"Binding mode 0","positionBias":false,"modifications":[]},{"fitLogActivity":true,"flankLength":0,"singleStrand":false,"size":10,"dinucleotideDistance":10,"componentName":"Binding mode 1","positionBias":false,"modifications":[]}],"letterComplement":"C-G,A-T"},"coefficients":{"bindingModeInteractions":[],"bindingModes":[{"mononucleotide":[0,0,0,0,0,0,0,0,0,0,0,0,0,0,0,0,0,0,0,0,0,0,0,0,0,0,0,0,0,0,0,0,0,0,0,0,0,0,0,0],"activity":[[-13.886967515680691]],"dinucleotide":[],"modifications":[]},{"mononucleotide":[-0.2523721575826592,-0.5762311868778225,0,-0.0531866817679969,-0.04211895620017714,-0.6097018889706207,-1.0947519409605162,0,-3.6014956561432654,-4.818375924088218,-6.117255882916817,0,0,-7.482642646945973,-4.00171928847491,-6.994633178012421,0,-12.4725332151972,-9.8377778080922,-11.870329289620427,-3.9547769824404058,-4.199300134490862,-3.9046783303432457,0,-2.9643033601529933,-3.2832261537157934,-1.8504647091598607,0,0,-4.272382659645228,-0.5704582658487007,-3.7233787478539244,-2.182125075056456,0,-0.8266604661038955,-0.9095695623701553,-0.8553417619979093,0,-0.886007010758239,-0.5577643848160421],"activity":[[0]],"dinucleotide":[[-0.6091150303036749,0.0018201563482663774,-0.34007452104388936,0,-0.388475459766362,-0.09183151955866387,0.25619402275302283,0,0,0,0,0,-0.6372835256087829,-0.5521967426680432,-0.2879308332513042,0,-0.5323693232954416,5.08815719435951E-4,-0.5524905212111992,0,0.20139629809482873,0.0040716464358423465,0.007283781197038763,0,-0.15001654140287002,0.20334306288588877,0.42174327029783765,0,0,0,0,0,0,1.1981175792660075,1.4977033682190903,1.618063753136699,0,1.4807226622926848,1.5271200628030774,1.9575043369709366,0,1.0869213013212438,1.7253231988442082,2.2518128181583723,0,0,0,0,0,0,0,0,0,1.4472574735229031,2.4157912158574337,-0.5761164750783578,0,-2.7436034775006917,1.490220616851154,-2.769122429994262,0,-1.118249047703081,-0.18257462878169406,-1.865245712087983,0,0,0,0,0.001350218346185983,0.48103250142125376,0.01844407478649046,0,-0.5039799413745794,0.34730747185958144,-0.1338379160163612,0,0.6560946440112154,-0.9105369058810595,1.4643033400340677,0,-0.09613313083463826,2.027864266162963,-0.2500342756511076,0,2.394691852779456,1.3054865674166347,1.514251667990786,0,-0.6949224299759322,-0.08230142350760516,-1.4123855014404647,0,0,0,0,0,0,1.8420025317477506,0.32925863128781696,1.4977097132613917,0,0.6354741288796522,0.6421562967374883,2.1562668123452386,0,0.7463526033494077,-1.035768828862409,0.4643965376684278,0,0,0,0,0,0,0,0,2.3819578781296347,0,1.0752333948951502,0.44815713079320485,1.7703659121472264,0,0.9160859257032328,0.3108307296528219,2.2918410449732964,0,1.2874580390356671,0.2496884501078851,-0.5389547412235758,0,0.5007399260711844,-0.03682552820465812,0,0,0,0,-0.01172247007824856,0,0.46526306367334724,0.006093759048000358,-0.07697832207742294,0,0.1056919238683145,-0.1603631692052392],[-0.31097346733468045,-0.14019602631368588,-0.12413994835936748,0,0.3366953780936921,0.4046141003409369,0.5411583758559537,0,0,0,0,0,0.241592732844242,-0.13827635417059359,0.3628650697949407,0,0,1.0236856533329064,0.5288031046491457,0.8479618925210044,0,0.49563423335345647,-0.0335446768464287,0.1403014867635637,0,0.1024962796787996,0.2422234649471653,1.0365629582174982,0,0,0,0,0,6.050338539863656,3.3237795249474935,7.100498248344948,0,2.7933947715062857,2.589869195804191,3.5131243263527168,0,4.884986494117422,4.647227192861234,6.783013836121084,0,0,0,0,0,0,0,0,0.4577607079905128,0.8412088671352276,0.835403384695411,0,0.07620143866552631,0.005387123584039699,-0.05361610859151256,0,0.8173668536724872,0.8531407488041562,1.1505226057928475,0,0,0,0,0,2.723235386763845,2.4037893452818455,3.1167736717710905,0,1.9259264009609414,0.7388238899541797,0.3991565239834962,0,4.844478799055787,1.358731955309418,5.320047246380801,0,0,0.698089586500025,0.36673793061500426,0.07540990761890498,0,-0.678520675409473,-1.4563160383636609,-1.1141094389340989,0,0.1486942668574649,0.7461149668558709,0.3333792138683549,0,0,0,0,-0.39045645198256906,0,-0.004276704201046311,0.02068928067319664,0.07401524699025153,0,-0.26954021453394006,0.5251119255282375,-0.25156883470005553,0,-0.034685228167237625,0.23061387273767053,0,0,0,0,0,0,0,0,0.24074171366519082,0,-0.3073856958586978,0.4011004978420605,0.0029395426883793707,0,-0.16113404705060197,0.5218212200554668,0.44154008851989346,0,-0.1492751189743231,0.2313963473931704],[0,0.551822998256176,0.2516749833273222,-0.2856186116559343,0,0.2656708577640119,0.2400017290425147,0.0069417883961016,0,0,0,0,0,0.5171526390791161,0.1513432385473159,-0.12524793406511314,0,-0.6357401324343712,0.40259802879713114,-0.7883539124233003,0,-2.089582990993314,-0.6764588970428616,-1.6189857028461088,0,-1.6428012767005917,-0.017732676561251992,-1.9114556378146652,0,0,0,0,0.6763486975948751,1.0645959177293527,1.0804518237785832,0,0.9866344099418995,1.5333563098142076,1.2059624220288372,0,1.1765071467558545,1.75109499726873,1.7631290213349935,0,0,0,0,0,0,0,0,0,0.6018251719870396,0.4708023150155771,-0.6546848727126608,0,0.02354092646245931,-0.22737621734549585,-0.10334123346494728,0,0.5494895817852505,0.4194684297216895,0.1674481472837428,0,0,0,0,0,0,4.319894205159217,1.067115279516294,2.6365468107917795,0,1.571710834288183,-0.9863205728048534,0.8931012946743895,0,3.8122102712883326,1.730083172909751,1.4553624498562936,-0.3380793641798068,0,0.08371382790357984,-0.4016772198919343,-0.6576344672462522,0,-0.10353626412014982,0.2503107655643326,-0.32546603714110844,0,0.2943566453504305,0.16024923885242437,0,0,0,0,0.016280910813343485,0,0.25539756118872337,0.0553834512545226,0.1061430933218066,0,-0.258070198055945,0.6106658802438911,0.04271501275607292,0,0.15916607980237218,0.07403928014466121,0,0,0,0],[0,0.91466174830399,0.7048485911513751,0.7769186463802686,0,0.49017127373478075,-0.09301300857021744,-0.26430015429964726,0,0,0,0,0,1.1238688820485159,0.05665326324588449,0.7476814366766309,-0.17677117913334106,-0.165746219297783,-0.10707556307604538,0,-0.27047500666731406,-0.015067430755888012,-0.2733628393163148,0,-0.11249142275809376,0.013238226295106514,-0.19605771711561637,0,0,0,0,0,0.41634901249689094,0.42408641392435165,0.43865220626770807,0,0.08110701603356318,0.04615998563747148,-0.18945408173179246,0,0.8017046330872013,0.5407965682833034,0.6379370317902016,0,0,0,0,0,0,0,0,0,0,-0.009461671092543256,-0.9092143880586399,0.8341192051386965,0,0.1456296267334274,0.07572754236364343,0.3013769076515995,0,0.9069909977780117,-0.07913086696541516,2.3764418856239544,0,0,0,0,-0.3171268446215638,0,-0.583280704234749,0.2401762613487648,0.01674099771397941,0,-0.04570711994440302,2.4558714985464842,-0.38443493262771433,0,-1.1471725026951738,0.040638466299460774,0.11624294536243518,0,-0.021923266797205798,0.07670690974299177,-0.299905172632533,0,-0.33761631749286636,0.060892485837465316,0.10017876650756552,0,-0.009416403313498023,0.07190236413546192,0,0,0,0],[0.25899637611012105,0.13539015632210205,0.23544991048169672,0,-0.02464344841471977,0.18509711258065753,0.10082335807515541,0,0,0,0,0,-0.024619804076655427,0.2369157297144806,0.08680809397129341,0,0.07069323067745659,0.14440625548576502,0.15201982471588416,0,-0.07209130202232394,0.053327911094315006,-0.04083210252434277,0,0.016490741231056205,0.0967911312279508,0.01167103136093317,0,0,0,0,0,0,0.20927589429937044,-0.013790682902104834,-0.12624161005538603,0,0.4197313054760716,-0.12413941711839804,0.15833528114249873,0,0.514874342798576,-0.035642576734425724,0.20180936453129128,0,0,0,0,0,0,0,0,-0.09767209102058949,0,-0.39593497953347345,0.03441699344221405,0.08640555609798994,0,0.13413759551506654,0.23169604477714234,-0.09377249551877753,0,-0.7483751587940262,0.18324244659072875,0,0,0,0,-0.13750817536873683,0,0.20610519346734435,0.128053765075828,-0.791572679861666,0,-1.1482936343028705,0.9950728220273728,