{"modelSettings":{"letterOrder":"ACGT","bindingModeInteractions":[],"bindingModes":[{"fitLogActivity":true,"flankLength":0,"singleStrand":false,"size":10,"dinucleotideDistance":0,"componentName":"Binding mode 0","positionBias":false,"modifications":[]},{"fitLogActivity":true,"flankLength":0,"singleStrand":false,"size":10,"dinucleotideDistance":10,"componentName":"Binding mode 1","positionBias":false,"modifications":[]}],"letterComplement":"C-G,A-T"},"coefficients":{"bindingModeInteractions":[],"bindingModes":[{"mononucleotide":[0,0,0,0,0,0,0,0,0,0,0,0,0,0,0,0,0,0,0,0,0,0,0,0,0,0,0,0,0,0,0,0,0,0,0,0,0,0,0,0],"activity":[[-12.064310323026088]],"dinucleotide":[],"modifications":[]},{"mononucleotide":[-0.5716262989284226,-0.6215793430107714,0,-0.388261535574844,0,-0.3654029918499999,-0.7262008628471754,-0.22134931963069615,-2.724074180443437,-3.220417060483183,-4.906613375307256,0,0,-6.165188564630483,-2.1888681378322064,-4.967351623170234,0,-10.089008305768633,-12.505985871948019,-11.86157849554565,-2.6076794786907396,-4.402174989038755,-1.903513372891453,0,-1.6994080605523392,-2.0025761368447608,-1.7619833056098635,0,-0.5266088753061107,-2.476910396707476,0,-2.143307894654101,-0.37587055218890164,-0.3121516167171503,0,-0.6347629191266524,-0.4593948847891811,0,-0.33440960767079364,-0.04180952058872922],"activity":[[0]],"dinucleotide":[[0,0.5752927562178192,0.2791348387652972,0.44697535785374765,0,0.20408251422230883,0.6275926105886933,0.41244327201813125,0,0,0,0,0,0.0694657183217755,0.3128553148709612,0.5605151865380673,0,0,0,0,0.576717965610638,-0.285147493468072,0.360758827614009,0,0.22423890988119233,-0.03233657618601882,0.720387729469067,0,0.5172412707433027,0.003327857510974752,0.6861072727521504,0,0,1.0383226306064852,0.9322278165439899,1.3514506178208654,0,0.9556998298135007,0.8270603104526693,1.303668632595464,0,0.9566621708601524,1.0083595740340803,1.8778474177144968,0,0,0,0,0,0,0,0,0,2.0336665202572846,3.5406271694855675,2.326386818092711,0,-0.5572782978029522,2.4753960953104333,-0.6063545324587416,0,2.1574850283007425,2.2520882527333796,0.9408218341325956,0,0,0,0,-0.0971271807758658,1.3142648321497745,0.27335360450403456,0,-0.059665741494562496,1.3048518544214485,0.2843234401447585,0,-1.7311269049934541,-1.648390155187304,-1.9163637464378098,0,-0.50197016371754,1.5092670144530151,-0.7593779789764792,0,1.5315333773721722,0.661842673269847,0.7595114410126653,0,-1.18787571630057,-0.4083228173475888,-1.9882266546699645,0,0,0,0,0,-0.10163849865485197,1.0843225935599685,0,0.914961599856877,-0.42502213437782466,-0.25868536634863126,0,1.1079975192511995,1.0692017827963047,1.2595862021129696,0,1.1143460764969833,0,0,0,0,-0.6907312167614785,0.7438112649297777,0,0.4881347769658042,0.2662374297860417,-0.34049310748689443,0,-0.05118228717885742,0,0,0,0,0.06414434475478537,-0.4029712647089694,0,-0.46206899226912146,-0.5252943072473162,0,-0.05263635464256211,-0.018547880451366794,0.19772687742429973,0,-0.27234619385187386,0.1638336545267629,0,0,0,0,0.030442656522245315,0,-0.28953591376344967,-0.10089628168220255],[-0.23669169400120982,-0.023402027562453576,-0.21853817894151195,0,0.15287749331292133,0.23372262773835928,0.2677189975018974,0,0,0,0,0,0.13565890581325046,-0.18266836208682236,0.18460310771183597,0,0,0,0,0,0,-0.1624161061855025,-0.577069950241758,-0.6117134908526696,0,-0.6858333812101609,-0.3762326624429786,-0.09207169371102353,0,-0.18326376375056785,-0.3414753510525044,-0.19811972360267038,0,4.330687551502553,2.7584315151814582,3.4226338809314356,0,2.2880360982473746,2.722324080886146,3.3879565220778254,0,3.5625100819651667,4.334342192824259,3.7437202234993556,0,0,0,0,0,0,0,0,-0.627239508035828,0.14984690051078076,-0.25619567314527103,0,-0.537572211686876,-0.6199639803313035,-0.5864442207475458,0,-0.6290441369064244,-0.14209478477327586,0.4588736156043609,0,0,0,0,0,0.5865132179050221,1.7677516770949726,0.6284153235973982,0,2.716960578025862,1.2288755351087666,0.24205796853423855,0,4.15022950336315,-1.4571192395457402,-0.16485493475877533,0,-0.23838988610015655,-0.09415835002394424,0,-0.44370656746750914,1.2230546081620295,0.3659332130922639,0,-0.0977009472718704,-0.6062790771697948,-1.139613308543435,0,-0.7292379063218393,0,0,0,0,-0.3266495334073207,0.02508151696395533,0,-0.05426595595121153,0.33995606729037764,0.3108949300739141,0,0.7432954684605244,-0.2615129603902737,-0.11694140639199446,0,0.13355672877768665,0,0,0,0,-0.01714514181670257,0,0.13253090642526377,-0.4229946879643478,-0.024499414225275018,0,-0.24465275883621995,-0.11550249034523663,0,0,0,0,0.2827668488768298,0,-0.06326994303717814,-0.21333400320702456],[0,0.18189929076292888,0.2403858842565958,-0.23675949318195944,0,-0.010930782763963087,0.08856175148157597,-0.0895862902897937,0,0,0,0,0,0.12201563633517498,0.12849584073204223,-0.08068177836589907,0,0,0,0,0,-1.132647256713426,-0.7412902742505736,2.3730694990896986,0,-1.1201748724212237,-0.07957833670328363,0.011126390467062208,0,0.49861203864914394,-0.9238386562102114,1.8809245478490055,0.056100101847271766,0.4662958624724025,0.3638230477842521,0,0.2501598441984667,0.7990443948457466,0.28290212194372,0,0.4264317988783599,1.0634736415679615,0.7773473646738811,0,0,0,0,0,0,0,0,0,-0.07942105454810822,-0.41318520394088765,-0.7430660230939701,0,-0.2244937535150724,-0.3896138749020386,-0.3227016087674599,0,0.07596045981249233,-0.2997287597255269,-0.6333020861069585,0,0,0,0,0,0.5035875760735884,2.7288380931100154,0,0.9681161979165509,2.0113783082044634,2.848603431755331,0,2.1134813660011282,2.2580072155564395,2.1322603791365324,0,3.401745512071628,-0.2883190996617948,-0.004619926740755176,0,-0.3159052955268642,-0.5412379744445781,0.4149438532044014,0,0.529548759385273,-0.5792515320875191,-0.2669942439176296,0,-0.046372941560822056,0,0,0,0,-0.08432729323261423,0,0.08499368941368513,0.061288902102852205,-0.043521215574095606,0,-0.3756858351601222,0.49477688597082814,-0.06293380620170552,0,0.051842179899054486,0.0756529429101862,0,0,0,0],[0,0.894400161128539,0.42378200570684754,-0.03432046960442392,0,0.36236112712832735,-0.10991250290989996,-1.1197874004098445,0,0,0,0,0,0.6727398932487425,-0.19355179583266846,-1.201166085729799,0,0,0,0,-0.04621386148745277,0.08365817652670504,-0.14687015138072113,0,-0.024756273038564203,0.0424876351864274,-0.23110580046042184,0,0.2634401848983421,0.18729947414279824,0.13800544461141762,0,-0.019595629369660195,0.10629494076569657,-0.1000798558105025,0,-0.3608305776292777,-0.3473282969749736,-0.6141083405579426,0,0.21607713565702547,0.11663340298591862,0.06724829619667894,0,0,0,0,0,0,0,0,0,0.5046760550047757,-0.04607950466469113,0,0.7940761847040845,0.018199147922079995,-0.41113598366747706,0,-0.19082510171361378,0.32716626822858075,-0.2544135874151241,0,0.7895088038267488,0,0,0,0,0.43405532481591713,0.08071580527257893,0,0.8755499655360612,0.4286605115859299,-0.21710325379106266,0,3.610098192982111,0.20143356004367519,0.8204400799343503,0,1.3409233162493308,-0.1257068278272726,0,-0.17218947010210872,0.03815022704425086,-0.39097796204013235,0,-0.36897544285846084,-0.02744277066256906,-0.13511884076994995,0,-0.1206443972447655,0.1258549611034958,0,0,0,0],[0.10520713486036648,0.0479919564125586,0.10730581051525157,0,-0.11089220311338188,0.053677181910013694,0.0848014062251572,0,0,0,0,0,-0.02281583677939114,0.15786316036839843,0.11610961787610918,0,0,0,0,0,-0.18893824416027716,-0.16079952585776525,-0.2444296915482651,0,-0.14796239564034153,-0.1574158245874111,-0.21759987849696394,0,0.00362918428383896,-0.046579799339301786,-0.06470431190062076,0,0.06597745991303228,-0.3630331821344379,0,-0.38605203415909717,0.26450979714008227,-0.10869787919011475,0,-0.44395133759835126,0.07459277928906083,-0.23666470976588272,0,-0.28416229602006027,0,0,0,0,0,0,0,0,0.10440811710610909,0.20977732373799185,0,0.3995886020203159,-0.02788902333811283,-0.05020707781080613,0,0.06695734381520158,0.3119013544636857,0.09946636534088249,0,0.21989710446198352,0,0,0,0,-0.05797254332811974,0,0.2966007972914717,0.37656785651452296,