{"modelSettings":{"letterOrder":"ACGT","bindingModeInteractions":[],"bindingModes":[{"fitLogActivity":true,"flankLength":0,"singleStrand":false,"size":8,"dinucleotideDistance":0,"componentName":"Binding mode 0","positionBias":false,"modifications":[]},{"fitLogActivity":true,"flankLength":0,"singleStrand":false,"size":8,"dinucleotideDistance":14,"componentName":"Binding mode 1","positionBias":false,"modifications":[]}],"letterComplement":"C-G,A-T"},"coefficients":{"bindingModeInteractions":[],"bindingModes":[{"mononucleotide":[0,0,0,0,0,0,0,0,0,0,0,0,0,0,0,0,0,0,0,0,0,0,0,0,0,0,0,0,0,0,0,0],"activity":[[-6.689589132789912]],"dinucleotide":[],"modifications":[]},{"mononucleotide":[-0.2238830539816723,-0.3068381575380519,-0.7802154385849533,0,-2.315176361892962,-3.4577863318413726,-3.514209943018825,0,0,-3.3432808597315304,-2.1282743242822555,-3.927039155120167,0,-3.4247037263400566,-4.053576554961119,-4.100160098921208,-2.308632442607725,-3.091643488980253,-2.162943600310247,0,-1.7523929792865012,-2.366527327911122,-2.113274527938364,0,-0.37171936037706654,-2.401848126334407,0,-1.8551447780777108,-0.6289070007579212,-0.2528681075059236,0,-0.8239624158111676],"activity":[[0]],"dinucleotide":[[-0.41786449785008895,0.3922744167722998,-0.11780564013845662,0,0.21290525290137285,0.37004371117272594,0.11309224703731857,0,0.08448377650701744,0.4151769370699183,0.12023320592174525,0,0,0,0,0,0,0.6249410244263292,0.9788343672853008,0.5662463015984933,0,1.0259357581821629,0.9372054632811331,1.2157154949929136,0,0.7583933750671061,0.7428897520854214,0.7350692678017534,0,0,0,0,0,0,0,0,0,1.0233038391067595,1.1370292485209088,1.3610870058829203,0,0.520922227128434,0.98682485894739,1.0131341205532678,0,1.387200810869377,1.656007716256335,1.5599755639339827,0,0,0,0,1.3765592000718048,1.1919801191420163,0.943670049870752,0,1.944004239830761,1.587484925721025,1.6632058288349505,0,1.23042944747756,1.2620948365676643,0.8671128532752306,0,0.5520417268715958,0.5562229520695068,0.4039001211140434,0,1.1318850431883316,0.7546525814418388,0.9541157173012031,0,0.23254397967080376,0.3090218677389416,-0.043660673010499806,0,0,0,0,0,-0.027729106132363235,0.9686074625735346,0,0.6186127501047487,-0.09498248818191701,0.21821947303289768,0,0.7036358671760823,0.7084534323325693,1.1156763755389516,0,0.8443154814861868,0,0,0,0,-0.4703422034828364,0.42608246767753233,0,0.11005683211040118,-0.31297522982825665,-0.35676618345311706,0,-0.08462412980879375,0,0,0,0,-0.33290542501042886,-0.31228002385286135,0,-0.24903948795535058],[0,-0.04345714524502764,0.005551477253304071,-0.2775920239325069,0,-0.17519281264240583,-0.08098898300291957,-0.044541932966722264,0,-0.0181402252420364,0.03489029130542498,0.1358765274286693,0,0,0,0,0,1.159678526097137,1.0094740395106285,1.1626295318585633,0,1.3998353942766109,1.4268012289015104,1.345315305833111,0,1.2732939010178885,0.9864155541097102,1.4179585000439108,0,0,0,0,0,0,0,0,0.5102447701412824,0.8015070490114269,0.6910648291634196,0,0.40627055736806206,-0.036084449015955755,0.4019760514513644,0,0.31418041587310164,0.4970934835464682,0.4387410389373496,0,0,0,0,0,1.4434991965188733,1.194025826930904,1.0074915223694125,0,0.9727546354228194,0.916951581527087,0.9090456673800009,0,0.5649356372658723,1.1130289278817536,0.9138883850364774,0,-0.3069524011557707,0.45566039720856644,0,-0.36941684119459506,0.1069648195425259,0.7605101029718897,0,0.39110213425802165,-0.3303118430202412,0.4010468167735457,0,-0.006718895631456334,0,0,0,0,-0.09629594011895737,0.022166342220984347,0,0.1998503384776793,0.35729775415949394,0.3489421466304128,0,0.9360192508709844,-0.07928393436350145,0.0539243604777182,0,0.44648989834109987,0,0,0,0],[0,-0.0223707437070626,-0.022187270278287485,0.5678583141859121,0,-0.18929802191211476,0.3671215213618053,0.5239472981378315,0,0.1925169929790993,0.6310137808460414,0.8891626615647166,0,0,0,0,0.5735792232168437,1.5203257789974796,0.9574447734718898,0,1.0008173249377794,1.2584377689962967,0.9682598705797325,0,1.6986049660255436,2.1245450250086053,1.5751088146121308,0,0,0,0,0,0,0,0,0,0.25265070156036185,0.645536362243277,0.17610875850642316,0,0.2104443947618293,-0.017888581620200128,0.0656366106762647,0,0.6953129883089186,0.815371863293187,0.5320956871906475,0,0,0,0,0,-0.08058030874449162,0.7427185529684515,0,0.22548489134113048,0.3478157929787429,0.7522095985194195,0,0.5876812035177128,-0.0446032498388389,0.3204008074213984,0,0.017932353981038318,0.3734285188048174,-0.02223617345909812,0,0.21876567486890597,0.4205120082796512,0.24484311763260447,0,0.568691921055188,0.11495990491391428,-0.1674722789327685,0,0.38987399399400413,0,0,0,0],[0.0844150383740443,-0.05081441252621843,0.06574376336772314,0,0.15997507433989622,-0.1396471500560974,-0.267923382783005,0,0.07936603216115579,-0.15598526948045421,-0.1508460574284438,0,0,0,0,0,-0.050312415159979196,0.3840300589011143,-0.3093539711229649,0,0.6967922513222753,0.5287482677512738,0.16840167402866868,0,0.5323679810155211,0.4523031621165057,0.18894655657608084,0,0,0,0,0,0,0,0,0,0.3603735716642973,0.04004304865986441,0,0.06945459941391263,0.02486570250175646,-0.12240740491173163,0,-0.4031069445353932,0.3539857328519753,0.07811888233421804,0,-0.06628922471174725,0,0,0,0,0.07766998677597714,-0.5371197886785959,0,-0.06330012220688186,0.1157452434251578,-0.31557121272721034,0,0.13588686655541427,0.20330029075472744,-0.3457191373334396,0,-0.043601286172984643],[0.05600738607661615,0.39805535294292405,0.5250472598227942,0,0.02381782680527955,0.4451269088852676,0.33418324807648236,0,0.35595391252507813,0.45414265235828566,0.4648991638786617,0,0,0,0,0,0.2287837704202511,0.14260526020857522,0,0.092474311093242,0.30378612730115684,0.21966868929601624,0,0.4085962871655955,0.01319488358792853,0.22676443799865176,0,0.34754617783656805,0,0,0,0,0,0,0,0,-0.35988027062559746,-0.43769961536897295,0,-0.5722653074543977,0.04521508867805313,-0.3721123722223849,0,-0.08691279847657096,-0.2400277146587051,-0.23350939541870375,0,-0.48780139611486195],[0.023077235508904614,-0.1236268838823058,0,0.2760653045006114,-0.08464826558911298,-1.3627130493532036E-4,0,0.2494254783590346,-0.1356118986962871,0.11049420441205982,0,0.18699949440267538,0,0,0,0,0.11593610437314616,0.0024833381388873477,0,0.22211539346103315,0.04647468681952738,0.09833156318523173,0,0.04113763815119942,0.022786380659052696,-0.13330319448991546,0,0.12490198759092852,0,0,0,0],[0.13545621513496542,0.030693933035109033,0,0.04416660238874126,0.1186154944033988,-0.2191942461534886,0,-0.19094547783581284,0.16224913522087725,0.11001437674059655,0,-0.03366624360576065,0,0,0,0]],"modifications":[]}]}}
