{"modelSettings":{"letterOrder":"ACGT","bindingModeInteractions":[],"bindingModes":[{"fitLogActivity":true,"flankLength":0,"singleStrand":false,"size":10,"dinucleotideDistance":0,"componentName":"Binding mode 0","positionBias":false,"modifications":[]},{"fitLogActivity":true,"flankLength":0,"singleStrand":false,"size":10,"dinucleotideDistance":10,"componentName":"Binding mode 1","positionBias":false,"modifications":[]}],"letterComplement":"C-G,A-T"},"coefficients":{"bindingModeInteractions":[],"bindingModes":[{"mononucleotide":[0,0,0,0,0,0,0,0,0,0,0,0,0,0,0,0,0,0,0,0,0,0,0,0,0,0,0,0,0,0,0,0,0,0,0,0,0,0,0,0],"activity":[[-13.903717838460064]],"dinucleotide":[],"modifications":[]},{"mononucleotide":[-0.2942148733855747,-0.567406225773686,0,-0.05891375156129364,-0.04510606331583045,-0.6610760495762449,-1.145739886987851,0,-3.708824051314533,-4.840834942457454,-6.16908408964382,0,0,-7.6177823183479765,-4.116621740532541,-7.034602138346055,0,-12.645334775421357,-9.636631353658402,-11.80245876031624,-3.9150514029083494,-4.148361319647602,-3.8566399484804395,0,-2.9681388828762083,-3.2569392116169604,-1.7976664134993736,0,0,-4.369648429262765,-0.5957087405586357,-3.821123861287602,-2.141946585271179,0,-0.841399285713049,-0.8639029646159069,-0.843987611873443,0,-0.9250191015368642,-0.5318637696326247],"activity":[[0]],"dinucleotide":[[-0.6046811368640022,0.013027266760893497,-0.32962658070364315,0,-0.40848133770108586,-0.10026820766569866,0.24753137738972963,0,0,0,0,0,-0.6429097881834638,-0.5537279386646192,-0.29962297889407674,0,-0.5599251373106533,-0.010466302435742314,-0.5339550354801021,0,0.23233801160592815,0.024978568699613568,0.04749559580769436,0,-0.14236180203416016,0.2535048039141925,0.47123973739085123,0,0,0,0,0,0,1.0405133083844547,1.4902584385317619,1.4836320165231882,0,1.5925830324643755,1.5438300393529518,1.9941914777973526,0,1.234853413664906,1.7611632811540012,2.1486593162950047,0,0,0,0,0,0,0,0,0,1.3301696572159543,1.9738240408053471,-1.4583585389431413,0,-2.638415016625082,1.400614808250225,-3.814919245995142,0,-1.3036173472960861,-0.4607563205043874,-2.9103119220873666,0,0,0,0,-0.03532125278339038,0.7152122552437667,0.08210575659601815,0,-0.42338929326149,0.678761431234383,-0.07651146556726474,0,0.15664461866438728,-1.4514430882003087,0.9083759191972618,0,-0.1647113608219959,1.9624427188294238,-0.33027669601517573,0,2.37027302832535,1.2366582718828525,1.413205597118231,0,-0.7475635666356704,-0.17337544017274542,-1.4911639879112029,0,0,0,0,0,0,1.8877738381898972,0.35984851939594087,1.5768479056461002,0,0.660048813870243,0.6704700970745403,2.2434673227810187,0,0.718373797042676,-1.008428998502064,0.4479110980822343,0,0,0,0,0,0,0,0,2.391874508887498,0,1.0625832209327362,0.4268106484736922,1.8333214873220096,0,0.950455607411691,0.33115381959417434,2.2905816599712026,0,1.2672291552793888,0.25112679249863046,-0.5679426365454416,0,0.49492584505396175,-0.03438360019917086,0,0,0,0,6.508054630205429E-4,0,0.48168361000887305,0.02516061403836245,-0.08090494933586045,0,0.10796850598273267,-0.14981102526401746],[-0.31557755381896513,-0.0664717810996196,-0.07172796447593388,0,0.3370211585732532,0.391768702178549,0.5538779730162116,0,0,0,0,0,0.24759665798304376,-0.15521450496562572,0.3594179923149774,0,0,0.9482766407898362,0.5193575315926742,0.7954138910808837,0,0.6615186295269453,-0.013681424515992191,0.16869509309692177,0,0.3223154677575266,0.2650442203150618,1.0820503803562218,0,0,0,0,0,6.012672028913757,3.3645769983421374,7.764574893954806,0,2.5182426710491015,2.317411422346698,3.309083179761547,0,4.938496038087742,4.494837277006752,7.45761608115118,0,0,0,0,0,0,0,0,0.6633305155281555,0.9069584627781069,0.7419604599900698,0,0.13581422182502667,0.08124046792530137,0.006714090946833728,0,1.8296209474304828,1.0442452802473738,1.329370242408313,0,0,0,0,0,2.5140633040192135,2.226010448317936,3.126703881245408,0,1.6861457028262201,0.4969330217038781,0.5996875115769544,0,4.616994879579124,0.9828428809992502,4.898185446965696,0,0,0.7183296626748463,0.34394280066644356,0.08903806756150079,0,-0.7503218525087654,-1.5192949308838717,-1.1638868808253937,0,0.1653166472797576,0.7190254386916735,0.3379533544879312,0,0,0,0,-0.40154357542622066,0,0.017291850631939276,0.006112730154852919,0.04468976264296742,0,-0.26003595973183913,0.5144497630821272,-0.27680546996089994,0,-0.008112109399020184,0.19574126787780255,0,0,0,0,0,0,0,0,0.27258044938420944,0,-0.27908074009813166,0.38490441968626765,0.0031360116617493716,0,-0.1570288080544131,0.5210537502574593,0.44513780451393625,0,-0.11862703072017133,0.2012760713605095],[0,0.8108193765348508,0.22848191509065696,-0.15257057023271958,0,0.4474170510489781,0.23783255851931706,-0.1068017274456654,0,0,0,0,0,0.6449613643107437,0.15154682966021316,-0.22594681112658677,0,-0.6414115502021325,0.28239704853044145,-0.7824250738302609,0,-2.171542795632069,-1.0822758066764067,-2.142672405820976,0,-1.5761903731382905,-0.1802473507695712,-2.3822138660552294,0,0,0,0,0.7642568913582437,1.1296319490029676,1.16758240392548,0,0.9426287094963532,1.522443835231721,1.1645951900785532,0,1.1391810680349614,1.7076443744038343,1.7422421751303538,0,0,0,0,0,0,0,0,0,0.4174279714700795,0.5257855208362514,-0.7012684565068561,0,0.043904808320220035,-0.18119120940515732,-0.06215673534284605,0,0.4019673574421656,0.3237120557590245,0.1282470297850189,0,0,0,0,0,0,4.586167532077617,1.3126992562879884,2.7839837328453605,0,2.0691735621657195,-0.38793690482834897,1.4375059403188502,0,4.328298417930743,2.0041573748105,1.7894230380546965,-0.36633867768252504,0,0.0752032262174751,-0.45516063630823744,-0.686033631238133,0,-0.0979454602785017,0.21434930516808048,-0.3871294163879071,0,0.2909816794664426,0.1188926155496084,0,0,0,0,0.013568910164845516,0,0.2567884814060575,0.050697059122739585,0.11237269863293653,0,-0.2736365618896395,0.6114338369852557,0.030189908643740715,0,0.1532892932854928,0.05208367540056891,0,0,0,0],[0,0.9827068109042507,0.6624488253922074,0.8342579493001736,0,0.45325229105753984,-0.20976359130445665,0.044181824653311,0,0,0,0,0,1.04376250139428,0.04142037364421647,0.7844063665684171,-0.17435675049872312,-0.16335159394527032,-0.10380246019372308,0,-0.256486071975381,0.00831409802739369,-0.2508870047513714,0,-0.0702714625583134,0.042385432932652733,-0.16973803878371552,0,0,0,0,0,0.4400858554732867,0.4500315680924931,0.4433620217916836,0,0.11719940888564562,0.08316843187103018,-0.19254360858665454,0,0.8116923751356335,0.5802997116466422,0.6500096336245287,0,0,0,0,0,0,0,0,0,0,0.2828441948265059,-0.8609074859841677,1.3281478359353578,0,0.23083084980283353,0.09887307513529286,0.3541722543858521,0,1.40895715211534,-0.0385637547648221,2.6133559696408284,0,0,0,0,-0.40892959730258127,0,-0.6699652708187767,0.282070285183206,-0.33258293338256806,0,-0.4400522411136656,2.135695067718336,-0.618370439794873,0,-1.2859983843615481,-0.013638180908158049,0.10248707038920024,0,-0.004789754887428721,0.05545379502507686,-0.3241701223865192,0,-0.3157823089548115,0.021720741647136776,0.0820735474731924,0,0.003251335099106356,0.047229435613093784,0,0,0,0],[0.2901201304327099,0.161626398127118,0.2463803211739135,0,-0.020528291611398686,0.17647456498563585,0.09790313997456668,0,0,0,0,0,0.0017625152754154882,0.25870299829352295,0.1109241028317074,0,0.07042603123413649,0.14321289501311885,0.1531675569281672,0,-0.06322594516962443,0.07211232916812893,-0.027472173610537887,0,0.03569259531258773,0.10566944313416293,0.02788296111491828,0,0,0,0,0,0,0.30154413870723396,-0.005187281344276151,-0.07574928761112254,0,0.48612083017621543,-0.11699858106096972,0.2975670386187321,0,0.533980306673655,-0.04218331360244232,0.21299424167587055,0,0,0,0,0,0,0,0,0.015439283016460692,0,-0.33523211157555366,0.07760466472049465,0.10928004096107102,0,0.1464690514676903,0.24574314811942877,-0.16152357369480264,0,-0.7865290177082231,0.11585573357164591,0,0,0,0,-0.19232940013316835,0,0.1890157303908353,0.18219603184211763,-0.584918428570429,0,-1.1018246995334202,0.9889626666468736,-1.8465194187679135,0,