{"modelSettings":{"letterOrder":"ACGT","bindingModeInteractions":[],"bindingModes":[{"fitLogActivity":true,"flankLength":0,"singleStrand":false,"size":10,"dinucleotideDistance":0,"componentName":"Binding mode 0","positionBias":false,"modifications":[]},{"fitLogActivity":true,"flankLength":0,"singleStrand":false,"size":10,"dinucleotideDistance":1,"componentName":"Binding mode 1","positionBias":false,"modifications":[]}],"letterComplement":"C-G,A-T"},"coefficients":{"bindingModeInteractions":[],"bindingModes":[{"mononucleotide":[0,0,0,0,0,0,0,0,0,0,0,0,0,0,0,0,0,0,0,0,0,0,0,0,0,0,0,0,0,0,0,0,0,0,0,0,0,0,0,0],"activity":[[-10.855337332399122]],"dinucleotide":[],"modifications":[]},{"mononucleotide":[0,-0.8624256814312696,-0.22486431352544933,-0.49839685508677434,-0.7164498876592065,-0.6458130693467519,0,-2.1332792170339943,-3.430406270919934,-0.2895203074341719,-4.021813562414169,0,0,-1.3923267593259245,-2.6007412396429928,-2.304608601630214,0,-3.305439101866562,-4.343880895682306,-3.6785766527506825,-9.873027702610745,-6.7242632400518545,-9.860568237827158,0,-7.084570189396645,-3.4076832489587163,-7.399155402212369,0,0,-5.261336734819298,-4.465817614171077,-2.8009029970515558,0,-1.2947574784239193,-1.1425136253993249,-0.43907355293473316,0,-0.31224569659806045,-0.5276834692987609,-0.3460699854602325],"activity":[[0]],"dinucleotide":[[0,0,0,0,0.1286447045648993,0.2588656969001013,0,0.1422168728897777,0.1723558207706528,0.2013980383976648,0,0.17813636120810905,-0.08929371308519585,-0.16198049758946986,0,-0.7309812751945914,0.234083398475172,0.28768832316892556,0.42011040654048504,0,1.213993501107038,0.8396119448033881,1.1447717873831378,0,0,0,0,0,2.295543807625247,1.692001730484665,2.1998343611381754,0,0,0.18884206963826777,1.5192721925956763,1.029311982422544,0,-1.0494992681207185,0.4233270136480787,-0.10218177689803731,0,0.3535751722482665,0.09984018107689252,1.2417989232923077,0,0,0,0,0,0,0,0,0,-1.9516801822744352,1.3770763163360114,-0.6285412973753282,0,-0.5942313033010391,0.29732113973504504,1.9095479698627553,0,-1.6779106364290888,1.9097127199383612,-0.5830797387872995,0,0,0,0,4.292852687344627,0.6981074499622331,2.957798143494344,0,3.976144022310745,0.6106478870591676,3.0859653007556034,0,2.6849182182602718,0.4400756136302455,2.986343070412641,0,5.320024856312708,2.5079485861675863,8.4832210849744,0,4.237123154901219,0.5988532613507616,6.449605069113881,0,6.090762575296202,3.0526828047457215,9.27051468099469,0,0,0,0,0,0,3.482797147473722,1.9939116659144354,2.38124185058862,0,1.3325890554703665,0.7423646397773247,1.5127137495788565,0,2.8503933896876745,2.276245316959976,1.815572983847236,0,0,0,0,0,0,0,0,0,0.3716882153636849,0.27203813088732254,-0.6324035721292942,0,0.38293691612194536,0.11154766545855033,-0.19728013449550197,0,-0.3803199268306976,0.16750209300478147,-0.7611470545389114,0,0,0,0,0,0.44635718195539464,0.5243776635134352,0.13294290709012113,0,0.6131809501548204,0.39685833039459606,0.575023314181248,0,0.6151905896708056,0.10414668351713674,0.07362187083419514]],"modifications":[]}]}}
