{"modelSettings":{"letterOrder":"ACGT","bindingModeInteractions":[],"bindingModes":[{"fitLogActivity":true,"flankLength":0,"singleStrand":false,"size":10,"dinucleotideDistance":0,"componentName":"Binding mode 0","positionBias":false,"modifications":[]},{"fitLogActivity":true,"flankLength":0,"singleStrand":false,"size":10,"dinucleotideDistance":10,"componentName":"Binding mode 1","positionBias":false,"modifications":[]}],"letterComplement":"C-G,A-T"},"coefficients":{"bindingModeInteractions":[],"bindingModes":[{"mononucleotide":[0,0,0,0,0,0,0,0,0,0,0,0,0,0,0,0,0,0,0,0,0,0,0,0,0,0,0,0,0,0,0,0,0,0,0,0,0,0,0,0],"activity":[[-12.63865858954469]],"dinucleotide":[],"modifications":[]},{"mononucleotide":[-0.705841488330067,-0.8683113373298634,-1.141644866657185,0,-2.2987153790147388,-3.285604213808694,-3.5850128994858887,0,0,-6.194266629619782,-2.508444232050732,-4.591616167598883,0,-7.52848033990052,-5.6124757294626155,-7.528859745784835,-5.920527018261937,-4.477517928888857,-2.9478485032476214,0,-2.299399465227466,-2.1220550098107,-2.417405189855655,0,-0.47792611762596326,-4.719395125548069,0,-4.0507127460493155,-1.574677162197942,0,-1.2825086030011401,-1.715066296972798,-0.4682478554093257,-0.2382380469237575,-1.0522816014887506,0,-1.8697743269449698,0,-1.1196636962182143,-0.4590741387413204],"activity":[[0]],"dinucleotide":[[6.504886542035848E-4,0.5128147397294232,-0.07243097338159199,0,0.16717198058662763,0.195610755547321,0.43919341479293195,0,0.6504206383485842,0.49634528022601376,0.3168044174923148,0,0,0,0,0,0,0.5198846831024762,-0.05268489820249922,0.769758469578389,0,-0.28403483362079385,-0.50571982658228,-0.015175408102263255,0,0.3836897704955913,0.6131593665797093,0.47752706439435944,0,0,0,0,0,0,0,0,0,1.3238097426061302,0.042127578051479375,0.935994204654623,0,1.096911055892507,0.029846362611216648,1.3491773887142564,0,-0.344172489222732,-1.1416283513584133,-0.1679571183851145,0,0,0,0,1.4424147633785545,1.1278143861785104,2.341308907617007,0,3.3421236874607203,0.47572178693689615,1.4764132744197553,0,1.445279154629148,0.46634456871009533,0.9260370844621324,0,-1.0878217073116296,0.6354431661632827,-1.5738797723850144,0,2.2111945303595615,0.802557442500996,1.5999667053354063,0,-1.5103593915578726,-0.18967274824240388,-0.9946982876220725,0,0,0,0,0,0.27168451461039655,2.134230394997746,0,0.6614792813618902,0.6905647978829235,0.6380368070844193,0,-0.05374014756168677,0.9413253236874164,1.320378245411887,0,1.6801817864562807,0,0,0,0,-1.338971414136159,0,0.33991422782199177,0.1743883403635218,-0.018331489602379847,0,1.6343411662092198,1.672977150502918,0,0,0,0,0.25994438304188705,0,1.2591052297770524,0.21374792602845538,-1.4300517017428813,0.385778101243778,-0.49758982318844147,0,0,0,0,0,-0.3520965058143555,-0.0039054539230090057,0.1704815670675104,0,0.1975028964717389,0.09202770482203526,0.4930426639772447,0,-0.39769094504055236,0,0.5016360801474824,0.1496546193686612,0.06576929100488549,0,0.04918054877710176,0.1681565775494791,0.11844665576887259,0,0.4873301691059786,0.11833942270519016,0,0,0,0],[0,0.5309469986225492,-0.1910386905513377,0.5325884005209938,0,0.3114101946843535,0.035111520697628684,-0.07781454854738978,0,0.3903281178357956,-0.2310977962928824,0.1741368842828157,0,0,0,0,0,0.7345032648994554,0.5364046963333564,1.0965630473098074,0,0.3048244801832283,-0.2818868318461263,-0.033078094072882536,0,0.07280657453654449,0.12402708418647812,1.0598246890624345,0,0,0,0,0,0,0,0,4.099748495159886,-0.05556372941867416,0.3027431556062101,0,0.7154049607756763,-0.45980924732277995,0.09424918920719616,0,6.524946864058421,0.15790570071664334,0.5308068763737914,0,0,0,0,0,-0.8489049939955695,0.12094124246696936,-0.5745166275040035,0,-0.6233361398216672,-0.9258944423403772,-0.7094884486974085,0,0.8212087747614394,0.340442313620132,0.37960385535554053,0,0.05178553775070416,3.5656567756388675,0,4.2377372368707045,1.370967247805737,-0.16740323347357133,0,-0.22275914497642546,-0.0227719511457547,0.2083699035953197,0,0.08629940042448148,0,0,0,0,0.2514647639005547,0,0.4289225220645161,-0.2510692003756363,-0.04832833304041717,0,-1.0089797751372789,-0.6705073062114195,0.4120593828213046,0,0.9680330518039746,0.3353491784108611,0,0,0,0,0.15037679836144413,0.26901401867332164,0.2787021628627322,0,0.008141510339797264,-0.4288950501005404,-0.3041527937018067,0,0,0,0,0,0.5606027031235161,0.14011822670021967,0.5090043071940933,0,-0.06324384073175526,0,0.6047196701167392,-0.28362581384573327,0,0,0,0,-0.0051089123173992945,0,0.42777398564034774,0.14861638763122986,0.18457835901048014,0,0.1831619896911505,-0.14582756486760662],[0,0.09608800714817534,0.15249984133882322,0.2903243423634496,0,-0.0837567976240976,-0.029647299692268092,-0.07448406925392526,0,-0.5489279314844211,-0.11130676388467542,0.4000952598942682,0,0,0,0,1.244566438027662,0.2974694729810148,0.2876490946890522,0,2.3456168361007466,0.568370129931222,0.6368964631386254,0,2.2264572087707597,0.7732509260407356,0.6830276914545257,0,0,0,0,0,0,0,0,0,-0.16073410574117553,-0.11204362780428667,-0.416150972768083,0,0.13599288060474546,0.19898932970344507,0.40406864459128666,0,-0.25118390326832696,-0.897183869284742,-0.7669002538112277,0,0,0,0,0,1.205267578908729,1.4843398373635672,0,1.5605584890927648,0.16288380120992496,0.08573408227960755,0,0.602702094011276,0.5341145921684811,1.035983712844505,0,0.6358040485026031,3.6135569901525364,0,2.500436168545596,1.2815909763960516,-1.5053713863697755,0,-0.22823774404573882,0.5994815692344293,-0.6612928794077906,0,-0.9152791013854955,0.45110284253219124,0,0,0,0,-0.03543834711760763,0.4673432577225869,0.2726089579295694,0,-0.45016090595149727,-0.03986352559526818,-0.5449136701879871,0,-0.25905058378825174,-0.12361274807602562,0.25337643010057587,0,0,0,0,0,0.12130740523315353,0,0.3988771802639408,0.10627692472807615,0.09592761645426862,0,-0.15274563351928627,0.5210889443638571,0,0,0,0,0.1338333005209158,0,0.10006657239744321,0.009267528772767264],[0.07651378214967242,0.10067977693664343,0.2214756131833715,0,0.47207130943068254,0.2998667362068206,0.23369238170176487,0,0.8537410872721773,0.2339578743459123,0.13021789798407113,0,0,0,0,0,-0.3581657762363184,-0.22317339609838793,-0.2129805018795201,0,-0.4999153784842507,-0.41442196957100297,-0.5076102975508077,0,-0.37239148097981367,-0.4370787613663971,-0.48800054574622553,0,0,0,0,0,0,0,0,0,0.4187044523966392,0.3847046161952008,0,0.773877119942112,0.08536151691339988,-0.17813398492736443,0,-0.2669736950925632,0.07799237250384028,0.1262073793117029,0,0.2613966299280417,0,0,0,0,0.27273031130050107,0,-0.6596491976007268,1.102052149687502,0.37852644609696817,0,0.45137630355798564,0.3857583305956549,-0.08832218819215854,0,-0.5062163139154947,2.135630324780113,0.49096359145216883,0.3222878930985722,1.0917844321896926,0,-0.16703203912304865,0.08022954122187631,0.00819021285192889,0,-0.43116376214683516,0.2766184456750107,-0.31172624231038704,0,0,0,0,0,-0.07737983049493025,0,-0.20701175913890157,0.05781186778634506,-0.2802349471718788,0,-0.28168809970517206,0.16538561551017938,0.0437282162587298,0,-0.06520786433226533,0.20100715116516277,0,0,0,0],[0.2770294573088936,0.0182184714113518,0.20187922515696322,0,-0.038650819527250135,-0.11744297423556382,-0.023137210842108402,0,0.07003906386377157,-0.21280542062354169,-0.01110576061091706,0,0,0,0,0,-0.09683573975067805,-0.04730477390055032,0,-0.12029266940697703,0.02549392606832601,0.10444784957550635,0,0.16125795160752787,-0.10718574671853354,0.0035960926153002504,0,0.08093557154707653,0,0,0,0,0,0,0,0,0.2739064748088378,0,-0.0270642719241998,0.3683280753378355,0.045374481565692015,0,-0.016492328886938523,-0.19645855086592867,-0.02644239541693416,0,-0.15621223433258358,0.26235749398274777,0,0,0,0,-0.44612716551008624,-0.4884855441795226,-0.9921429445006957,0,-0.17257002597324966,-0.15277641501395145,-0.12612175113157242,0,-0.7531065299705997,-0.09331029714044092,-1.3039257007934495,0,0.9655720088250508,0,-0.18037331191095163,0.41447958189714207,1.0182996663456088,0,0.3243322694438291,