{"modelSettings":{"letterOrder":"ACGT","bindingModeInteractions":[],"bindingModes":[{"fitLogActivity":true,"flankLength":0,"singleStrand":false,"size":10,"dinucleotideDistance":0,"componentName":"Binding mode 0","positionBias":false,"modifications":[]},{"fitLogActivity":true,"flankLength":0,"singleStrand":false,"size":10,"dinucleotideDistance":10,"componentName":"Binding mode 1","positionBias":false,"modifications":[]}],"letterComplement":"C-G,A-T"},"coefficients":{"bindingModeInteractions":[],"bindingModes":[{"mononucleotide":[0,0,0,0,0,0,0,0,0,0,0,0,0,0,0,0,0,0,0,0,0,0,0,0,0,0,0,0,0,0,0,0,0,0,0,0,0,0,0,0],"activity":[[-12.573061587280957]],"dinucleotide":[],"modifications":[]},{"mononucleotide":[-0.7473885690506679,-0.7644817261814092,0,-0.5149580349396361,0,-0.487466815824523,-0.9293291822952101,-0.23212375629680793,-3.4939299554258243,-4.109870326030937,-5.850545544437377,0,0,-5.676217020908723,-2.870496287848197,-5.341382395537627,0,-12.274545347550056,-12.744326551874757,-10.716338813948816,-3.152631371839308,-3.482766277671833,-3.5234967352951747,0,-2.209995673041279,-2.6594411836963685,-1.2453444724165852,0,0,-3.4723825702123463,-0.47076525525467705,-3.1657520916321573,-1.7091890780679613,0,-0.5003068019554151,-0.5209436044731968,-0.4737202135500249,0,-0.6697596553665432,-0.33566710525949706],"activity":[[0]],"dinucleotide":[[0,0.6327881026603501,0.2753883965903823,0.5754389783623495,0,0.247270725906108,0.6268461281620104,0.42198126680842307,0,0,0,0,0,0.0793203954480024,0.29792421450935347,0.6051185670875556,0,0,0,0,0.7539560531791709,0.08789414977753385,0.5132242002708347,0,0.29165716838630207,0.23460820683102845,0.9477975453079521,0,0.6630611118140628,0.18924134266508297,0.6365393306929157,0,0,0.8711171437286005,1.2392813291203897,0.7237052390829586,0,1.6099566139313453,1.4431364924184198,1.5110546356939754,0,1.7670363784617429,1.4021200548616077,1.8220739730686049,0,0,0,0,0,0,0,0,0,1.0617173712425938,0.9121696384662208,-1.2466071060136485,0,-1.6767257368545678,-1.404164924015344,-3.0241893388530237,0,-0.3088691931811489,-0.4380141927003294,-1.9109429429811158,0,0,0,0,0.6923390030573238,0.31698888227948174,1.0534798202082563,0,0.08631344629342408,-0.40970362779476943,1.0069803981722103,0,0.7825832311936978,-1.017332242828111,1.5586455521950562,0,-0.4790006745747819,1.6959572805096483,-0.36321592406946746,0,1.9510852120086444,1.0779033616459408,1.1934537694131668,0,-0.828849160327592,-0.25259544575485293,-1.4147700884371472,0,0,0,0,0,0,1.424703637341385,0.2650252749943336,1.27233930760453,0,0.5728892575808429,0.6818549905231777,2.009882210721715,0,0.5365172227168991,-0.969518683827868,0.2461671070968361,0,0,0,0,0,0,0,0,2.147155042309576,0,0.8757155405319441,0.2824602117688544,1.689081068704244,0,0.9210805752337148,0.3368248698730181,2.139666206735563,0,1.1256894104289863,0.2281200072943088,-0.4490834316826202,0,0.47183814274841485,0.0053089567675232985,0,0,0,0,-0.02916875532681118,0,0.40742355526236107,-0.06683025930769304,-0.09125868867427034,0,0.04451562916947793,-0.17808366185589097],[-0.37210308678505655,-0.1894028354473143,-0.28469449039796313,0,0.2297052301655791,0.2724613521325301,0.5122075278977283,0,0,0,0,0,0.17257467439819774,-0.19003916089534378,0.3104410832727984,0,0,0,0,0,0,-0.684983081930425,-0.6521682998147673,-0.8128199920579595,0,-0.4187031223947182,-0.2576143857727624,0.1473315489519953,0,-1.0154035632049663,-0.5068029250859958,-0.9841460217962918,0,5.380075611921551,5.656981558902089,6.377278365050399,0,2.570409395658279,2.84056466737135,2.792909894814116,0,4.409564642236054,5.1818670099355835,5.736021129403127,0,0,0,0,0,0,0,0,0.17400792167743262,0.5677690879350692,-0.044842270007084295,0,-0.21573164183895877,-0.1556026230811085,-0.26312917784651013,0,1.3053768973501407,0.8720041308679543,1.01893818046958,0,0,0,0,0,2.8571721080917634,1.8577249230404718,2.9499301542389116,0,3.6372292192151594,1.2623845108858447,3.5554280653181713,0,4.2029071338652635,0.945725617481596,4.145207346919223,0,0,0.18066903720921967,0.19680846417125508,-0.2900623537893976,0,-0.8762080776751686,-1.4726721212051475,-1.2720345819035677,0,-0.17037176369440044,0.6244876132068171,0.09480379920367188,0,0,0,0,-0.5018400643035648,0,-0.15309220191111628,-0.08125810536645872,-0.09363879023160404,0,-0.3447894520901249,0.46775951286035156,-0.32886739475185855,0,-0.12069758622179894,0.15221383914601994,0,0,0,0,0,0,0,0,0.033576910627579615,0,-0.42829344450370055,0.20136323233472897,-0.04488689440238591,0,-0.1588479632462656,0.411303271976009,0.25605286225436785,0,-0.17078780603492216,0.13989493658933938],[0,0.7875903207540604,0.2520322413233904,-0.05426118334693353,0,0.390737091117205,0.18878898595752336,-0.32104880043550477,0,0,0,0,0,0.3669305158851399,0.11314928912265021,-0.176684157888773,0,0,0,0,0,-1.082580364980739,-0.5354616110588708,-1.1023661784278627,0,-0.6780724788194501,-0.5410715998467666,-1.0094722792016881,0,0.5779507908447084,0.697821393052692,1.057372419223947,0.41569189792583217,0.9364486808427728,0.8997981519268166,0,0.5615935788334827,1.2273793628549168,0.7348610554657249,0,0.8485575550876412,1.41586121615246,1.3951565301127866,0,0,0,0,0,0,0,0,0,-0.1297515093144863,0.2554246150432462,-1.0091701671175475,0,-0.1979439728227339,-0.3104216518247114,-0.22774370546217781,0,0.16584645886026195,0.4895171341004483,-0.10476123331276277,0,0,0,0,0,0,4.433176213400596,1.1621178518805415,2.9291283363452187,0,4.486594342481601,0.5943720081132611,3.4312009259202227,0,3.769043761357551,1.1883123797033086,2.222320750795113,-0.46942902384833207,0,-0.09031125696223086,-0.4989725331975148,-0.579162784327143,0,-0.17367588858689054,0.20603141321755025,-0.15614312201860425,0,0.4449634341641868,0.15231298719972308,0,0,0,0,-0.006070486152360388,0,0.2230523059799232,0.053420685139419,0.05522267322612695,0,-0.31298933787978367,0.4985457310205099,-0.04916740122470742,0,0.017347240503006844,-0.042223937782016385,0,0,0,0],[0,0.9830681233171106,0.9117551088650586,0.8333963822484947,0,0.4782529901656112,0.49411397404701596,0.2956220029151435,0,0,0,0,0,0.8833496995883152,0.7975842695504038,0.8765167242213288,0,0,0,0,-0.14800611565654354,0.059550011054837704,-0.19443638300840238,0,0.01697533122295436,0.12731525511776542,-0.1363826297228643,0,0.29958961617061064,0.20852014895920057,0.1664207304659211,0,0.29021358526200824,0.3440314033156131,0.3977930423253433,0,0.056951873871335046,0.007595958461359409,-0.23017518705052442,0,0.6924125587992798,0.46792853354371644,0.6791438209144065,0,0,0,0,0,0,0,0,0,0,0.3734265032050903,-0.5349024561053071,1.492160744771338,0,-0.08827026257687987,0.13487815979113726,0.22694848327850625,0,0.7184920635193368,-0.0018856556669568647,2.398714055889096,0,0,0,0,-0.4419890170414895,0,-0.7166007430256407,0.11693682237536862,-0.9818482110452589,0,-1.4250765060432933,-0.01442799217467794,-0.5631014124355129,0,-1.270230058619461,0.167855258620353,-0.10745672756922708,0,-0.13184331736924904,0.026162890887775347,-0.3950086575269687,0,-0.40552777596689715,0.02117013788524602,-0.015233686733322926,0,-0.06663847625671515,0.11331148584327266,0,0,0,0],[0.20489173751556056,0.13209483144694278,0.13903206535390122,0,-0.06833397955374654,0.1034044036144186,-0.002039416351194312,0,0,0,0,0,-0.03052270479266017,0.1903292643053378,0.020147311321262684,0,0,0,0,0,-0.14665944974919132,-0.08646355893226687,-0.22006850183368432,0,-0.07009841458644406,-0.04995530216422228,-0.13195809316729168,0,-0.01694545743654352,-0.08498788448015837,-0.0687731302235921,0,0,0.10740689987176655,0.08996792066098713,-0.20266888035343644,0,0.02133264526246048,-0.06091146476765896,0.027685295367843032,0,0.2789688548060614,0.08562105698229061,-0.08497000966793777,0,0,0,0,0,0,0,0,-0.1549018999835674,0,-0.5101705341348222,0.20503681346816016,0.024645432469729833,0,0.05949492466986683,0.13646488529333212,-0.331476299376007,0,-0.7596422543403385,0.08892431454668959,0,0,0,0,-0.24152895610057357,0,0.29699701289815295,0.18579204428927198,-0.5393887989914852,0,0.12577250619273528,0.01338863924851097,