{"modelSettings":{"letterOrder":"ACGT","bindingModeInteractions":[],"bindingModes":[{"fitLogActivity":true,"flankLength":0,"singleStrand":false,"size":10,"dinucleotideDistance":0,"componentName":"Binding mode 0","positionBias":false,"modifications":[]},{"fitLogActivity":true,"flankLength":0,"singleStrand":false,"size":10,"dinucleotideDistance":10,"componentName":"Binding mode 1","positionBias":false,"modifications":[]}],"letterComplement":"C-G,A-T"},"coefficients":{"bindingModeInteractions":[],"bindingModes":[{"mononucleotide":[0,0,0,0,0,0,0,0,0,0,0,0,0,0,0,0,0,0,0,0,0,0,0,0,0,0,0,0,0,0,0,0,0,0,0,0,0,0,0,0],"activity":[[-11.41363719271945]],"dinucleotide":[],"modifications":[]},{"mononucleotide":[-0.25552347550268006,-0.1501428223172283,-0.2680711045189579,0,-0.30379563133246723,-0.39437760064012295,-0.5410459352315251,0,-1.7697967219829396,-3.1758646563937836,-3.9003053440324136,0,0,-5.995670891111582,-2.157400875472221,-4.921889717581036,0,-6.942318825037291,-6.50375758258475,-6.019686482622171,-2.2192476309286606,-3.7421819924079136,-1.4006018048990407,0,-1.4596285482092801,-1.3894800897449286,-1.5545959292689178,0,-1.0814497549336446,-2.458273331385258,0,-2.113145423271667,-0.38403646004116876,-0.200273771198888,0,-0.7777431852737968,-0.33684616677544543,-0.049526679276190144,-0.19021152805777497,0],"activity":[[0]],"dinucleotide":[[0.11743756442710307,0.5821816139216769,0.13320902384134392,0,0.14059464317434234,0.2682488019687961,0.41682157101423956,0,0.48021172872274676,0.45890847601164086,0.20481163342026942,0,0,0,0,0,-0.5885931963134565,-0.05359529093385351,-0.550806833227937,0,0.017021325065211812,-0.18198358644801615,-0.2027466272126155,0,-0.45204381457216236,-0.026222041309363675,0.015504038425111943,0,0,0,0,0,0,0.915047699721228,0.8325008002996599,0.9693936958630456,0,0.9395445944991039,0.6453057763645278,0.7156176903742857,0,1.150116223410155,0.7949492329507262,1.03558088133631,0,0,0,0,0,0,0,0,0,1.8583983261025292,1.6608350592530208,1.9818000489897827,0,1.0552285955316094,0.6864338253704201,0.9923301980040033,0,1.9994818895912871,1.7690401073829936,2.4662646186395456,0,0,0,0,1.0103988670994326,0.7754837336440072,1.146750897112879,0,1.0469085406121383,0.8311650509612907,1.0551570595611874,0,0.912589834686683,0.6666553010673741,0.8747779530207662,0,-0.7192070191460518,1.182563545282873,-0.8681968351582698,0,1.045532681667157,0.3470097442659199,0.5344613172436086,0,-1.4405187828235144,-0.688342890866041,-2.0137690939463058,0,0,0,0,0,0.08623414202051993,0.8665536758246253,0,0.7864682848323179,-0.26376658846899304,-0.4218038026442965,0,0.844440259788513,1.0932855733405713,1.056650825033155,0,1.0085751902468099,0,0,0,0,-0.583344865915925,0.7120173823430243,0,0.4090767408246556,0.2332882449058351,-0.2972306100626083,0,-0.13178911229166168,0,0,0,0,0.05566597902841419,-0.37792995524381023,0,-0.4766696961666561,-0.483323356002773,0.026920147847927733,-0.01291631849089292,0,0.08182108809477029,-0.14430138886826338,-0.3381628719237244,0,0,0,0,0,0.19104973769130762,0.1224221043090008,-0.06583637484345184,0],[-0.33975522900172006,0.14601924871677507,-0.27792285252138793,0,0.007945250524528547,0.3300103514634305,0.10625554401040205,0,-0.07854406221257904,0.20458167384038184,-0.16196609923856542,0,0,0,0,0,0,0.25109295778711704,0.31791654780486756,0.1670172478908034,0,0.01813576055442212,-0.3000339379625725,-0.306964241532226,0,0.009403566760200377,-0.1588302229836458,0.10201323721372013,0,0,0,0,0,0.9621865078064165,1.0262480423726021,0.634815386296685,0,1.1821226673762446,1.2950037866995494,0.9158923338355223,0,1.4756279023722296,1.745875207849144,1.2658826213417846,0,0,0,0,0,0,0,0,0.1817355352915726,0.21329649533381456,0.2546910665418842,0,-0.8853585235887058,-0.8812877535245995,-0.7950319559897858,0,-0.02078342978348857,-0.15742381202341704,0.04680187087201304,0,0,0,0,0,0.24287457036889748,0.44573340314378296,0.38087185206731355,0,0.2592516475702382,0.20561320213005985,0.3723625827608714,0,0.2987612516886333,0.25028910458539855,0.32459364060069085,0,-0.10279750338453741,-0.16037456939340533,0,-0.3330499613456146,1.1401615138572838,0.5112904780123113,0,-0.03778047011891417,-0.4219346133118984,-0.9899629682213034,0,-0.8042373505045299,0,0,0,0,-0.3452253603234636,-0.051984627243500725,0,-0.07216407557747395,0.3043761324755554,0.29450628013815106,0,0.7225339589619502,-0.24055692475583168,-0.15734245890994192,0,0.09123511929319683,0,0,0,0,0.4123243180886056,0.4350445631728612,0.5448225582362904,0,0.0406515422498952,0.1103646378307861,-0.12278892668762253,0,0,0,0,0,0.4265032707517209,0.19756108787379212,0.17114113381711604,0],[0,0.020073516476266207,0.19731549141708715,-0.22280907263964256,0,0.008218112674722278,-0.06206861114657336,-0.13669275260189018,0,-0.3339977787241093,-0.06413567133814446,-0.058650046360755326,0,0,0,0,0,-0.005596480744106458,-0.14731154663889434,-0.21863976244592287,0,-0.06474633082601855,-0.3480305183813499,-0.16119698026247242,0,0.3775642931530854,0.019229195679129063,0.35906103768744124,0,0,0,0,-0.08114226419643611,0.39640198268275384,0.1719887524893844,0,0.02174266821420545,0.5810162434759487,0.24719702860359494,0,0.24141123986315982,0.9035715596185145,0.5205367975587363,0,0,0,0,0,0,0,0,0,0.10998381510844801,0.10953351735525096,-0.10792891511839997,0,-0.543322347661717,-0.6061102532165972,-0.5104842605849926,0,0.1407986150674745,0.036099194874541496,-0.15396555626901431,0,0,0,0,0,0.13407398552683958,1.109846227989049,0,0.725299251975045,0.027409777231138577,0.9619700643239213,0,0.6855127716380949,0.10690239946603697,1.0949436298134732,0,1.037816399909227,-0.21469212349558386,0.04505905713954217,0,-0.2511068053978427,-0.39510723148247795,0.40266879146999823,0,0.4507034482304739,-0.48627833581253466,-0.20606384286512291,0,-0.08957065286446131,0,0,0,0,-0.06867637711463193,0.04069603336828376,0.03512787104844861,0,-0.5166068593663207,-0.4539911259159686,-0.9674254868141512,0,-0.1110823526531215,-0.01733477400918737,-0.08501923977413028,0,0,0,0,0],[0,-0.0840028972757274,-0.18624583060834254,-0.33903169283596846,0,-0.1698817875572214,-0.30125011221341147,-0.26752059902298875,0,-0.2862885659333383,-0.271503872303402,-0.19291163394090027,0,0,0,0,-0.14052808449148646,-0.21376258370108037,-0.12965200005622002,0,-0.2926813280854397,-0.24598377925148363,-0.34156811051300195,0,-0.27508038000795665,-0.3014119685679919,-0.46606863139819943,0,0,0,0,0,-0.1836744398573229,-0.05851561390135629,-0.2510579533916877,0,-0.42803134368408546,-0.4125177737388892,-0.5904933581928029,0,-0.05182058285786795,-0.07621192481961181,-0.04629055159313111,0,0,0,0,0,0,0,0,0,-0.0375942862732348,0.28109363823625877,0,0.7534736959990909,0.09994602216562587,-0.641442161823595,0,-0.2809447172504127,-0.08165703787323153,0.33640824318271356,0,1.3808822108955923,0,0,0,0,0.33222325558027954,-0.0029245716307944036,0,0.3487262118683123,0.3771173746879093,0.07806364414308753,0,0.4671095086482264,0.20630656216411047,-0.15259638089373517,0,0.286929745509342,-0.22721977236871105,-0.08455583588041993,-0.30597737805907244,0,-0.3518213852807639,0.07905717690569158,-0.28196985198096414,0,-0.3154544338718308,-0.13776999787545652,-0.38340290561312784,0,0,0,0,0],[0.14487369817788842,-0.03399853957908139,0.07197929830831118,0,-0.0955761905062591,-0.11591507467330509,-0.08181488012929705,0,0.024693731712753575,-0.07619021226768297,-0.037063041347210834,0,0,0,0,0,0.03272657780424826,0.06802042519662521,0.07038531577889273,0,-0.1346096397879375,-0.09123075943736314,-0.14673964532109274,0,-0.11698035689389918,-0.1334291434280921,-0.13539238693203792,0,0,0,0,0,0.060431113027621386,-0.6822573115591313,0,-0.613853564695046,0.11373039533848672,-0.1861343783454572,0,-0.457336116093928,0.0019433083022990516,-0.5134309830443495,0,-0.4398523132665293,0,0,0,0,0,0,0,0,0.14687969647042998,0.17149844232890565,0,0.19214523557232965,-2.3791919029303443E-4,0.010143968154559424,0,0.042039541655700674,0.2052373677915904,0.3545147634841106,0,0.4608934490165577,0,0,0,0,0.2700993381357861,0.03304343671300458,