{"modelSettings":{"letterOrder":"ACGT","bindingModeInteractions":[],"bindingModes":[{"fitLogActivity":true,"flankLength":0,"singleStrand":false,"size":10,"dinucleotideDistance":0,"componentName":"Binding mode 0","positionBias":false,"modifications":[]},{"fitLogActivity":true,"flankLength":0,"singleStrand":false,"size":10,"dinucleotideDistance":10,"componentName":"Binding mode 1","positionBias":false,"modifications":[]}],"letterComplement":"C-G,A-T"},"coefficients":{"bindingModeInteractions":[],"bindingModes":[{"mononucleotide":[0,0,0,0,0,0,0,0,0,0,0,0,0,0,0,0,0,0,0,0,0,0,0,0,0,0,0,0,0,0,0,0,0,0,0,0,0,0,0,0],"activity":[[-13.196324367553403]],"dinucleotide":[],"modifications":[]},{"mononucleotide":[-0.2655278840480326,-0.4089689789662134,-0.2890205111756994,0,-0.5112067535961489,-0.7921506845206328,-1.007045386338609,0,-2.3031155545277677,-3.888048832377647,-4.403315943803853,0,0,-6.499397875359067,-2.8006240146881316,-5.988377615546433,0,-7.532567478626004,-6.709114943006125,-7.365882188088324,-2.8390372558454535,-4.287476277092421,-2.2045948438991876,0,-2.034814231782617,-1.7484890805698503,-2.1822657074905845,0,-0.9771504336341603,-2.9118927034690696,0,-2.555504286876313,-0.3875396705994112,-0.049511209889610885,0,-0.7404116288765203,-0.7096717144964864,-0.15149770266927765,-0.5164702556373009,0],"activity":[[0]],"dinucleotide":[[0.10489092685484236,0.5292912225850399,0.08488490882082189,0,0.21825518154056955,0.3175566031358503,0.4021337631710207,0,0.5727083473647625,0.46771719470812023,0.22978673827123064,0,0,0,0,0,-0.4705047370519688,0.001225035271865238,-0.5765968208031822,0,0.19655885193956468,-0.03552944019196236,-0.05106814245992908,0,-0.15148132555680682,0.1750165977466196,0.28082554322259146,0,0,0,0,0,0,1.071643422420907,1.1392640948456583,1.1851835068535133,0,1.166729174606564,0.9214554735814646,1.1366769158930303,0,1.3623383362372081,1.2187321911244888,1.3422747374348774,0,0,0,0,0,0,0,0,0,1.7832899928702872,1.5676770236101945,1.719157884833514,0,1.0017058168010191,0.6551876842522812,0.9209057738171946,0,1.5988430610405935,1.3724276742537214,1.5187820705701967,0,0,0,0,0.9607028101112416,0.9150233657912867,1.1947981939973964,0,0.9281724670533311,0.876774000808334,1.2067466720554219,0,0.8983252649749236,0.90529495177128,1.1068750466181712,0,-0.45281338233342705,1.547658255111191,-0.4461513060910338,0,1.4130849743855878,0.7571012683576122,0.8126198832779821,0,-0.9666489652728956,-0.282760784352055,-1.4606545807264206,0,0,0,0,0,0.04616124343689787,1.1541866114529906,0,0.9663479055670035,-0.34875541577473745,-0.04428612184149561,0,1.098747090178943,1.1369348180908085,1.3911753749540408,0,1.2316788852023448,0,0,0,0,-0.7217376681166581,0.75343112227701,0,0.416366621447791,0.264962711814003,-0.28760528519729567,0,-0.05708144900540901,0,0,0,0,0.09997581154533375,-0.38798742735964,0,-0.4305211417659738,-0.503534991277758,-0.02825179164042768,-0.06708285689060434,0,0.02218055989955725,-0.1386339487118966,-0.3563131047155974,0,0,0,0,0,0.13756918397812257,0.12286664670243641,-0.11534235135121973,0],[-0.37660049688873354,0.029168224239611185,-0.383753772701362,0,0.07661986159530976,0.34052236572131545,0.14722119271801226,0,-0.12225150596720802,0.13072459531263547,-0.27180507475223337,0,0,0,0,0,0,0.36967598877784,0.42536164806846255,0.3844225111181707,0,0.1248694086424198,-0.1642872393334356,-0.051000688370616665,0,0.21884596808768997,0.05863043014473579,0.2910258645494972,0,0,0,0,0,0.9988267721554038,1.0242520137244133,1.0501542727580464,0,1.2769666907951276,1.2970127208443145,1.3011588035256239,0,1.4568338593744397,1.5728031445892103,1.4757916836035587,0,0,0,0,0,0,0,0,0.47890633771485724,0.40680805592651126,0.4887430315310066,0,-0.4201862201634867,-0.5163509995845272,-0.3350754447680391,0,0.3925620075980163,0.23251534295615883,0.36307021790703864,0,0,0,0,0,0.3209422745351205,0.35038650552021977,0.3888173713566623,0,0.2700590133748584,0.18438187615541857,0.3733194616598432,0,0.558111685061828,0.4104910365236396,0.5760070729672755,0,-0.24015916020200923,-0.06212142138613519,0,-0.1712009792692495,1.1660094324628307,0.7768529051237856,0,0.23708429647575535,-0.5065509288317287,-0.621065210870114,0,-0.5130857787657286,0,0,0,0,-0.3827636819353124,0.010425781969295222,0,-0.03963285229302915,0.2771345250320554,0.21478392486730824,0,0.6397027986252484,-0.2954681786322748,-0.15896545825515895,0,0.13159463455221054,0,0,0,0,0.3362907963242927,0.39885891632805315,0.45702790422692097,0,0.1188817362041732,0.0902822387103992,-0.04457940937190852,0,0,0,0,0,0.49777465962868295,0.24298776834748725,0.2326869134106575,0],[0,0.05474842930633539,0.09711254835400229,0.06592979734888171,0,0.04174823373203118,-0.01789326790746859,0.16013237183294127,0,-0.2523256011726165,-0.08633244520009153,0.024422295776554748,0,0,0,0,0,0.14653489851862478,0.0019209574166403343,7.527028331555385E-4,0,0.13199885284311996,-0.11946329466838002,0.14604935004157227,0,0.34878775004233553,0.10176199138366293,0.23568855378054643,0,0,0,0,0.16617413707469186,0.6025905891442411,0.6143099617765237,0,0.39540936667606275,0.8441823843251521,0.7182702212063994,0,0.5746925800219396,1.1361592642808702,1.0796654532944796,0,0,0,0,0,0,0,0,0,0.24290442826836056,0.1674071265905095,0.10879907270324729,0,-0.15371883241475626,-0.3119214974367619,-0.1637585973037492,0,0.19569130007922908,0.07286445957000964,0.01789210474403724,0,0,0,0,0,0.2000652362458748,1.0547039557552829,0,0.7777532574530444,0.04060325087347394,0.8846126120768645,0,0.6173360963717176,0.21841435560497047,1.0401897400530373,0,0.7638312268325258,-0.34865276401890277,0.022118414484920024,0,-0.26218630587826564,-0.3644375886683999,0.3370837414465968,0,0.4336425590946549,-0.4804479449873984,-0.19945460478564847,0,-0.03571236176132864,0,0,0,0,-0.05903962931844031,0.008756917629020755,0.07854594327057196,0,-0.538309716226415,-0.5018672075618085,-0.8260953691374162,0,-0.052571475438703,-0.04612437203430719,0.025035866681563768,0,0,0,0,0],[0,0.1233857487414749,0.021120248772805716,0.03992737039578387,0,0.08868911822205483,-0.07934282866296982,0.015823969311712816,0,-0.05435772120150162,-0.08728915961514971,-0.13213559684023757,0,0,0,0,-0.18137225925986122,-0.1924784428657551,-0.12831897226272027,0,-0.22097767998675977,-0.07618778302560436,-0.19537680394306545,0,-0.16736832574651483,-0.1576223055745647,-0.23209799339421355,0,0,0,0,0,0.08464519105582191,0.11508670023431122,0.06256153845687695,0,-0.02767334731115234,-0.05374056881187261,-0.1598473363203814,0,0.23605599447109693,0.11980277008737339,0.24200747348940066,0,0,0,0,0,0,0,0,0,0.05005027453164956,0.4447678331923832,0,0.5790862292979995,-0.008937101727301666,-0.2661365183950384,0,-0.03922317882895232,0.01852518252041868,0.3772491716616333,0,0.7360083026516433,0,0,0,0,0.38316834337886796,-0.07226303466788586,0,0.3303067549683609,0.3116079212159759,-0.05241163768327084,0,0.33663484248300346,0.3211717262710909,-0.05303033200003959,0,0.2959983055973838,-0.06596505501035033,-0.04837186698715357,-0.14057969456758812,0,-0.2547661991615362,0.0653526605096193,-0.25176548172024305,0,-0.16060502538129384,-0.10508406303554096,-0.21687099126078735,0,0,0,0,0],[0.19786483238304076,-0.1496904259738452,0.08685042358313266,0,-0.043507503187677266,-0.08406090921005749,0.004334246944430298,0,0.07381288321097568,-0.16760751427528042,-0.03592076502221664,0,0,0,0,0,0.089714763309523,0.11004575929898053,0.16142328569018893,0,-0.023369670329032033,0.04301075267436261,0.04235052941798223,0,0.04953878599245609,0.009923067367310523,0.04712736367306114,0,0,0,0,0,0.04376290652612003,-0.4186163863115402,0,-0.3859802747301826,-0.012613065048807215,-0.17515343959239082,0,-0.26742556988645294,-0.011377523466927997,-0.27160999501506033,0,-0.37014975323888155,0,0,0,0,0,0,0,0,0.17898819744160832,0.03568190034464891,0,0.1700077839551115,-0.012073364605340586,-0.031939427858167946,0,0.021673364783160842,0.16308739245062753,0.225862571225937,0,0.23037403031512405,0,0,0,0,0.17796089483440802,-0.18435363720841558,0.28279215184561224,0,