{"modelSettings":{"letterOrder":"ACGT","bindingModeInteractions":[],"bindingModes":[{"fitLogActivity":true,"flankLength":0,"singleStrand":false,"size":10,"dinucleotideDistance":0,"componentName":"Binding mode 0","positionBias":false,"modifications":[]},{"fitLogActivity":true,"flankLength":0,"singleStrand":false,"size":10,"dinucleotideDistance":10,"componentName":"Binding mode 1","positionBias":false,"modifications":[]}],"letterComplement":"C-G,A-T"},"coefficients":{"bindingModeInteractions":[],"bindingModes":[{"mononucleotide":[0,0,0,0,0,0,0,0,0,0,0,0,0,0,0,0,0,0,0,0,0,0,0,0,0,0,0,0,0,0,0,0,0,0,0,0,0,0,0,0],"activity":[[-12.15652212988748]],"dinucleotide":[],"modifications":[]},{"mononucleotide":[-0.17068346410797286,-0.366989588719155,-0.12515283483180895,0,-0.4294950108952218,-0.7305543494240254,-0.8522815565125414,0,-1.828160202532553,-3.0163346356160865,-3.385784636819781,0,0,-5.337015444838708,-2.1251247312805495,-4.407890515432203,0,-6.49786219390482,-5.722271659403675,-6.145526934439421,-2.2954128390836503,-3.3405090417699688,-1.7379417766999161,0,-1.6389793819061165,-1.4034187564184015,-1.7092016389486608,0,-0.8445366267603158,-2.3763199070656276,0,-2.0614861635231145,-0.3116530063591134,-0.0694842981785384,0,-0.5758236208026322,-0.43836372415510194,-0.04212268897046467,-0.32067776700907613,0],"activity":[[0]],"dinucleotide":[[0.009900152213096813,0.3524236721506635,-0.052323343216373,0,0.10762544704787613,0.16066067516262406,0.2601973479732025,0,0.325375874384239,0.2533223651003125,0.07935602409475262,0,0,0,0,0,-0.19613520230260129,0.058460467108031544,-0.37581958783709446,0,0.23952808640529355,-0.001203333837533016,0.03536415042437646,0,0.04961223501141987,0.1439187559347186,0.2420625768643676,0,0,0,0,0,0,0.7436821557439117,0.736372718277762,0.7249385136343047,0,0.901467515598207,0.6590589553096446,0.779757893184188,0,1.0386978377986278,0.8260783859951593,0.9416472964865203,0,0,0,0,0,0,0,0,0,1.479967399112038,1.3076098813335992,1.4106371321619093,0,0.7219340191262518,0.46454789279380293,0.6547218424551655,0,1.1957778654229223,1.0080382848822733,1.1221527460580507,0,0,0,0,0.8390900842382383,0.7979028813898097,1.0317353755679752,0,0.7607526597175873,0.69363887490805,1.0438894957668783,0,0.7068455986856232,0.6983761648396598,0.8460278274355559,0,-0.330448075581284,1.1450179809162275,-0.3601525790600988,0,0.9546935751169254,0.5308949630892936,0.5289525276820193,0,-0.7695832422336162,-0.2174280319510391,-1.1225616439431705,0,0,0,0,0,0.10197704131980245,0.8841897787283717,0,0.7330363643636826,-0.29365598856060515,-0.008655550657843847,0,0.8833435444115239,0.8566072189638771,0.9646542393946649,0,0.9192047176372764,0,0,0,0,-0.420013749201416,0.6302243999677417,0,0.34511071858579845,0.18377329072442095,-0.24687471852722354,0,-0.08303222002054778,0,0,0,0,0.14897744515352418,-0.2478797304885818,0,-0.26888031313559146,-0.3025562816806855,-0.04221436029162495,-0.10751913736465557,0,-0.017152715323402568,-0.08272691117055153,-0.29032602831482324,0,0,0,0,0,0.04817700361352539,0.09155104501434508,-0.19104023409064297,0],[-0.2758978676423771,0.023301360665570314,-0.3793260770411413,0,0.0190766965930651,0.2837102345113305,0.1254646922492757,0,-0.07918564562077002,0.08517561825998765,-0.183213179329913,0,0,0,0,0,0,0.26488814258582494,0.289968640944295,0.24934797617597226,0,0.058031823028343865,-0.06639182687848866,-0.16259934743289683,0,0.10554766907363344,0.07102359502070144,0.12945764007535576,0,0,0,0,0,0.7104524392447962,0.751290302105124,0.76349966576878,0,0.9018103780744475,0.9419856660266115,0.9215461040285575,0,1.0808427073104259,1.2628476567083524,1.1178304179258447,0,0,0,0,0,0,0,0,0.35348818223925527,0.24871945081392788,0.38637634246772024,0,-0.28107752310067635,-0.5048651118203251,-0.12876653167073293,0,0.2922456556791584,0.11037201183491341,0.32555695945038465,0,0,0,0,0,0.19633171797077065,0.28340013716222145,0.26912333594158255,0,0.20066392202134686,0.12800398307130045,0.3571598658316333,0,0.3962993907576031,0.2885131151749327,0.46451433330746816,0,-0.07898197505598858,-0.037253470467820016,0,-0.13289704520074697,0.9243023537458401,0.5668758142446295,0,0.14198985491571836,-0.4107211973900924,-0.6367207672194404,0,-0.40701537124881426,0,0,0,0,-0.19153027754028074,0.08491135662080529,0,-0.02554381437649056,0.21700607927308324,0.17313988013580772,0,0.4670974457575259,-0.2651308693819834,-0.11612691515576579,0,0.06927934625071153,0,0,0,0,0.32159294830018226,0.34708993343319827,0.2987449112446683,0,0.13497806905816212,0.153992224499639,-0.015337821795008644,0,0,0,0,0,0.39813055301190836,0.140931150228635,0.14936005535687258,0],[0,0.027391464378067276,-0.004112958222436625,0.01889080108695307,0,0.029944052221399176,0.007229567834810879,0.04011416610887508,0,-0.24802177019511795,-0.1059196894151615,-0.027867686981581485,0,0,0,0,0,0.1343042237015979,0.05389393324311165,0.02299414526308219,0,0.1627490219734451,-0.006365338882828198,0.1356342660769876,0,0.32038513096113874,0.18046622063619822,0.23312482470000262,0,0,0,0,0.08556360222057613,0.35061812058340713,0.370492204858091,0,0.2758291636644046,0.5430873865126369,0.4887247697738024,0,0.3594913583233099,0.7998462742966748,0.7396521889396297,0,0,0,0,0,0,0,0,0,0.24850674320588517,0.06557405664130656,0.12244900969886174,0,-0.0022348226122108628,-0.25457808868290677,-0.022531754474751864,0,0.19650616990576175,-0.021599427702531315,0.016817314977698672,0,0,0,0,0,0.2728895099946165,0.8877414824227738,0,0.6711079435859837,-0.06147234447125882,0.6021905204267117,0,0.3941478028235341,0.20185095904278683,0.8105881300439446,0,0.6171243659895644,-0.2658699679732228,0.06435985648914055,0,-0.12071333756914182,-0.21859578399038782,0.3604688495677575,0,0.36393490171055465,-0.44819545432276353,-0.12226283076245537,0,0.017716670617303087,0,0,0,0,-0.07701551404782947,-0.014288397552598475,0.042260196800109284,0,-0.382089822508747,-0.3779045567310386,-0.6221434386801645,0,-0.08870108716226355,-0.015654114693421484,0.04909753758560331,0,0,0,0,0],[0,0.1287392893160657,0.03749720896011688,0.06420956470579675,0,0.01637135423315783,-0.0638470751085265,-0.019651772683417335,0,-0.031145035664533083,-0.11011287863955488,-0.14737292366152666,0,0,0,0,-0.13957549780592426,-0.0885322973497118,0.004530507393457839,0,-0.07763716260239129,-0.0087924268641153,-0.03480748125719213,0,-0.13574424651492567,-0.04092135060677027,-0.10651881178261569,0,0,0,0,0,-0.010224442527554167,0.0317801267506681,0.041819762537475214,0,-0.07187342871704505,-0.15984546453789683,-0.08946462165950919,0,0.13418252162628796,0.017621937638304885,0.17299553946583934,0,0,0,0,0,0,0,0,0,0.027638419253534607,0.24335162736204907,0,0.39544438721539343,-0.0957328537238773,-0.29134577346829627,0,-0.11587809551738548,-0.027423095877576742,0.13760601883260648,0,0.44072380267333244,0,0,0,0,0.3217184858757349,0.012310029259358757,0,0.2628564836350513,0.2500853154202023,-0.011201631599899287,0,0.3069117932814489,0.2500049576494412,-0.06090897793234262,0,0.23809359121093365,-0.09922113478980421,-0.044094262539202234,-0.06800598811395986,0,-0.21580703014412173,0.02780355804101564,-0.19837179818480788,0,-0.19966414068988314,-0.0829327244233724,-0.11958654027282911,0,0,0,0,0],[0.09953686738408951,-0.1191291895495814,-0.02654169963248698,0,-0.03964889698733032,-0.023022976794781158,0.02685991636299523,0,0.017093111925095883,-0.10161617504851428,-0.07725355072492945,0,0,0,0,0,0.1551554386011631,0.15654911187296072,0.1636816261613685,0,0.011648443516520501,0.09802189039028342,0.016195808803582956,0,0.08537882904581284,0.058449346852145645,0.04374945181000989,0,0,0,0,0,0.06814259513158838,-0.3302501083831135,0,-0.378869634627403,0.025434996206156413,-0.13958516970200208,0,-0.30770048030773545,-0.017084357835127406,-0.31301171375682024,0,-0.47110785438766367,0,0,0,0,0,0,0,0,0.14531579591050914,0.027668473763727164,0,0.12591245228335168,-0.020365596760785643,-0.03117726189344161,0,0.041439934490483665,0.12779353928342374,0.10879065188509252,0,0.12159729854025159,0,0,0,0,