{"modelSettings":{"letterOrder":"ACGT","bindingModeInteractions":[],"bindingModes":[{"fitLogActivity":true,"flankLength":0,"singleStrand":false,"size":10,"dinucleotideDistance":0,"componentName":"Binding mode 0","positionBias":false,"modifications":[]},{"fitLogActivity":true,"flankLength":0,"singleStrand":false,"size":10,"dinucleotideDistance":10,"componentName":"Binding mode 1","positionBias":false,"modifications":[]}],"letterComplement":"C-G,A-T"},"coefficients":{"bindingModeInteractions":[],"bindingModes":[{"mononucleotide":[0,0,0,0,0,0,0,0,0,0,0,0,0,0,0,0,0,0,0,0,0,0,0,0,0,0,0,0,0,0,0,0,0,0,0,0,0,0,0,0],"activity":[[-12.842670694465363]],"dinucleotide":[],"modifications":[]},{"mononucleotide":[-0.35904713729043625,-0.4237126021544384,-0.38285935890017875,0,-0.3834583650702701,-0.5520029962226864,-0.866167524820334,0,-2.201072238225418,-4.041581839516668,-4.678665372650644,0,0,-7.573739679036378,-2.747093941316319,-8.419803996134965,0,-10.457327591245807,-11.714586506919467,-9.464210685847364,-2.6388117724274887,-4.5383798243945845,-1.8189975135378968,0,-1.9626231198942221,-1.667539908153724,-2.302833132493175,0,-1.0509395415840197,-3.0973614386953594,0,-2.635600836678359,-0.38292177675909067,-0.43911463479886925,0,-0.8409168735499855,-0.6380889546422961,-0.2053996680882071,-0.3949454273998081,0],"activity":[[0]],"dinucleotide":[[0.04623122114844236,0.5706321295912851,0.015113450813402096,0,0.24839696078162277,0.37606470652747515,0.4908809701712711,0,0.6779857225091641,0.5760445627459223,0.3597245340468813,0,0,0,0,0,-0.7639419959383691,-0.17937837464752882,-0.7587113067290989,0,-0.0432426986610035,-0.16334604336083025,-0.3233185949176587,0,-0.5485938383988929,0.029235256030863965,0.255948162101431,0,0,0,0,0,0,0.436761909655214,1.1633178886028261,0.06572219077277097,0,1.1253744342572762,1.1288812817034266,0.8522421196646413,0,1.0119462247073905,1.2285332030212057,0.8888825704777723,0,0,0,0,0,0,0,0,0,1.1739425990842989,1.3344862087826677,-0.39901435706486055,0,-1.197254562211267,-0.8592991845777291,-2.6491338025651725,0,0.32298968556049346,0.49055248567540133,-0.7003450396361153,0,0,0,0,0.8705383017127915,0.3354789793972195,1.1869503339638143,0,-0.02252525701856456,-0.4614802416840611,0.7880731811646449,0,1.0544462968921344,-0.882091157130553,1.7402430724493971,0,-0.5220276594881446,1.7067617953919996,-0.5229878470328249,0,1.9861898611376274,0.9652922227168368,1.1581334371667342,0,-1.0186171155671961,-0.4408899628979692,-1.656505251955549,0,0,0,0,0,-0.25640171581670534,1.2078570461628217,0,1.0549089207200169,-0.6904968583811226,-0.10906740762490053,0,1.2937391903031967,1.0662597486029775,1.498480468006643,0,1.1942006965005474,0,0,0,0,-0.8116421213356437,0.958255269395603,0,0.5585847481726622,0.5035857158326769,0.10114694537761348,0,-0.021858440016075065,0,0,0,0,0.2447248910025106,-0.2169059943378917,0,-0.37372027812354514,-0.5156734617261205,-0.05195814595970183,0.00628569726529693,0,-8.975631431256126E-4,-0.03624538777547692,-0.4263087793913407,0,0,0,0,0,0.10360717390151875,0.17962588644335153,-0.1751374943075943,0],[-0.5146872034213104,0.04447905476343461,-0.6025778094092873,0,0.0893284489030246,0.46938114591718794,0.18823118979988251,0,-0.15698118340825706,0.22991593167236957,-0.34465798367072153,0,0,0,0,0,0,1.1332127124905806,0.5793503402485549,1.2028037735533434,0,0.5053666225469025,-0.23118969990409566,0.19253411001223242,0,0.6355062310180601,0.16861646560545296,1.4989329288464095,0,0,0,0,0,5.291009992221451,5.3893046911527485,6.573436552904987,0,2.650653457433229,2.74066395402523,3.2026909956872878,0,4.228488937407743,4.984610771529635,5.951428389850136,0,0,0,0,0,0,0,0,0.47556768153946294,0.5732445739281715,0.04535505141488372,0,-0.5738023181219747,-0.45975065510024393,-0.6471101780212027,0,1.2984982328968577,0.5179945596339337,0.6884367162080895,0,0,0,0,0,2.953395692294343,1.5604945612998193,3.0322071301422007,0,3.48157671797488,1.2419450191337962,3.1887311660881004,0,4.223591038723375,0.9460808471389246,4.1895469611740594,0,-0.21302586476290308,-0.1755069132960907,0,-0.5199922754310595,1.5372959919842089,0.5683229640229541,0,0.036207652373171584,-0.71220370045928,-0.967317493182442,0,-0.722987372924357,0,0,0,0,-0.43986185789721954,0.14788148352618524,0,0.04810013127666668,0.19934331890530688,0.3353059333038515,0,0.8040214943851347,-0.20166670023984157,0.13870693551178448,0,0.3278714964303715,0,0,0,0,0.4636152939623024,0.45384718767800525,0.606098630805683,0,0.19858242402037352,0.17726507652403,-0.06742806176658522,0,0,0,0,0,0.5656232549681035,0.3473449046696748,0.22624090244643913,0],[0,0.3716161235907034,0.17925303492968858,0.4396263577829309,0,-0.1266933550571041,-0.04605859921466893,-0.13516071012630881,0,-0.7051358967903623,-0.090534149973585,0.23997192411705903,0,0,0,0,0,-0.7929291228834394,-0.5404298868727508,-1.2503890267207804,0,-1.857910251865965,-1.0751525056579059,-2.1942309507887785,0,-1.3804957358585792,-1.111636592023098,-1.9938304307445733,0,0,0,0,0.19576453396071614,0.8639800670820073,0.6538973112950366,0,0.27562910847334177,1.0183621281736333,0.4116958057371791,0,0.5856526023339672,1.261747330998718,1.212237717906965,0,0,0,0,0,0,0,0,0,-0.23454303885845995,0.24291675996871476,-0.9124743510967672,0,-0.45325333700077763,-0.5095984790552004,-0.5327439178811133,0,0.14364910350932547,0.6359675122145774,-0.17903513777644875,0,0,0,0,0,-0.9806869121657495,3.4988448058056285,0,2.0824317991761223,-0.7048485555316137,3.6727005233020087,0,2.2517737716732764,-1.1927531160568705,2.7489868289907804,0,1.1708571852531335,-0.4319703646581994,0.18596642329273827,0,-0.3442508165483398,-0.5320446083406134,0.16864150326598448,0,0.3364412653954014,-0.6223758825382362,-0.34779687775238743,0,-0.15113115082814943,0,0,0,0,-0.09648525112989459,-0.07083985087418654,0.11984194371981483,0,-0.5899296666342111,-0.6059998359606471,-0.9799068598498986,0,-0.04243872387008185,5.294048944346486E-4,0.03039550447362238,0,0,0,0,0],[0,0.26807716489045674,0.05088413641932732,0.018388708249588603,0,-0.38904794434284007,-0.30832184721464095,-0.4990183819422569,0,-0.8236922307140802,-0.8335560782837259,-0.8068859551469298,0,0,0,0,-0.3044728612325125,-0.2958760439982999,-0.23509948007913994,0,-0.49341085140031904,-0.20246353565938335,-0.48465630471371757,0,-0.3324917748875862,-0.20219098259904733,-0.42280551969751556,0,0,0,0,0,0.17868673763544152,0.22126401764366843,0.28689830432601227,0,-0.06711957407742997,-0.07733716892304443,-0.4097397035658119,0,0.5316024305363305,0.34858869339602805,0.5205622015409332,0,0,0,0,0,0,0,0,0,0.44000541518598624,0.5670974104757001,0,2.1314536297348052,-0.05387591572338124,-0.47100658991234123,0,0.06910747634044245,0.14112962927215733,0.6292842559143423,0,2.9974950578004815,0,0,0,0,0.33245839590727577,0.8344861806792725,0,1.0272618956932007,0.570394726686624,1.5473888593081586,0,1.6241805701593108,0.6245730343165476,1.11240732968945,0,1.3107962987731145,-0.1541149866846263,-0.06131518698480054,-0.2419475882616906,0,-0.3951555736325929,0.001346802196787067,-0.48581490283037354,0,-0.17870715486582522,-0.1376637867244912,-0.2663987381435833,0,0,0,0,0],[0.2664084444937047,-0.08187702655702456,0.17693749623395583,0,-0.07834259531133547,-0.1431994090025288,-0.06459830806852018,0,0.07124314100798568,-0.23221602254255203,8.290697037400818E-4,0,0,0,0,0,-0.01041022446053752,0.05310358761668055,0.09609960162727393,0,-0.14301736562907053,-0.018327895308323683,-0.1305943599398094,0,-0.09647384524618108,-0.026401925935934045,-0.09794187668164556,0,0,0,0,0,-0.10766421033483464,-0.033041968909948594,0,-0.365385683729869,0.10337420952669518,-0.34820022016190144,0,-0.025951549544123154,-0.019059255360744487,-0.0034705591643984235,0,-0.4513377719264735,0,0,0,0,0,0,0,0,0.3501147930720041,0.6438411131840853,0,0.6295945545478538,-0.07157468381302756,-0.021462007497345503,0,0.08537186012866638,0.6146515405548438,1.171859697654149,0,1.280141850700942,0,0,0,0,-0.4785309879840902,-0.24555961942349747,0.07954834981135583,0,-0.35348687864575723,0.23127162047924266,