{"modelSettings":{"letterOrder":"ACGT","bindingModeInteractions":[],"bindingModes":[{"fitLogActivity":true,"flankLength":0,"singleStrand":false,"size":10,"dinucleotideDistance":0,"componentName":"Binding mode 0","positionBias":false,"modifications":[]},{"fitLogActivity":true,"flankLength":0,"singleStrand":false,"size":10,"dinucleotideDistance":10,"componentName":"Binding mode 1","positionBias":false,"modifications":[]}],"letterComplement":"C-G,A-T"},"coefficients":{"bindingModeInteractions":[],"bindingModes":[{"mononucleotide":[0,0,0,0,0,0,0,0,0,0,0,0,0,0,0,0,0,0,0,0,0,0,0,0,0,0,0,0,0,0,0,0,0,0,0,0,0,0,0,0],"activity":[[-13.748410904721004]],"dinucleotide":[],"modifications":[]},{"mononucleotide":[-0.2826397376208991,-0.3775472964271771,0,-0.05788676804770887,-0.13185782155904535,-0.6152641984710143,-1.0617698056481448,0,-3.3315796198397463,-4.417477162330276,-5.568578103071703,0,0,-7.361902113176148,-3.6526354532032785,-6.284364458087248,0,-8.269952531381744,-9.027501562876413,-8.490538623909913,-3.7595154047156303,-3.574654237006433,-3.7265545409894836,0,-2.5531372135544643,-2.9811533376638546,-1.564929797817426,0,0,-4.028720905940364,-0.2782196537375621,-3.4096232826436204,-1.9821433706007612,0,-0.7081578746909181,-1.0419746330739568,-0.5556225703887743,0,-0.6416491853991408,-0.378638523686583],"activity":[[0]],"dinucleotide":[[-0.47826394020561014,0.07947598078446161,-0.18418241195515916,0,-0.35797930057258576,-0.1845729437657624,0.2702651021652711,0,0,0,0,0,-0.5548480985648279,-0.48237331626623625,-0.20239630991842938,0,-0.4089594744245719,0.05074736156845461,-0.5510298384480041,0,0.27401993431778493,-0.05376151746416369,-0.06343293964247376,0,-0.010116889020371111,0.19627420462549594,0.3698542652719272,0,0,0,0,0,0,1.3820981094234739,1.4277285292984647,1.8632314275042061,0,1.524265107630029,1.280985206889266,1.7346322550932136,0,1.63888322744525,1.6121895790255047,2.099744793803854,0,0,0,0,0,0,0,0,0,2.338116728640424,2.365800430892163,2.2898477504717505,0,1.4708631891928547,1.7440140625888105,1.4646036066478878,0,1.912800248802716,1.6175515181506928,1.7045710283152449,0,0,0,0,0.7592789700241571,1.5040397730101045,1.156600688994473,0,0.2846716084953602,1.2462947884740299,0.5528916976728411,0,0.5765232982054798,0.9544996475225851,0.8042256491327642,0,-0.18539464563957697,1.8257423741722576,-0.44015110148391123,0,1.7277115847602236,1.0211077303018126,0.9515214839423223,0,-0.8265349780938909,-0.12524089504318425,-1.5066340894698689,0,0,0,0,0,0,1.365401329244948,0.025262143699112727,1.1182227161113563,0,0.46231752956277283,0.4641471093015648,1.801432834859991,0,0.38032145572085163,-1.1668563672220302,0.16794203635579574,0,0,0,0,0,0,0,0,2.3319486258407682,0,1.2122334395493164,0.7011506235762761,1.590159034086406,0,0.784525390270542,0.26237462545549795,2.2093748409189846,0,1.2831129208663077,0.31583782267457483,-0.740215569906634,0,0.2635865912038633,-0.15092447805139786,0,0,0,0,-0.14569578266314576,0,0.3160566747935263,-0.12399987722687245,-0.1801847800408951,0,-0.0192478399692404,-0.2212014238907094],[-0.23423997690949871,-0.11380652753027398,-0.18817659280407995,0,0.22638835370940225,0.2863673009412677,0.39677201457203815,0,0,0,0,0,0.21467820837392448,-0.10707322968224631,0.24876671094279068,0,0,0.34720262545565284,0.4609138510969526,0.44256422056219336,0,0.03978602554053445,-0.07165388534223815,-0.1968886815049311,0,-0.0034083845309815786,0.1596138975219965,0.38927988271309033,0,0,0,0,0,1.6948072920907968,2.510877495885943,2.082849563852026,0,1.4412198409745685,2.326556866861903,1.6870021747469828,0,2.2827831556062463,3.8460418916626526,2.4745373646723703,0,0,0,0,0,0,0,0,0.7731207842243926,0.8843784330750442,0.7424670894661816,0,-0.0885175931385529,-0.20282578282701635,-0.11722852084081659,0,0.5960674461617721,0.38392197688527396,0.8011388435875908,0,0,0,0,0,0.39694469074183836,0.4842304684655403,-0.16401130403236408,0,1.5068528029884547,0.6334895340853564,0.0746835561332233,0,1.487773202962682,0.7219017058778192,0.7674422717924454,0,0,0.7054825465609422,0.2712973616528318,0.20411264255453876,0,-0.09826932502288166,-1.239452157089234,-0.8744688175861004,0,0.06226924104619691,0.6522782375223652,0.2442632390823407,0,0,0,0,-0.37938551503908524,0,-0.007786484936668003,0.09613835478517885,0.0935075263834717,0,-0.24147100973259583,0.5611826788717904,-0.1651419262177818,0,0.16363324319238126,0.34872443430615396,0,0,0,0,0,0,0,0,0.16701946574189908,0,-0.2654579302409914,0.3347568347333496,0.03679926343985174,0,-0.11650298069225173,0.4334200792264533,0.42084254006134625,0,-0.12497936625695782,0.20461851228496997],[0,0.34325132185084506,0.24043705876253707,-0.14120272827089053,0,0.4172824557626491,0.168405025025395,0.07285399621879307,0,0,0,0,0,0.409902044411945,0.15134347235942602,0.1086736643179087,0,0.38912511759455093,0.5078875148380444,0.03224090760748588,0,-0.04578746524664368,-0.1778548576918002,0.14781979106690812,0,0.6213071958763514,0.3757862472193736,0.4877483634856592,0,0,0,0,0.6057070932886814,0.88996896541859,0.8759840056527697,0,0.7870419188301065,1.2896680215736307,0.8659446196357905,0,1.013786091148667,1.5558915055511289,1.3926362755631922,0,0,0,0,0,0,0,0,0,0.40380617763880267,0.25365842405212113,0.021140239715743192,0,0.0424903886571979,-0.14336842245083936,-0.04207717513535769,0,0.4764220350133659,0.16389585486841973,-0.06583708873994354,0,0,0,0,0,0,0.9902174486947004,-0.9447181370888362,0.3572045101788852,0,0.7919479798115656,-1.1450472290903466,0.30719285124281015,0,0.7208155605801547,-0.7721285304470751,0.25123625728660315,-0.16643044013993613,0,0.09219288372596512,-0.18927439228040743,-0.6959745981439038,0,-0.32829214520311734,0.22728622858417769,-0.28020811015044345,0,0.27699416297524504,0.28822294405199766,0,0,0,0,-0.012452341929025224,0,0.13020824541474507,0.04439179010508765,0.024727203529729458,0,-0.33629990799400655,0.5457462092636178,-0.03217485773820261,0,0.06083791281833584,0.05444550192980868,0,0,0,0],[0,0.36026412501843375,0.43061334619707914,0.1920194286893402,0,-0.10193037957233742,-0.09627382917749472,0.11305788544501638,0,0,0,0,0,-0.052575270925556694,-0.015752904699185777,0.19392423211061605,-0.1468365755904535,-0.18964453327802655,-0.06446982516012412,0,-0.1704189674004386,-0.016562821285220686,-0.17623736240650612,0,-0.0454299387901127,-0.03972980559808459,-0.19685001551655912,0,0,0,0,0,0.36714328444799715,0.35353279289706663,0.18767445065015043,0,-0.03900305755001909,-0.048874146525905715,-0.25246571873519397,0,0.6060083350937742,0.4133812248949287,0.39861324851906943,0,0,0,0,0,0,0,0,0,0,0.24014799355551553,-0.3131970030320925,0.7344362496611794,0,0.014391608546720391,-0.010340864296290775,0.11571542293414527,0,0.16303096156785735,-0.1330933310254796,1.4517954672637874,0,0,0,0,0.6800315242624624,0,0.03848226073847094,1.3046434242308855,0.6520070449936277,0,0.22804296758187448,2.553783578864837,0.5749197125708783,0,0.22597352557300177,1.0775892534479325,-0.042592484379497364,0,-0.0979932799826626,0.005894171672510495,-0.2907509959926191,0,-0.24697912821948798,-8.05091393097257E-4,-0.051611999264729924,0,-0.08446783016537651,0.06068782582736176,0,0,0,0],[0.23546517655707788,0.055895140648131836,0.11387075179487116,0,-0.03168588580929654,0.10600554205327661,0.07219710229286314,0,0,0,0,0,0.011319559959767744,0.17089506950012456,0.11160236925878575,0,0.16253513440724987,0.17675506961831822,0.15752839844661715,0,-0.055316976967289655,0.023537924842505387,-0.06424247614769296,0,0.035846462754611785,0.04446573416947652,-4.6598220476878893E-4,0,0,0,0,0,0,0.002176612992302651,-0.07842402980618157,-0.21401699869382362,0,0.07636380354460925,-0.11665468594390038,-0.168769637393396,0,0.2196766591314816,-0.03610936661050346,0.03321591680736624,0,0,0,0,0,0,0,0,0.140157897626354,0,-0.14011221714780753,0.21367045734450052,0.10504753496066943,0,0.0904732120614904,0.22299639721147546,0.03677218303555385,0,-0.2569552556098733,0.21943486105046972,0,0,0,0,0.4549424715326289,0,0.24477601183897413,0.4872208509276952,-0.46583282889813304,0,