{"modelSettings":{"letterOrder":"ACGT","bindingModeInteractions":[],"bindingModes":[{"fitLogActivity":true,"flankLength":0,"singleStrand":false,"size":10,"dinucleotideDistance":0,"componentName":"Binding mode 0","positionBias":false,"modifications":[]},{"fitLogActivity":true,"flankLength":0,"singleStrand":false,"size":10,"dinucleotideDistance":10,"componentName":"Binding mode 1","positionBias":false,"modifications":[]}],"letterComplement":"C-G,A-T"},"coefficients":{"bindingModeInteractions":[],"bindingModes":[{"mononucleotide":[0,0,0,0,0,0,0,0,0,0,0,0,0,0,0,0,0,0,0,0,0,0,0,0,0,0,0,0,0,0,0,0,0,0,0,0,0,0,0,0],"activity":[[-12.854892639783076]],"dinucleotide":[],"modifications":[]},{"mononucleotide":[-0.15677499762490954,-0.43667472802699536,-0.2152547834304912,0,-0.5140500652062958,-0.8471762539260286,-1.0463250091901621,0,-2.5352030877078415,-4.0399039160018395,-4.6086624322790515,0,0,-6.595932651917508,-2.896609759565857,-6.054794176554019,0,-7.713573283481642,-6.72699784749085,-7.499112254230736,-2.935419324857259,-4.444698492258124,-2.286970351848113,0,-2.1274538676178514,-1.9419132472603506,-2.207166357524104,0,-0.9733136867597467,-3.06976912949869,0,-2.637924662333035,-0.41328558471644805,-0.09367242231760575,0,-0.8140704878181702,-0.6566760975113153,-0.12238487474249271,-0.4930212409136103,0],"activity":[[0]],"dinucleotide":[[0.07850319244099713,0.5481415381694941,0.07960501542648313,0,0.19051571395253575,0.3571754364973172,0.44413506541836245,0,0.5303532224210237,0.48073747914170095,0.23627198589188225,0,0,0,0,0,-0.4095203509724876,0.01909431091235181,-0.5620201542405994,0,0.2351750793358094,-0.0286825549562284,-0.026512160119249728,0,-0.07162986520213677,0.174782041604578,0.3149662519495866,0,0,0,0,0,0,1.1755960809069759,1.240709186885181,1.4000987644509806,0,1.274110041207674,1.099699862903611,1.3050920659229313,0,1.4999284625990512,1.3695982073669786,1.6059043871391125,0,0,0,0,0,0,0,0,0,1.7389493432392626,1.5275550498872725,1.7258727130977398,0,0.9141515856645022,0.6323661263129967,0.9073664447455396,0,1.4599817798264585,1.2201305223614582,1.4297165711107649,0,0,0,0,0.9366371155141557,0.9093553829378749,1.2455447472835406,0,0.8389261870184157,0.7264038105596171,1.1386696549452768,0,0.9113711035852372,0.8743628065295788,1.0926359149962561,0,-0.33865427530662107,1.633674874597327,-0.39213296122817454,0,1.496712165429125,0.8880344349895735,0.8407414978983034,0,-0.8677076643033121,-0.19304304153840768,-1.4641374278850474,0,0,0,0,0,0.032951385074354356,1.1937110266993418,0,0.9995468959701386,-0.3616011683672484,-0.016073966947791618,0,1.2225375884533651,1.097977781617594,1.3897164375312796,0,1.255856747470979,0,0,0,0,-0.7004889607252158,0.7751996792039093,0,0.4545067437053105,0.3034022015749418,-0.2916614346304085,0,-0.03235792420581163,0,0,0,0,0.12848601776978974,-0.3934697392856714,0,-0.40710754328622833,-0.46997288480620725,0.008872272830933392,-0.037616082193667744,0,0.032534701856619996,-0.10592834039242871,-0.40733305870258696,0,0,0,0,0,0.15222778028340667,0.14662588401201448,-0.13634833914906253,0],[-0.404791167129257,0.010964181300558096,-0.43901407721126606,0,0.07192572546989906,0.39681199764555863,0.136561796915462,0,-0.15689909856892337,0.1232678306411712,-0.24918136074335617,0,0,0,0,0,0,0.33979910249378875,0.38850168091557524,0.3834645706748896,0,0.07801071057951603,-0.13316699601564252,-0.11993206031510617,0,0.1636887669025242,0.1017945630270587,0.37326620709958647,0,0,0,0,0,1.1078215025782754,1.2926883495168013,1.200197217289384,0,1.2296627988318036,1.4097874804899853,1.3045332698753533,0,1.5388041199323759,1.9943235850317933,1.6599378259545432,0,0,0,0,0,0,0,0,0.5131350422660184,0.4902552782106042,0.5074101810048255,0,-0.2289186702446493,-0.34854472147283033,-0.19250756678471426,0,0.4109995392483601,0.27897608072620983,0.4052856952037285,0,0,0,0,0,0.25207795446553405,0.28574461733148304,0.2725831878031961,0,0.21181131783558982,0.015989276318171264,0.33656902198515404,0,0.5665975043512823,0.40340369152361255,0.6103121985204147,0,-0.22432840269279364,0.10809350441456811,0,-0.1315386493707038,1.1518700768224521,0.930763247728918,0,0.3019677876646121,-0.5272309993536011,-0.5709698706750803,0,-0.44285585464694144,0,0,0,0,-0.35479387349361957,-0.00886565362260594,0,-0.029164250054417806,0.30377963304979305,0.22210623007556007,0,0.6651548226299266,-0.3219831151596946,-0.16925553456397147,0,0.12385293402707287,0,0,0,0,0.3767587349263244,0.4028244554660385,0.47409935461554387,0,0.19631970703244406,0.12743549278282718,-0.038045526449351996,0,0,0,0,0,0.5428754332623642,0.22638475966383176,0.21331663690456626,0],[0,-0.002181796637847455,0.04963493752268633,-0.025092688691049858,0,0.01604910944935689,0.021729707678471044,0.1522881665436273,0,-0.29960672181800696,-0.12535729726074418,0.04394925588894427,0,0,0,0,0,0.20929522747478302,0.06755549766066515,0.02657915155307311,0,0.1335420913661025,-0.09902288875930587,0.18080606028801682,0,0.49288028950588547,0.24568096262798633,0.4170550689665351,0,0,0,0,0.35037261061146197,0.7163607423515783,0.7479177649725974,0,0.6053540236179877,1.0171535039593387,0.8442413568459521,0,0.7709903367729698,1.380785660902271,1.2415891372387602,0,0,0,0,0,0,0,0,0,0.3998421611325327,0.22257503843462167,0.06434594310633379,0,-0.040630946826714975,-0.21873749592420388,-0.0829546894507498,0,0.34964773054957643,0.20252972923839607,0.020533477022235402,0,0,0,0,0,0.37292850574481307,1.2862911533510992,0,0.901402769132174,0.04802366291661997,0.9336384255840002,0,0.5851707071700787,0.3093509171537523,1.1325312588682834,0,0.8098036914489466,-0.2879060831554803,-0.018206748501580883,0,-0.30332707216221344,-0.37056509500757695,0.31764504741709665,0,0.41509904980155365,-0.5043283652319985,-0.21729393890280502,0,-0.024021540099472993,0,0,0,0,-0.007405341003011934,0.045085526947039156,0.13119818601443622,0,-0.4588874175653874,-0.4576839431573907,-0.7626372888424431,0,-0.06470385303349246,-0.027967957635324225,0.051172275061603045,0,0,0,0,0],[0,0.16832405724767519,-0.01830094515946712,0.014498298246877539,0,0.06790395568051188,-0.04348237622851947,0.010008119969251439,0,-0.04359079649685782,-0.1292365862035485,-0.1763998594280718,0,0,0,0,-0.15846983173809015,-0.18093751852976325,-0.07882223974289371,0,-0.19017710535722987,-0.03729298658716118,-0.16108055159329382,0,-0.1077305777257882,-0.07195966255665098,-0.18083571281450972,0,0,0,0,0,0.199914232593299,0.2447190318108241,0.127056108180728,0,0.11044017834074804,-7.660659388681879E-4,-0.045403962865929515,0,0.43047216155487433,0.3130842456477234,0.3501901184823293,0,0,0,0,0,0,0,0,0,0.09657577931701233,0.5017619453325963,0,0.7659664594992108,-0.022145281772952607,-0.15332346840450573,0,-0.0073699901889661135,0.05207436664337983,0.5119164010375847,0,1.1941301060091654,0,0,0,0,0.518087843712129,-0.03285057548663595,0,0.48533825778562445,0.4190459583062687,0.028200779735698234,0,0.5644936776861638,0.38006965850140695,-0.06206347437967885,0,0.4004149470498115,-0.05887248035929016,-0.03168079042639782,-0.1229792802979599,0,-0.2659628726797507,0.04733101444097887,-0.20280039919484238,0,-0.1593032785093591,-0.0753350320597681,-0.15582112557942107,0,0,0,0,0],[0.19019417134451544,-0.13275172168141935,0.033003441570492065,0,-0.04218872771032256,-0.044914176372238046,-0.009780761396478432,0,0.03705752725707079,-0.1670762840770026,-0.0777308894108133,0,0,0,0,0,0.10045492147879109,0.12298408802251037,0.1544838892450886,0,-0.047452244651232434,0.03551719939932507,0.019544186506674333,0,0.039690279372853965,0.04045993295867589,0.049896677646683596,0,0,0,0,0,0.06709433473290982,-0.19293239186488265,0,-0.25976381907672597,-0.026412666169603582,0.06311967969696752,0,-0.16512747899711044,-0.03449653187087254,0.008868837342904001,0,-0.14650525916710322,0,0,0,0,0,0,0,0,0.19102805393885447,0.1259560532403059,0,0.20489593205576107,1.7766077646363954E-5,-0.02790018511265835,0,0.05311745454826955,0.20439371080892954,0.36002538367017056,0,0.40039019000522735,0,0,0,0,0.19247986606414358,-0.17715952330492168,