{"modelSettings":{"letterOrder":"ACGT","bindingModeInteractions":[],"bindingModes":[{"fitLogActivity":true,"flankLength":0,"singleStrand":false,"size":10,"dinucleotideDistance":0,"componentName":"Binding mode 0","positionBias":false,"modifications":[]},{"fitLogActivity":true,"flankLength":0,"singleStrand":false,"size":10,"dinucleotideDistance":10,"componentName":"Binding mode 1","positionBias":false,"modifications":[]}],"letterComplement":"C-G,A-T"},"coefficients":{"bindingModeInteractions":[],"bindingModes":[{"mononucleotide":[0,0,0,0,0,0,0,0,0,0,0,0,0,0,0,0,0,0,0,0,0,0,0,0,0,0,0,0,0,0,0,0,0,0,0,0,0,0,0,0],"activity":[[-10.994221003303497]],"dinucleotide":[],"modifications":[]},{"mononucleotide":[-0.5620889808369334,-0.5898924916350461,0,-0.4630758821078842,0,-0.33549731442156383,-0.7675145722701464,-0.18179248595096476,-2.6316831462182817,-3.0300703462218177,-4.355652221018829,0,0,-4.864673242593359,-2.2027499890331086,-4.501559004199414,0,-8.641337276476158,-8.636650807166898,-8.04187891588354,-2.398711296643988,-2.3990320761199735,-2.4078886987332426,0,-1.699749591569127,-1.9984149183467832,-0.8374803541850124,0,0,-2.7321060156424446,-0.27796943756185777,-2.59944780131225,-1.4903023327079759,0,-0.4326651626413549,-0.35915057816978835,-0.31886551138663966,0,-0.49312705564940296,-0.2727381668621478],"activity":[[0]],"dinucleotide":[[0,0.5786961023044253,0.2686891053757474,0.5070699032568067,0,0.1747371894376144,0.5312337848383644,0.3692933672987029,0,0,0,0,0,0.10274853679984108,0.28181097625369755,0.4791923493516128,0,0,0,0,0.495444288409975,-0.09187864295221626,0.37513576549696115,0,0.26171985422156574,0.1486157463021156,0.720430867919335,0,0.4128671292764352,0.12087738980390306,0.4740264391047653,0,0,0.6826426766868536,0.811536856913607,0.7116108841815567,0,1.2017647690772542,0.7920302280686817,1.341680802949755,0,1.1798932591635207,0.8372492728558685,1.3874417682029199,0,0,0,0,0,0,0,0,0,0.7567744210465541,1.5247314450518346,-0.5194456600825212,0,-1.145364579040276,-0.1766487546301576,-1.9065819437334923,0,0.19777146831639314,0.5263220910219033,-0.7437728738704834,0,0,0,0,0.325175712164949,0.6610550206824684,0.5657099782639676,0,0.07341085051831797,0.006323553507243673,-0.056897402740659686,0,0.7947237811420784,-0.7194555659576025,0.8162991121471563,0,-0.3949863007256287,1.3103454504573913,-0.4031095128274016,0,1.434926264435754,0.5521455773754802,0.6775024002210035,0,-0.7194908611054034,-0.3633167924073737,-1.2380034117401042,0,0,0,0,0,0,1.2597849027118144,0.2475062910521304,1.1208450903622023,0,0.3666328383263888,0.5408497439465689,1.8128496187299072,0,0.40663174454703377,-0.8246307214464421,0.2544895514176986,0,0,0,0,0,0,0,0,1.745685160430571,0,0.717609811598118,0.282369243362699,1.3592680582986203,0,0.6849516722903937,0.18285023394815525,1.7084742444695902,0,0.8530560405684682,0.18814678017607278,-0.44091473673026904,0,0.3995731572736565,0.021172661626781775,0,0,0,0,-0.02306755188876064,0,0.3840858293476459,-0.07236596515151295,-0.09593881776507729,0,0.034911122012994955,-0.17931857231778014],[-0.3046460212980602,-0.18601938650408378,-0.2602168743957902,0,0.172924213436203,0.21641912259466878,0.3469755087678985,0,0,0,0,0,0.1626635310808302,-0.07224029811881749,0.3097852728549162,0,0,0,0,0,0,-0.27233916424150095,-0.39497090982674266,-0.6279804997405325,0,-0.21189173467974154,-0.18716048853280842,-0.020153953040876083,0,-0.2881828543248348,-0.26164695533851834,-0.38463792821849374,0,3.8472114404336137,3.3505897399315367,4.408126116645344,0,1.6152229514324326,1.5321094700992433,1.9505823238752384,0,2.8254645240102647,2.963407463971375,4.060127245367475,0,0,0,0,0,0,0,0,-0.076896490239859,0.2504950605887277,-0.033167824479628294,0,-0.2002471933449197,-0.3295699365884177,-0.18862596066475845,0,0.21948042130254564,0.5574700443632121,0.4154814974708412,0,0,0,0,0,1.2962076086302794,1.559540692172968,1.5278497245502072,0,2.302810772743065,0.9445144509721057,1.8946258704199144,0,3.1313505270597055,0.5817021572968439,2.9727668540985555,0,0,0.10083118207294817,0.12628514966726812,-0.3898046153071091,0,-0.8178579238154242,-1.1722343779421562,-0.9880477627588924,0,-0.31285864881887715,0.4977783020965134,-0.05401890599423265,0,0,0,0,-0.3609202011986121,0,-0.10336799886730752,-0.16122857774440202,0.027484175360166674,0,-0.177956202367072,0.3677926105735798,-0.21307214629834537,0,-0.1005635978246664,0.1333876404849743,0,0,0,0,0,0,0,0,-0.04025103393093765,0,-0.45409491482477815,0.10850465990189928,-0.021462237434741738,0,-0.13119914026602775,0.3348796429892391,0.1681517032194053,0,-0.21798752006041155,0.10099026136612377],[0,0.42827455031839357,0.12190411134769352,-0.2868145880076769,0,0.19897873497648622,0.1803208620135912,-0.34953846742486316,0,0,0,0,0,0.22534973451437068,0.15540487106369127,-0.17417294011797324,0,0,0,0,0,-1.0258930990034916,-0.5529730736360268,-0.8397397496985501,0,-0.7787354470974002,-0.513425834205627,-0.6208907372743759,0,0.5784990689916505,0.454746311781804,0.3513965756960893,0.2532827927548684,0.6207640753337405,0.6333438713528334,0,0.33606821773459483,0.8051461536211146,0.6611229455030285,0,0.5301011138794589,1.009704014938599,1.0029922406007987,0,0,0,0,0,0,0,0,0,0.0036810438006202872,-0.09281891595204073,-0.4474992597957135,0,-0.04325619621043941,-0.34619619367078336,-0.11199853742807608,0,0.220606828470312,0.36158760687490954,0.055932656894292165,0,0,0,0,0,0,2.741703830832307,0.17562638122073082,1.1132207743245441,0,2.800172705845828,0.5295435781009861,1.9296001029527563,0,2.863372235103129,0.8678322968416499,1.4393642294087563,-0.4979344996963899,0,-0.08461238968611529,-0.3788182118988068,-0.5827652080644379,0,-0.25401239657370667,0.11986382294615527,-0.3329714829451005,0,0.15220136877296309,0.02598666945925654,0,0,0,0,-0.0400740392480623,0,0.17305893007522233,0.08290536197891729,0.06685020266069586,0,-0.26810439858886026,0.44889550934389977,-0.03191812101208846,0,0.04528162739405861,0.03391004046120827,0,0,0,0],[0,0.7780518026873313,0.4680089523329247,0.6408163048762505,0,0.27567577100673013,0.28585349095575374,0.018095192283483996,0,0,0,0,0,0.6993989880662053,0.49168782331025973,0.685659729969406,0,0,0,0,-0.13465813230291612,0.0690755569633188,-0.15241183330566166,0,-0.04455825633974975,0.09955145742002092,-0.13467210993369427,0,0.13386927708298124,0.1791923111496203,0.048526837006303225,0,0.16717666826288546,0.20991494627223783,0.29999305689569145,0,-0.0608048121373681,-0.12692106599847897,-0.19159083240081998,0,0.36117060516605903,0.1354575806339664,0.413158307794645,0,0,0,0,0,0,0,0,0,0,0.04120634486184649,-0.2655975042150853,0.9162636304652576,0,-0.13163687962109538,0.12417713444852829,0.07630159023853178,0,0.2321879851422466,0.1044791299730754,1.3726630501771924,0,0,0,0,-0.06617900400570775,0,-0.15165442819147756,0.24459485007869475,-0.2921765435724275,0,-0.4456203623353563,0.5583627538964944,-0.3045407259861683,0,-0.7449172976560678,0.13225299409487512,-0.14849631386782658,0,-0.1544568472014678,0.023623099466541397,-0.36653381300354493,0,-0.3537750590401929,-0.019021250402775358,-0.1351624252718322,0,-0.17688653415678868,0.04542873748598897,0,0,0,0],[0.06189927112087723,-0.00316995744359172,0.015228425608768248,0,-0.13466110779919926,0.053630854937900985,-0.006828613359597391,0,0,0,0,0,-0.062040418424874844,0.15305445775183113,0.05571666839136391,0,0,0,0,0,-0.21619339421038486,-0.08531712264638536,-0.17158563306489505,0,-0.05007660908802869,-0.03630976465145164,-0.056469259525339766,0,-0.10185283218623287,-0.105527893544072,-0.07550875512967359,0,0,0.06401162067053168,0.046386384205620246,-0.24861774281230886,0,-0.32799676673412925,-0.11989740750532363,-0.2893520097325242,0,0.0077510251406440744,0.004195258363973942,-0.34126301506784706,0,0,0,0,0,0,0,0,-0.22618675392188514,0,-0.37774650306646773,-0.09610484056566282,-0.04013345696812909,0,0.0798300731555095,0.045360132023862576,0.07634619618600791,0,-0.15410940653443017,0.08385813442353385,0,0,0,0,-0.41123839782621197,0,0.18530546481515842,0.06591653173077283,