{"modelSettings":{"letterOrder":"ACGT","bindingModeInteractions":[],"bindingModes":[{"fitLogActivity":true,"flankLength":0,"singleStrand":false,"size":10,"dinucleotideDistance":0,"componentName":"Binding mode 0","positionBias":false,"modifications":[]},{"fitLogActivity":true,"flankLength":0,"singleStrand":false,"size":10,"dinucleotideDistance":10,"componentName":"Binding mode 1","positionBias":false,"modifications":[]}],"letterComplement":"C-G,A-T"},"coefficients":{"bindingModeInteractions":[],"bindingModes":[{"mononucleotide":[0,0,0,0,0,0,0,0,0,0,0,0,0,0,0,0,0,0,0,0,0,0,0,0,0,0,0,0,0,0,0,0,0,0,0,0,0,0,0,0],"activity":[[-12.606492130172905]],"dinucleotide":[],"modifications":[]},{"mononucleotide":[-0.18074549575598198,-0.29610063386309093,-0.14246890652756683,0,-0.3871879827233293,-0.6410969849370947,-0.8097844489781396,0,-2.139979416757355,-3.512447346611368,-4.045915738478194,0,0,-6.035978799891341,-2.4966705469631654,-5.223734641372627,0,-7.15795386351399,-6.400584476507239,-6.80407161432793,-2.560342427777411,-3.9235183438594996,-1.9756986977428488,0,-1.8402092588086765,-1.6482032790758376,-1.9286073115193263,0,-1.0086604998987418,-2.7298477909856977,0,-2.3591257531548004,-0.40361684930757136,-0.07687417118502893,0,-0.7224748140036743,-0.5112077241923121,-0.06190461886921739,-0.39687725911245764,0],"activity":[[0]],"dinucleotide":[[0.08704498029930896,0.46146656048581747,0.03380038329722623,0,0.1387525500391087,0.22287833509781496,0.3656937186181697,0,0.4535506128703588,0.3711636386657169,0.15683921191972416,0,0,0,0,0,-0.3995116980305955,0.007323378504048961,-0.51461382439952,0,0.18623174025178812,-0.07652765948487605,-0.0680746373150738,0,-0.11748292371069002,0.10038367745596677,0.19028495842291182,0,0,0,0,0,0,0.9572286302897988,0.9967178816143969,1.055507524531679,0,1.074430085779456,0.8639677839510869,1.023582728488651,0,1.2565753383494833,1.0869955157315063,1.24070243944586,0,0,0,0,0,0,0,0,0,1.6743421553561042,1.4809919917862473,1.6042198757431905,0,0.8798859128616972,0.5921310261511081,0.8026359249154904,0,1.4279880425995302,1.2198337671633475,1.3529620640485671,0,0,0,0,0.9525247318668484,0.9026142806319015,1.1483928236848033,0,0.9091080471051534,0.8305675870941549,1.1296231148092977,0,0.8675800185317897,0.8345678411750406,0.9891188613076487,0,-0.40288809103649825,1.3451572604863502,-0.4924234111261132,0,1.1834679625568958,0.6433880916150247,0.6468511754619559,0,-0.9304157802010433,-0.28392892028249594,-1.4048781743476315,0,0,0,0,0,0.0993388342085808,1.0520179185576586,0,0.9177230076681235,-0.299594015401607,-0.04945572931046005,0,1.032583694470354,1.07000387713245,1.2149473209464885,0,1.131694975709416,0,0,0,0,-0.5662423851195015,0.7010173503195603,0,0.40962185698298814,0.24708061877603793,-0.27636743096261007,0,-0.0464595976507427,0,0,0,0,0.1250606998268422,-0.35652527271692147,0,-0.36652318950455864,-0.4410431283487011,-0.019744375928102187,-0.07283978964172722,0,-1.9151571194075956E-4,-0.13458930714844541,-0.35035303490350245,0,0,0,0,0,0.10468596456456325,0.08877968330168429,-0.14421369516257254,0],[-0.3341073216134518,0.02896874692065765,-0.3840526286509416,0,0.011662555525608909,0.2976318268938307,0.1073509499649461,0,-0.12179765542984633,0.0832445469296843,-0.2327504772053821,0,0,0,0,0,0,0.2618793436012421,0.32986411693468654,0.2800030405079008,0,0.036776390083884,-0.16178691638297238,-0.15053064292655272,0,0.10172443588909186,0.021730749092003343,0.16663930905618596,0,0,0,0,0,0.9396624250149372,0.9932951996121879,0.9431417426725286,0,1.1388170642904818,1.1965787983235074,1.1246976817727194,0,1.3636650349293244,1.553512925550569,1.3601399310525757,0,0,0,0,0,0,0,0,0.42089015395482576,0.35717353099171945,0.4603542433471013,0,-0.36813676982474686,-0.49332331825290954,-0.2692450958209136,0,0.32326225764698346,0.19046288449175286,0.3625631046575757,0,0,0,0,0,0.3062748550886383,0.3626324179334084,0.33747620800807,0,0.26678941806892364,0.1784569886125862,0.37423801973008697,0,0.4845511170092234,0.3660795857615966,0.5112623914406349,0,-0.15600718322956464,-0.03363848272489722,0,-0.17403850488123762,1.0778059706489103,0.7011429185187099,0,0.1874821503794406,-0.4329487925403033,-0.6667938259573392,0,-0.4847254130791736,0,0,0,0,-0.26770392544485677,0.020739884506333794,0,-0.027921935485397675,0.284760023374937,0.2184621565319702,0,0.6360432281222765,-0.2710767936099989,-0.15062998669680283,0,0.11709546509867419,0,0,0,0,0.3376571322964379,0.38977386308645645,0.40721422196248014,0,0.12608710016378843,0.13031466859583407,-0.03391679473500453,0,0,0,0,0,0.4552504822330068,0.18683189145630674,0.18143574441728028,0],[0,0.03240096016766625,0.05986485299650823,-0.019401436881556045,0,0.023166557828659506,-0.019311428568100197,0.016607065455625403,0,-0.298024566233523,-0.12951846964455527,-0.07547158680817123,0,0,0,0,0,0.12603544936850852,0.020728983348217156,0.012568694354455623,0,0.1367567424929197,-0.08211935439939211,0.13308120791636213,0,0.33072773571344083,0.15304766570543737,0.26357777015574424,0,0,0,0,0.16874601531762234,0.5100809475258368,0.505267174485529,0,0.36651646457350395,0.7510868200303324,0.6349504625208642,0,0.5531536347811681,1.0853107015050938,0.9781298774008942,0,0,0,0,0,0,0,0,0,0.2733943258941611,0.13468548164667205,0.08202415638018756,0,-0.10119121122568675,-0.28091988380791566,-0.13802565225365537,0,0.25836994168904415,0.05121500201594831,0.019336546818201406,0,0,0,0,0,0.23802889605789712,1.0131484423172896,0,0.7407566523435065,-0.013850146148620013,0.7722514432510525,0,0.523502819682319,0.2216326657132619,0.9610734365813229,0,0.72012311835962,-0.2353848091110402,0.013016831405144202,0,-0.22704803867377255,-0.2929983184626215,0.38665421104219533,0,0.43375504853023994,-0.4301196112965622,-0.1624878105626788,0,0.002771839524986497,0,0,0,0,-0.04828790496286306,0.02781987263967345,0.08514382074496929,0,-0.44033035121082964,-0.40126064500188363,-0.7296153656217363,0,-0.061205263583858915,-0.010249520982767102,0.03978328213643412,0,0,0,0,0],[0,0.09316883329266723,-0.021756300840942266,-0.0070555875428155446,0,-0.006790017627082534,-0.11020835049186051,-0.051769746426328034,0,-0.10629392123554471,-0.15421167277220427,-0.19947892832409675,0,0,0,0,-0.1626271075575616,-0.1566296702099681,-0.07492259670529577,0,-0.18485239736395265,-0.10727956219842039,-0.17618838208615628,0,-0.18840531363442903,-0.14525053037806224,-0.24825078064100214,0,0,0,0,0,0.075471284474248,0.10390859002049968,3.1039253733577965E-4,0,-0.05072281818252122,-0.12990412043876187,-0.1857814785128724,0,0.2520836227073282,0.11622102482589014,0.20905964245352848,0,0,0,0,0,0,0,0,0,0.04171069048306286,0.36079166246426375,0,0.5254088442838647,-0.02762418645940734,-0.28674621995663774,0,-0.10350284736985138,-0.022285481733321788,0.24922990562292924,0,0.6527789963375747,0,0,0,0,0.3626043671051393,-0.014133075912395654,0,0.3177609008785893,0.33801561161325555,3.743648372278585E-5,0,0.3785495698704242,0.299752384375231,-0.06857118391567862,0,0.28233061110370183,-0.11577232169959739,-0.03491042895644547,-0.13135107714388194,0,-0.2664850319526968,0.03609709451021281,-0.2288308282703726,0,-0.21335048755858566,-0.10243868199515127,-0.18021159931550734,0,0,0,0,0],[0.15762441746015732,-0.11463616769006535,0.025584026785198333,0,-0.07387767581851179,-0.08250811428129623,-0.026727211224589098,0,0.01573765036819985,-0.1432273896831635,-0.09143541214948847,0,0,0,0,0,0.10712700633368222,0.11925437878647394,0.1358769348202884,0,-0.04584374186872786,-8.286073636831759E-5,-0.02946956100015541,0,0.013253675214897065,-0.013132082658862565,-0.010188101731750443,0,0,0,0,0,0.0797194974167601,-0.3293438679568963,0,-0.3680139229352264,0.03623555800268896,-0.04614911639175023,0,-0.23893597732547178,-0.020888861903849865,-0.189163210582576,0,-0.34129409092534413,0,0,0,0,0,0,0,0,0.16526003051697025,0.04354914504821572,0,0.14393563249373642,-0.005598935825074314,-0.022673712672627744,0,0.037192630415975536,0.15014454360495666,0.18599758523168664,0,0.20107114628785272,0,0,0,0,0.18385222951381852,