{"modelSettings":{"letterOrder":"ACGT","bindingModeInteractions":[],"bindingModes":[{"fitLogActivity":true,"flankLength":0,"singleStrand":false,"size":10,"dinucleotideDistance":0,"componentName":"Binding mode 0","positionBias":false,"modifications":[]},{"fitLogActivity":true,"flankLength":0,"singleStrand":false,"size":10,"dinucleotideDistance":10,"componentName":"Binding mode 1","positionBias":false,"modifications":[]}],"letterComplement":"C-G,A-T"},"coefficients":{"bindingModeInteractions":[],"bindingModes":[{"mononucleotide":[0,0,0,0,0,0,0,0,0,0,0,0,0,0,0,0,0,0,0,0,0,0,0,0,0,0,0,0,0,0,0,0,0,0,0,0,0,0,0,0],"activity":[[-12.475841474910267]],"dinucleotide":[],"modifications":[]},{"mononucleotide":[-0.1972788901424698,-0.2992578788031399,-0.18884480882658883,0,-0.37958160154117815,-0.6129924094110053,-0.8291025216391961,0,-2.196366061472697,-3.5877599235216473,-4.196223932120394,0,0,-6.250105899702486,-2.549659882476264,-5.474331669438265,0,-7.502173926312443,-6.430620626346693,-7.19304336001894,-2.611183579343709,-4.084954655352319,-1.9498916623684797,0,-1.8541088943982236,-1.6963848180791783,-1.9230285149317168,0,-1.0341048060617726,-2.770892756930626,0,-2.396513290866143,-0.39380351196516683,-0.08449932827916617,0,-0.773066874791057,-0.5125046990060387,-0.07517753672620531,-0.3484882931601687,0],"activity":[[0]],"dinucleotide":[[0.10148884777383138,0.5204573871176832,0.06141777017299965,0,0.15110845342674173,0.2465741460540971,0.39899796865823545,0,0.488938470694674,0.4160596349368313,0.18404495598884685,0,0,0,0,0,-0.43128937655547883,-6.8426386795295E-4,-0.5619780349053132,0,0.18762820775263211,-0.12897187190220016,-0.11901953730480574,0,-0.13387066386296897,0.08552473920536396,0.2135710879948194,0,0,0,0,0,0,0.9874432455848918,1.0606394809510826,1.189059290487247,0,1.0846567376349938,0.9117614271344143,1.066834619161666,0,1.3033154920929118,1.1619855577529385,1.3809225582712603,0,0,0,0,0,0,0,0,0,1.7321517064017478,1.4807969947449138,1.6854080526485138,0,0.8544506764350661,0.47781383892735896,0.7992892023638252,0,1.4227952163672928,1.1396016604132253,1.3679342359423128,0,0,0,0,0.9688814475575676,0.9049373909812317,1.1950601207677707,0,0.8329852330529057,0.6964880427661626,1.037715210097975,0,0.8579595733258518,0.812894715345351,0.9952420104357369,0,-0.4457226979783817,1.4454119296578414,-0.5729100950670789,0,1.3063968094803933,0.701211614838078,0.6950225602427729,0,-1.022212800138817,-0.33150170768029774,-1.594598332265722,0,0,0,0,0,0.06482292999173556,1.0635828720072649,0,0.9254518920164072,-0.3293228005044879,-0.12693957045614646,0,1.094226256923844,1.1123499569683126,1.2405215456024887,0,1.1557149310951473,0,0,0,0,-0.6332208658684837,0.7212088542221555,0,0.4254500614473935,0.2796514319160739,-0.3120712867521389,0,-0.04930300483545924,0,0,0,0,0.12258874752936677,-0.39072442961392007,0,-0.4117436235676042,-0.5022457786504391,-0.0021952292649647376,-0.058865156350800696,0,0.004098963843042647,-0.1413492715923672,-0.40127189072869074,0,0,0,0,0,0.11828229904142384,0.11471075775879713,-0.1494736140410322,0],[-0.36539085815788575,0.05477580555355921,-0.4157572999456294,0,0.008460915922573697,0.32123524155463024,0.09721325208205744,0,-0.1398866811759163,0.10517199349923256,-0.24388045313408657,0,0,0,0,0,0,0.24994039875577556,0.3425853528187348,0.3256372107941541,0,-0.028009261093737692,-0.19046925769317813,-0.2362568779941867,0,0.030239179543624317,0.018537940032048006,0.24039506336309735,0,0,0,0,0,1.0313718805746763,1.1497601014568861,1.0894893742981608,0,1.130591983167692,1.2566143709640425,1.1893828394566732,0,1.441370655238634,1.8105207732715005,1.5363945257516125,0,0,0,0,0,0,0,0,0.36279878107531083,0.3023697683409523,0.3709565556633567,0,-0.4072974717655482,-0.5371712222217369,-0.3657245465257324,0,0.26922275626823655,0.10998333355447443,0.2867583518977668,0,0,0,0,0,0.23478549686512196,0.2936541320173802,0.22876583375023252,0,0.15398854411782636,-0.0035654664063073938,0.27804203510388525,0,0.5229774417939748,0.37730732317053217,0.5663513713141661,0,-0.1668462795450365,0.02455833613453695,0,-0.21127843684256042,1.147834496608732,0.7764252455717564,0,0.18726052363472157,-0.4579867979003156,-0.7677569415860273,0,-0.538933855078052,0,0,0,0,-0.32214367724822246,0.002971474552979636,0,-0.027762583239641536,0.3019968187809656,0.23215731527454864,0,0.6933190542330578,-0.29168583104012846,-0.16598028072015403,0,0.12198578829867834,0,0,0,0,0.35686267911652836,0.405951437455887,0.46961154688515805,0,0.12364457488397829,0.11489204605226444,-0.09136236124348684,0,0,0,0,0,0.47314750663900185,0.19872199162537907,0.16918257858278007,0],[0,-0.0225258840902125,0.07541610572158941,-0.1234713799884064,0,-0.01567544444545277,-0.01626146101063508,-0.028687345999589553,0,-0.3657412811544791,-0.12814022743989373,-0.04193026742765227,0,0,0,0,0,0.15420571113927473,-0.006794650470647312,0.0180091909185478,0,0.05727348544995259,-0.21253384158171507,0.12060281855710642,0,0.36141701991607356,0.09480207874581126,0.33707945682606955,0,0,0,0,0.21987961155724012,0.5586393097586306,0.5206649222169375,0,0.39977988701220823,0.8149124443746558,0.6067576990913892,0,0.6063992175674997,1.1662491017161276,1.0062227580988807,0,0,0,0,0,0,0,0,0,0.2561065761568617,0.11388473361960472,-0.013938864493397318,0,-0.15845757892783574,-0.3119874536841216,-0.21357990782310132,0,0.26852802153348776,0.07464554688852765,-0.10005867438374949,0,0,0,0,0,0.36574751550259066,1.1553686076920524,0,0.8131833714016352,0.04309682225260758,0.8108642243313415,0,0.5169873990783849,0.29950726558305796,1.0442061755843142,0,0.7578092305160151,-0.24409221549952953,-0.006395356591253787,0,-0.2617874619381855,-0.3407255034471728,0.38168715517239127,0,0.4492219915877982,-0.4693158219244822,-0.18325129641096272,0,-0.00690984740873013,0,0,0,0,-0.05382168141141186,0.027006762831165432,0.09298126386027583,0,-0.4762744970130388,-0.442177836073288,-0.7959896413946561,0,-0.08194065153390095,-0.023159620610101683,0.010072220948784683,0,0,0,0,0],[0,0.08549302066394482,-0.08167280363383789,-0.06029837806462268,0,-0.04073915655521887,-0.14026797629494858,-0.08621479704280155,0,-0.09851071293278046,-0.15595132276764367,-0.22210779070617725,0,0,0,0,-0.1712267282678317,-0.18254149224317118,-0.0821221420231808,0,-0.2331503873295686,-0.12020012146862236,-0.22962323716710298,0,-0.17333236564726828,-0.14216748929601764,-0.2681356836697004,0,0,0,0,0,0.08826459742290194,0.13660908612488054,-0.0243719560160347,0,-0.08647644784776887,-0.15484083444196628,-0.2487045294342085,0,0.3094889628196711,0.1522559063910336,0.21602245276068643,0,0,0,0,0,0,0,0,0,0.06670471928367938,0.3936794433254853,0,0.718124809200491,0.014087025723454438,-0.2889954368707981,0,-0.09366781893204212,0.025308773883903513,0.3349504332218487,0,1.1370737513282165,0,0,0,0,0.4635802887364058,0.03552568775019971,0,0.42725975714499675,0.44104452920266723,0.04659852942537768,0,0.5405460043207508,0.35658828993792646,-0.07374360780539746,0,0.3530280434943265,-0.12708987289566398,-0.0327719559056554,-0.16607753648386137,0,-0.3066568967606438,0.025538164386734508,-0.2618922435824622,0,-0.2250210289054717,-0.10656765179520633,-0.219737377979091,0,0,0,0,0],[0.17625553897053603,-0.11802746299830957,0.03222390166661526,0,-0.08138722317957292,-0.08622507132230339,-0.03252644614148714,0,0.017947853211855325,-0.13969780036819124,-0.0849201036428342,0,0,0,0,0,0.08637003458171222,0.10579738599200539,0.12287075249535473,0,-0.07838454935444439,-0.02322982598155665,-0.07062512668548582,0,-0.0123022751371904,-0.029597759881373698,-0.03093962906436243,0,0,0,0,0,0.08435386953338408,-0.27920467932530535,0,-0.35114537056223405,0.05009801216001364,0.004660908309963574,0,-0.2565888172999564,-0.012508653522910862,-0.16216496018858528,0,-0.34131238557463917,0,0,0,0,0,0,0,0,0.19789260787380591,0.15416245789772987,0,0.21482881839044587,-0.00734790832084542,-0.018859899485099696,0,0.04924846075062206,0.21463712924573208,0.3620393095541168,0,0.3837493957487723,0,0,0,0,0.15924583641111134,-0.1497045804494821,