{"modelSettings":{"letterOrder":"ACGT","bindingModeInteractions":[],"bindingModes":[{"fitLogActivity":true,"flankLength":0,"singleStrand":false,"size":10,"dinucleotideDistance":0,"componentName":"Binding mode 0","positionBias":false,"modifications":[]},{"fitLogActivity":true,"flankLength":0,"singleStrand":false,"size":10,"dinucleotideDistance":10,"componentName":"Binding mode 1","positionBias":false,"modifications":[]}],"letterComplement":"C-G,A-T"},"coefficients":{"bindingModeInteractions":[],"bindingModes":[{"mononucleotide":[0,0,0,0,0,0,0,0,0,0,0,0,0,0,0,0,0,0,0,0,0,0,0,0,0,0,0,0,0,0,0,0,0,0,0,0,0,0,0,0],"activity":[[-11.259041184889387]],"dinucleotide":[],"modifications":[]},{"mononucleotide":[-0.20948137073882944,-0.19067805240212388,-0.13004442243727454,0,-0.43516611679285044,-0.631408154566947,-0.9228623139000642,0,-1.9926041505799328,-3.027477586784544,-3.4687697547097507,0,0,-5.366086674342634,-2.221069059620104,-4.322489767634307,0,-6.62443094714383,-5.589257584259094,-6.617032559972522,-2.377374580768228,-3.0597538458220708,-1.8707785386114997,0,-1.5993657388806686,-1.312443543763827,-1.893374908857955,0,-0.2662472045809976,-2.6819883243169507,0,-2.517915376513521,-0.3638910604601755,0,-0.10270277675442241,-0.6439386953371702,-0.559366354697391,-0.22750216993538452,-0.6643301445912047,0],"activity":[[0]],"dinucleotide":[[-0.027674228525464972,0.4422443719300313,0.06028284917166982,0,0.06851205671925609,0.15209276814943706,0.2880842207443699,0,0.3770474311560621,0.31637576102523424,0.11785811843710814,0,0,0,0,0,-0.1600971290477302,0.012134605314590097,-0.41050599245790576,0,0.304464498331253,-0.15796226128805468,0.0070507389153045,0,0.14220601528357601,0.10787574809447253,0.3195658757228239,0,0,0,0,0,0,0.7507209390337213,0.8708619843504204,0.9461349113639432,0,0.9191394018361301,0.6905092704859932,0.9774743608529715,0,1.2016937522387927,0.9070709597529039,1.1753768721308422,0,0,0,0,0,0,0,0,0,1.40863561183858,1.1852118477605504,1.4025969943771468,0,0.4350441727796408,0.1220329643891711,0.4662205578644265,0,1.0112797626866374,0.7211425926239681,0.9419683116651125,0,0,0,0,0.8709722270363258,0.931227227306394,1.1825168515760787,0,0.7063960094475412,0.4571103045607803,0.9533857002900827,0,0.6567892770733419,0.7211839311001302,0.8683051650964853,0,-0.4209118476469831,1.2882350144801649,-0.3589993759528314,0,1.1132606702897538,0.5823963679301709,0.5086699949433706,0,-0.7790852547324745,-0.20341102895981855,-1.2256344370876553,0,0,0,0,0,-0.024898159381302243,0.816312584550257,0,0.7438217606747806,-0.32068072594712227,-0.07692128914397145,0,1.095266913755287,0.9470660698069739,1.0058604910885567,0,1.056475402043663,0,0,0,0,-1.2242247680143619,0,-0.5983630021961446,-0.18757874708724254,0.5895523995223844,0,0.38459875956597056,0.37377869910385275,0,0,0,0,0.4059294584718005,0,0.2912227191492329,0.026052625649243488,-0.5029778051874421,0.08142978136824208,0.2614009623260647,0,0,0,0,0,0.051733836337362504,0.175248513377261,0.40075186900610715,0,0.11171638860665922,0.2406140704843054,0.19799927480563984,0],[-0.3774398961184886,-0.07065072277350204,-0.4864447451551115,0,0.016970946776773577,0.2116025962826633,0.06799286960751516,0,-0.12330983611237922,0.05921957714346959,-0.24662279412804367,0,0,0,0,0,0,0.19403233648877194,0.2506443762256758,0.2682544352684717,0,0.023858620309485268,-0.14007042406157666,-0.3058683158641111,0,0.1137389465127594,0.040113765929318035,0.16799713444442776,0,0,0,0,0,0.8338861622275981,0.9725354026986821,1.0722471526176847,0,0.774820735911316,0.9990023745647001,1.0019467154421715,0,1.0562810886228338,1.5082681769980493,1.332619619184797,0,0,0,0,0,0,0,0,0.25630162917493315,0.1426472227751141,0.26130637178763827,0,-0.1616996565847355,-0.38838397275458725,-0.1265086402790816,0,0.31165041026586593,0.14649886852122052,0.2195703229120074,0,0,0,0,0,0.15724045138592935,0.1813787532039619,0.11719377929204278,0,0.1650637677065543,-0.03179387904440745,0.3405288113926108,0,0.5950239147418381,0.39544722301901025,0.661189722177034,0,-0.11560121090423792,0.04212817910751632,0,-0.15182544725365332,1.004270484846062,0.713240368634489,0,0.27431139078920985,-0.34858634573543856,-0.6116424659293394,0,-0.41097995306909674,0,0,0,0,-0.2729254570983728,0,-0.002888097748577678,-0.10999168849175689,0.16042355366271277,0,-0.11387176414810352,0.36481159541837105,-0.05307820562231402,0,0.1293119526692177,0.2530749372599743,0,0,0,0,0.28110882293915296,0.3148295316098464,0.39042288623924115,0,0.14057895303470858,0.11589657553730603,-0.13017032498810543,0,0,0,0,0,0.39988258371287433,0.18015541302687854,0.14294792025569336,0],[0,-0.03436642932617673,-0.05198581381587353,-0.13311271152977255,0,-0.040137275729279054,6.20206666682499E-4,-0.06461198324407924,0,-0.2705580579483229,-0.15478374674640882,0.03534769838124241,0,0,0,0,0,0.2712527428986178,0.0797419822074561,0.038078265512417886,0,0.06165432072257104,-0.04439339769904027,0.15334936841946423,0,0.3587424119841067,0.25197619044042163,0.3931034857370683,0,0,0,0,0.18290256665401294,0.4195452908663526,0.49533588386780103,0,0.375518748931313,0.5997071230021707,0.6068562318235546,0,0.5711447180639322,0.8696953383443962,0.8913064604930234,0,0,0,0,0,0,0,0,0,0.21750117865429175,-0.01995363616798329,0.061168141386124475,0,0.02161735178916846,-0.21321461699849564,-0.0038623948522884533,0,0.06079106589446592,-0.012768291915538299,-0.049382200344957106,0,0,0,0,0,0.49156553692400173,1.074880095599175,0,0.7284281845943994,0.08259396595765622,0.6673997236385638,0,0.3450417875421028,0.4067052341230255,0.9401697551998538,0,0.5975608553365657,-0.3193443430059473,0,-0.02040479532955697,-0.22764741151004397,-0.511436630530592,0,-0.33250865657712314,0.06357716282551085,-0.29916713490088664,0,0.10625216790444858,0.10028973263711105,0,0,0,0,-0.10243114175391721,-0.0014967428462631105,0.08501358201411469,0,-0.37412957568222005,-0.3612966237195887,-0.6203590374662538,0,-0.06161596442478334,-0.017208214640032082,0.00958702065180006,0,0,0,0,0],[0,0.1338772113668245,-0.09029028841027831,-0.04519411393458661,0,0.14757762812766373,-0.016743328530075985,-0.09237466173901865,0,0.00895329153087232,-0.1419832716700018,-0.19649739821274892,0,0,0,0,-0.06200294600739209,-0.10565117665702406,0.00942531574859995,0,-0.1070518568706822,0.003116519477287305,-0.053634881950212154,0,-0.04202391299966468,-0.00411348182672544,-0.08441490424919795,0,0,0,0,0,0.045471715828806936,0.13170835620433596,0.11022495462568749,0,-0.020704488762738116,-0.11287192969232684,-0.10459008089452748,0,0.2450495859350612,0.036033199055507836,0.2827502689152057,0,0,0,0,0,0,0,0,0,0.04954693791651188,0.3580935257689788,0,0.6138995238787093,-0.0687225871450714,-0.16791003723692732,0,-0.05524367631818983,-0.0973395425595065,0.29921113996188176,0,0.8048237922060668,0,0,0,0,0.4466222657450647,0,0.11363816295685503,0.3942599550132897,0.24271270894265395,0,0.00420530300361488,0.40737672915005607,0.36108058212319705,0,0.10511538452930047,0.328751360075044,-0.11189621375413417,-0.01407466592204809,-0.07921806650204566,0,-0.27792604590389924,-0.002157157514035113,-0.2139488280551518,0,-0.22350833647149537,-0.12227983226782557,-0.22455284584840562,0,0,0,0,0],[0.06520703011924844,-0.25106191372761444,-0.10271519187953171,0,-0.09241225962034783,-0.11142900385955912,-0.05864987246444242,0,0.05764762302221449,-0.161890085196152,-0.0570245842717938,0,0,0,0,0,0.15974259210064368,0.12058999043099972,0.14313910140704378,0,-0.02886530931831288,0.03740578834472652,-0.008228414580376153,0,0.10936541145144751,0.08208669794893853,0.07159892982698679,0,0,0,0,0,0.05237335335201543,-0.2765811879626874,0,-0.32889933022527096,0.10441599203463525,-0.0777843404692593,0,-0.12052269904060608,0.018321920889508903,-0.2375128727759268,0,-0.3529393684437405,0,0,0,0,0,0,0,0,-0.0929117242298032,0,-0.177854500355072,-0.12549211237902735,0.014283243727267525,0,0.06214378045764635,0.03990524002946927,-0.26219386414390033,0,-0.3217705474242125,-0.14656560767766802,0,0,0,0,-0.26046902067403543,-0.32086775757817243,