{"modelSettings":{"letterOrder":"ACGT","bindingModeInteractions":[],"bindingModes":[{"fitLogActivity":true,"flankLength":0,"singleStrand":false,"size":10,"dinucleotideDistance":0,"componentName":"Binding mode 0","positionBias":false,"modifications":[]},{"fitLogActivity":true,"flankLength":0,"singleStrand":false,"size":10,"dinucleotideDistance":10,"componentName":"Binding mode 1","positionBias":false,"modifications":[]}],"letterComplement":"C-G,A-T"},"coefficients":{"bindingModeInteractions":[],"bindingModes":[{"mononucleotide":[0,0,0,0,0,0,0,0,0,0,0,0,0,0,0,0,0,0,0,0,0,0,0,0,0,0,0,0,0,0,0,0,0,0,0,0,0,0,0,0],"activity":[[-13.16912019390323]],"dinucleotide":[],"modifications":[]},{"mononucleotide":[-0.27297370013011135,-0.3248309955317952,-0.01072223670132555,0,-0.61840367668015,-1.0435803134871993,-1.0332316487843807,0,-2.3156267633232828,-3.6220919963250573,-3.988958216477724,0,0,-5.807995687347679,-2.7774984704398014,-5.020873751626522,0,-6.46860502324164,-6.279631835794052,-6.149346954771312,-2.7750618500689495,-2.4615246785272635,-2.859328854221797,0,-1.681344492169484,-2.0317691925776815,-1.2437518146990252,0,0,-3.010670486821981,-0.21190208155827173,-2.6174852219674456,-1.2941842332436266,0,-0.47327777061301246,-0.7179620024291129,-0.3970183353486192,0,-0.6163726214778258,-0.23842277397959544],"activity":[[0]],"dinucleotide":[[0.018482438526029377,0.3395712642003339,0.028393722822706025,0,0.10777867255463658,0.23124944062477137,0.290064791370809,0,0.3733427649190795,0.3049017707337649,0.1392825085972058,0,0,0,0,0,-0.2660264940483037,0.04528688737134967,-0.36611112685388125,0,0.23977285086199984,0.08110692791515373,0.06000095268828076,0,-0.023718463062446737,0.15595408631104313,0.21506664007890652,0,0,0,0,0,0,0.8934266817700829,0.9430211012930592,0.858131107784331,0,1.006362845351628,0.8126485813176432,0.8971728925716222,0,1.1506596138034766,0.9938835196289544,1.047032492974271,0,0,0,0,0,0,0,0,0,1.4748710806104448,1.367682818447971,1.402765777829769,0,0.8003449344761826,0.6151331124485662,0.7269997779519564,0,1.2870030795087146,1.1764959367679282,1.2180011827251782,0,0,0,0,0.8429028523930562,0.7857632740527887,0.9928860549497429,0,0.8449452130654223,0.800550764173976,1.017529701677958,0,0.8066719463914502,0.7666940018689523,0.8927154057009368,0,-0.19888276640454894,1.1205184626523303,-0.259584790883288,0,0.95821614091453,0.5705342273390803,0.6070080927548469,0,-0.6434973132682682,-0.1517152578029588,-0.9450514191835291,0,0,0,0,0,0,0.8514016024962707,-0.14287523113653822,0.6628345860011073,0,0.3333038210031214,0.29196298225280226,1.123388674767198,0,0.26261858606941946,-0.8809522520640731,0.15606754924631439,0,0,0,0,0,0,0,0,1.39996609542614,0,0.8723393963943753,0.48865885228572115,1.018445086493859,0,0.6388566205289259,0.3208297523385255,1.379384377842281,0,0.8892127820179798,0.29832407333634237,-0.33269182930673136,0,0.11078562065969688,-0.02708269038124156,0,0,0,0,-0.06836083516064351,0,0.16944961203025466,-0.04250389677544231,-0.06578417751801702,0,-0.014639066915606236,-0.12311921045916341],[-0.2701296661638617,0.02217627754552076,-0.2678910884589252,0,0.07478481457102859,0.294502688788425,0.14607671621219964,0,-0.09135964358496196,0.07619780956184474,-0.1562430876479084,0,0,0,0,0,0,0.3226567793854489,0.31775774021163183,0.2849321655799617,0,0.1515245715574558,-0.07599867174981689,7.933626885803235E-4,0,0.1808525522115101,0.063453515996172,0.14643206499950345,0,0,0,0,0,0.8111540613691259,0.8133443546935375,0.7843226627659368,0,1.0751999208597187,1.0669453733731409,1.0140946281015921,0,1.1745631378457517,1.2358585809680633,1.1250063924633515,0,0,0,0,0,0,0,0,0.488082280598503,0.4384910440929346,0.5602905464341532,0,-0.20088113839418842,-0.28992141808934235,-0.007100629284707338,0,0.4101060794210163,0.2864626306050333,0.46689509277842944,0,0,0,0,0,0.28666248468764,0.3611580766276745,0.3626808816049696,0,0.33437920259640563,0.3104311955993513,0.42935600466038437,0,0.41687137941908503,0.32954064652747217,0.42784341028113104,0,0,0.16096000305956526,0.1562138561609494,0.07378040073341996,0,-0.2228967836435123,-0.8560879458615327,-0.6073205216863258,0,0.06033395253419371,0.4444045627255431,0.10279632913945935,0,0,0,0,-0.21995074328764108,0,-0.06512985841228636,-0.02785139568932138,0.027408465566796103,0,-0.22079726389242182,0.276791754339599,-0.16087201503397797,0,0.08561783075855223,0.18484244160644803,0,0,0,0,0,0,0,0,0.062382269932514056,0,0.01405947706373123,0.20554734698357002,-0.013313857198394619,0,0.028565218236722423,0.32192475088018613,0.2763986690999394,0,0.11993982441281403,0.20955157631476862],[0,0.07741741927351597,0.0411858391773805,0.05077513673364642,0,0.0668313672432932,0.001991235935013158,0.07431156483255119,0,-0.1960792436601153,-0.11412558600671918,-0.106099744104867,0,0,0,0,0,0.12898319537942804,0.0734180560053872,0.03066375329849258,0,0.19428978370130068,0.04017122213882551,0.1650301894241366,0,0.3002567385592272,0.20668064012258647,0.2165599049020237,0,0,0,0,0.2649369797395389,0.5767961811977589,0.6187836822956392,0,0.4430300989339928,0.7505731909322408,0.7607971768928428,0,0.5378739326637465,1.0306606768398323,0.9735824233372403,0,0,0,0,0,0,0,0,0,0.29654912570040004,0.18491028935252452,0.21218736860368637,0,0.001752103674854233,-0.19658561197304714,0.0699424798469046,0,0.2785610876169091,0.11189032093801643,0.17512043524538257,0,0,0,0,0,0,0.6971211518278562,-0.18120364452373927,0.5064733454148271,0,0.7372301196853073,0.006507096923778377,0.5573022153555769,0,0.6759979221185688,-0.14177276430985764,0.511005006055802,-0.2412393788684284,0,-0.04740012868228671,-0.18273496361603225,-0.5566136999207361,0,-0.34684024080307374,0.01352431617326122,-0.20179666965591814,0,0.1550891674506003,0.15337617089306743,0,0,0,0,-0.04918207914185846,0,0.011918426409069482,-0.035287240876841874,-0.03374889478583487,0,-0.27478186467254684,0.30846972476103796,-0.03721710469825634,0,0.048599211745037785,0.010041328198406418,0,0,0,0],[0,0.1322546537497633,0.07190921983738008,0.06347979876857934,0,0.050764592477541726,-0.03480414155908029,0.018797786957934548,0,-0.08632690723864833,-0.10634085555826012,-0.15770540810081624,0,0,0,0,-0.1324585432747698,-0.10488174200537248,-0.038660964788028274,0,-0.05520071195633669,6.742350999129343E-4,-0.028791039344937985,0,-0.1377482898104576,-0.10006059340702489,-0.12454689751226944,0,0,0,0,0,0.056319833143661846,0.06625545386950726,0.11743299933761708,0,0.051597112957301405,-0.0386126675461389,0.024399564903938575,0,0.1717076036013978,0.07409428447596422,0.20493800462149192,0,0,0,0,0,0,0,0,0,0,0.3278666633080327,-0.01530407330461081,0.4010506895799324,0,-0.06688959186213506,0.136585971423429,0.06471996872019048,0,0.31690252640585914,0.03836928443153198,0.4646889331059647,0,0,0,0,0.3511830278248578,0,0.06257273135193131,0.31523947074454206,0.32186798969342334,0,0.06730036607696555,0.32685457026787823,0.31997024978577926,0,0.08667142610842404,0.2997800010009133,0.0029996561292531254,0,0.0304688446173067,0.08243016595093433,-0.24019024939954736,0,-0.20929736190687454,-0.03540794194663199,-0.08329116356256794,0,-0.027832352647910064,0.09083195292538093,0,0,0,0],[0.118295490770425,-0.07118627786962684,0.0359550178451391,0,-0.02001079899894176,-0.033422954926659365,-0.02338254183118682,0,0.024190514333105817,-0.13581804337701975,-0.08506949053717339,0,0,0,0,0,0.1887949621440672,0.1813616836866414,0.17340894629160086,0,0.0659839936281621,0.117523445577155,0.12424235182078469,0,0.10660629264735455,0.09021204462925603,0.09342608149877929,0,0,0,0,0,0,-0.3700556167058311,-0.03415237114487013,-0.3765008240651353,0,-0.044251272206008,0.048948902810970196,-0.1530514768688569,0,-0.1278785766183308,0.07038895948777757,-0.24205167987264709,0,0,0,0,0,0,0,0,0.21130393442064843,0,0.0569623553171521,0.15069960192643705,0.06175768181590602,0,0.04765727013079779,0.05642554869487171,0.102058603211864,0,-0.07378616981783992,0.08464589159269487,0,0,0,0,0.30399367429221336,0,0.41091482719346395,0.12111348219292317,0.26443194379685764,0,