{"modelSettings":{"letterOrder":"ACGT","bindingModeInteractions":[],"bindingModes":[{"fitLogActivity":true,"flankLength":0,"singleStrand":false,"size":10,"dinucleotideDistance":0,"componentName":"Binding mode 0","positionBias":false,"modifications":[]},{"fitLogActivity":true,"flankLength":0,"singleStrand":false,"size":10,"dinucleotideDistance":0,"componentName":"Binding mode 1","positionBias":false,"modifications":[]}],"letterComplement":"C-G,A-T"},"coefficients":{"bindingModeInteractions":[],"bindingModes":[{"mononucleotide":[0,0,0,0,0,0,0,0,0,0,0,0,0,0,0,0,0,0,0,0,0,0,0,0,0,0,0,0,0,0,0,0,0,0,0,0,0,0,0,0],"activity":[[-11.906120920064518]],"dinucleotide":[],"modifications":[]},{"mononucleotide":[0,-0.9476186596107137,-0.20626672335598073,-0.7335312718186271,-0.27732792503687875,-0.20767855497491894,0,-0.7187574269989925,-2.000323348475786,0,-2.412424090232668,-0.09857815722679408,0,-1.3301549806715742,-1.427610377196151,-1.4534890262471059,0,-2.9200660937463585,-2.7776514806416195,-2.897091490260621,-5.702519080062432,-5.709554337107207,-6.339227634665647,0,-4.7199027286614985,-2.3279124522332726,-5.967044430826817,0,0,-3.4995611385695433,-3.034391655512519,-2.0676705662938772,0,-0.9478099796681614,-0.7500792891195889,-0.4389090538648599,-0.07894773703287417,0,-0.1818712955864752,-0.2968240561541038],"activity":[[0]],"dinucleotide":[],"modifications":[]}]}}
