{"modelSettings":{"letterOrder":"ACGT","bindingModeInteractions":[],"bindingModes":[{"fitLogActivity":true,"flankLength":0,"singleStrand":false,"size":10,"dinucleotideDistance":0,"componentName":"Binding mode 0","positionBias":false,"modifications":[]},{"fitLogActivity":true,"flankLength":0,"singleStrand":false,"size":10,"dinucleotideDistance":1,"componentName":"Binding mode 1","positionBias":false,"modifications":[]}],"letterComplement":"C-G,A-T"},"coefficients":{"bindingModeInteractions":[],"bindingModes":[{"mononucleotide":[0,0,0,0,0,0,0,0,0,0,0,0,0,0,0,0,0,0,0,0,0,0,0,0,0,0,0,0,0,0,0,0,0,0,0,0,0,0,0,0],"activity":[[-8.759262170982783]],"dinucleotide":[],"modifications":[]},{"mononucleotide":[0,-0.9683414912132138,-0.2362338718795245,-0.5939880677352609,-0.760912763960313,-0.731915614958977,0,-2.169603471355594,-3.488206461154321,-0.29394216994178635,-3.8692291352055195,0,0,-1.3081095333130133,-2.5263414546362393,-2.1366604129307705,0,-3.0269884852047335,-4.085808317311817,-3.5331429954079345,-10.4048337304517,-6.470417830936327,-10.029026037812041,0,-6.467196377916691,-3.25164365192909,-7.357591158324514,0,0,-4.679115138722588,-4.051988422088741,-2.6018195083722633,0,-1.22548212308471,-1.1687102115886168,-0.4644075265615295,0,-0.2787510672901776,-0.49547742722068655,-0.34276968016321074],"activity":[[0]],"dinucleotide":[[0,0,0,0,0.19909507064423249,0.3158804170871168,0,0.3724238774024995,0.18759847519751283,0.17875591489559461,0,0.20416930360702867,0.012712130809977573,-0.07793427247735885,0,-0.6354687291491841,0.27431260475953856,0.30997161353514535,0.4931652210864499,0,1.255504808024007,0.8918636825093094,1.1016428589524416,0,0,0,0,0,2.2333120433222193,1.6920048187908918,2.113808170484325,0,0,0.29232078583170473,1.7366498089697329,1.0844130395043585,0,-1.1120475272520425,0.46953820267788515,-0.11145928936990934,0,0.4549499435937392,0.3278037800640625,1.2774730407207464,0,0,0,0,0,0,0,0,0,-2.0239490534874447,1.1909046050120553,-0.5402438643828296,0,-0.42327162980187083,0.6588314142006109,1.915584422243712,0,-1.3692034969896891,1.7449993741856424,-0.47489130840201277,0,0,0,0,0.5562744045752019,0.6324845177400711,2.744510999968469,0,0.241447011738245,-1.4702739951053232,1.279128330226225,0,0.297381872529872,-1.587150833132803,1.3057422776932555,0,4.237460743506478,5.067914269852272,6.091393940896568,0,1.9840299676966975,0.2531984698453371,4.332073472836532,0,3.6136170878530116,2.12889591024207,4.891211315411487,0,0,0,0,0,0,2.9365342065275044,1.1972909968069594,1.8245514886863665,0,1.4218099429155853,1.055893645589272,1.197664545213832,0,1.7116944181282339,0.27776121098058937,0.416678199925979,0,0,0,0,0,0,0,0,0,0.2459530439275337,-0.26521568767582515,-0.8938042704439724,0,0.18262511851618513,-0.31793670329180657,0.08815755275322523,0,-0.273970149199414,0.2570872863352811,-0.6242746112876301,0,0,0,0,0,0.311329616922813,0.5387676416165128,0.08434620753614386,0,0.6323333077515265,0.37462845506373466,0.5711626094040589,0,0.5839392004742301,0.14852783514958157,0.11094723323466704]],"modifications":[]}]}}
