{"modelSettings":{"letterOrder":"ACGT","bindingModeInteractions":[],"bindingModes":[{"fitLogActivity":true,"flankLength":0,"singleStrand":false,"size":10,"dinucleotideDistance":0,"componentName":"Binding mode 0","positionBias":false,"modifications":[]},{"fitLogActivity":true,"flankLength":0,"singleStrand":false,"size":10,"dinucleotideDistance":0,"componentName":"Binding mode 1","positionBias":false,"modifications":[]}],"letterComplement":"C-G,A-T"},"coefficients":{"bindingModeInteractions":[],"bindingModes":[{"mononucleotide":[0,0,0,0,0,0,0,0,0,0,0,0,0,0,0,0,0,0,0,0,0,0,0,0,0,0,0,0,0,0,0,0,0,0,0,0,0,0,0,0],"activity":[[-8.70668389197938]],"dinucleotide":[],"modifications":[]},{"mononucleotide":[-0.3232769235743218,-0.40318360570560774,0,-0.09395501970374909,-0.09046281647256382,-0.5977265444492617,-0.8437423064498681,0,-2.8905484653389912,-3.9871837552649065,-4.877194186487184,0,0,-5.147673025728244,-3.114462380267641,-5.806615832429893,0,-6.205526609730674,-5.879082173535856,-6.142291790880606,-3.3315929632989203,-3.8876075187688883,-3.2082152199758545,0,-2.1920534983512905,-2.0951591515916377,-1.761521375016769,0,-0.049615810039713715,-3.126435902695256,0,-2.4654787884866423,-0.7785353683762921,-0.053215454092947034,0,-0.6197385227331249,-0.6244022069734811,-0.05421884676122568,-0.5877833546701539,0],"activity":[[0]],"dinucleotide":[],"modifications":[]}]}}
