{"modelSettings":{"letterOrder":"ACGT","bindingModeInteractions":[],"bindingModes":[{"fitLogActivity":true,"flankLength":0,"singleStrand":false,"size":10,"dinucleotideDistance":0,"componentName":"Binding mode 0","positionBias":false,"modifications":[]},{"fitLogActivity":true,"flankLength":0,"singleStrand":false,"size":10,"dinucleotideDistance":10,"componentName":"Binding mode 1","positionBias":false,"modifications":[]}],"letterComplement":"C-G,A-T"},"coefficients":{"bindingModeInteractions":[],"bindingModes":[{"mononucleotide":[0,0,0,0,0,0,0,0,0,0,0,0,0,0,0,0,0,0,0,0,0,0,0,0,0,0,0,0,0,0,0,0,0,0,0,0,0,0,0,0],"activity":[[-13.214621081662507]],"dinucleotide":[],"modifications":[]},{"mononucleotide":[-0.18324029467011993,-0.27743695828711434,-0.13801062695976274,0,-0.566125741677727,-0.8089778982169256,-0.9730019459310075,0,-2.1649425640379345,-3.5408592720446554,-3.876215793986641,0,0,-5.957110833066242,-2.6045196277513494,-5.239198625737844,0,-7.131278204080582,-6.535762361359502,-6.922765726973596,-2.5917185617469114,-3.4845746629840884,-2.3403864891067503,0,-1.8379864036126377,-1.4459683849796605,-2.2261727320651907,0,-0.18904460740863982,-2.944568429840694,0,-2.7362224874521077,-0.4133135059868984,0,-0.05006354650720901,-0.6923972481018648,-0.6755987688464085,-0.23966378599025906,-0.7782651069745705,0],"activity":[[0]],"dinucleotide":[[0.06149402813226601,0.41552813106952957,0.03388919547527269,0,0.12374052388066215,0.20726843027161657,0.3485046428759917,0,0.48876600849690877,0.36902662448424906,0.16523223260074982,0,0,0,0,0,-0.38453856580632806,0.04178064220104449,-0.51164195655213,0,0.2451402201417494,-0.028374408711751897,-0.038785409125646986,0,-0.018127978441246917,0.14697572318791252,0.23747449861930292,0,0,0,0,0,0,0.9234367992731016,0.9852841803412797,0.9772423732020901,0,1.040765942827786,0.8330686546227097,0.985276306161988,0,1.2260672105440698,1.0597593255300133,1.167963129538733,0,0,0,0,0,0,0,0,0,1.619417833770889,1.438416180701525,1.5493030398588896,0,0.8453146014216237,0.5481212876094155,0.7611930937055167,0,1.4316472435269816,1.2427049553933145,1.3496440804211591,0,0,0,0,0.9052072156258184,0.8411443876844906,1.102101425133064,0,0.8887016838116892,0.8356033602695696,1.097028768202863,0,0.7975010445664843,0.8126432551269431,0.9655024797623817,0,-0.40320601572463755,1.2889224468235323,-0.37925603061017643,0,1.187434883228014,0.6158434502910719,0.6836163354244169,0,-0.8071171065811056,-0.21725871206769742,-1.167858300566043,0,0,0,0,0,0.031846839897346824,0.9790235388950466,0,0.8495474860763599,-0.3222352991091295,-0.053709117424940445,0,1.0125936033398677,1.0395626477386388,1.2173026499420825,0,1.16164521456633,0,0,0,0,-1.2489505008866724,0,-0.660363296821399,-0.27748938530526024,0.5106782625567545,0,0.3066063544600981,0.2823150808101431,0,0,0,0,0.4900102804849027,0,0.3832941205858811,0.04821803905255262,-0.43068304344422126,0.119668495070691,0.2692829897519795,0,0,0,0,0,0.07379766101680962,0.1649676509649436,0.35226977772693857,0,0.11894274979654851,0.23629072166765308,0.1965366636268815,0],[-0.32999543782442853,-0.026327071597220808,-0.36725414433608705,0,0.03705096525733165,0.23348232070473518,0.08766706424632176,0,-0.12036081302910606,0.07363491652964615,-0.2720101695423214,0,0,0,0,0,0,0.3083945953691014,0.349676049998247,0.3451889736731797,0,0.11281776686441525,-0.13173083317770917,-9.337744618846955E-4,0,0.14553163317034823,0.034799273015778454,0.17332333823628066,0,0,0,0,0,0.9275236294338232,0.9534657567661426,0.9531397555153784,0,1.1634526921668105,1.182290793009777,1.1654331113138845,0,1.3168750481639186,1.386771154642794,1.2958800955417686,0,0,0,0,0,0,0,0,0.45148574510274386,0.3417743483437725,0.4864315584526917,0,-0.2987790702689672,-0.43233769105192277,-0.18095615160556466,0,0.4098589550673779,0.2395480587985368,0.42131363650544174,0,0,0,0,0,0.340011383229859,0.3666736664933907,0.404958664909822,0,0.32822534816516047,0.2573325007612528,0.42862317013896245,0,0.5217512510186335,0.37356301350092647,0.5415748612700764,0,-0.25564032552523663,-0.10130495761658942,0,-0.20347808437283899,1.0218172802535879,0.6693312536969804,0,0.22732971527745072,-0.46029422489999305,-0.609060796470458,0,-0.4086131395164738,0,0,0,0,-0.33676637653198993,0,-0.035377365573384445,-0.06932545970768622,0.08963857933127173,0,-0.19981333860098793,0.4237724492350745,-0.1563976910166316,0,0.12307699017392704,0.252353916682444,0,0,0,0,0.2810003547601343,0.34588633705662897,0.3455798166678372,0,0.10837502120159037,0.07990480248791787,-0.046523928792169045,0,0,0,0,0,0.41706346598616406,0.16766253665676167,0.16126537146348063,0],[0,0.05914145492694001,0.05275319033462278,0.03665026299146934,0,0.06125355314979242,-6.534933977437873E-4,0.07614959838021118,0,-0.2519636012879305,-0.11294418519437865,-0.07411889732655563,0,0,0,0,0,0.09968162059671393,0.03774086399739218,0.0011041634663815358,0,0.15218563944564778,-0.046906939449257834,0.15470990011079344,0,0.2778185166310978,0.16276881317390313,0.19910672700203058,0,0,0,0,0.17613736005485503,0.48393617032058067,0.5527127299844858,0,0.3332507034196821,0.7227948272168767,0.6906596947089358,0,0.48711420794086013,0.9707187618689161,1.0055507340953813,0,0,0,0,0,0,0,0,0,0.2360557401431418,0.12935215531466682,0.11782592859632146,0,-0.0350656486049461,-0.24194535440033338,-0.052777928837667076,0,0.19024900909429832,0.05482406723671218,0.0803983280867886,0,0,0,0,0,0.18912129114465692,0.9486589198482172,0,0.7385497958890284,-0.012667147997563077,0.7517315803875135,0,0.5384353171082488,0.16401327033413438,0.9098101551597786,0,0.6990319733301007,-0.25415959494360774,0,0.01617228681935856,-0.22344606089366081,-0.6380453011914939,0,-0.37165264893156014,0.04592702620288236,-0.19589954119218334,0,0.18543499574733868,0.17603253192244406,0,0,0,0,-0.10312545635749526,-0.0067887814901563814,0.06723099313329328,0,-0.43816247209475634,-0.3743028223464435,-0.6886209623561772,0,-0.045807905519196446,-0.005312011662336857,0.047835428624316556,0,0,0,0,0],[0,0.12706729557467789,0.04119700471595067,0.07121472582854338,0,0.028632643342655584,-0.08614318703244095,0.005979531005106509,0,-0.09659292538137976,-0.128445741316618,-0.16690372602372783,0,0,0,0,-0.18631000081555005,-0.13484579836709365,-0.042112815221130084,0,-0.14944376114717706,-0.07300119901681867,-0.11191145790204171,0,-0.14142341096236866,-0.1536355216170957,-0.18422884179969223,0,0,0,0,0,0.023814467933355843,0.03402054567197332,0.026940568046897262,0,-0.027455085595833317,-0.13958514649225595,-0.10991324574579941,0,0.2084541194395877,0.02374073861209336,0.2087852444585021,0,0,0,0,0,0,0,0,0,0.029831528649920003,0.3802146732495473,0,0.4645968088570456,-0.07750682375046569,-0.26342936236685865,0,-0.11238458988474509,-0.044889292282910276,0.24787603889007936,0,0.4732169052489912,0,0,0,0,0.3839280738289119,0,0.04453922088684692,0.3404117203167747,0.36365012214289294,0,0.07058008085035006,0.3624632920942634,0.37830162302719117,0,0.08850370080995695,0.3312927572892477,-0.0888168435877752,-0.029284174633402493,-0.09860623839418192,0,-0.25065234824051785,0.025392330272436148,-0.2520888269736927,0,-0.17915244189688462,-0.11196764085120581,-0.1588877282232053,0,0,0,0,0],[0.12978230254088707,-0.15606538006307602,0.037444187546396,0,-0.06220839497565933,-0.08839966794782228,-0.018848456090695187,0,0.04027948939865045,-0.17122475050168973,-0.0759767846745314,0,0,0,0,0,0.16696476809543093,0.14976684800768414,0.19089678775100438,0,0.02745315730485043,0.02842994207080718,0.03239022691565108,0,0.08838636242534914,0.002943528410845886,0.07770187049522903,0,0,0,0,0,0.016088657712702847,-0.46145211251492757,0,-0.4195050954710391,0.004832342829511838,-0.14719190132910676,0,-0.22328961908980105,-0.06350180923468507,-0.3063849813092432,0,-0.44847544682352947,0,0,0,0,0,0,0,0,0.20601235670874285,0,0.042672932633450955,0.16270479484532352,0.053130444127509335,0,0.06829631727074936,0.044152942650855564,0.0171225285685761,0,-0.12169294370662875,0.05581437484313856,0,0,0,0,0.15746533155894937,