{"modelSettings":{"letterOrder":"ACGT","bindingModeInteractions":[],"bindingModes":[{"fitLogActivity":true,"flankLength":0,"singleStrand":false,"size":10,"dinucleotideDistance":0,"componentName":"Binding mode 0","positionBias":false,"modifications":[]},{"fitLogActivity":true,"flankLength":0,"singleStrand":false,"size":10,"dinucleotideDistance":10,"componentName":"Binding mode 1","positionBias":false,"modifications":[]}],"letterComplement":"C-G,A-T"},"coefficients":{"bindingModeInteractions":[],"bindingModes":[{"mononucleotide":[0,0,0,0,0,0,0,0,0,0,0,0,0,0,0,0,0,0,0,0,0,0,0,0,0,0,0,0,0,0,0,0,0,0,0,0,0,0,0,0],"activity":[[-12.690533184346345]],"dinucleotide":[],"modifications":[]},{"mononucleotide":[-0.19548695685112705,-0.4492635439359036,-0.30833256393900754,0,-0.5199231090383636,-0.7981737250709395,-0.9910979673019584,0,-2.491355171622211,-4.002288674444206,-4.595897368811215,0,0,-6.739138896282676,-2.7769013253698676,-6.089283681451684,0,-10.526346928541662,-11.867862995392732,-9.424381179535738,-2.834347590403758,-4.531065329252396,-2.0973863526596945,0,-1.9380687749223453,-1.901331115487845,-1.9999626124220482,0,-1.030726950288103,-3.0270746245426343,0,-2.6469078645416344,-0.4693435070600067,-0.14884461519899972,0,-0.898595403805011,-0.666666706957348,-0.11503657964993685,-0.479561690648997,0],"activity":[[0]],"dinucleotide":[[0.07553060688499968,0.6725036263515625,0.1408803707105779,0,0.19738281754169318,0.41300547314735514,0.5066696679797724,0,0.5951229690344979,0.5873663381993168,0.3249817397198864,0,0,0,0,0,-0.4499368752918462,0.09141864441702907,-0.6203369988569962,0,0.1675000167214895,-0.10230853732824663,-0.15023814312704697,0,-0.18040680171924617,0.12648217844750853,0.22669136438397341,0,0,0,0,0,0,1.4993374602936367,1.183583952512227,1.7086833606439988,0,1.6599810692176806,0.9851863614678642,1.9095017378172798,0,1.3501325231390027,1.323714784473677,2.4654107753112378,0,0,0,0,0,0,0,0,0,3.4872964507411517,2.774680976433654,1.8433940593865437,0,0.4319897052880517,2.0650979626230885,-1.0871524848900105,0,0.37492688528141827,1.741963167826384,0.6415665542034485,0,0,0,0,-1.919338340155747,-0.36478970705047686,-0.5626828819324174,0,-0.2665892488821342,0.8361344731739866,-0.02293773288604939,0,-2.9535697128545486,-2.0258615523107935,-3.0537228173146396,0,-0.3930890168157486,1.7237030640949778,-0.5817763770709927,0,1.5815877975758976,0.929485744829118,0.7795114510597569,0,-0.8986301254318718,-0.23038504090081435,-2.1823600778176813,0,0,0,0,0,-0.05372412227575918,1.179586162430403,0,0.9834570601166979,-0.4399007387644689,-0.07697329492543936,0,1.2541408620010897,1.1688023054305594,1.4057700683550918,0,1.21423318952949,0,0,0,0,-0.770848881535219,0.7651072931060758,0,0.5050316082316444,0.35059012299030545,-0.3727936211806391,0,-0.010947921402319594,0,0,0,0,0.15827592939632495,-0.384406843540269,0,-0.43786857345143915,-0.43295839800664915,0.05667304864448042,0.035726124510276236,0,0.091657487377649,-0.11404611323928471,-0.382983090448171,0,0,0,0,0,0.1903929930189019,0.148141906134736,-0.11718343004749521,0],[-0.43678005300516354,0.16415799911436757,-0.42479878187145736,0,0.08289222346268144,0.4945570218599782,0.122557757936689,0,-0.16341034651216013,0.23069967896448418,-0.18867687979696512,0,0,0,0,0,0,0.3312035225831167,0.3904030646071037,0.22195267714242117,0,0.12592943426468928,-0.1838774277333508,-0.39894378718629664,0,0.019554400702702424,0.06816111954257398,0.22258694802154455,0,0,0,0,0,-1.3433196638580043,3.181373918634291,3.568766626899608,0,2.2762869211533214,3.1747261000804965,3.264744155801761,0,0.9097838704928289,4.735049713754249,3.78770393553501,0,0,0,0,0,0,0,0,-0.7612206654400069,0.26556122378968894,-0.1213722769966612,0,-0.29918759846172627,-0.30684277720390707,-0.3313684452895629,0,-0.9550179101324616,0.2739849513858008,0.8097064814739072,0,0,0,0,0,-2.8290934207874407,-0.2462320605830577,-3.4622578007622913,0,2.452391841234615,0.8317720291261743,0.0022164921156466733,0,4.541498233082373,-1.7437610851976082,-0.5804603488802513,0,-0.22161286342096442,0.12360664025343482,0,-0.22117693314068632,1.2810049728358415,0.994441939979728,0,0.28908700886984207,-0.6967089872361223,-0.8240178652478978,0,-0.37591966281380884,0,0,0,0,-0.4096929492491421,0.021659602566950653,0,-0.028036047084643023,0.3407663371230756,0.28605443741953884,0,0.700193572481898,-0.3679375138353711,-0.15711485397379565,0,0.10216271596254689,0,0,0,0,0.48402384110401986,0.4516199369171323,0.5966583634930425,0,0.24609427702110676,0.1312189987838801,-0.036419671086434846,0,0,0,0,0,0.6328529501139366,0.26563525361915286,0.2637257516328475,0],[0,-0.027014063145897715,0.07941543859699784,0.009430575101387006,0,-0.18656799766834276,-0.004401208828157088,0.20183518650761467,0,-0.13160566422026232,-0.12072987020498793,0.16846576870162622,0,0,0,0,0,2.0278685824758416,0.7146907729299272,-2.2339494362061885,0,0.310716419089367,-0.17419407250222108,0.4059090857615555,0,3.2875826041151086,0.6325872227807743,-2.2159080238313607,0,0,0,0,0.3363754950886797,0.7603166187617765,0.8320192391748487,0,0.5709737924027269,1.16687828084679,0.5743179761295885,0,0.758401213515782,1.4280702398481306,1.2178403960989295,0,0,0,0,0,0,0,0,0,0.11471933547747071,0.20767940132160234,-0.80738800142937,0,-0.09147466292984596,-0.22397028611537984,-0.18170363696563818,0,0.158489840624239,0.025913829995179327,-0.4352940930036091,0,0,0,0,0,2.9476306975403013,2.0279424391241463,0,1.7729557507962532,2.0519921221299846,2.383410549285383,0,1.8453137353892046,2.9058759242639534,2.304853907506459,0,4.166543320021302,-0.2888283033621937,0.0014328303535382503,0,-0.33148018854710415,-0.3071262353241444,0.3383229043045599,0,0.45324431048622316,-0.5974805573096154,-0.5136927529529558,0,-0.1461475615714889,0,0,0,0,-0.06132880342172786,-0.020113896088679972,0.07135773682823299,0,-0.5002854211001191,-0.5054427963470198,-0.8135753315487264,0,-0.14879068202123857,-0.1099009582132604,-0.010353373264409882,0,0,0,0,0],[0,0.7345389425356466,0.6781899595448682,1.2178066503047607,0,-0.449364574698464,0.05322200812342892,0.2958557778319246,0,0.9599340720461811,0.226599085313838,1.20391686130316,0,0,0,0,-0.23951098729778497,-0.1992482630895802,-0.037153271777270014,0,-0.2792427090063887,-0.02413356417906609,-0.22853795770523622,0,-0.19538522630297717,-0.0743192905945671,-0.21765662292412724,0,0,0,0,0,0.16697256451669595,0.27237166316529926,0.12448424345543785,0,-0.16358227954308457,-0.10689334813323903,-0.36212855450406867,0,0.4168123710436209,0.36884215786346,0.30325170720846906,0,0,0,0,0,0,0,0,0,0.79410146655382,0.25221445309082213,0,0.8867200286545796,-0.01851120473451484,-0.15997186878396263,0,-0.014076874067487921,0.29976982966785926,0.04998673901217998,0,1.050000020525034,0,0,0,0,1.3983477290914141,-0.8821039467695257,0,0.01620213757474609,0.4051948970052841,0.04802741191161175,0,3.7445581154210945,0.23428482020220898,1.2976789986726178,0,1.6361356760713335,-0.07004955225412335,-0.026769514949477546,-0.14419535316908316,0,-0.2927172252151822,0.03516441392506131,-0.23937114593976183,0,-0.15674072855203836,-0.14962044198972624,-0.10710046390120631,0,0,0,0,0],[0.18736834734662544,-0.08137977770779514,0.07480149874510822,0,-0.030283650915152727,-0.032325486258049985,-0.023738391784672963,0,0.05332110064970763,-0.15399726529738622,-0.06089925384157624,0,0,0,0,0,0.038893305196256556,0.07216390099565029,0.084482528371292,0,-0.16212737943509925,-0.04583224402284092,-0.10918665159344076,0,-0.0950983408136521,-0.026658121073864116,-0.08703969484164897,0,0,0,0,0,0.029085105559292224,-0.19030986518319715,0,-0.22528481352827878,0.16500566758840485,0.11161327244540864,0,-0.12267583883114153,0.0047847075251485904,0.033379947838238166,0,-0.016608039091126514,0,0,0,0,0,0,0,0,0.26010372930715864,0.06365708179146345,0,0.33324140598979746,0.012709611794046616,-0.07416684231644766,0,0.061153463305095634,0.4737491130410021,0.2481821103185915,0,0.28929317285779277,0,0,0,0,0.7121579670890732,0.05335955866667419,0.5747887064164026,0,-2.7307388401419104,