{"modelSettings":{"letterOrder":"ACGT","bindingModeInteractions":[],"bindingModes":[{"fitLogActivity":true,"flankLength":0,"singleStrand":false,"size":10,"dinucleotideDistance":0,"componentName":"Binding mode 0","positionBias":false,"modifications":[]},{"fitLogActivity":true,"flankLength":0,"singleStrand":false,"size":10,"dinucleotideDistance":10,"componentName":"Binding mode 1","positionBias":false,"modifications":[]}],"letterComplement":"C-G,A-T"},"coefficients":{"bindingModeInteractions":[],"bindingModes":[{"mononucleotide":[0,0,0,0,0,0,0,0,0,0,0,0,0,0,0,0,0,0,0,0,0,0,0,0,0,0,0,0,0,0,0,0,0,0,0,0,0,0,0,0],"activity":[[-11.794260493022103]],"dinucleotide":[],"modifications":[]},{"mononucleotide":[-0.052330941981616697,-0.3160804514760285,-0.06270160313024853,0,-0.4529319525749842,-0.7784018915964626,-0.8461716092455105,0,-1.8969062217255264,-3.030024664907094,-3.373667053157119,0,0,-5.141861109634272,-2.153775661325054,-4.390841367386534,0,-6.240978505036564,-5.664497562570672,-6.0398016075174645,-2.2838355528572487,-3.2763102006188394,-1.7731392096347833,0,-1.5557434769924248,-1.4008807891902433,-1.694777063121033,0,-0.7560337130322705,-2.4139140817900158,0,-2.141651403350796,-0.3880470367902973,-0.15867977607299633,0,-0.595375072438181,-0.4435353494994976,-0.03591606769947786,-0.2808266090692939,0],"activity":[[0]],"dinucleotide":[[-0.024588880451605455,0.3054895166174454,-0.041600310107076766,0,0.09325842046727884,0.17700670541628494,0.26507335159073175,0,0.3497904065232684,0.30240893709092287,0.1076384497479701,0,0,0,0,0,-0.24216331834324656,0.0516931667519005,-0.42351794575289814,0,0.22410532407396655,0.012573828809356868,0.07532154450831641,0,0.022959883250307733,0.1170420806340573,0.2077868709303594,0,0,0,0,0,0,0.831385054309921,0.8428244121419839,0.8163446576058462,0,0.9387664554045578,0.7231951151671856,0.8275169044989639,0,1.1283348912563405,0.898406974309041,1.0038351409631403,0,0,0,0,0,0,0,0,0,1.40185257990764,1.2640127973066377,1.34953798391218,0,0.7003407655297424,0.4866950020545815,0.6374073026352063,0,1.1586289598470358,1.0066296606177687,1.0921155868806363,0,0,0,0,0.7714827603582046,0.6798169472993258,1.0205732268393,0,0.7678457740797917,0.6663584159622076,1.0486508916726063,0,0.6925520673502659,0.6617514657922978,0.8581796810094868,0,-0.38696368060444897,1.0936781595476894,-0.306311485959216,0,0.912975433545526,0.49159431369582585,0.4951054824947132,0,-0.7379359212659709,-0.21159153758411797,-1.0481554457450586,0,0,0,0,0,0.07275972894451144,0.8589414927576575,0,0.7486598875378796,-0.26274259105618647,-0.013328355657235669,0,0.9197105029006787,0.7986824819223881,0.9920756856303932,0,0.9689706537774292,0,0,0,0,-0.4323417015999569,0.6409668020315173,0,0.3440942421869928,0.2023132238010481,-0.20985569336130094,0,-0.04917098006097831,0,0,0,0,0.10735158256481103,-0.261183487282894,0,-0.30876448536283085,-0.2588184332363612,-0.00540027883813865,-0.07496671911331454,0,0.063102592836346,-0.06171041185738213,-0.26405786903813055,0,0,0,0,0,0.13343911863025193,0.13085709303829063,-0.12398028784948467,0],[-0.3111332133259097,-0.049788233416044214,-0.38675244361597105,0,0.052548639086341886,0.22309082523294155,0.07106726329057711,0,-0.08337172966440143,0.07076736513238036,-0.18240241170845728,0,0,0,0,0,0,0.2892866484180825,0.2852548871682741,0.24538246902951144,0,0.08973205368580572,-0.06716742058716907,-0.12432255432956296,0,0.1452792776656633,0.07440555245941916,0.10107606313918183,0,0,0,0,0,0.7275136476305359,0.8030572743529785,0.7861727949080972,0,0.9326250837283787,0.9969928546440805,0.9445791667102217,0,1.100437030951145,1.291100831627869,1.1185552836201271,0,0,0,0,0,0,0,0,0.4034620688395272,0.3201428949719656,0.4457898483084648,0,-0.1489862679332674,-0.3357638711261055,-0.009617356371615315,0,0.3716357578537579,0.20630065202723458,0.38761789798820345,0,0,0,0,0,0.16693968538863402,0.2767743258375983,0.2967793700072825,0,0.17960374967242387,0.1000649001054672,0.3631733953680758,0,0.3843671460081737,0.29011677204917063,0.46241382635015427,0,-0.16995251509254672,-0.026093560805056093,0,-0.10578001407017723,0.8213757949446205,0.6347319463773307,0,0.23041978418269782,-0.4756748842373071,-0.5161266829207669,0,-0.3051284093200457,0,0,0,0,-0.22100524361377705,0.03604131423037682,0,-0.06175528299873356,0.2460477873093856,0.1652653550609955,0,0.4494848152589479,-0.25818496479075836,-0.10862811573539233,0,0.09108571308770408,0,0,0,0,0.3412515513902288,0.30333952525228325,0.2723515212084644,0,0.15230790637950875,0.1297751814293031,-0.01225729142394627,0,0,0,0,0,0.3963530870204357,0.1371889165434439,0.13409341020451393,0],[0,0.038148341916177664,-0.04680795915820646,0.03163805284382182,0,0.03602941253986547,-0.0016479735815737584,0.07835960851146861,0,-0.19344447121378394,-0.1251373532807989,-0.02282093241125871,0,0,0,0,0,0.12571792397035253,0.05606460833905125,0.03463556825540515,0,0.18202997204787685,0.05348696246104545,0.1562417846817219,0,0.3299722395797353,0.22065107027070852,0.23702912204669424,0,0,0,0,0.11917175700325533,0.438155789426002,0.4812968234055113,0,0.319020048286089,0.6143509930823097,0.5870388107774946,0,0.3993014493527154,0.8800324463021223,0.8309091383975424,0,0,0,0,0,0,0,0,0,0.26382603273268046,0.10148191444430843,0.10968928747911733,0,0.043042770755817195,-0.18942322821924673,0.035082375288214784,0,0.16424874557181735,0.016444007940592087,0.07685705999722359,0,0,0,0,0,0.18623842468839946,0.868923008133156,0,0.6356589830183506,-0.07172269880241977,0.6092426266553703,0,0.3781255881326846,0.13288792208343736,0.7787168344598774,0,0.5691041093052647,-0.2590802454846095,0.05906933201929565,0,-0.17405633040693225,-0.20438151067752042,0.35277093035810747,0,0.35880509358569856,-0.4036109745375196,-0.09193098343892814,0,0.018072216176462597,0,0,0,0,-0.08062287243103317,-0.028195954571236914,0.03886617951876303,0,-0.33848398189563467,-0.33343216162685385,-0.5915370418738823,0,-0.10561298990341328,-0.007339582006543832,0.031410045486521376,0,0,0,0,0],[0,0.1648854036367826,0.06330955230255864,0.10295284033139929,0,0.04975967029899664,-0.035296565422996196,0.022811099292741943,0,-0.03883559241536183,-0.13070454707668766,-0.10834370573028806,0,0,0,0,-0.10339153299146009,-0.09688834346116071,-0.001364120576263339,0,-0.045046686398340974,0.013736074543352572,0.018367414211226674,0,-0.068105973661015,-0.014644187452603319,-0.06350080693131677,0,0,0,0,0,0.030795664890438168,0.07850682231132922,0.06123510205234162,0,0.029052991892219104,-0.06987665781045038,0.0013967313805274273,0,0.14708438370463295,0.08595418854583237,0.19518911076314982,0,0,0,0,0,0,0,0,0,-0.008287663648159693,0.2838917980654827,0,0.3689106154641397,-0.11267315338887496,-0.1810764783473049,0,-0.08778144403770582,-0.05376988077973799,0.19481243389785163,0,0.3884170597532748,0,0,0,0,0.3435654552690739,-0.006767044228269015,0,0.28900750184151214,0.23154763449763838,0.048051895689811275,0,0.3003803861584249,0.26322219426461757,-0.05538052950888073,0,0.226433795700121,-0.09207416958946002,-0.03741521823994276,-0.033562292512992364,0,-0.22531805901675117,0.03288728326135626,-0.13833132003883097,0,-0.18588908711001384,-0.0662434096509612,-0.08629457450936506,0,0,0,0,0],[0.07953620678630191,-0.12993344103333193,-0.07257715770881967,0,-0.01514572762315769,-0.038281814359569566,-0.02682538024517811,0,-4.429762826552164E-4,-0.16598933990835452,-0.12563102012077954,0,0,0,0,0,0.158817065808468,0.12625948273632792,0.20821655113663695,0,0.038213317569319116,0.09640285660481762,0.09878044423321253,0,0.07511098643865388,0.05990894946153169,0.08514371230873063,0,0,0,0,0,0.036870925792301,-0.3227283851254512,0,-0.3250203061551673,0.02125247300907418,-0.0851678802530973,0,-0.19006936497329452,-0.07365234548941224,-0.256845385011343,0,-0.32817760687027775,0,0,0,0,0,0,0,0,0.12462973625902496,0.012795953701957075,0,0.07460220608311907,0.006053627385339766,-0.017564401364543514,0,-0.020132804644924285,0.11262116096778829,0.08492864812322942,0,0.07197294984600688,0,0,0,0,0.10224439771621974,