{"modelSettings":{"letterOrder":"ACGT","bindingModeInteractions":[],"bindingModes":[{"fitLogActivity":true,"flankLength":0,"singleStrand":false,"size":10,"dinucleotideDistance":0,"componentName":"Binding mode 0","positionBias":false,"modifications":[]},{"fitLogActivity":true,"flankLength":0,"singleStrand":false,"size":10,"dinucleotideDistance":10,"componentName":"Binding mode 1","positionBias":false,"modifications":[]}],"letterComplement":"C-G,A-T"},"coefficients":{"bindingModeInteractions":[],"bindingModes":[{"mononucleotide":[0,0,0,0,0,0,0,0,0,0,0,0,0,0,0,0,0,0,0,0,0,0,0,0,0,0,0,0,0,0,0,0,0,0,0,0,0,0,0,0],"activity":[[-11.750203943526556]],"dinucleotide":[],"modifications":[]},{"mononucleotide":[-0.5926619569103977,-0.541820896128633,0,-0.47899836372195725,0,-0.4569459243152707,-0.8433211701056731,-0.19929080488575912,-2.850554200037009,-3.2980219718719086,-4.906622912795156,0,0,-6.14025593802397,-2.0593692046141987,-4.933033686575661,0,-8.021569365317509,-7.166086769238404,-9.132603012304147,-2.664140263471488,-4.001087694917839,-2.032948847702934,0,-1.6700011379326645,-1.8512448648967101,-1.7534134445385696,0,-0.701783103886986,-2.5048273385238398,0,-2.2985715836416754,-0.3917700652393976,-0.16964583134915112,0,-0.5722786283483297,-0.5285070158902645,0,-0.3411865388226383,-0.15742723923588264],"activity":[[0]],"dinucleotide":[[0,0.6200059891667762,0.34037496384413934,0.4262638594909165,0,0.09636482012343262,0.5986346847366946,0.3219590940770829,0,0,0,0,0,0.04995123343204977,0.3861557491666723,0.3580362627649525,0,0,0,0,0.7305470117155473,-0.2713718060862744,0.578162324447689,0,0.3963555946908395,-0.041827817663379285,0.8298287020108575,0,0.5586678034868386,-0.01834738267280933,0.7349838556392356,0,0,0.7523152165344307,0.9940667437648942,0.827534526379921,0,0.8950808539225328,0.9507809358485648,0.6055261804874768,0,1.3502020022902634,0.9339042096585395,0.9949518116240998,0,0,0,0,0,0,0,0,0,1.3858616928419831,1.2684099497953643,-0.0914537579335164,0,0.48455175228933633,-0.10967987138812418,-1.7234844716503464,0,0.997839167268376,0.9019855845408546,-0.2961733782578744,0,0,0,0,2.2002600074981036,1.1018916418736602,2.390614839181178,0,1.2594409212941358,0.3495398824486564,1.3636879292285347,0,0.9776073149876598,-1.1228779418941013,1.2732919120566812,0,-0.8381350683465101,1.4285525455226518,-0.7076318765459471,0,1.344625522180385,0.548874245242092,0.5609247943866338,0,-1.0701973635352529,-0.4918084267327263,-1.7398983625977387,0,0,0,0,0,-0.08242029175330501,1.0408706052712366,0,0.9728138059894187,-0.3115838642753692,-0.34556492307863973,0,1.2871137141978108,1.1505029867708876,1.340755462834884,0,1.32215951572858,0,0,0,0,-0.7863733333229077,0.7441469994020984,0,0.43513870196097404,0.3646418490080938,-0.397388488707648,0,-0.11680196534058407,0,0,0,0,0.08163283306382141,-0.4930893960532794,0,-0.5340242945079812,-0.5348331892033804,0,0.07956307026364318,0.038344355851868794,0.23402914652720863,0,-0.17566241719016018,0.1498692297576747,0,0,0,0,0.0381116591185382,0,-0.17820411803988012,-0.1478435200482222],[-0.3610322614272006,-0.09125195372671246,-0.2645835930090108,0,0.1586041163398768,0.17414864118488982,0.33372248877407795,0,0,0,0,0,0.19311755814892262,-0.06582963854861568,0.32218762354492103,0,0,0,0,0,0,-0.6074733680601625,-0.7047209074562115,-0.9743610296024006,0,-0.41544134879233674,-0.39767941236961946,-0.2516913617287386,0,-0.5694614889209859,-0.4429361620198362,-1.0069165807543943,0,1.634637657241223,1.4665978469273355,4.930500528503159,0,1.286648596553741,1.0802670021841365,2.6429571683159008,0,1.9141369745604795,2.0423400063059596,4.567190387023087,0,0,0,0,0,0,0,0,0.33422842785252627,0.561033560691925,0.237295461359329,0,-0.39175860691954867,-0.5199093814674445,-0.4277621032957306,0,0.6802292159967358,0.41303735518172147,0.43818614051597393,0,0,0,0,0,0.9427540952225009,0.2588842391936872,0.5557882586464391,0,0.5467853644373335,-0.2692002367762143,0.5809600839087778,0,3.901354769009658,0.7808596564519004,3.381451105707816,0,-0.12496387732286429,0.009978008284771356,0,-0.25931887476781057,1.2597271467011888,0.6036592745278675,0,0.09853648512668745,-0.23943181512155576,-0.820186135307595,0,-0.4614221720911962,0,0,0,0,-0.46456540348469444,-0.034948697818527386,0,-0.12879706397834312,0.35534575274738733,0.1912753085411556,0,0.7396503009823645,-0.20361433178449984,-0.05387149140934522,0,0.20515344030356975,0,0,0,0,-0.11055971592788438,0,0.15468597998697575,-0.3482360201799093,-0.08328334554290873,0,-0.27028726382096924,-0.01738792033398262,0,0,0,0,0.1858428022937657,0,0.019446256446808974,-0.2091421595121048],[0,0.5135473375287116,0.2479544179900861,-0.08630319780406559,0,0.6308148816168053,0.1096083258782814,-0.15666679641342984,0,0,0,0,0,0.5647620856025632,0.1861229257563073,0.07033507298171404,0,0,0,0,0,-0.588742282932941,-0.4128779863504066,-0.4153852066626822,0,-0.06580846923252714,-0.0045818784483451225,-0.25241366608578986,0,-0.18287311905953096,-0.05174886017807445,0.6004426073938092,0.2178166758716067,0.5609298860139962,0.5985867336022199,0,0.4093274527988875,0.7918558628693528,0.5870417097897294,0,0.6091671484183081,1.0832448530159953,1.0449241135900031,0,0,0,0,0,0,0,0,0,0.020328901087845352,0.4335877420906691,-0.305766063707849,0,-0.1368422769169504,-0.29489890392016704,-0.24774802894199688,0,0.19730367173550611,0.7291014883525158,0.1499545062193679,0,0,0,0,0,0.4919292429468207,2.034324977179022,0,0.6543833941807407,0.14843329287768192,1.6630449257163011,0,0.47491414391028464,-0.6145899282418199,2.3591783011279794,0,0.31485489705846703,-0.4109122073469331,-0.09245176710331826,0,-0.43729678222003265,-0.4078079225524931,0.2836496609588197,0,0.4298476841501957,-0.49578205199031844,-0.2593506719182148,0,-0.10369227547695203,0,0,0,0,-0.0015646191169658152,0,0.15577179436384037,0.1083878919642931,0.0400734919825112,0,-0.41647935908349076,0.5029427735020253,0.03696058025695503,0,-0.03823421933567506,-0.009904155938477821,0,0,0,0],[0,0.18552677464043832,0.11516512946485946,0.2536343324296215,0,0.2595237503242256,0.002212420944776028,0.07658719463148422,0,0,0,0,0,0.17438366331380983,0.34254448989708486,0.6790019047820461,0,0,0,0,-0.04156904323020072,0.05741776201948934,-0.10836211188840217,0,0.15289999553674427,0.07049040054584221,-0.09551255001344305,0,0.378179825015434,0.2802453435236165,0.25223115407312435,0,0.08572508000288881,0.13696774785185895,0.14846814429612287,0,-0.034991743332894565,-0.19778103349404574,-0.27951819034182357,0,0.4019729194854005,0.2631343363038976,0.3621301789432998,0,0,0,0,0,0,0,0,0,-0.009333871515591952,0.22691705498434978,0,1.184915800321173,-0.0431527480477385,-0.32555985118071185,0,-0.10458511005431781,-0.29269995196651166,0.18020382305027027,0,1.6412417265716392,0,0,0,0,0.6305496004687257,0.12841866691472603,0,0.26753755930030465,0.38298101436120646,0.35818467787591146,0,0.8499622602305728,0.4864556819047241,0.498775891884522,0,0.7356173258595291,-0.06704555410373736,0,-0.02200611393752272,0.062322513011710434,-0.27626725662726503,0,-0.301177203824218,0.06619742869726597,0.01680564897367809,0,-0.06852470287835732,0.1819912862601667,0,0,0,0],[0.12896974686514806,0.022359095435765752,0.14056088733980943,0,-0.07338807213753551,0.05203741158402675,-0.0038104882273923835,0,0,0,0,0,-0.0913713194587249,0.15144223023616288,0.09251993326442065,0,0,0,0,0,-0.15211009377851514,-0.08412975457751681,-0.29489856740963294,0,-0.10568825939740023,-0.11519381550560936,-0.15387681091257566,0,-0.05646475772612103,-0.10086502762697425,-0.05930700563420577,0,-0.03761547277619659,-0.474192470192361,0,-0.499071279900682,0.11423924252302431,-0.1661192450725819,0,-0.17982920492206222,-0.09894784538049084,-0.3404458750924846,0,-0.6045605679207693,0,0,0,0,0,0,0,0,0.012495037171417422,0.33338352504622204,0,0.3358804315827557,-0.04750802384203112,-0.008372551374154824,0,0.07907261345061478,0.05479818017490956,0.5540470107169293,0,0.676694374392433,0,0,0,0,-0.04389445713031215,0,0.43475788621636724,0.32433830888009574,-0.15461602669740415,0,