{"modelSettings":{"letterOrder":"ACGT","bindingModeInteractions":[],"bindingModes":[{"fitLogActivity":true,"flankLength":0,"singleStrand":false,"size":10,"dinucleotideDistance":0,"componentName":"Binding mode 0","positionBias":false,"modifications":[]},{"fitLogActivity":true,"flankLength":0,"singleStrand":false,"size":10,"dinucleotideDistance":10,"componentName":"Binding mode 1","positionBias":false,"modifications":[]}],"letterComplement":"C-G,A-T"},"coefficients":{"bindingModeInteractions":[],"bindingModes":[{"mononucleotide":[0,0,0,0,0,0,0,0,0,0,0,0,0,0,0,0,0,0,0,0,0,0,0,0,0,0,0,0,0,0,0,0,0,0,0,0,0,0,0,0],"activity":[[-12.941840332318316]],"dinucleotide":[],"modifications":[]},{"mononucleotide":[-0.21122132136600746,-0.4731587534211128,-0.26383662111908923,0,-0.5441128707822906,-0.8669294027829548,-1.0676175428578323,0,-2.4952241710084917,-4.146185547020074,-4.744863540127141,0,0,-7.079174449383217,-2.913935055924669,-6.830570599961753,0,-8.851953063678657,-10.128184846737195,-8.40387737593599,-2.9332654180508744,-4.613385780450902,-2.171670705901619,0,-2.072149363279091,-1.9914626021425348,-2.201638371876077,0,-1.0085726744528007,-3.136322902182857,0,-2.7365124615704945,-0.3782298953852419,-0.12235006537002757,0,-0.9358024294734335,-0.6698882628210976,-0.1016695048781946,-0.44847171282732257,0],"activity":[[0]],"dinucleotide":[[0.09195873627743723,0.624359485983411,0.1273875505966484,0,0.21280026506882566,0.40463065755885985,0.5124078884970134,0,0.575821790026773,0.5457386373542095,0.2856941210682691,0,0,0,0,0,-0.47137997836713463,0.07933028823425037,-0.5902045114964025,0,0.1805234441035113,0.01720918307363206,-0.08265859575513979,0,-0.15845675521614933,0.19899689393074738,0.294898389170017,0,0,0,0,0,0,1.1672575035852688,1.2252665349289895,1.2099440853119656,0,1.6064559977664068,1.063858901037884,1.4532402999812852,0,1.3657392726091082,1.403114973545864,1.5814832930405416,0,0,0,0,0,0,0,0,0,2.481658798510461,2.6493219198497915,2.5348726690205208,0,0.8434365794848375,1.9962943732775038,1.1848772410022512,0,1.3249504617222758,1.3069612592227564,1.292061037190276,0,0,0,0,0.35314335682216047,1.528188673148012,0.9369410738712372,0,-0.16765574952043494,1.1399364579310252,0.3741043213921369,0,0.38354004312548184,1.0317405793193828,0.7751591795885933,0,-0.35663993320007137,1.7275092953288005,-0.504324366080624,0,1.6995135877320484,0.9360747510362408,0.8898691790818436,0,-0.9457892728562971,-0.2200616682124794,-1.6657398125308864,0,0,0,0,0,-0.09311675186252089,1.251400658216573,0,1.0243768328312313,-0.4003300577752791,-0.033949780569271226,0,1.3242972359740168,1.1307049078037825,1.472910853900999,0,1.272085389594734,0,0,0,0,-0.7411510252001101,0.8038624103889722,0,0.5285426620169069,0.2657332162849908,-0.33363280551377716,0,0.003397797385522594,0,0,0,0,0.08098270763172355,-0.42044392990163093,0,-0.40090062669673765,-0.49530308341126306,0.03003371032393276,-0.0074963295406496044,0,0.07893314177597865,-0.11042600186240081,-0.43723979856163453,0,0,0,0,0,0.13397924897764835,0.1276865311409323,-0.1903136144560742,0],[-0.4386427494954912,0.05568355538345848,-0.4401220535917103,0,0.07977243077548035,0.45327334073640646,0.1420596054058203,0,-0.17946214562405594,0.16035043468360666,-0.21016341086333679,0,0,0,0,0,0,0.46058782133731846,0.40519611635641617,0.5933488281482537,0,0.18094969543909478,-0.1436579921746981,-0.06205771955039552,0,-0.02743687809809181,0.09448169524559358,0.6956059081995107,0,0,0,0,0,2.722479375223994,2.7929508532651113,2.5602619212588493,0,2.2265013054950344,2.6753892835090163,2.1020333752557967,0,3.1152174103511037,4.141971114272938,2.7402987992718586,0,0,0,0,0,0,0,0,0.6152904263280803,0.7720290866206874,0.44610624307584423,0,-0.23465766663669196,-0.2798522209100156,-0.29514719779599474,0,1.5249545141141851,0.5682701249391151,0.9191584481067316,0,0,0,0,0,0.6362639133485963,1.2802908113647717,0.16514075449121002,0,1.9942480666500622,0.8800198589830224,0.1672790054015092,0,2.0177399812262706,1.0385009245105579,1.0697239082958845,0,-0.259120972725293,0.12889780047222654,0,-0.2027048413346435,1.2374853905985983,0.738288679118174,0,0.06923214129833433,-0.6130731067152873,-0.7678248027471923,0,-0.5682649966927809,0,0,0,0,-0.4038287827515319,-0.004103329750061224,0,0.02931124028822918,0.30044278399915836,0.2937903897519547,0,0.7553754311138756,-0.35077905607518733,-0.11866292475592832,0,0.16892884576076828,0,0,0,0,0.4460602440758268,0.4517599213681611,0.5915645171074391,0,0.20931269709250788,0.11601152369063428,-0.0581240628703128,0,0,0,0,0,0.5964048901728156,0.28074234600848236,0.2506730304164986,0],[0,0.008916522958708484,0.07420188363329316,0.15306668067068152,0,-0.11447557378390272,0.004465515431949285,0.14490108435481197,0,-0.3884078363128367,-0.1306961011460963,0.16451240279860713,0,0,0,0,0,0.3350216088699707,0.5770609449688013,0.17706253806420413,0,-0.4702524708164333,-0.20774103794486365,0.22701411121383686,0,0.08092942218046417,0.43042548810503334,0.13526897601815513,0,0,0,0,0.3382371902574537,0.7560872156800826,0.7102278206300117,0,0.5931653964274668,1.1144986346856438,0.6704156380518871,0,0.7171472292040466,1.4367101045796975,1.1679564739598707,0,0,0,0,0,0,0,0,0,0.4051064105218316,0.32729955482839657,-0.21451671355316115,0,-0.0622246617254989,-0.21336263355172136,-0.10153282113346229,0,0.19421530901010087,0.2649548182378183,-0.24330287868080802,0,0,0,0,0,1.0326133728099638,2.304946947688123,0,1.2922033076509898,1.4459646193558644,2.3416774176819217,0,1.463776224602153,1.072841424883702,1.6173843993711792,0,0.905291413588607,-0.33685204751291664,-0.02410641907544875,0,-0.3346580722514485,-0.5670788389482491,0.30462242485236324,0,0.4672870055698457,-0.6566949640952071,-0.3010008136834492,0,-0.05267379582427978,0,0,0,0,-0.05103333491533979,-0.016406725243343523,0.10274940888153328,0,-0.5015957641442186,-0.5137779599870016,-0.8064083382916678,0,-0.10384700066364427,-0.061454093846205815,0.030570297242332067,0,0,0,0,0],[0,0.4980068691427544,0.5105452282859222,0.16883898887799198,0,-0.18358940113234112,0.015062481411710849,-0.027643417679183102,0,-0.22173157199190818,0.0968611305639655,-0.17411861139240337,0,0,0,0,-0.1650412220604478,-0.16437299962543328,-0.09598338730822142,0,-0.21938485774586658,0.0013699500724086988,-0.20710897416879792,0,-0.12213568528247265,-0.03820064964144265,-0.24542995867534678,0,0,0,0,0,0.1583190441959328,0.28018867611685483,0.13494731488117662,0,-0.10992891237776004,-0.11482365557510121,-0.3423511364955374,0,0.42338491547221846,0.3623430220222108,0.27205746361537564,0,0,0,0,0,0,0,0,0,0.44516953539607407,0.47538406571316827,0,1.2884882608216035,-0.03108783305841012,-0.1340376764795037,0,0.009798664983046379,0.11626258916071741,0.47941985878645,0,2.207317078957651,0,0,0,0,1.0130711907209697,0.11642831272185106,0,1.5609717174274174,0.6483297897551097,-0.0909045435854523,0,2.8385055358008557,0.5359334226474495,-0.24138516383122166,0,1.0347084703793215,-0.07238509698516449,-0.030045402113487718,-0.16455065832899862,0,-0.2994847524236093,0.03283595661286398,-0.2712008256934677,0,-0.1525540754364858,-0.048712333229428584,-0.15882510318870313,0,0,0,0,0],[0.2124506704074154,-0.12263390129089924,0.031291245280153035,0,-0.03765776281114874,-0.037843166659897065,-0.0032381470811815305,0,0.03662471958875457,-0.16816160253945878,-0.07368067088180563,0,0,0,0,0,0.09119746528034334,0.11125886959651776,0.15375716178750132,0,-0.09884833172944418,-5.661283564739605E-4,-0.04183773009477321,0,-0.03612891280219088,0.01622139060073291,-0.009629851761194352,0,0,0,0,0,0.025360864802226324,-0.1594786978589653,0,-0.26623392691692516,0.17131592762047276,0.09422742664253292,0,4.953980632969035E-4,0.03112751162317018,0.09232148095358639,0,0.008077692991935947,0,0,0,0,0,0,0,0,0.3271980304078941,0.2877938867519081,0,0.47645208783517745,-0.0334657799590401,-0.06255675672306182,0,0.10479626971806155,0.4095408179668256,0.6251504030045867,0,0.7734224407678827,0,0,0,0,-0.16711610720552272,-0.5851827026049001,-0.4799656846744291,0,-1.8372396314374129,