{"modelSettings":{"letterOrder":"ACGT","bindingModeInteractions":[],"bindingModes":[{"fitLogActivity":true,"flankLength":0,"singleStrand":false,"size":10,"dinucleotideDistance":0,"componentName":"Binding mode 0","positionBias":false,"modifications":[]},{"fitLogActivity":true,"flankLength":0,"singleStrand":false,"size":10,"dinucleotideDistance":10,"componentName":"Binding mode 1","positionBias":false,"modifications":[]}],"letterComplement":"C-G,A-T"},"coefficients":{"bindingModeInteractions":[],"bindingModes":[{"mononucleotide":[0,0,0,0,0,0,0,0,0,0,0,0,0,0,0,0,0,0,0,0,0,0,0,0,0,0,0,0,0,0,0,0,0,0,0,0,0,0,0,0],"activity":[[-12.81554320188364]],"dinucleotide":[],"modifications":[]},{"mononucleotide":[-0.21771262528829283,-0.3826894162920933,-0.18476039324822047,0,-0.5426527581625944,-0.8802615173603314,-1.0548564484302636,0,-2.477004234207649,-3.909214487551366,-4.398832370565234,0,0,-6.367907733672201,-2.9610781518183424,-5.495124918383359,0,-7.412183374984325,-6.675766380384183,-7.16704750352574,-2.929903823271835,-3.98245059887884,-2.7005992016329365,0,-2.0688730341761454,-1.7526892442663735,-2.4473751639879007,0,-0.12358334689398731,-3.255467598101653,0,-2.8909570617576943,-0.3716013931279445,0,-0.0069589798356677335,-0.6910594894400148,-0.6278700953505236,-0.24419272629135946,-0.9096432240351229,0],"activity":[[0]],"dinucleotide":[[0.07575190826379519,0.4882789528471143,0.061320727484005744,0,0.15452810059161415,0.2800356063846632,0.40026962642131103,0,0.4938022160698239,0.4045014746683666,0.18599219438050874,0,0,0,0,0,-0.3768557234128025,0.013937917576988923,-0.5015216206437509,0,0.2665143501011098,-0.0020605865265048706,0.042595347360052216,0,-0.024661277426489825,0.1597547239667687,0.31418963076142514,0,0,0,0,0,0,1.0725704911495555,1.150377479550893,1.1908377063952242,0,1.2241642821813645,1.0782845667929344,1.218104258872982,0,1.436157356454931,1.3151630907949503,1.43944401517577,0,0,0,0,0,0,0,0,0,1.6725533581372982,1.5239379660706547,1.6413590438471921,0,0.9082761273877811,0.7013513373635529,0.8862631448549756,0,1.4629353010380939,1.3015553072226709,1.4115916132425586,0,0,0,0,1.0567349370360937,1.0390953072514133,1.286662827892867,0,0.9747124829489522,0.9054007633680854,1.2133363978562066,0,0.9090349865652332,0.9259570443089729,1.095232649204,0,-0.3753628699488356,1.5139770676009237,-0.29845136995590593,0,1.3536301884243276,0.8187168102420843,0.8048982452749271,0,-0.7215393753704165,-0.10871272163459089,-1.1521651264036876,0,0,0,0,0,0.03883963648376376,1.1001925190755815,0,0.9576295379088462,-0.3222891616283645,0.03525727476695373,0,1.1492123262401979,1.0293651246464846,1.324388020762962,0,1.2152530944931392,0,0,0,0,-1.3380674079794792,0,-0.6940992736702931,-0.27256550393358747,0.5596204845629149,0,0.3215357285766265,0.2687781092433381,0,0,0,0,0.47581946909877093,0,0.3655320529390549,-0.0042989551522145675,-0.47551276702030343,0.09742469123090736,0.273071272097166,0,0,0,0,0,-0.0030889548036139303,0.15281385121624957,0.3521879950372222,0,0.07975436328303864,0.2237349325920981,0.18890707707371313,0],[-0.3975345693647476,-0.012883593228617762,-0.41932163392603794,0,0.0532946285069702,0.3155936396178092,0.16252110589656787,0,-0.12673356260150115,0.10459578226620003,-0.22437208425833965,0,0,0,0,0,0,0.35657303374803284,0.377784561483713,0.3861558095346407,0,0.17051256340014298,-0.08433760215203456,-0.003538794460981265,0,0.2677472520089692,0.13420362101543848,0.2991754948679324,0,0,0,0,0,1.019573451555642,1.0845818577664286,1.0680153848226386,0,1.2076773587572767,1.277721706611075,1.2464759697774799,0,1.3855934138559949,1.5715889988827954,1.4378813018283587,0,0,0,0,0,0,0,0,0.568044257623864,0.5249566782816828,0.6372964993780723,0,-0.1594160601098764,-0.24091032376268817,0.0014404166213122238,0,0.48929499770652374,0.3967961476020214,0.5511913164960838,0,0,0,0,0,0.3553065964705233,0.38926396674817454,0.3632608668353612,0,0.3148848683227392,0.24480073872582508,0.4095542153651479,0,0.5550818631744008,0.43748741823679893,0.5614738282646723,0,-0.23085818939417369,0.028559525474251224,0,-0.12786609694791196,1.030706574868363,0.8403227291043684,0,0.28746372586371294,-0.46449656291713204,-0.4671996413085502,0,-0.38242427323890205,0,0,0,0,-0.3062615037328973,0,-0.012857864829835641,-0.04003511523501846,0.10434958712226727,0,-0.2101404382317451,0.4239827990570415,-0.09787926597993035,0,0.16128871133965728,0.2775508395585078,0,0,0,0,0.3116028623822782,0.35046899300237655,0.3845074467484766,0,0.15477520580168758,0.11255430983437353,-0.021207349972147682,0,0,0,0,0,0.4601682607825124,0.1663005778301514,0.225129392100615,0],[0,0.06997947018471429,0.05347689083167495,-0.018139758830429287,0,0.10746452810551332,0.05323469525111868,0.09860198329951331,0,-0.20595225182410992,-0.11963870835792711,-0.059285363699883575,0,0,0,0,0,0.20768025978316462,0.09464359730703453,0.03954710876908685,0,0.20281615028611277,0.02352626919568568,0.19526860368501353,0,0.42652481791821906,0.3233803576215628,0.35083981776010287,0,0,0,0,0.29386044417988444,0.67746521492142,0.7164137407902889,0,0.5619410027724685,0.9680091543112992,0.9026444328270946,0,0.8154157326574785,1.2884840408434188,1.2568732427982994,0,0,0,0,0,0,0,0,0,0.35101799607440753,0.2215687644212574,0.19816053806407652,0,0.04325427235851098,-0.1515400152724009,0.05669656324155792,0,0.2821750462517034,0.1717950102171777,0.14228092688733796,0,0,0,0,0,0.24928202300382374,1.060170298071009,0,0.7857914599662692,0.01783850309105084,0.843105727763751,0,0.5713226166552001,0.21119012689153127,0.9890718318637397,0,0.7222585574348006,-0.2856650141466135,0,0.030959983432706117,-0.2620549289893743,-0.6343155140125916,0,-0.3409359776497283,0.09928860238305326,-0.23019693855537415,0,0.21078706826797955,0.1665159155662881,0,0,0,0,-0.04120921579507808,0.010830034389921472,0.11007615229221557,0,-0.40435916539370176,-0.39100692312415397,-0.6687554496682369,0,0.0021636438410181924,0.020579252184201202,0.06943151065745834,0,0,0,0,0],[0,0.16003456172008956,0.032656928401520346,0.05638058669610402,0,0.0854961418481901,-0.039070854146653566,0.016109387968455735,0,-0.052958280103399424,-0.13070123447995918,-0.14917468561963343,0,0,0,0,-0.16276164334098553,-0.13182506657864757,-0.05371062104951729,0,-0.17953779212335164,-0.024398778052505676,-0.09865995122354576,0,-0.11390591595966093,-0.038331336814771966,-0.12078267958319255,0,0,0,0,0,0.1410197086454632,0.20192025235357303,0.1647460351438994,0,0.13070751120705193,0.054063749657525584,0.021369904942947215,0,0.4030158634069769,0.25955480735487235,0.41368538141541755,0,0,0,0,0,0,0,0,0,0.00834862322945007,0.4647352312710211,0,0.5465904766434395,-0.09301800791838222,-0.13135455040901967,0,-0.026365787303215704,-0.08258263643435981,0.3255707472115521,0,0.5823406634874981,0,0,0,0,0.4501647840985603,0,0.08575718092562568,0.39043645750349576,0.36375746359254446,0,0.04002484407235318,0.3971928182095148,0.35704604552080355,0,0.057719739312370066,0.329129864570449,-0.08263371181619306,-0.03210906766555066,-0.058783113357368855,0,-0.2395150156913637,0.043890217157834144,-0.17276007860597176,0,-0.14799389427283938,-0.07438991950690443,-0.1230476135899421,0,0,0,0,0],[0.11948452114519093,-0.15255392085700503,0.01073412301993315,0,-0.03102589368512909,-0.05074029383348222,0.00623885777676314,0,0.03192935219948456,-0.1465321952434202,-0.05411941835695355,0,0,0,0,0,0.123142119168695,0.13021849514316663,0.15266967627771333,0,-0.0035600489027078908,0.05863088782865766,0.01869069539946633,0,0.0884337533214401,0.0701189796666144,0.07429770609803565,0,0,0,0,0,0.019743262930780325,-0.34108327122744964,0,-0.3246457638649751,-0.06081884564114848,0.00769243996177682,0,-0.1467184509465076,-0.08068288769823084,-0.04370024596500599,0,-0.2068180495589278,0,0,0,0,0,0,0,0,0.10793867164176696,0,-0.04073007841538967,0.07860945329406555,0.03686535327127061,0,0.03237803562482622,0.06986461858519899,-0.1159627539872865,0,-0.21575161689210098,-0.032852490603209716,0,0,0,0,0.1190916501964896,-0.2163759593268022,0.26012707640297705,0,