{"modelSettings":{"letterOrder":"ACGT","bindingModeInteractions":[],"bindingModes":[{"fitLogActivity":true,"flankLength":0,"singleStrand":false,"size":10,"dinucleotideDistance":0,"componentName":"Binding mode 0","positionBias":false,"modifications":[]},{"fitLogActivity":true,"flankLength":0,"singleStrand":false,"size":10,"dinucleotideDistance":10,"componentName":"Binding mode 1","positionBias":false,"modifications":[]}],"letterComplement":"C-G,A-T"},"coefficients":{"bindingModeInteractions":[],"bindingModes":[{"mononucleotide":[0,0,0,0,0,0,0,0,0,0,0,0,0,0,0,0,0,0,0,0,0,0,0,0,0,0,0,0,0,0,0,0,0,0,0,0,0,0,0,0],"activity":[[-12.271337095774763]],"dinucleotide":[],"modifications":[]},{"mononucleotide":[-0.3439277211417513,-0.44862728328964807,-0.09691997822389764,0,-0.5570433137515132,-0.8562462888842322,-1.0151726029038515,0,-2.4690333640167803,-3.700637320795798,-4.471633471378985,0,0,-5.793228423734589,-2.7560999716575627,-5.5384102126773875,0,-7.761254411715555,-10.48880291678571,-9.428182166062081,-2.50306312797391,-2.3758604766771376,-2.3980519432105987,0,-1.9320322810045227,-2.2250642286229447,-0.8878383858136867,0,0,-3.0603163523295716,-0.329938988393232,-2.7130176995344155,-1.4793438288095158,0,-0.6489183264985994,-0.7409197809784707,-0.2955963013780618,0,-0.4725247730501232,-0.5182132785163454],"activity":[[0]],"dinucleotide":[[0.04612504982937571,0.5385801433207851,0.018091487803226336,0,0.16636121758638378,0.37075760354319875,0.46731071820811554,0,0.5417270215684464,0.4686000990681529,0.2760212222092773,0,0,0,0,0,-0.46808433076681943,-0.014542899722588487,-0.528846716113069,0,0.178104110692467,-0.15236379996924665,-0.14400598978245416,0,-0.20126823268010785,0.024532214534182195,0.26376608789989486,0,0,0,0,0,0,0.42935269384087604,1.0127580199213861,0.9526281001578969,0,1.1438460004220676,0.9321073321501157,1.3979364744851495,0,0.8106468532653164,1.0430138997492069,1.6772610851574505,0,0,0,0,0,0,0,0,0,1.2211369149402866,2.207345785678527,-1.0030094602870285,0,-1.0739698169153584,1.8528382802670507,-3.088855599533076,0,0.1074551542540565,0.8104622705387765,-1.9459328002847318,0,0,0,0,-0.22271312540086008,0.750241117602851,0.22383026846673815,0,-0.5594301366120895,1.088881593456124,0.09453822571590997,0,0.7022162461430703,-1.1837006926113443,1.1491615988067334,0,-0.3886452006608705,1.40746812158066,-0.6952073152382656,0,1.5307604482441723,0.656128697400197,0.7170799708878892,0,-1.0162963790502948,-0.4732529722246994,-1.7621775373148303,0,0,0,0,0,0,1.3189965538369703,0.16169606648720647,1.0537349056236405,0,0.2330664934856541,0.5714883235419035,1.6824512153839226,0,0.2354057795146307,-0.9993646182781126,0.047511380582579754,0,0,0,0,0,0,0,0,1.8936596754502615,0,1.0117676437907255,0.45756590245045725,1.4006164006868216,0,0.8421308426020273,0.32520518397364473,1.8517219585991063,0,1.1186547523671022,0.2735132304506065,-0.3921439242970144,0,0.4779611168106257,0.046044526715485645,0,0,0,0,0.03649138139097907,0,0.5225724515206842,0.09875489195621734,-0.03409781735167661,0,0.1395249334293589,-0.0790288440666993],[-0.4454887586970564,0.14908857824827848,-0.41474312437598115,0,0.05946954895137768,0.5458723266130159,0.1337153762305272,0,-0.18427710254735308,0.2092268724371813,-0.18862487563237895,0,0,0,0,0,0,0.4618319408774898,0.3878023655519236,0.6096011009405116,0,0.05063519893829138,-0.18036131987573167,-0.27885930708636586,0,-0.01817015273117839,0.05708503769343398,0.6351786006786551,0,0,0,0,0,4.294237119110518,3.1805214928661982,6.467194301588769,0,1.7327221443834624,2.2739975766533007,2.8736880143458485,0,3.086213028706874,4.086933560737577,6.253708179150527,0,0,0,0,0,0,0,0,0.11175797377480912,0.6408326824416211,-0.10147251077497543,0,-0.39364480537419855,-0.4021790972838932,-0.42973518093788776,0,0.7445875187532884,0.20667149125506157,0.7233188707961435,0,0,0,0,0,0.48594146308675334,1.757450541783653,1.3770720123632056,0,1.9236415644399099,0.5717886384379121,0.8080538779689732,0,3.9957859977319945,0.6013536833747359,4.313582042752067,0,0,0.14044961480774454,0.20089522860600795,-0.3310308060831293,0,-0.9567114044442047,-1.2701786995572473,-1.3829599150725675,0,-0.42537588272177107,0.5695827259789512,-0.14842044638541818,0,0,0,0,-0.3987139613742592,0,-0.061373442061706474,-0.009030673194268424,-0.1526398195598997,0,-0.3403845006370245,0.33205722982776287,-0.3914675710752733,0,-0.07803673843611447,0.12485033396227285,0,0,0,0,0,0,0,0,0.06615459567976867,0,-0.3216672112098058,0.31587037047768884,-0.08733289772426511,0,-0.19251457080431633,0.4526330063250503,0.2263010165768211,0,-0.2144614040132664,0.21813094528475396],[0,0.27098667933231724,0.0700488021989738,-0.020386697068633275,0,-0.34660357704218203,0.00931560255817665,-0.040082198734385344,0,-0.4206845239784194,-0.13139071815162673,0.22716188063423637,0,0,0,0,0,-0.8245026563430482,0.2894198420263976,-0.9158032710822575,0,-2.16216816013174,-0.45967763974975995,-1.9475447254772895,0,-1.5486621203856608,0.2575511632863936,-1.9302770915641076,0,0,0,0,0.30766721860541235,0.6814407893472909,0.6436809631751448,0,0.3391180944778345,0.8915447728883779,0.5249651750091919,0,0.3539395360645745,1.2616774978019052,0.9949539847822173,0,0,0,0,0,0,0,0,0,0.0819047981752199,0.21071649302864337,-0.6748035247256023,0,-0.15630730182349506,-0.40884702671465245,-0.25824479465400785,0,0.3658698027720959,0.04020094736014457,-0.1649421426287745,0,0,0,0,0,0,2.450607447198818,-0.25355881312169615,0.6812144925767161,0,2.288997721628956,-0.19970337732000054,1.9316562587023505,0,4.017646467563761,1.5569515404178684,1.9425988029205534,-0.3436212692920426,0,0.012427335223490488,-0.3746566591845557,-0.9641243914164184,0,-0.27360562599182536,0.08883608742178328,-0.3752286751784917,0,0.28347472215227754,0.13052505910209966,0,0,0,0,-0.07169462746212396,0,0.09593221225040516,0.0783337504239392,0.005762980859098654,0,-0.3482448770574811,0.5032419463907263,-0.08860327448115024,0,0.02566385547524197,0.06879977796831627,0,0,0,0],[0,0.08230706375521635,0.4272677200456467,-0.05651975779243834,0,-0.5604896143256681,0.11354055343476865,-0.8241034192711734,0,-0.9276104019666054,0.06951873697491706,-0.7310265641137867,0,0,0,0,-0.24149640000734074,-0.218591654374646,-0.13307212009869218,0,-0.3504486593267142,-0.12199342631590504,-0.3505310556903769,0,-0.2714376206462328,-0.15716812287491777,-0.3452297456098714,0,0,0,0,0,0.15119162952265874,0.1937598168932153,0.15813255846063168,0,-0.16469545390083695,-0.34902929127094584,-0.3520581343129727,0,0.3986068640563918,0.24944326621706558,0.2915296393992879,0,0,0,0,0,0,0,0,0,0,-0.3245581959181685,-0.5616549375336657,1.0005755918369825,0,-0.25513261782834196,0.07239345981593726,-0.0015116183312793297,0,0.26305390632475145,-0.10650415514070666,1.8217338919114958,0,0,0,0,0.1246690788151561,0,-0.3425742908734897,0.5151961990277929,-0.16459928557328674,0,-0.13635413988749434,2.371230018872069,-0.61132138799295,0,-1.225671989361878,0.0036382846689626547,-0.13915766619897774,0,-0.1428624356480137,0.09464132827908767,-0.3991345363031016,0,-0.3749590870218391,0.06259167787784747,-0.20373264446403105,0,-0.20285274121951158,0.08803963113929036,0,0,0,0],[0.27297026707697203,0.006772286746487666,0.13300239122068636,0,-0.017856821443619886,-0.024581424588992817,-0.028131506177097698,0,0.01832735462530044,-0.1420858378203378,-0.0829470005736801,0,0,0,0,0,0.13135797609904376,0.15278180183648704,0.13457233506444233,0,-0.09071851087455496,-0.018771804557847105,-0.017520839168554847,0,-0.02391421318038045,0.003597785605768067,-0.02254810817261399,0,0,0,0,0,0,-0.12930056628140285,-0.028047368568277165,-0.3361463141207759,0,-0.24798595331493622,-0.1414208238708543,-0.3757236658338252,0,0.02719895180601206,0.018294452229483227,-0.25884705880876346,0,0,0,0,0,0,0,0,0.13080049564235807,0,-0.38332233102247315,0.1769471024414262,0.07233338508435061,0,0.11043904964629014,0.23285409297527782,0.18621208340295858,0,-0.45170093991751514,0.281344308646414,0,0,0,0,0.18353383986207383,0,0.09733399976681056,0.37475381908753214,