{"modelSettings":{"letterOrder":"ACGT","bindingModeInteractions":[],"bindingModes":[{"fitLogActivity":true,"flankLength":0,"singleStrand":false,"size":10,"dinucleotideDistance":0,"componentName":"Binding mode 0","positionBias":false,"modifications":[]},{"fitLogActivity":true,"flankLength":0,"singleStrand":false,"size":10,"dinucleotideDistance":10,"componentName":"Binding mode 1","positionBias":false,"modifications":[]}],"letterComplement":"C-G,A-T"},"coefficients":{"bindingModeInteractions":[],"bindingModes":[{"mononucleotide":[0,0,0,0,0,0,0,0,0,0,0,0,0,0,0,0,0,0,0,0,0,0,0,0,0,0,0,0,0,0,0,0,0,0,0,0,0,0,0,0],"activity":[[-13.559234314908823]],"dinucleotide":[],"modifications":[]},{"mononucleotide":[-0.2563424984781215,-0.3171933120402257,0,-0.05930143370112617,-0.16448607361705303,-0.6150177537129506,-0.8332867863893321,0,-2.3566523860182933,-3.536256691179858,-4.240417973647773,0,0,-6.11420124600233,-2.9080449826799466,-5.451872983298167,0,-6.825338155004344,-6.604652750494219,-6.674870963163201,-2.8428564814520083,-2.5891346104397845,-3.0312507567513336,0,-1.851077929179294,-2.0145773250213472,-1.3286478482794588,0,0,-2.9747429383980553,-0.23821954713909266,-2.6845202990740136,-1.4919259147479083,0,-0.49822075538354493,-0.7174222317190915,-0.4847079179262819,0,-0.6126665226228143,-0.20032153944933961],"activity":[[0]],"dinucleotide":[[-0.3903007766331994,0.01728769788710327,-0.11785733553573907,0,-0.33976327414480956,-0.1465420988069246,0.15697717535642308,0,0,0,0,0,-0.45328168852889705,-0.326399704149809,-0.13877903053666873,0,-0.3740484450939361,0.019751487820384384,-0.4372562972713201,0,0.21596549615826888,0.028734777777513543,0.013790742431455172,0,-0.035173237003821356,0.13540787831490775,0.19787760481357708,0,0,0,0,0,0,0.8793162410837843,0.9421865430975904,0.8640159331274972,0,1.0026813373858445,0.8173455014326896,0.9263730756137711,0,1.170859772829182,1.0260933229504863,1.087428298193739,0,0,0,0,0,0,0,0,0,1.5179460229428763,1.3816373017134858,1.452182833405594,0,0.8347629619715686,0.602491419377257,0.7595455591380471,0,1.3726597880688765,1.2326375912335763,1.300923999545315,0,0,0,0,0.8683144416015924,0.7996036507839719,1.016433884462531,0,0.8860544455599513,0.8444733037609424,1.0397630625809242,0,0.7824074597986037,0.7873486985058626,0.9099642728245492,0,-0.31905754013378207,1.1350453317908307,-0.2771156408322746,0,1.038184498997086,0.5430650531370862,0.6466474203439061,0,-0.6783592296295531,-0.16889224369449352,-0.9317145681587657,0,0,0,0,0,0,0.8668163926341346,-0.06587347843485869,0.7464246895571498,0,0.29062802886444317,0.2703588495270415,1.1777325992322756,0,0.21535403421668775,-0.9506483922900468,0.16247958891811587,0,0,0,0,0,0,0,0,1.5217894895366828,0,0.8755340961476925,0.5144846862905101,1.112537531846801,0,0.6144922292644828,0.28381411838347725,1.518146758298419,0,0.9394740107129103,0.326198081111885,-0.4536904218007529,0,0.08693729833315311,-0.09556159569267608,0,0,0,0,-0.08818064877561627,0,0.10687011053199402,-0.1555954020475494,-0.10674286711593783,0,-0.06558284108431822,-0.20162822594868857],[-0.1841085079000857,-0.06935017970400903,-0.05048632988316726,0,0.15265114842626648,0.16741963050981745,0.3501347885782149,0,0,0,0,0,0.10692536515117812,-0.031163669187084686,0.2548603147354269,0,0,0.3260181414244414,0.33905162024393043,0.34121209135038466,0,0.1564709160369695,-0.09369733363885846,0.0613498729516353,0,0.17657863719952616,0.037716096745580074,0.16870929810226265,0,0,0,0,0,0.8622862747917512,0.8789200955882119,0.8716514327481342,0,1.1127695508147983,1.1190365272886602,1.096121938793745,0,1.230364358011439,1.2719271053847692,1.1962935836312525,0,0,0,0,0,0,0,0,0.49418095200319456,0.39691011892941397,0.553938684950797,0,-0.2102411675312137,-0.31068848874742283,-0.046540501560267344,0,0.47405844036549194,0.3264217167043437,0.5069405385056482,0,0,0,0,0,0.33971807151310607,0.37246610835205907,0.4010569974810565,0,0.3618738536553163,0.3187895759848107,0.4346494555310887,0,0.4931660660331172,0.3652510482921425,0.49212164024011784,0,0,0.1482321824805446,0.2391577927125672,0.09995784139427233,0,-0.2925936191317158,-0.8958232448071035,-0.6494671737520079,0,-0.014500929892681924,0.43520741958352627,0.09317509252744482,0,0,0,0,-0.28172771519026973,0,-0.0522002818878029,-0.07050837330529092,0.08629784089664572,0,-0.19505404578738705,0.3747428341276775,-0.13832931107488022,0,0.09187042417232139,0.2119612472368031,0,0,0,0,0,0,0,0,0.10056263867855808,0,-0.010102244483498168,0.24624103499582795,0.06457664795270812,0,0.04947145810431497,0.3209249753836967,0.301122936915311,0,0.09380208558374736,0.1874425919522933],[0,0.28955286107632894,0.16845236219835247,0.16733287133296848,0,0.28802225892870936,0.11226655175013711,0.18232775168822535,0,0,0,0,0,0.20918083881725646,0.10608579180229682,0.09356249926715954,0,0.08858688592903263,0.04943736467151538,0.005446473160324317,0,0.17227652235154345,0.011106373376321699,0.15977675816436054,0,0.25982024791076164,0.17268861642271816,0.17935483925334772,0,0,0,0,0.18794630128236012,0.5037726169278836,0.5652661074855505,0,0.36507845333115085,0.7079144402887261,0.7288172972351141,0,0.4973176627972098,0.9225572753876454,0.9825365048967392,0,0,0,0,0,0,0,0,0,0.24898239019206692,0.16364228917182366,0.18324988341738724,0,-0.001236275507137563,-0.19836620615279976,0.023994697930614706,0,0.22486737341951546,0.11332113820235357,0.16600004963687454,0,0,0,0,0,0,0.7189988594986438,-0.1529887334818607,0.5421994218622324,0,0.7381904736044405,0.003030689985610735,0.5525678403790799,0,0.7073070172645917,-0.13154125695030672,0.5304127205457725,-0.23720745455546854,0,-0.018989646776419455,-0.18526701826697156,-0.5789264677183361,0,-0.38404425172028755,0.010270149373921456,-0.16821822343902504,0,0.15320004496494377,0.150737998839082,0,0,0,0,-0.06550754960182914,0,0.07089263368769849,0.003275078345295057,-0.05801299841504637,0,-0.27998063890940017,0.3211951230275485,-0.017304395861539756,0,0.06255072194814693,-0.00474344053984499,0,0,0,0],[0,0.23365544487784007,0.1967706207161175,0.24007015512052376,0,0.14052060505150443,0.06175052683175508,0.17593846715794648,0,0,0,0,0,0.09741438303513839,0.11932477074773828,0.14741265573251638,-0.16993527626247573,-0.11136125073802994,-0.03792427839485768,0,-0.09536368305868859,-0.05313401958082764,-0.06532370930361253,0,-0.1368534837768305,-0.1480625073934636,-0.15640646774070133,0,0,0,0,0,-0.0119289777127225,-3.3912511826628133E-4,0.05171641003777161,0,-0.0022058490512950613,-0.07529944315122528,-0.03703604901631685,0,0.14914051824362318,0.0039589984124450694,0.19671274309481568,0,0,0,0,0,0,0,0,0,0,0.36839969399169803,-0.008300243644228544,0.41000420948086536,0,-0.07913117573258344,0.12944472616913139,0.03208001709923369,0,0.3280376577518638,0.046409110536488996,0.4417392653729877,0,0,0,0,0.3689039095964599,0,0.06621603952410382,0.31828480026621797,0.35068773391956576,0,0.09220127766090158,0.3273712688111594,0.35759910555531604,0,0.0993089507256073,0.299131552482768,-0.025223958439259953,0,-0.016997632089791992,0.0462299332885614,-0.23397121677519017,0,-0.2491206232064549,-0.0449437170527478,-0.03530444967868629,0,-0.004769016340725685,0.1045931836156484,0,0,0,0],[0.071695689641321,0.031343886845348834,0.11191695883448727,0,-0.07701176956801437,0.08394749555540404,0.06443942240252909,0,0,0,0,0,-0.0347908167018387,0.15518205110693284,0.07329340178961452,0,0.17407016698563726,0.14610403463873256,0.1919941338624751,0,0.06293821774311059,0.0614543258405007,0.06782478358985955,0,0.10420261047026802,0.025158771063299668,0.09005209363173039,0,0,0,0,0,0,-0.44824096235756183,0.015921765956675493,-0.40664722167572354,0,-0.09846401725964604,0.040542918863138766,-0.16102150032532236,0,-0.1999050383473282,0.08319990572444169,-0.32271725709887633,0,0,0,0,0,0,0,0,0.2273980733728287,0,0.08105983271329364,0.16869651232564387,0.06326249941907847,0,0.06822030376556842,0.03152936128944894,0.09485087526358349,0,-0.04083650932263172,0.08572296583452754,0,0,0,0,0.2991084039947527,0,0.42465232987176904,