{"modelSettings":{"letterOrder":"ACGT","bindingModeInteractions":[],"bindingModes":[{"fitLogActivity":true,"flankLength":0,"singleStrand":false,"size":10,"dinucleotideDistance":0,"componentName":"Binding mode 0","positionBias":false,"modifications":[]},{"fitLogActivity":true,"flankLength":0,"singleStrand":false,"size":10,"dinucleotideDistance":0,"componentName":"Binding mode 1","positionBias":false,"modifications":[]}],"letterComplement":"C-G,A-T"},"coefficients":{"bindingModeInteractions":[],"bindingModes":[{"mononucleotide":[0,0,0,0,0,0,0,0,0,0,0,0,0,0,0,0,0,0,0,0,0,0,0,0,0,0,0,0,0,0,0,0,0,0,0,0,0,0,0,0],"activity":[[-11.41097376177315]],"dinucleotide":[],"modifications":[]},{"mononucleotide":[-0.3439873027961844,-0.15141688221838967,-0.06039964590933655,0,-0.4917802437707679,-0.7364358320015989,-0.871839298657775,0,-1.5836697607447157,-2.456382982927506,-2.819953937740987,0,0,-4.849645089014204,-1.933788066593693,-3.4896597306720247,0,-5.095264938420848,-4.862657348351822,-4.371087910345504,-2.586337467073723,-2.2954350684806872,-2.4056116685935285,0,-1.2491518604488103,-1.325146785114618,-1.2174801565768951,0,-0.052170106916803016,-2.20613880524264,0,-1.8778957111759649,-0.770626445032379,0,-0.23660731217654396,-0.2598107000099419,-0.7147671303862015,-0.27418613292785343,-0.8979039640960416,0],"activity":[[0]],"dinucleotide":[],"modifications":[]}]}}
