{"modelSettings":{"letterOrder":"ACGT","bindingModeInteractions":[],"bindingModes":[{"fitLogActivity":true,"flankLength":0,"singleStrand":false,"size":10,"dinucleotideDistance":0,"componentName":"Binding mode 0","positionBias":false,"modifications":[]},{"fitLogActivity":true,"flankLength":0,"singleStrand":false,"size":10,"dinucleotideDistance":10,"componentName":"Binding mode 1","positionBias":false,"modifications":[]}],"letterComplement":"C-G,A-T"},"coefficients":{"bindingModeInteractions":[],"bindingModes":[{"mononucleotide":[0,0,0,0,0,0,0,0,0,0,0,0,0,0,0,0,0,0,0,0,0,0,0,0,0,0,0,0,0,0,0,0,0,0,0,0,0,0,0,0],"activity":[[-12.465380014469156]],"dinucleotide":[],"modifications":[]},{"mononucleotide":[-0.21959673625709097,-0.286992703754132,-0.18261163844169737,0,-0.37627727717236903,-0.6260640515708964,-0.8041706762115903,0,-2.1313622319422683,-3.521112243392789,-4.079023545332751,0,0,-6.084336117932464,-2.5001492942005585,-5.275667601566606,0,-7.243213942010344,-6.4288780964888925,-6.881553500732224,-2.5473614776637943,-3.965675253556915,-1.9436520983782675,0,-1.8284830850119969,-1.6459732361247346,-1.9097109286550369,0,-1.0094069660500762,-2.7222137094604975,0,-2.349465973851945,-0.4046324384474467,-0.10146008872186707,0,-0.7519950744588377,-0.5083483600612757,-0.07253118579962115,-0.37095005119453495,0],"activity":[[0]],"dinucleotide":[[0.10244776460259297,0.4963604325292921,0.062482121887950104,0,0.14039086777326792,0.23539793671904796,0.37417367834439785,0,0.47150607516695153,0.3998697572198595,0.17587278871413226,0,0,0,0,0,-0.427738369364695,-0.005879625890035101,-0.5367768643019577,0,0.1788007125523503,-0.1016340199755783,-0.09580752281165417,0,-0.13910338341665884,0.0827826803363223,0.18491244707575838,0,0,0,0,0,0,0.9600735130672993,1.017313091878548,1.084718985561608,0,1.0611618562269953,0.862244954719487,1.0187426398902621,0,1.253382695209945,1.096597782593916,1.2512558082514253,0,0,0,0,0,0,0,0,0,1.6787044417750288,1.47642242226277,1.6093660094683937,0,0.8576219479921576,0.5444333668534149,0.7818565129872326,0,1.4279593577356628,1.2085100549347843,1.3527149884240117,0,0,0,0,0.9356441814747711,0.8734429605965861,1.1314006130273526,0,0.8731599526235208,0.7950007184344781,1.084845608045999,0,0.8476827112544179,0.8169964729777046,0.9729617696305208,0,-0.43552977227515477,1.3559827016661394,-0.5413754962464346,0,1.2092240937365037,0.6425276656919632,0.6546732708510827,0,-0.9795711107989602,-0.32460647479689886,-1.4741513182585306,0,0,0,0,0,0.09077574076304185,1.0371005794702137,0,0.9207757199403526,-0.30504283841548485,-0.09522994693448616,0,1.030802733361762,1.0802163922079862,1.2144449096896563,0,1.1452403381243306,0,0,0,0,-0.5806022418136618,0.7008124859274076,0,0.4041530721836679,0.2545670708747876,-0.2840146291508079,0,-0.049991993695350345,0,0,0,0,0.1215109083366368,-0.3654609175324106,0,-0.388489563389407,-0.4630711889531334,-0.008775019262228234,-0.062369497245608585,0,0.0016566051612207922,-0.1394642054056967,-0.35871873697589285,0,0,0,0,0,0.11361445277830517,0.10555964937694817,-0.1332348833011907,0],[-0.34107714566851666,0.040706380986998525,-0.3839963841102465,0,0.010389752870530344,0.2875446635803103,0.09204117331968753,0,-0.12441103469080783,0.09114348038613862,-0.2375534834021238,0,0,0,0,0,0,0.2649057797618415,0.3299102103619882,0.28532204078055656,0,0.024504359942442377,-0.1857109745751755,-0.16553916570685168,0,0.08386687431755746,0.0036461574168349387,0.15660721041848547,0,0,0,0,0,0.9510125923722264,0.9956814763226438,0.9621612352413784,0,1.1388583707934892,1.1844932044268983,1.13578115865932,0,1.3366170517650175,1.5060107277669985,1.3475464449825676,0,0,0,0,0,0,0,0,0.40916374480789486,0.33863601192532755,0.43427652144926654,0,-0.40729656055528096,-0.5201849919977342,-0.3215698681789281,0,0.3057332902041754,0.1642849346041757,0.33234134054654696,0,0,0,0,0,0.2999393335591556,0.34421347132791524,0.3299579487735542,0,0.2493671307288814,0.1522917285854275,0.3499917537100048,0,0.4969015003135091,0.3657832025574521,0.5206924772741424,0,-0.1616680468233902,-0.02446193837607158,0,-0.1894470787760456,1.1025689189843502,0.7220732889972439,0,0.19513513122697468,-0.4382877927454212,-0.6956429202956578,0,-0.5016911862829501,0,0,0,0,-0.28796834181371356,0.016828909249619883,0,-0.015496759676580929,0.29698962978781474,0.23156517746746808,0,0.6655925838994703,-0.2738569347403885,-0.14873291614796447,0,0.12581799490353873,0,0,0,0,0.3508741483480433,0.39548667460032183,0.4285295204375985,0,0.12207493341313302,0.11367269236373811,-0.06115467586187595,0,0,0,0,0,0.4512242098783954,0.1836903619734711,0.17286322846779623,0],[0,0.02596071318710713,0.07822745992189706,-0.03906009750603623,0,0.014695513683648187,-0.020787775209922366,0.0056509445835963845,0,-0.3001525871956616,-0.12424921535790912,-0.08057543481871221,0,0,0,0,0,0.11927271696719544,0.021966500318024273,0.00885962621007863,0,0.11012204662823244,-0.11393775249602278,0.11957762099173586,0,0.2969319257282734,0.12789254178746212,0.24565121708998738,0,0,0,0,0.16741853093364512,0.5147421102894008,0.4886201705505284,0,0.35269273601920936,0.7668868199449115,0.608051522617961,0,0.554247123883659,1.095947766536412,0.9633856499600952,0,0,0,0,0,0,0,0,0,0.2468765707887446,0.12041023290480446,0.05538407244706356,0,-0.1455447115594133,-0.3119931795441948,-0.1804216044855842,0,0.23940794717416303,0.04156881546045277,-0.017930537588988216,0,0,0,0,0,0.2516178596860641,1.02640723326593,0,0.7603561933334202,-0.002978518508559347,0.7777276179439188,0,0.5299558564242091,0.23225589247940093,0.9770710955683946,0,0.7355172432037715,-0.2318979121779705,0.013163873509843604,0,-0.23079414012087351,-0.3037506587440353,0.39220439501599325,0,0.44572808744151615,-0.4358608706903562,-0.16961473539297334,0,-0.001349067768148693,0,0,0,0,-0.05379154464219926,0.022974018282678088,0.0822669977822299,0,-0.4629390348840632,-0.4195820064120772,-0.764660947218613,0,-0.07444464370319803,-0.021139523269695815,0.01869678477225989,0,0,0,0,0],[0,0.0961942996179097,-0.02317771751972053,-0.008596362787596235,0,-0.021498055036893504,-0.1322989398032952,-0.06101215618541822,0,-0.11427231095421142,-0.15224076151767996,-0.20330750420566446,0,0,0,0,-0.16329373345641773,-0.1661970546142797,-0.0814198169031819,0,-0.21031563059612957,-0.1191702114601112,-0.20928824856629458,0,-0.1859403772676398,-0.15708811260595823,-0.26640314338503135,0,0,0,0,0,0.0673582010950522,0.10056271542369455,-0.028262077174690425,0,-0.07940890353882057,-0.1465640712221754,-0.22097653350083046,0,0.2577770690480339,0.10792217221063716,0.1936221809614196,0,0,0,0,0,0,0,0,0,0.05254236270402757,0.37144325968843184,0,0.554532773357252,-0.009524912788346995,-0.29274625794730813,0,-0.10338688217071557,-0.009232759910325683,0.2670987844069277,0,0.720223925632304,0,0,0,0,0.39028466225609115,0.004210312774423741,0,0.3499858389216737,0.366459071846462,0.010099911355833768,0,0.40184770475526044,0.32020882125154415,-0.059205922595714,0,0.2983739278983002,-0.13195417817805666,-0.04312184056938051,-0.1534954184904489,0,-0.2878025568624256,0.03085710907331851,-0.2487936187866353,0,-0.22081281220748217,-0.10667723362848935,-0.20239570153929431,0,0,0,0,0],[0.1659966215505495,-0.10809574485621987,0.03729388783475418,0,-0.079144347138838,-0.08871901385746561,-0.03612466165088346,0,0.01764603761881922,-0.1368002477106378,-0.08217021321781459,0,0,0,0,0,0.09369134795751588,0.10989127751864025,0.12556179719175553,0,-0.06228494762341619,-0.011411375053563155,-0.05182982979805573,0,-3.587527487258768E-5,-0.02672477296152298,-0.024081376826973866,0,0,0,0,0,0.08098921873600329,-0.3326821195161491,0,-0.3656362974955938,0.03426784525993831,-0.04693346104515328,0,-0.23982288686509712,-0.022124669476173864,-0.2040048522696516,0,-0.3576528740576368,0,0,0,0,0,0,0,0,0.18187068671108797,0.06720759961893563,0,0.16716285494434047,-0.0028666795801042255,-0.014708527447441888,0,0.040385415731547525,0.17730371542972634,0.2334751119084686,0,0.24842444958433774,0,0,0,0,0.1733055787592459,-0.1359313851605517,