{"modelSettings":{"letterOrder":"ACGT","bindingModeInteractions":[],"bindingModes":[{"fitLogActivity":true,"flankLength":0,"singleStrand":false,"size":10,"dinucleotideDistance":0,"componentName":"Binding mode 0","positionBias":false,"modifications":[]},{"fitLogActivity":true,"flankLength":0,"singleStrand":false,"size":10,"dinucleotideDistance":0,"componentName":"Binding mode 1","positionBias":false,"modifications":[]}],"letterComplement":"C-G,A-T"},"coefficients":{"bindingModeInteractions":[],"bindingModes":[{"mononucleotide":[0,0,0,0,0,0,0,0,0,0,0,0,0,0,0,0,0,0,0,0,0,0,0,0,0,0,0,0,0,0,0,0,0,0,0,0,0,0,0,0],"activity":[[-11.442425735376936]],"dinucleotide":[],"modifications":[]},{"mononucleotide":[-0.28197929310206904,-0.42101988973891347,0,-0.1013502870820302,-0.2197320389220243,-0.6927465535388762,-0.9664633186479583,0,-2.9120729915594303,-4.022808102581848,-5.0784677452075435,0,0,-6.536315133742766,-3.173037406763049,-6.320398273109433,0,-7.37372402981412,-6.891353293396037,-6.97256997076898,-3.24176511098832,-3.7535637054347326,-3.2993300727519204,0,-2.01214230508758,-1.894612250791012,-1.6795078128286964,0,-0.10037986000818622,-3.0177701097324547,0,-2.2823499576157307,-0.7651405574637518,-0.04803474601536184,0,-0.516241215465322,-0.6914996921402765,-0.08735823913733043,-0.7670135953772292,0],"activity":[[0]],"dinucleotide":[],"modifications":[]}]}}
