{"modelSettings":{"letterOrder":"ACGT","bindingModeInteractions":[],"bindingModes":[{"fitLogActivity":true,"flankLength":0,"singleStrand":false,"size":10,"dinucleotideDistance":0,"componentName":"Binding mode 0","positionBias":false,"modifications":[]},{"fitLogActivity":true,"flankLength":0,"singleStrand":false,"size":10,"dinucleotideDistance":10,"componentName":"Binding mode 1","positionBias":false,"modifications":[]}],"letterComplement":"C-G,A-T"},"coefficients":{"bindingModeInteractions":[],"bindingModes":[{"mononucleotide":[0,0,0,0,0,0,0,0,0,0,0,0,0,0,0,0,0,0,0,0,0,0,0,0,0,0,0,0,0,0,0,0,0,0,0,0,0,0,0,0],"activity":[[-12.539184319550122]],"dinucleotide":[],"modifications":[]},{"mononucleotide":[-0.5992445121103347,-0.7272680182341067,0,-0.5038731932645866,0,-0.48293871075423356,-0.8220546767821459,-0.352620376396684,-3.001507086743679,-3.524853239073968,-5.312791870757281,0,0,-6.26692307641813,-2.0491442342865605,-5.741085975468777,0,-11.899281580683263,-12.56573538126219,-10.590583402644235,-2.6115609383713503,-4.644205810951557,-1.9992315400691276,0,-1.8601299742566222,-1.9378692627724337,-2.04021612372351,0,-0.5032835913133109,-2.6725778086120835,0,-2.1821376536160995,-0.3530230087150166,-0.44332437232033994,0,-0.6359163833773782,-0.3662232300060255,0,-0.273600632463898,-0.059143106449408345],"activity":[[0]],"dinucleotide":[[0,0.6247223639372419,0.27509056325926284,0.6436909915301663,0,0.2342650287464787,0.6359566997095727,0.4759251958260369,0,0,0,0,0,0.15088396697976725,0.3430530905621456,0.629116787761379,0,0,0,0,0.6882819687053185,-0.08887562105498859,0.36021897815320436,0,0.29863679711699387,0.09234840000559608,0.9166782134100533,0,0.6964806158592873,0.08687703415585712,0.7101846446441762,0,0,0.43496752068828926,0.985428007487446,0.38225393383461537,0,1.2331148311528395,1.0343901896307255,1.0362821303703704,0,1.1461003415635815,1.0271228986872494,1.1778089963470677,0,0,0,0,0,0,0,0,0,0.8774076585532491,1.335434478246448,-0.57371222841509,0,-1.4361541930250095,-1.1354036418345395,-2.710155103643661,0,0.10231084484968633,0.19632787774318317,-0.8020215823463452,0,0,0,0,0.44866208287007936,0.25645660572736517,1.0440771183534459,0,-0.04723873832452341,-0.5351088352087174,0.8382176941870956,0,1.0335066718925923,-0.8695859429672375,1.6561782617965992,0,-0.5391562517960331,1.5016800260087586,-0.5877173855091531,0,1.7984401350268246,0.8199185635523261,0.9553280719136978,0,-0.9303683447832363,-0.4195998787445374,-1.5783885210602033,0,0,0,0,0,-0.290257547801164,1.0328380015837646,0,0.8528484333911246,-0.7043285366623238,-0.24332390304766705,0,1.2204789911061917,1.0400902795680471,1.3160255559279013,0,1.0814842793690325,0,0,0,0,-0.7719210952440121,0.8619141457833637,0,0.5685955460368244,0.4777076089016177,0.03626204775877184,0,0.03840916920648496,0,0,0,0,0.26112681894722467,-0.2716447693842321,0,-0.293528891988017,-0.4930476885674868,0,0.06453351665939877,0.05495814807995192,-0.03446342395342983,0,-0.435738492884858,0.07864938876576533,0,0,0,0,-0.106624242453766,0,-0.3609945099273073,-0.1256137618412687],[-0.3155264074290445,-0.25800368090296466,-0.2668249891401615,0,0.21342287091070045,0.1969418256251263,0.473678598609764,0,0,0,0,0,0.1918543866148772,-0.15354220373047767,0.36536972163840353,0,0,0,0,0,0,-0.6628895849024996,-0.7058487018361328,-1.0010838461193874,0,-0.6274914576014936,-0.3807040596243514,0.017283124414325002,0,-0.7407920428193719,-0.45391782861854946,-0.8944803964141013,0,5.257891456975861,5.163212442162775,6.120737687106393,0,2.4957843164962306,2.4532229554091387,2.740329396365061,0,4.090675848082379,4.7537710744443125,5.558480982740928,0,0,0,0,0,0,0,0,-0.11859566151701806,0.1186075128943056,-0.3493440797327789,0,-0.565775381491294,-0.521053690783102,-0.6381608442730569,0,0.7533505835516063,0.27441866088700984,0.4436895327826811,0,0,0,0,0,2.7616796831747354,1.6335315867176323,2.9331998820721186,0,3.4626111773015467,1.1374154664644038,3.384203735024503,0,4.014179081759165,0.8812064099013952,4.037372488754357,0,-0.20065367870869988,-0.2602502144333352,0,-0.7243458656899726,1.4975364807419398,0.5553450298287217,0,0.06431596523774985,-0.6239210438078997,-1.0797944906083057,0,-0.6688849366623062,0,0,0,0,-0.4210400065436226,0.19400583627480605,0,0.08469117824524197,0.2202130808373557,0.33428339274638574,0,0.8343180727622115,-0.2437584176092802,0.17920470725971427,0,0.31984090202827,0,0,0,0,0.016973007884351965,0,0.14884409232619156,-0.41728585287042286,0.012305631292605312,0,-0.3609107569786483,-0.1645321813609204,0,0,0,0,0.21754033927919636,0,-0.1738259171256935,-0.27585740563679373],[0,0.7020658163111264,0.21228744715146508,-0.11678157038547887,0,0.48097712275402316,0.10266582089677101,-0.4010540832292424,0,0,0,0,0,0.5444897377383775,0.12434061184077283,-0.361988925172545,0,0,0,0,0,-1.0909295633661404,-0.5866662056354048,-0.8996243094394867,0,-0.724805829257809,-0.569480818187067,-0.8640651642249217,0,0.7742779411686875,0.6257601264495989,0.972029583260765,0.21990293957141027,0.7104684523271505,0.6414805830785131,0,0.19831599280643708,0.912733891806444,0.3840317244084357,0,0.42507528199076283,1.1023200929500963,1.0937569804610536,0,0,0,0,0,0,0,0,0,-0.2590675971339902,-0.09128190204445374,-1.1565882114965262,0,-0.32832568705151743,-0.4887773898051897,-0.4740566464694238,0,0.12685920627515834,0.4121985045616796,-0.3665856140575805,0,0,0,0,0,-1.008648435047375,3.2548445651145563,0,1.812426894748672,-0.5619007920394488,3.5801609333950033,0,2.3867940390629343,-0.9896555657450001,2.7593813918893773,0,1.2860678327433988,-0.3917988751926149,0.12206160455195025,0,-0.3457156972843993,-0.3605971315539369,0.24053313753796068,0,0.399218513206117,-0.5582395314991864,-0.3775913584187327,0,-0.14789512744102495,0,0,0,0,-0.05303552478596574,0,0.21135156769189378,0.10679876146059009,-0.021474227471298235,0,-0.38792230762388336,0.5024750475718447,-0.08991485622536999,0,-0.023296040472432722,-0.006844107901915919,0,0,0,0],[0,1.2001123605362771,0.7301158511300372,0.8300357415836519,0,0.5565627377544882,0.40262899914238304,0.33458239237366705,0,0,0,0,0,1.037859943623502,0.6946411194829647,0.9376632168608339,0,0,0,0,-0.1345574109715857,0.025739363652496294,-0.283042466590504,0,-0.0020792653351895396,0.046091930861454244,-0.29462835973751833,0,0.38921309918181013,0.30720425355474035,0.1999166992525767,0,0.15495082017500117,0.15183652198180653,0.2343646409246407,0,-0.15587951218238238,-0.25737762954580923,-0.47001148921068037,0,0.48058768805386975,0.22013243482019007,0.42646431371438354,0,0,0,0,0,0,0,0,0,0.56412605262173,0.4533486913342042,0,1.6207641715773669,-0.07107456383999988,-0.5075354952904885,0,-0.11193134954880968,0.2298126952049797,0.22593179901317662,0,2.33589577340873,0,0,0,0,0.43564420218074495,0.6361595689898536,0,0.8075918829936626,0.5775072787590005,1.4009747677858648,0,1.4439739340667437,0.6663546020743603,1.0294157826379369,0,1.2537820297547029,-0.14925829532789425,0,-0.2684647117005312,0.06317071240688232,-0.43730127150608755,0,-0.5290388015878236,0.06771278918629342,-0.06708176265406074,0,-0.11431909985517752,0.17632384975123583,0,0,0,0],[0.19260628979952,0.1471855311773549,0.1845135829072193,0,-0.14375792361811168,0.07778601222132764,-0.015144055530539546,0,0,0,0,0,-0.05982650690674962,0.18729829727370628,0.03466845115350292,0,0,0,0,0,-0.1882193360162372,-0.17382601950880794,-0.28491761884270606,0,-0.15611343351908946,-0.16758060247937046,-0.1882703396677874,0,-0.03409669706476137,-0.08398950804829308,-0.0901611458568965,0,-0.078640762474679,-0.10151542481298925,0,-0.4349418179232565,0.15395444033628003,-0.26598480825970583,0,-0.06633911891010946,-0.028832988286326078,-0.0620966226196451,0,-0.5482597764550761,0,0,0,0,0,0,0,0,0.3973937117833932,0.399590303772305,0,0.6508939639926687,-0.1024001727255035,-0.09126981742141016,0,0.0038073700257958976,0.42838714781240306,0.8614316652788361,0,0.9534988890596026,0,0,0,0,-0.23002479314123292,0,0.367832828654576,0.3029034169294995,-0.5165471993408914,0,0.1799003252103759,-0.05588327618854727,