{"modelSettings":{"letterOrder":"ACGT","bindingModeInteractions":[],"bindingModes":[{"fitLogActivity":true,"flankLength":0,"singleStrand":false,"size":10,"dinucleotideDistance":0,"componentName":"Binding mode 0","positionBias":false,"modifications":[]},{"fitLogActivity":true,"flankLength":0,"singleStrand":false,"size":10,"dinucleotideDistance":10,"componentName":"Binding mode 1","positionBias":false,"modifications":[]}],"letterComplement":"C-G,A-T"},"coefficients":{"bindingModeInteractions":[],"bindingModes":[{"mononucleotide":[0,0,0,0,0,0,0,0,0,0,0,0,0,0,0,0,0,0,0,0,0,0,0,0,0,0,0,0,0,0,0,0,0,0,0,0,0,0,0,0],"activity":[[-12.787273570569328]],"dinucleotide":[],"modifications":[]},{"mononucleotide":[-0.18705446705648576,-0.39636099744362774,-0.2200311106968389,0,-0.47977954902785847,-0.8342249082911906,-1.0293505533206933,0,-2.346129233541853,-3.8434291476940663,-4.326546846908049,0,0,-6.308488549561581,-2.8452181884306436,-5.598490304339351,0,-7.255133295738154,-6.552410846981601,-7.022894547227486,-2.831704058987923,-4.236517507877957,-2.407268595681497,0,-2.026062604346711,-1.897999282023136,-2.22255880285939,0,-0.8197028545182334,-2.87068102963536,0,-2.474634815445472,-0.36320386986534814,-0.004670223851825028,0,-0.6857614117544983,-0.604969041317462,-0.08569725927682548,-0.5170456241611134,0],"activity":[[0]],"dinucleotide":[[0.0750014656184792,0.4874007247641643,0.06437417339385831,0,0.148743987068908,0.27098610648728183,0.38966602545197127,0,0.48634097221367156,0.3967321164199973,0.18172499123978803,0,0,0,0,0,-0.3667210168970705,0.013924653724701308,-0.5040105273169466,0,0.2637701542527644,-0.00925362428309029,0.02838084850092404,0,-0.025074827733945426,0.1463874060862249,0.2983833505084972,0,0,0,0,0,0,1.0381095220353824,1.1175668126900442,1.1574219034008753,0,1.1836154919182196,1.0312210369822798,1.1649234725691535,0,1.386206249252993,1.2605162789123252,1.378259891251881,0,0,0,0,0,0,0,0,0,1.6611396491608517,1.504782440367638,1.6128863999047418,0,0.8857978552453005,0.660537756159389,0.8394366966905018,0,1.439730884287215,1.2718786353864697,1.375261661470276,0,0,0,0,1.0091696018941807,0.990364004296012,1.2393517243740817,0,0.9247222073598031,0.8671298374579628,1.171459891579306,0,0.8645570707570744,0.8852435595108936,1.053057609107448,0,-0.3853565158556229,1.4806422181188035,-0.3215997498011278,0,1.3164102179930852,0.7881551342305251,0.7714395257147739,0,-0.7443624385192713,-0.13473776206037158,-1.1732065711295894,0,0,0,0,0,0.03884511966859705,1.0724773250471547,0,0.9324416667170681,-0.3236527391664117,0.011265579673066739,0,1.1168853671902461,1.0191208519919872,1.2888945647477712,0,1.1828741199489823,0,0,0,0,-0.6319175672902482,0.6892645950149614,0,0.4152900562716795,0.23786266051952332,-0.3127881320449104,0,-0.04956251870345252,0,0,0,0,0.11318445811709754,-0.35725610343156067,0,-0.36330361597623906,-0.46549337110878497,-0.05448832240632839,-0.08531024273660037,0,0.003799774204621187,-0.14914993366171636,-0.352750510094733,0,0,0,0,0,0.08281918026679502,0.07131536415954898,-0.16695792900755446,0],[-0.385983542103169,-0.0055222247448050155,-0.4153913441677499,0,0.047937855710550537,0.3038057819807296,0.15071659632834233,0,-0.1196513876669485,0.10693560387776913,-0.22205479293041996,0,0,0,0,0,0,0.3469677094508512,0.3660059852094104,0.37145815696958273,0,0.1515149063850565,-0.09978893512519882,-0.023970551507050963,0,0.24053888649312327,0.11733433604563892,0.2701706484296471,0,0,0,0,0,0.9764898648725229,1.0338896427156232,1.0275183052143486,0,1.175608759783703,1.2337852678108803,1.210124772337295,0,1.3487694985061296,1.5170373165762427,1.39039952300228,0,0,0,0,0,0,0,0,0.5362123557841265,0.48019298182502723,0.5952117600648759,0,-0.190061949064126,-0.276676370028234,-0.03303424192383364,0,0.45824259341154416,0.351940525563764,0.5061614196940312,0,0,0,0,0,0.3338073943200399,0.3726183491563688,0.36170692644767755,0,0.29742857710374615,0.22953362627471385,0.4067284558894375,0,0.5384200993505193,0.41904379953519744,0.553496136294406,0,-0.22016266191153466,0.030268758549083508,0,-0.13590929166515586,1.029990566402339,0.8258924247812072,0,0.27757090354099745,-0.45743336719517025,-0.4909609325623334,0,-0.39379613888529885,0,0,0,0,-0.28776138631450365,0.015932004196876015,0,-0.023624677502425584,0.30684030464208245,0.2100120381738222,0,0.6249706262891221,-0.2588165780817935,-0.1598352088201036,0,0.1161451061833283,0,0,0,0,0.3134545985886428,0.3478945178804924,0.3800684210277101,0,0.1467298555090375,0.11070625035687254,-0.0332330162493637,0,0,0,0,0,0.4510255024609702,0.16114509198726967,0.21184672581542596,0],[0,0.07174978405755894,0.05039162548164278,-0.01779918810403469,0,0.1037249538217484,0.04196394735372877,0.09681906577234489,0,-0.20589848281376533,-0.11745383269275322,-0.059820575958451805,0,0,0,0,0,0.19402510090658698,0.0873022079186887,0.04337775623452966,0,0.18491920502839765,-0.0013634063982914668,0.1849256259522205,0,0.39539827847978337,0.293676517310983,0.3299601909244121,0,0,0,0,0.2756784869932263,0.6476433473830197,0.6810350356278061,0,0.5288701628881869,0.9300773101701338,0.8592601958683623,0,0.756994328706778,1.2311912049984102,1.1931317115909987,0,0,0,0,0,0,0,0,0,0.31894318641883324,0.19568809986548352,0.1712367426620176,0,0.021738134474387216,-0.17403004670625943,0.03279187107184356,0,0.256314251307435,0.14426244465288285,0.1122198750811032,0,0,0,0,0,0.2377903012603948,1.0323890316745725,0,0.7669258902860268,0.004016603130241769,0.8113533398128325,0,0.5438824314779751,0.20277843421724207,0.9680170410902562,0,0.7083387249990256,-0.30514262319379437,-0.022631858649018177,0,-0.2790366716877237,-0.2895918033333844,0.34511631627430184,0,0.44265770521112113,-0.43897950350314296,-0.20893141777392366,0,-0.039987123735328645,0,0,0,0,-0.049993208406404754,0.008391477331707975,0.09815715429311744,0,-0.4133058653831858,-0.3935511641624023,-0.677638686810293,0,-0.009433192148543768,0.018223576354670534,0.06017609897112397,0,0,0,0,0],[0,0.15467670756345697,0.03150056405105328,0.057339919651330895,0,0.06680741929330924,-0.0635007268976393,0.002093672348970621,0,-0.0566455773654182,-0.12905913525092316,-0.14842610624977848,0,0,0,0,-0.16026223161963138,-0.1299699246193704,-0.054568537211165946,0,-0.1811433387631496,-0.028864285742584705,-0.10540223495912748,0,-0.11742522378429854,-0.042705475451318975,-0.12987734551440155,0,0,0,0,0,0.12319089161367547,0.1771251421982809,0.14104686536868538,0,0.10729527414346673,0.02589279329836458,-0.005002061656670165,0,0.36800999863375417,0.21667289249585853,0.37562830144983117,0,0,0,0,0,0,0,0,0,0.00828265462574862,0.4400590580671597,0,0.5322870718003543,-0.08706688700250531,-0.1540568739994086,0,-0.041155843984847174,-0.07712211918065126,0.31339588378882155,0,0.5809497883541956,0,0,0,0,0.3597469673107785,-0.07960993665939053,0,0.30213573372953295,0.31778667376989667,-0.04378947538576217,0,0.34628729476687337,0.2954733457361458,-0.05720346406925536,0,0.2679563144252741,-0.09184772964787058,-0.03628012053301699,-0.06686339334788283,0,-0.24764760110371764,0.04036409572119837,-0.18466898812607102,0,-0.1590705285150733,-0.0760600251982817,-0.13586526364966023,0,0,0,0,0],[0.1206981145923951,-0.15070053569615105,0.014213486310625356,0,-0.03923445862251995,-0.05682860897155706,0.0027228629002049587,0,0.03043950150709307,-0.1445637366674415,-0.05216824045585611,0,0,0,0,0,0.12196094021240533,0.1292710193691633,0.15208939253961518,0,-0.0046262503684868506,0.05709695816042348,0.018092054255721024,0,0.08630488162643957,0.06502724799332782,0.07333730547793671,0,0,0,0,0,0.021640421435233037,-0.3472486204093439,0,-0.3269541136404168,-0.052432719489248214,-0.02225557604688433,0,-0.16723873480822693,-0.0749802261537793,-0.09104082734264995,0,-0.25048905439442937,0,0,0,0,0,0,0,0,0.15244017402380905,0.04452071706464977,0,0.12747447218330166,0.008989195527703941,-0.024884272988098033,0,0.04274841924103523,0.10461372489135545,0.21762781735360814,0,0.1885790142413244,0,0,0,0,0.11328966625820858,-0.20564376401678786,0.25485849637520896,0,