{"modelSettings":{"letterOrder":"ACGT","bindingModeInteractions":[],"bindingModes":[{"fitLogActivity":true,"flankLength":0,"singleStrand":false,"size":10,"dinucleotideDistance":0,"componentName":"Binding mode 0","positionBias":false,"modifications":[]},{"fitLogActivity":true,"flankLength":0,"singleStrand":false,"size":10,"dinucleotideDistance":10,"componentName":"Binding mode 1","positionBias":false,"modifications":[]}],"letterComplement":"C-G,A-T"},"coefficients":{"bindingModeInteractions":[],"bindingModes":[{"mononucleotide":[0,0,0,0,0,0,0,0,0,0,0,0,0,0,0,0,0,0,0,0,0,0,0,0,0,0,0,0,0,0,0,0,0,0,0,0,0,0,0,0],"activity":[[-13.325066185439473]],"dinucleotide":[],"modifications":[]},{"mononucleotide":[-0.4005702968949407,-0.4039341334989164,-0.19224712287240386,0,-0.7216996729295655,-1.0495840584703657,-1.2624956565777294,0,-2.6655812886320085,-4.420611843421611,-4.593503999327043,0,0,-7.208554845657823,-3.1429755814497415,-6.274487967892036,0,-8.298226603124341,-7.380850198501645,-8.226120714129788,-3.2445005705129795,-3.179665049405523,-3.472215314032802,0,-2.027690997059211,-2.703136613504701,-1.3746830766357423,0,0,-3.63907253562995,-0.3003680595123628,-3.0522052601538947,-1.7695147696414208,0,-0.832683211664293,-0.7875049144435069,-0.3224503040479805,0,-0.5781064989623785,-0.16868892098916177],"activity":[[0]],"dinucleotide":[[0.21025749442929964,0.5526534879449301,0.1289741000368929,0,0.19522224956558976,0.3942796879995356,0.6731391428391831,0,0.6602175019095453,0.5546196000365282,0.3752111335142061,0,0,0,0,0,-0.4876271415650244,0.1599304879895822,-0.5535796273266316,0,0.27030502253828104,-0.22655938567960732,-0.10030377255222334,0,-0.29748534068344323,0.23780268761610035,0.19837816525786423,0,0,0,0,0,0,1.0012806013759459,1.130736263659478,1.2572719533188232,0,1.2351266109703225,1.1007684359512417,1.053800785258396,0,1.2890342995719415,1.0843139482343211,1.2620378455392327,0,0,0,0,0,0,0,0,0,2.061635407972851,1.7992797530948508,1.9152690569521482,0,1.1663368891208528,0.8260645554851962,1.0111887877319994,0,1.7628275139923986,1.485608714896113,1.591611499713224,0,0,0,0,1.0586722604477714,1.0345082783912165,1.3575188371822442,0,0.82847750862474,0.7598614068087919,1.1103101387871952,0,1.049478466633154,0.9980046520323693,1.2467671526491628,0,-0.7014401626015818,1.631193417542657,-0.7033721557652317,0,1.5892378733433619,0.8394862916704264,1.0166322774533416,0,-1.260560127415804,-0.3800258433177355,-1.6066141655587485,0,0,0,0,0,0,1.1851378506894,-0.002088190945053192,0.9257463737542384,0,0.19234959919084105,0.33047132353159725,1.454735678485819,0,0.28756411498849666,-1.1667588985164317,0.004517562466525682,0,0,0,0,0,0,0,0,2.2530492756612714,0,1.1060804136422626,0.6163473911609065,1.612609084524169,0,0.8602516211036124,0.33910483726631124,2.2037319160397058,0,1.2858544753454773,0.4366096522468714,-0.8255417020399554,0,0.37330828637004565,-0.22877784406881574,0,0,0,0,-0.16335723824138482,0,0.4659813903844441,-0.07090638681666972,-0.23692133140995875,0,0.09783800373648788,-0.2610894800034207],[-0.3378817326705281,0.1324994977667533,-0.28783869370157156,0,0.09364220156227177,0.5086800179726669,0.042270233241119115,0,-0.058743928504312315,0.1468548068435247,-0.426806536345234,0,0,0,0,0,0,0.4985708993717939,0.4442098781852639,0.6788224739271964,0,0.3261717375740991,-0.192983649623228,-0.31343334882273766,0,0.3344152450981426,-0.07459683918366888,0.16358118764329532,0,0,0,0,0,1.2225090351826076,1.6237290033447103,1.258279399979056,0,1.569197048945675,1.8655760676040885,1.4906467499897786,0,2.0986939210406703,2.862383183982022,2.0579256052349457,0,0,0,0,0,0,0,0,0.4022090878363258,0.39344584894901047,0.5149176836808813,0,-0.5889143196089179,-0.6710634911972662,-0.29598817053794235,0,0.2320229373233964,0.16991652955701397,0.4128348105488726,0,0,0,0,0,0.28562541323415047,0.38649277003069216,0.5195822241488504,0,-0.03495295241035734,0.09411265460631668,0.1403882625728663,0,0.5157787567054442,0.48701244391326526,0.5396438490002691,0,0,0.30510454926353603,0.4059375832650032,0.012746793147812241,0,-0.27200411726741436,-1.0899146084119762,-1.1636032758561168,0,-0.052448806702251716,0.7063724572369647,-0.14499067823172496,0,0,0,0,-0.4169659851763692,0,0.21351441476346267,-0.005547379106209505,0.13419634009293802,0,-0.24872055812983085,0.4788868580963106,-0.09834828519147809,0,0.19639876706409964,0.1911573645555169,0,0,0,0,0,0,0,0,-0.07843686693056728,0,-0.38039193234065216,0.15693464044905525,-0.10950571084023508,0,-0.16545891105171506,0.3941872992505848,0.16369446402865684,0,-0.29710030760795725,0.08329878130039337],[0,0.05806266524585624,0.08838559834741844,-0.06978415146435069,0,0.16190916622304208,-9.642613737721462E-4,0.4046514694445502,0,-0.13232524651843214,-0.11957308214861406,0.259279438330152,0,0,0,0,0,0.19204714709626813,-0.14820162416317473,0.06094207005692809,0,0.19886435377662082,-0.2228113617904235,0.24845243265696837,0,0.465002824566767,0.17705221299665297,0.43573820136784747,0,0,0,0,0.05247108482639362,0.5877443810412233,0.4573683420144903,0,0.2294267854471208,0.8279062395639052,0.6326538587658632,0,0.4417115224050576,1.2122198663197175,0.7337474185007657,0,0,0,0,0,0,0,0,0,0.20466301089981087,0.14016728875444784,0.07074595338842826,0,-0.3769859900454353,-0.3337269262224485,-0.26466964572026797,0,0.5159090739184649,0.31347177293774564,0.10305104670572085,0,0,0,0,0,0,0.9425290492940341,-0.1656090544750306,0.6337017170061365,0,0.8639763740659383,0.013701023376171406,0.5911761840626184,0,0.9323683775430638,-0.11446202638548186,0.6160840987219522,-0.358376892522692,0,0.03980919892240209,-0.3787630528118209,-0.7569531059385071,0,-0.355087068128249,0.21618622750937266,-0.2912635229029821,0,0.4228869827398909,0.24218054844655068,0,0,0,0,-0.06368856313156535,0,0.04920122845027031,-0.025790087570869424,-0.05303323266973159,0,-0.4182971350520859,0.5355254765726718,-0.014695419663826925,0,-0.03181320240321561,0.07141317116173163,0,0,0,0],[0,0.10238809004853522,-0.25776202649748736,0.10202683216854425,0,-0.18552381923470307,-0.4513574438042598,-0.12497587866867477,0,-0.2536316519239783,-0.3699942240044418,-0.10996525090996556,0,0,0,0,-0.31123128693474555,-0.06371471578016674,-0.06970573744611919,0,-0.43601016752677246,-0.11835650836848366,-0.37117383427926853,0,-0.2697532777736642,-0.15091118120376468,-0.36672883675438417,0,0,0,0,0,-0.0756440262557403,0.171547391092024,-0.029139941502929645,0,-0.30610146471699906,-0.12276765942899104,-0.23618913074912484,0,-0.07307433018541154,-0.01750983570237885,0.08374378517238412,0,0,0,0,0,0,0,0,0,0,0.5444166409874711,-0.1558294112321299,0.8651159967985613,0,-0.23884893043573285,0.022244208564731416,-0.24935188101484762,0,0.5530161841542771,0.047028087509385585,1.255639369234487,0,0,0,0,0.3704186161566554,0,-0.06398760563955008,0.3325144988096618,0.6219127828710214,0,0.003325893352212006,0.5395361830002727,0.36681465609553854,0,-0.1556520850038723,0.31486331568509485,-0.08044152005603511,0,-0.24678853028551062,0.012725218561799423,-0.47468875127047117,0,-0.4828167494715996,-0.22784448299291782,-0.009582486614601926,0,-0.20876920490462858,0.05786078786321269,0,0,0,0],[0.23080506629378483,-0.06592275946496606,0.144041528146456,0,-0.12920567289640594,-0.15176851144371817,0.1541522296970097,0,0.1405669387795072,-0.038934516740274816,0.10275746478978753,0,0,0,0,0,0.1244378338831984,0.21527936317787244,0.2766364805563173,0,-0.10543575474945843,0.12312404511884179,0.036434478941428594,0,-0.1005993366620146,0.009848234195683148,0.05965306546544635,0,0,0,0,0,0,-0.512720739067408,-0.05290899568013607,-0.5160628701931991,0,-0.09976636116685711,0.025314650523443838,-0.29734159912205627,0,-0.30723015472416293,-0.06616682069369428,-0.6264449706044788,0,0,0,0,0,0,0,0,-0.06760976111068828,0,-0.07042689146217995,0.21319306625693457,-0.030146627298802464,0,0.02328206522592957,0.23820970508997963,-0.46459733093355027,0,-0.5147304729108129,-0.06535116436760191,0,0,0,0,0.3663482217360716,0,0.4034891507699392,0.14406426161695407,0.17411751572503498,