{"modelSettings":{"letterOrder":"ACGT","bindingModeInteractions":[],"bindingModes":[{"fitLogActivity":true,"flankLength":0,"singleStrand":false,"size":10,"dinucleotideDistance":0,"componentName":"Binding mode 0","positionBias":false,"modifications":[]},{"fitLogActivity":true,"flankLength":0,"singleStrand":false,"size":10,"dinucleotideDistance":0,"componentName":"Binding mode 1","positionBias":false,"modifications":[]}],"letterComplement":"C-G,A-T"},"coefficients":{"bindingModeInteractions":[],"bindingModes":[{"mononucleotide":[0,0,0,0,0,0,0,0,0,0,0,0,0,0,0,0,0,0,0,0,0,0,0,0,0,0,0,0,0,0,0,0,0,0,0,0,0,0,0,0],"activity":[[-4.172815044517652]],"dinucleotide":[],"modifications":[]},{"mononucleotide":[-0.09777794779300031,0,-0.007868239939579524,-0.3460212915532477,-0.5062094883302466,0,-0.12914442478079557,-0.3714012492290717,-0.17125616310708303,-0.38840576154479933,0,-0.5598938971545291,-4.387547854896431,-0.3402626105358717,-4.732639149970268,0,0,-1.5556644850556296,-0.5284410471787471,-6.1397303511891055,0,-0.7877676226749708,-2.169117263842635,-1.0471784104417452,-1.8577868959194639,-0.6172829888122591,-1.1332893140579303,0,-0.6978662716578645,-1.1180182636148075,-0.5038709894675275,0,0,-0.3651170601915812,-0.16498463481104686,-0.24605255015806815,-0.17195592896598022,-0.030299801536387783,0,-0.2544556243442102],"activity":[[0]],"dinucleotide":[],"modifications":[]}]}}
