{"modelSettings":{"letterOrder":"ACGT","bindingModeInteractions":[],"bindingModes":[{"fitLogActivity":true,"flankLength":0,"singleStrand":false,"size":10,"dinucleotideDistance":0,"componentName":"Binding mode 0","positionBias":false,"modifications":[]},{"fitLogActivity":true,"flankLength":0,"singleStrand":false,"size":10,"dinucleotideDistance":14,"componentName":"Binding mode 1","positionBias":false,"modifications":[]}],"letterComplement":"C-G,A-T"},"coefficients":{"bindingModeInteractions":[],"bindingModes":[{"mononucleotide":[0,0,0,0,0,0,0,0,0,0,0,0,0,0,0,0,0,0,0,0,0,0,0,0,0,0,0,0,0,0,0,0,0,0,0,0,0,0,0,0],"activity":[[-8.367608360327862]],"dinucleotide":[],"modifications":[]},{"mononucleotide":[-0.7545140976790217,-1.0038605543332095,-1.1285081753183666,0,-3.127021320687246,-4.367115720897885,-4.891615640545144,0,0,-7.019451450864798,-3.122208389156286,-5.485703836078866,0,-8.756681678688743,-6.480068366101765,-8.829330825647922,-7.427533592021492,-5.472913941098517,-3.4153262879766415,0,-2.5910713912094185,-2.6351477879744336,-2.811899539330493,0,-0.2711593169648472,-5.103859960915434,0,-3.775700660990379,-1.8102575731325694,0,-1.0046994719703686,-1.8573406470980331,-0.3795186120539742,-0.18974919217835495,-1.2011537964387382,0,-2.4083276333830423,0,-1.1259329596067986,-0.6392361472642389],"activity":[[0]],"dinucleotide":[[0.006634258274186955,0.7124302528128013,0.11450979833591823,0,0.1901462558640583,0.39437545798386076,0.6654431364233293,0,0.6107270912536196,0.7026269231184852,0.5014496231491741,0,0,0,0,0,0,0.6485300144717456,-0.013738095502546344,0.8188605277187033,0,-0.32624663475969307,-0.36853433501628174,-0.1454481830869767,0,0.7706590300781428,0.9610403969040675,0.6156864431931819,0,0,0,0,0,0,0,0,0,2.528339825183746,-0.08566444529070694,0.6609658660107911,0,2.3074011152369245,0.36537874421780003,1.9616667063006936,0,-0.11410158410652471,-1.5456066881030726,0.60807414786888,0,0,0,0,2.476293810614015,-0.166421606691447,3.067560968162498,0,4.208878363774291,-1.8685275109566852,1.9881643591002192,0,2.1479785642919023,-1.8809034607932222,1.960739706518373,0,-0.8958337524453999,1.0755215313153794,-1.2874126626129652,0,2.504869771203671,0.9188149363785776,2.055403034684266,0,-3.0505586927984716,-0.398853797332837,-1.259525273095547,0,0,0,0,0,0.10651881284068399,2.3484069865421304,0,0.6129723752099743,0.6710713164502735,0.7636944135332673,0,-0.4769227963536675,0.9180906806818765,1.3972050105943836,0,1.581552914905517,0,0,0,0,-1.0152773728579731,0,0.3192396148646548,0.33212458164652414,0.0802175885940919,0,1.5340825056373024,1.7431409410408865,0,0,0,0,0.4184334311781157,0,1.2944291352696,0.25282305657349013,-1.6506056502076634,0.39593309247804154,-0.5315471407813241,0,0,0,0,0,-0.4451350336901072,-0.09870149096072556,0.10910424002928387,0,0.24815000851191638,0.07153071955501478,0.49712682416359133,0,-0.4853422130503766,0,0.4209111934317491,0.1287124104751971,-0.061648853097904244,0,-0.09794599828670947,0.10993472090105705,-0.011421774039503063,0,0.4143109407954615,0.1529193010774721,0,0,0,0],[0,0.7969359834885381,-0.08169127201329562,0.4242531025122531,0,0.3636576596924055,-0.016581684519985096,-0.22703816824805223,0,0.3605832140595169,-0.3763588797284454,0.011981405462217154,0,0,0,0,0,0.8039153932007608,0.5756576011400991,2.3493541349881664,0,0.9284420186492319,-0.14170656496170686,0.35588426121098493,0,0.42923276275146094,0.27552960450203656,1.051479186627036,0,0,0,0,0,0,0,0,5.715447026555983,0.1858711485513087,-0.49049530212614556,0,1.1615439842581043,-0.41889817519451,0.1597886413037699,0,8.035143697323017,0.059827607791342885,-0.6979153458782488,0,0,0,0,0,-1.899905684780629,0.20275609565541863,-1.0072564459687605,0,-0.2684327921468803,-0.26291099953687436,-0.42883888764635714,0,1.6621109049957798,0.5341048617961093,0.047214576674660336,0,0.16408481336609704,4.16876409089701,0,4.36696436245847,1.2967930157780314,-0.2881415648029595,0,-2.3870782042572642,-0.14370899576218843,0.35229092086179925,0,-0.24673439325643898,0,0,0,0,-0.3357269720447986,0,0.07961663274866293,-0.32035541565726167,-0.6903327235278098,0,-1.5540010946506824,-0.7012990175147245,-0.2202396949618386,0,0.6688995735460042,0.13162698165453346,0,0,0,0,0.08819162080092724,0.24102730944432293,0.23109264978769062,0,-0.041104412704831006,-0.3578888710845032,-0.36169193523369003,0,0,0,0,0,0.5649181888847279,0.2777366272670223,0.4917479394440383,0,-0.18063713089493305,0,0.4765562120933886,-0.30516703982829174,0,0,0,0,-0.2430904180905049,0,0.2360769668959426,0.12147066323668021,0.23114082535971114,0,0.20115508640376856,-0.14917232923830603],[0,0.42926685695330136,0.292933856641584,0.30588713607888707,0,0.23633241023853913,0.06450813083585771,0.6112526083705028,0,-0.21398722081594812,-0.1322239889528376,-0.4593423994676211,0,0,0,0,1.9568102433473076,1.0105629965066534,0.6142018007707595,0,3.3184975090949376,1.3317356268051785,1.3671004388540169,0,3.118398154229668,1.7737727929135687,1.3492552736119627,0,0,0,0,0,0,0,0,0,0.04494767382187703,0.2282230562198322,-0.40929700807602387,0,0.3459521316980396,-0.21323276604866948,0.4373593059794718,0,-0.3382425735175083,-1.0220342423903865,-0.9561344088086035,0,0,0,0,0,0.32496457874318097,1.429365037603338,0,1.3935960584188987,0.06808953260595985,0.22882469167280384,0,0.5198740952921117,0.3570200047836565,1.3224401436414102,0,0.26796734660611143,4.508982316887272,0,2.85913898412862,1.4674858589849347,-2.0063234839723396,0,-0.050116166615406854,0.8921188007347904,-2.163089528259734,0,-0.9851902387328968,0.5979366044369145,0,0,0,0,0.03453195911795692,0.45968013244351624,0.25651537874163655,0,-0.3690711835644427,-0.026191800002051124,-0.42723387575009664,0,-0.22882628821773476,-0.08660614166084635,0.3954837535443403,0,0,0,0,0,0.061765587038892455,0,0.33776867291513035,-0.03147679006812876,-0.018136439266385196,0,-0.2451746371467518,0.5812698611040474,0,0,0,0,0.022138107271604923,0,0.07464321316275502,-0.022644375177063303],[-0.1933768143463439,0.1167534742542724,0.2873786095479791,0,0.31452882195694265,0.38560808457281937,-0.06537440994903054,0,0.8290907379274284,0.12919749802546043,-0.39743447723057024,0,0,0,0,0,-0.2803224298037037,-0.1546928954132305,-0.0689016272452978,0,-0.4509457642417338,-0.3188538989879959,-0.359171351955208,0,-0.29964527419539166,-0.2801866772738606,-0.26851659025257035,0,0,0,0,0,0,0,0,0,0.39415220810348295,0.20206119145789359,0,0.586890181496809,-0.22245131790674666,-0.4025249852098671,0,-0.5702739281670475,-0.19481990585883402,-0.2560019498674304,0,0.046194637819743534,0,0,0,0,-0.5469925347899807,0,-1.6610651733340713,1.6300075488242758,0.06662669591467463,0,0.024397162059639044,0.33466618217141963,-1.5050360168423875,0,-2.2306420211798166,2.0725309239723035,0.5890906371371063,0.307401876221455,1.3663192919960743,0,-0.484512670332494,0.022943828209397665,-0.21548486251168164,0,-0.6772556205366689,0.23496424259555493,-0.19826347065431627,0,0,0,0,0,0.02692529587936221,0,-0.08433510706771408,0.04009928326415224,-0.17045441882571488,0,-0.011149576555277818,9.504724459228342E-4,0.13291826777919624,0,-0.01962294321531921,0.08446041379236835,0,0,0,0],[0.2867033572234199,0.11808033407459195,0.0879091438681785,0,-0.021957501689130687,-0.03586815219572426,-0.01399172998336251,0,0.03575287463395416,-0.1431366357791708,-0.037473840453919216,0,0,0,0,0,-0.13810304625849223,-0.04374994043362612,0,-0.1402721091398309,-0.1441883326008826,0.10406966615012436,0,0.0519109470331216,-0.046358377129214645,0.08705686053763806,0,0.07281355953761093,0,0,0,0,0,0,0,0,-0.46856905037851426,0,-0.8094617347962387,0.04374491290137961,0.013899548944445783,0,-0.09433154305862335,0.08924521656194351,0.12453160530605523,0,0.033930194802037406,0.2833646293018912,0,0,0,0,-1.0015947238306566,-0.5617218194461557,-2.262456127807111,0,-0.2527871545598561,-0.19763963288963815,-0.2619034974913461,0,-1.4797851922031846,0.0835366189161526,-2.000750865747454,0,1.7431964829711575,0,-0.23147427614433447,0.45326492632734094,1.7944486853495096,0,0.4450083191131977,