{"modelSettings":{"letterOrder":"ACGT","bindingModeInteractions":[],"bindingModes":[{"fitLogActivity":true,"flankLength":0,"singleStrand":false,"size":10,"dinucleotideDistance":0,"componentName":"Binding mode 0","positionBias":false,"modifications":[]},{"fitLogActivity":true,"flankLength":0,"singleStrand":false,"size":10,"dinucleotideDistance":10,"componentName":"Binding mode 1","positionBias":false,"modifications":[]}],"letterComplement":"C-G,A-T"},"coefficients":{"bindingModeInteractions":[],"bindingModes":[{"mononucleotide":[0,0,0,0,0,0,0,0,0,0,0,0,0,0,0,0,0,0,0,0,0,0,0,0,0,0,0,0,0,0,0,0,0,0,0,0,0,0,0,0],"activity":[[-10.935083486628962]],"dinucleotide":[],"modifications":[]},{"mononucleotide":[-0.6424563229564255,-0.5252765282331338,0,-0.29740808998569235,0,-0.31415065045995294,-0.819899394589527,-0.2853315366489031,-2.6359952497670536,-3.2263641056588535,-4.548013482569474,0,0,-5.765886037407907,-1.9840248251508703,-4.6393383003563455,0,-11.731994098981554,-11.285436764761384,-8.790844808849124,-2.2330283266441606,-3.7303612600656484,-1.7650467756613242,0,-1.6426822633464224,-1.1362542572731706,-1.8737916730812112,0,-1.0387030113051698,-2.487994647723741,0,-2.239517470769795,-0.42265161881683944,-0.47448813997441364,0,-0.7316004001697329,-0.42035113983043826,-0.008702475441946245,-0.23434946149370783,0],"activity":[[0]],"dinucleotide":[[0,0.5874118842325817,0.20530230141214378,0.5374188590504927,0,0.11937280224500535,0.49618610982176525,0.382809151585604,0,0,0,0,0,0.1314100814802157,0.2858003608593944,0.5468392759902609,0,0,0,0,0.6171576073699336,0.006560586193535833,0.33454092869264596,0,0.28104759413480807,0.1902493083808121,0.7121707869763547,0,0.5207003044156737,0.2785215273097963,0.5367820053100045,0,0,0.661406904132237,0.9734894781701726,0.6198034836448425,0,1.382099374567069,1.0196496439629037,1.577965826195289,0,1.568569989846793,0.971738839974531,1.9201086753012415,0,0,0,0,0,0,0,0,0,-0.5669000057916023,0.26068707641927347,-1.786446229561804,0,-2.687658657230692,-1.5657906536069603,-2.8886830893116784,0,-1.255389359012831,-1.22131019871604,-2.2272067666522055,0,0,0,0,2.683882174849874,0.16931308630755737,2.3476383817425077,0,-0.3374669792169378,-0.6343323777806376,0.15810842975712625,0,0.8896357473716243,-0.4321553229927453,1.103604233146518,0,-0.24876306883616195,1.3078912256004607,-0.47347214640787527,0,0.5179728469236142,0.5652193259477958,-0.037478870356707716,0,-0.48437552158916697,-0.2536618913000166,-1.2990597060038933,0,0,0,0,0,-0.6517288344879151,0.7337706363611396,0,0.828636521932351,-0.5204910061632937,-0.3271246933665761,0,1.0503531157351649,0.8396556903044932,1.1054664353795776,0,0.9749975438492253,0,0,0,0,-0.3616137011568381,0.9751733158506632,0,0.6368699276415506,0.4305332345196824,0.10979095670603733,0,0.12986954974001552,0,0,0,0,0.170356281723409,-0.046373521662951944,0,-0.1240516979568893,-0.5010333027946303,-0.058969356436896714,-0.0741696607442135,0,-0.06507915673511988,-0.021363744810288132,-0.43332733613073504,0,0,0,0,0,0.06097221156756749,0.14089338430300602,-0.32651840948148614,0],[-0.34768762072817516,-0.191939055199132,-0.2604720988386404,0,0.2226494217588204,0.2461130762908077,0.48594814754756754,0,0,0,0,0,0.15514970087010305,-0.09025539035625663,0.36637556845975716,0,0,0,0,0,0,-0.24722411615387063,-0.5322198917610983,-0.6631601509067968,0,-0.19312840969793577,-0.2154909580289548,-0.11158427233335466,0,-0.35722544806816803,-0.37582597627186587,-0.5688235165268329,0,5.329782111143146,5.223125640623362,5.275170142033031,0,1.9021830223928333,1.9698419551064745,1.9203260749870665,0,4.346777345823458,4.702112787010815,4.826649005207564,0,0,0,0,0,0,0,0,-0.7109865425465252,0.20238363323773179,-0.03157777022326336,0,-0.22708585622483035,-0.4153311981040506,-0.2699236916739949,0,0.1965498318904828,0.8073383311842068,0.5212570763875899,0,0,0,0,0,4.429760903248901,0.2632742023593462,3.3205741927814767,0,3.659226716783353,1.0038427000576782,3.5904352226239684,0,3.609144382238849,0.5357520789860661,3.5212155864024055,0,-0.048660914337752104,-0.24515199756474626,0,-0.5291116965007445,0.928843002647497,1.1804609832407955,0,0.5928276442816598,-0.37583919926222054,-0.712286030664214,0,-0.4032037931212473,0,0,0,0,-0.057940218475282634,0.3170441165411919,0,0.1871495816923403,0.2079003050428465,0.09278273216340027,0,0.6144623555314443,0.06429664072134766,0.34409505447284117,0,0.43034277607405214,0,0,0,0,0.4075438371276836,0.4307809467918191,0.5997188513709073,0,0.29811820723609994,0.24695941676460187,-0.13899605124744685,0,0,0,0,0,0.4436998889040691,0.27473849651761695,0.14627923344774807,0],[0,0.37302284452131573,0.16480886445066112,-0.32667526270983416,0,0.13100159890030838,0.20900973239109177,-0.4557630326361579,0,0,0,0,0,0.2043098972613855,0.19271535533830653,-0.3050372901475331,0,0,0,0,0,-0.7011869487821283,-0.4987856002818045,-1.2136499450723424,0,-0.3543561266573789,-0.5223405294932348,-1.015118858083575,0,0.8586121252309038,0.8649129769670569,0.8090150993620817,0.38276265279568644,0.8265207303130886,0.8604969051699305,0,0.2671835583178561,0.7265560816036576,0.5446734808948106,0,0.5576076833159718,0.8142381576535147,1.1121582773368797,0,0,0,0,0,0,0,0,0,-0.19869856811131292,0.005045603822456002,-0.8681283190051738,0,-0.147558380594357,-0.3345331462693464,-0.2337714895630696,0,0.013586766874553291,0.07703842366143654,-0.17381392899241455,0,0,0,0,0,-1.664662911839228,2.2757850925730594,0,1.7659655997325387,-0.9317153210518363,2.6718251283936034,0,1.992843098465734,-1.1267734593122434,1.9100344483683855,0,0.8492276081131216,-0.3091500193283032,0.19232747065177236,0,-0.24306599958918174,0.041828590429386026,0.2800428524606353,0,0.23281446450762733,-0.4521346580863246,-0.26537095450585824,0,-0.3268300465629088,0,0,0,0,-0.006012209122539858,-0.07964248910635918,0.2328913124374341,0,-0.44468777289762995,-0.4525263975741445,-0.6825637595499159,0,-0.10876697132383129,-0.05746554744848087,-0.05049530100653454,0,0,0,0,0],[0,0.619319527638682,0.9012981104368034,0.668732549313571,0,0.317210155490093,0.5311861846028574,0.08970664395966743,0,0,0,0,0,0.512800858452648,0.7342165222021517,0.6412946748346542,0,0,0,0,-0.16895285619429146,-0.13114000441591234,-0.22310466538342322,0,-0.04469179221676356,-0.051182062210381574,-0.10148002637079845,0,0.14559655697426965,0.13039585806548093,0.09792652151455572,0,0.1407225793890543,0.19930972629924604,0.32166435821009465,0,-0.15852448636353422,-0.14639185917888575,-0.26312106986954653,0,0.3413201646096695,0.1485030626680981,0.49439844846307146,0,0,0,0,0,0,0,0,0,0.4759007750030477,0.5731396409912612,0,1.5284519952506415,-0.12825730913601685,-0.2569567862775646,0,-0.0026853427959547815,-0.06138637420391291,0.4564335383678859,0,1.6175304693461516,0,0,0,0,0.22415627122250648,0.7053781901469307,0,1.041245595461957,0.056438007567708226,0.8075615286501794,0,1.0222969617210413,0.44101996476455163,0.70181662114876,0,1.0641344420041392,-0.09732591662995649,-0.07614460619809016,-0.11244833198150861,0,-0.2535162156360169,-0.07794811857785611,-0.16038893126028064,0,-0.0955057463818596,-0.13857332823380197,-0.2578979760301343,0,0,0,0,0],[0.1644881120239594,0.08317760535292784,0.0870453781158016,0,-0.10051789170845815,0.061322310828083815,-0.012647386269383887,0,0,0,0,0,-0.06894497189726678,0.1825336942635296,0.04271672746946953,0,0,0,0,0,-0.19477009032193227,-0.047931443276333585,-0.20443563962277622,0,-0.10216954267817968,-0.014257380334060876,-0.08950347822401206,0,-0.09509510583630121,-0.09332223077674895,-0.11019107517720705,0,-0.12069264929698242,-0.05465006734790823,0,-0.24818159511716242,0.1068087318285631,-0.13162522117083686,0,-0.011681807833419988,-0.07251874980946837,-0.10825983087464053,0,-0.2772282717987995,0,0,0,0,0,0,0,0,0.3502306234365644,0.5789605227176828,0,0.7222984309536713,-0.05600697699930102,-0.024757235653939613,0,0.04970536033621897,0.343880482538804,0.38239547180939226,0,0.5281124355009039,0,0,0,0,-0.18833890773887063,-0.11610512648532811,0.20467042720936846,0,-0.7779276405692599,