{"modelSettings":{"letterOrder":"ACGT","bindingModeInteractions":[],"bindingModes":[{"fitLogActivity":true,"flankLength":0,"singleStrand":false,"size":10,"dinucleotideDistance":0,"componentName":"Binding mode 0","positionBias":false,"modifications":[]},{"fitLogActivity":true,"flankLength":0,"singleStrand":false,"size":10,"dinucleotideDistance":10,"componentName":"Binding mode 1","positionBias":false,"modifications":[]}],"letterComplement":"C-G,A-T"},"coefficients":{"bindingModeInteractions":[],"bindingModes":[{"mononucleotide":[0,0,0,0,0,0,0,0,0,0,0,0,0,0,0,0,0,0,0,0,0,0,0,0,0,0,0,0,0,0,0,0,0,0,0,0,0,0,0,0],"activity":[[-12.643938390981385]],"dinucleotide":[],"modifications":[]},{"mononucleotide":[-0.3127408269298799,-0.34163817525105244,0,-0.44320533270031426,0,-0.44047286548022413,-0.8061113755188121,-0.21890603190227687,-2.840327666051654,-3.4426259877204624,-5.196478820247219,0,0,-6.686048681161143,-2.1877451313165857,-5.717272200233235,0,-7.430606412453034,-7.047341781299865,-7.130637647449703,-2.700757374323695,-4.456182884214052,-2.1265537077096646,0,-1.9271987531718482,-1.6404879323578845,-1.9303226659771022,0,-0.841619978489974,-2.7776486974486447,0,-2.270612138058665,-0.25396614067558265,-0.08694380471261387,0,-0.7468782129421383,-0.45477058903810175,-0.06907542957153723,-0.3251869228416231,0],"activity":[[0]],"dinucleotide":[[0,0.5472492613592408,0.3349382006586876,0.4285693956670409,0,0.1872103366153457,0.5439356300893774,0.3179532593371719,0,0,0,0,0,0.10882845399825491,0.3172378815651937,0.65465908323646,0,0,0,0,0.8390464308530463,-0.20860121267820642,0.4939732448022607,0,0.29962747450317373,-0.019539236543353766,0.880071046841465,0,0.5679912891004006,-0.10680069281082627,0.614267942244469,0,0,0.8003701064441486,0.9600782333967448,1.3041714895650127,0,1.1403591703743885,0.886762456521387,1.2983778960329975,0,1.1881969610710392,1.0735471148144713,1.449214440493316,0,0,0,0,0,0,0,0,0,1.834451156986372,1.55761261705978,1.7206607956935418,0,0.9327440691623714,0.41337095823672243,0.7141418218914168,0,1.5078324249130084,1.20055658751469,1.3905080125571843,0,0,0,0,0.9073274626576762,0.7400796884617478,1.0809095312437265,0,1.0291209883244488,0.7203074537927918,1.0583850730075817,0,1.1568936590549104,0.8333073668173725,0.9926750697335542,0,-0.5007175831779875,1.5254522039228773,-0.5727286792873336,0,1.4350675810023015,0.6227094301499747,0.7475851335348089,0,-1.2416857853874772,-0.34540304244653175,-1.7242366310227943,0,0,0,0,0,0.044947334922988524,1.1321266510740555,0,0.8593218035452503,-0.3454987378811252,-0.23681920514869947,0,1.0108719630279976,1.1308088319584684,1.2418652751627368,0,1.0926324480894207,0,0,0,0,-0.8485503471477234,0.6432767936931718,0,0.3164661087194842,0.1942070379007621,-0.27995758559675554,0,-0.1310349645701514,0,0,0,0,0.04643718709833333,-0.42872325053522786,0,-0.5251534951280696,-0.4270929378577395,0.03477362909068549,-0.07648215094109645,0,0.18163881963502693,-0.13599507226696095,-0.35325345005859354,0,0,0,0,0,0.20467572795335975,0.18563653872160613,-0.15909576520336932,0],[-0.3915498873621086,-0.0308688027415851,-0.2839107227149045,0,0.08354174021344019,0.03699953227433461,0.24208179178777023,0,0,0,0,0,0.054479313270775265,-0.06503583515456679,0.26835851627336993,0,0,0,0,0,0,-0.38508650310507697,-0.6106902746878555,-0.2480131820709337,0,-0.14864662115813765,-0.3989178037124086,0.4528985900816247,0,-0.2640460208680899,-0.3089840590796955,0.015001565230662095,0,1.1883700057906061,1.070892926089119,1.069526847267408,0,1.2581046877388609,1.120902546680341,1.1726893845967616,0,1.4788041218139298,1.5305285542733458,1.4309900143479943,0,0,0,0,0,0,0,0,0.21536403964973694,0.336001243636435,0.473891210035152,0,-0.7697272255816054,-0.8111786893741648,-0.5004314731961506,0,0.1671206484319434,0.022228332664351313,0.3702410640039435,0,0,0,0,0,0.21871025543168798,0.4844754837083016,0.6631626443103578,0,0.04743428450139575,0.1807881189752507,0.42953914385948266,0,0.3775612187387125,0.42282270667347177,0.5779720482823514,0,-0.2328093946715324,-0.08737811520327554,0,-0.2659915456065045,1.124322339008799,0.7397121226183874,0,0.0046376556529494906,-0.5708486502445425,-0.9540131482776015,0,-0.6854022148980681,0,0,0,0,-0.3544432460186009,-0.03804510929203797,0,-0.05284343014178372,0.30336667495410463,0.26974511574770244,0,0.6639483609594343,-0.21934284533735315,-0.16487829116715957,0,0.19381298214546305,0,0,0,0,0.31988965232515376,0.41242011432213044,0.523936408035564,0,-0.06999441712592258,-0.008838880032325136,-0.09227306721057005,0,0,0,0,0,0.5160758292480265,0.11514025528274718,0.15854447557353968,0],[0,0.5104890046561863,-0.002214334341049451,-0.1652922598072495,0,0.5021115707014676,0.07447069724615485,0.08883581208457692,0,0,0,0,0,0.445857762103266,0.1262116784239815,0.0747818670823257,0,0,0,0,0,-0.4286185265493341,-0.5293173405361493,-0.12624440041449603,0,0.2307657431811485,0.057356807150005906,0.24217142178846984,0,-0.40383532171839676,-0.3625843327341016,-0.5172036258251769,0.2017789037268667,0.6131104838282173,0.4823276038413411,0,0.22939800675716882,0.752892399051559,0.3251621039173642,0,0.6784767911509935,1.2733913892250985,0.830151768121981,0,0,0,0,0,0,0,0,0,0.14186472288464813,0.39043627523391056,0.05667712413125514,0,-0.3111970203705656,-0.42776003889811687,-0.363704510873208,0,0.3821556325293116,0.2541449239168472,-0.15909420424393161,0,0,0,0,0,0.24584976208445397,1.2046381603834426,0,0.8554568958346653,-0.10662510064799946,0.800044153555465,0,0.5175758795185601,0.014375709826156324,0.9217081399163369,0,0.7265005342096167,-0.3563796356033979,-0.03323043020836547,0,-0.2388003666966254,-0.5515160458050001,0.3544945531905155,0,0.41166191890935533,-0.4100813608713443,-0.21939987799765692,0,-0.03680173871226877,0,0,0,0,-0.09575915931273205,0.11029069030194538,0.18277377149772756,0,-0.5673531785226613,-0.4147466079233544,-0.7943151261464534,0,-0.1370163158543578,0.022542656929428695,-0.05025821803386199,0,0,0,0,0],[0,0.10693179585143042,0.436914216609253,-0.10425036588878456,0,0.12153691951229284,0.42428582561801065,0.0430570411511102,0,0,0,0,0,-0.053597177013454456,0.4386397227272365,0.2445307633963303,0,0,0,0,-0.2642623004679212,0.08267358237363176,-0.0816544271687274,0,-0.08554197140197761,0.016430722887683658,-0.13514741632348581,0,0.16346636796398606,0.31205188159890174,0.2137634696739763,0,0.05481964369796799,-0.0274711993907113,-0.10745136089544527,0,-0.3671708371558786,-0.2804668424697425,-0.4941671204003555,0,0.2730866343810625,0.025667633091586595,0.23454700409780926,0,0,0,0,0,0,0,0,0,0.12063785116561654,0.3686288655332923,0,0.9739922088166217,0.0963454157471233,-0.557792830962466,0,-0.19012474040752636,0.06622074939437539,0.37262095489354685,0,1.2015566935716002,0,0,0,0,0.3561180696479642,-0.15190673681604316,0,0.3172274946721787,0.4590816917142977,0.003662515686858825,0,0.2616151271053937,0.40922584912151727,0.03844930341334418,0,0.16573623601721188,-0.1959301021988642,-0.08408592882237009,-0.22207148310452318,0,-0.3670727782188914,-0.07700961821111374,-0.41085258751029663,0,-0.41029059382863853,-0.14897126212492307,-0.4135631380524325,0,0,0,0,0],[0.18311337454537124,-0.045877697948687235,0.242014507246318,0,-0.22300704269160487,0.06403698187389217,-0.06777333794149953,0,0,0,0,0,-0.007931465640631963,0.14641689708012606,0.09027630066579029,0,0,0,0,0,-0.09820686160986547,-0.14443656259250037,-0.11808879938422656,0,-0.08198334193718537,-0.20282879961878209,-0.20986584047285017,0,0.020350750452541533,-0.09580628058031859,-0.06536070751208989,0,0.02897332059167912,-0.33871764651078085,0,-0.447274364777849,0.18594447430208483,-0.009590910529305496,0,-0.5540034346925342,-0.20970852121765304,-0.09758683657420875,0,-0.5545327598321643,0,0,0,0,0,0,0,0,0.14683838457372467,0.4203275203506447,0,0.49443340920431567,0.019268858449704496,0.00882016941063224,0,0.07423205498209029,0.1792374486401247,0.3212131305725583,0,0.6012278369275359,0,0,0,0,0.38109267157864046,-0.04776028678819699,0.35105724570871644,0,0.23063993971445562,