{"modelSettings":{"letterOrder":"ACGT","bindingModeInteractions":[],"bindingModes":[{"fitLogActivity":true,"flankLength":0,"singleStrand":false,"size":10,"dinucleotideDistance":0,"componentName":"Binding mode 0","positionBias":false,"modifications":[]},{"fitLogActivity":true,"flankLength":0,"singleStrand":false,"size":10,"dinucleotideDistance":10,"componentName":"Binding mode 1","positionBias":false,"modifications":[]}],"letterComplement":"C-G,A-T"},"coefficients":{"bindingModeInteractions":[],"bindingModes":[{"mononucleotide":[0,0,0,0,0,0,0,0,0,0,0,0,0,0,0,0,0,0,0,0,0,0,0,0,0,0,0,0,0,0,0,0,0,0,0,0,0,0,0,0],"activity":[[-4.644214495253221]],"dinucleotide":[],"modifications":[]},{"mononucleotide":[-0.2436860562612071,-0.6140524077081757,0,-0.4573087728598413,-0.8184484072854077,-0.5824060510712301,0,-1.6813845740548135,-2.9299718867025146,-0.2974305353481377,-3.29663049985623,0,0,-1.412224588658662,-2.326563403917467,-2.077064825154943,0,-3.2486790801717764,-2.893417591216498,-3.166635921390029,-7.135940148871425,-6.959527102755377,-7.241131424324031,0,-5.767237961016836,-3.1678613387870116,-6.580591713845498,0,0,-4.62153583944561,-3.797548243937077,-2.5967195571594988,0,-0.9258385541164196,-0.6075011986499184,-0.13372018712347522,-0.09683916696106265,0,-0.36616490342116315,-0.31437494026958746],"activity":[[-0.20953763774279072]],"dinucleotide":[[-0.22430421831119096,-0.17837753842732562,0,-0.1227863150728763,-0.05583386685897551,0.10833384535578539,0,0.07844392741420059,0,0,0,0,-0.1584849089560887,-0.176268511402645,0,-0.587028461446299,0.29193663269446635,0.31670634355651694,0.5258429897851178,0,1.078067556833319,0.6687581113025773,1.0322285171769083,0,0,0,0,0,1.766445398077459,1.3115421965660783,1.8382490763256927,0,0,0.2199556485730696,1.3725995071290686,0.8917061979380954,0,-1.0441001134686836,0.2921107062591233,-0.047393977967460366,0,0.310141032437965,0.32391292608036437,1.0364217248125698,0,0,0,0,0,0,0,0,0,-1.0695139615638691,0.7579948409921373,-0.2951105059302179,0,-0.12902274853509343,0.6799586579658126,1.416636520359778,0,-0.7331248272264865,1.25790870629457,-0.40811945044889786,0,0,0,0,1.0875352212799712,1.1813039954181086,1.2355602691473901,0,0.8884071720247864,0.9088656932196706,0.9550453629452154,0,0.9040111569019782,0.9613266973040258,1.034602298067277,0,1.3854863201074696,0.8641125125627322,1.5703581548488152,0,1.3153493699996108,0.6933912277234917,1.490468846992064,0,1.4454090320360535,0.9195167229388161,1.6184893194750671,0,0,0,0,0,0,1.284817595464201,1.0755291010313464,1.0327678128664317,0,1.2018968648267485,0.9753999769220734,1.0727040671197834,0,1.356231147079411,1.1530431541633384,1.029622483197981,0,0,0,0,0,0,0,0,0,0.22838263146759274,0.03409482697952804,-0.5053446923997846,0,0.14749030958314258,0.04488770018288957,0.03441267402176518,0,-0.0783186822798374,0.22028154628585472,-0.4330060062307348,0,0,0,0,-0.110254858141976,0,0.24940750297579894,-0.12136483412581489,-0.37591990699421896,0,-0.1274240402402671,0.06672090766472039,-0.4782780235393831,0,-0.31466883258796097,-0.40987233393142297],[0.19082416697319626,0.34279486200122333,0.2811422566439843,0,0.07119356808791544,-0.003782619249652175,-0.05292793605194657,0,0,0,0,0,0.33102250165937264,0.054503761046629684,0.09452604157106137,0,0,0.27288229626575733,0.44865595697028393,-0.025376735023665553,0,0.13329071044873997,-0.21901432118443598,0.008181010376298481,0,0,0,0,0,-0.1021937196699012,0.1005898691506637,-0.3143635666653619,0,0.04502017626401855,-0.7279362881699498,0.09210628508181262,0,0.47885849889140175,-0.9689371385720196,0.2738012538173473,0,-0.017567104562994373,-0.2565180542560528,0.1775997764901982,0,0,0,0,0,0,0,0,0.5178321392369405,0.43221280007260887,0.3861873227884871,0,0.4078791018134158,0.30118324695916066,0.3823399777404468,0,0.5271639235060359,0.35256355113750715,0.3506176705387585,0,0,0,0,0,0.5302717498632319,-0.04346911070437898,0.625506227206305,0,0.3704470018675998,-0.2889622303425181,0.5002678649132974,0,0.49812870911525664,-0.20375758004882982,0.5730420835112326,0,0,1.346372726110154,1.2149925944208615,0.9902772959481858,0,1.406840269863796,1.2099277606962549,0.9776377016922222,0,1.335536981464081,1.2006448963197514,0.9507427175632479,0,0,0,0,0,0.24338907584823843,0.04706493447201332,0.4142143972132599,0,0.07897805432910587,-0.10542693909238476,0.40988635296961906,0,0.25387506433364493,0.19433130449294111,0.3977711907013006,0,0,0,0,0,0,0,0,0.2387186863033799,0,0.35872186290690866,-0.10631314474851905,-0.08005018003557485,0,0.16480768937164791,-0.10330350466717775,0.14589053703480026,0,0.16481831010021697,-0.24688329074049786],[0,-0.03004124841690592,0.3933765031009422,-0.00857343302850877,0,0.05320390330172042,-0.3073654367379497,0.10189289114560207,0,0,0,0,0,-0.012366349491956363,-0.04024896289340951,-0.03134102552158513,0,0.17515355880981343,0.10046714375571586,-0.21847779816224744,0,0.20343095259231436,-0.33288560554061775,0.0492130818531864,0,0,0,0,0,-0.21321907518454708,-0.6333182658978345,-0.26682944352621263,0.54902359396063,0.5786742489081433,0.5698066233509902,0,-0.140904735799106,0.013318929426766601,-0.17424555881591175,0,0.7923988559031159,0.8325288683124441,0.8171445031446805,0,0,0,0,0,0,0,0,0,0.18575097368710303,0.0819238959469466,0.23129669683236997,0,0.19658772325361973,-0.14678806784913156,0.2328355186542943,0,0.2736225993065329,0.0537526994191424,0.3182084184735263,0,0,0,0,0,0,1.0960284279144634,0.8053199117009386,0.6254852899218664,0,1.1119973971441475,0.8228017769319971,0.5746948600755362,0,0.6515909452902928,0.44237849178912114,0.19126676215145455,0,0.2762424687349174,0.1843642054337291,0.021927139368912663,0,0.2583223500825511,0.026541451840538244,0.08406086158458059,0,0.3670992415890968,0.19746765760638496,0.16079546382328402,0,0,0,0,0.10051212862394188,0,0.2047187724084818,0.13159790549388184,0.12651272279811465,0,0.16673998353701336,0.19807740690098452,0.19573130877201272,0,0.30844439161606374,0.28953708965097746,0,0,0,0],[0,0.10136861254279328,-0.01484718949573871,0.0653124635458111,0,-0.0035844484863520876,-0.21392447067066467,0.021178132879011713,0,0,0,0,0,-0.03657181668674525,-0.23316269781423138,-0.011982816961953802,0.316895418648631,0.38731014579663814,0.35729034816922756,0,0.09138147558806864,0.10208956559564619,0.08957332719782407,0,0,0,0,0,0.3734796301336516,0.3918553367663211,0.43134093947542773,0,0.5478755796126276,0.0361285076929132,0.4712036449315331,0,0.09681906034404619,0.12235537236095517,0.00580819137132238,0,0.37297806641985254,-0.09263164015257885,0.41001764696865095,0,0,0,0,0,0,0,0,0,0,0.35633555766027314,0.0033579968104984204,0.12058665384579648,0,0.15958019436155269,0.00577164568253874,0.10985377910646044,0,0.28990599505764436,0.0721001989529535,0.06278287048364817,0,0,0,0,0,-0.1661205206899412,-0.10968505845174814,-0.07212344359275402,0,-0.1252460940803477,-0.07542234634972367,-0.16641339035868885,0,-0.11910144669675571,-0.16043665209266234,-0.18225348369880479,0.15118242951599647,0,0.17104099827987973,0.2268468566351629,0.1260622570557679,0,0.06264977853530596,0.1918655171323973,0.07652561551918424,0,0.13769414452627693,0.21755585204235928,0,0,0,0],[0.16568819193475015,0.16107451965181063,0.16678632876367594,0,0.42946950892616265,0.40930068593374536,0.4526475701103774,0,0,0,0,0,0.30998975260111017,0.3120186117777539,0.30948352582642435,0,0.023990588268814506,0.05392308694755776,0.14559690909031353,0,-0.1341625626612739,0.04760133449266579,0.03232298570592107,0,0,0,0,0,-0.01586535614334217,0.0511472953424823,0.18983899653647995,0,0,-0.26489910163699193,-0.16350336805214383,-0.4240487742244152,0,0.11262392044979208,0.06118193465835198,0.015155029066374226,0,-0.13737229399374584,-0.061544358993026904,-0.5076780625931896,0,0,0,0,0,0,0,0,0,0.07916221244069188,0.0021742788194227813,0.1628723830026182,0,0.06887549334294185,0.06965863273644324,0.14635126481354366,0,0.11339157832530322,0.016375885883203267,0.1672918795819478,0,0,0,0,0.07870230919859722,0,0.08251920098746979,0.12288145450662835,