{"modelSettings":{"letterOrder":"ACGT","bindingModeInteractions":[],"bindingModes":[{"fitLogActivity":true,"flankLength":0,"singleStrand":false,"size":10,"dinucleotideDistance":0,"componentName":"Binding mode 0","positionBias":false,"modifications":[]},{"fitLogActivity":true,"flankLength":0,"singleStrand":false,"size":10,"dinucleotideDistance":10,"componentName":"Binding mode 1","positionBias":false,"modifications":[]}],"letterComplement":"C-G,A-T"},"coefficients":{"bindingModeInteractions":[],"bindingModes":[{"mononucleotide":[0,0,0,0,0,0,0,0,0,0,0,0,0,0,0,0,0,0,0,0,0,0,0,0,0,0,0,0,0,0,0,0,0,0,0,0,0,0,0,0],"activity":[[-12.749516924150104]],"dinucleotide":[],"modifications":[]},{"mononucleotide":[-0.15910930282253055,-0.4580781440230792,-0.2937972210125972,0,-0.5289222870154111,-0.827256098940043,-0.9840416486610017,0,-2.390985071008884,-3.953391700569137,-4.503912093858734,0,0,-6.7575920076164895,-2.7819763843997594,-5.925831443875387,0,-8.969522661651258,-10.792085410624626,-8.474157779109786,-2.801992526619495,-4.5748362780881155,-2.01547717907851,0,-1.9374920007945935,-1.9039481288557072,-2.1094045552135787,0,-0.9298282784937371,-3.0233905603901574,0,-2.5880016791315477,-0.38753208166765507,-0.1320624466788871,0,-0.9160808579324797,-0.6179068003195551,-0.08991322632050291,-0.41755341481900565,0],"activity":[[0]],"dinucleotide":[[0.0828690106614749,0.6678433932816965,0.10078162409720903,0,0.18749077714342643,0.41049453467108776,0.5187374735256816,0,0.6076788287035928,0.5794203067860879,0.31409562364550503,0,0,0,0,0,-0.497566718615321,0.03549632523043922,-0.6528930629548588,0,0.13012222130643814,-0.08132227689269644,-0.1576127313975375,0,-0.22591400789582483,0.08309048655787699,0.19098068600793994,0,0,0,0,0,0,1.3542825804318017,1.1677992507537862,1.6882140410755273,0,1.5154227699710425,1.0711914062145125,1.8791044717627905,0,1.3772137657179613,1.3058149038751337,2.2142538746232123,0,0,0,0,0,0,0,0,0,2.71775495457592,3.289009172775925,2.601455401649851,0,-0.020236531328041707,2.1873549746851655,0.010289966373109749,0,2.196480454942362,2.3417680146632627,1.4966016103596722,0,0,0,0,0.11937595842763216,0.9145211035947067,0.5845572144498874,0,-0.03291187376109406,1.0999198847592293,0.2323603472027571,0,-0.836040812631202,-1.2778576324933546,-1.1569121058486118,0,-0.3339463887775178,1.7528473326965228,-0.5053826411174809,0,1.7569117226778417,0.9510593939406098,0.9624169548103536,0,-1.0107551866192575,-0.19709070372059934,-1.7681584699290127,0,0,0,0,0,-0.14500306547420116,1.2642727508146443,0,1.0739163988722256,-0.4631840022593794,-0.04756556997453032,0,1.2890469376554998,1.0556094698247547,1.4872823937022197,0,1.2874065787974178,0,0,0,0,-0.7745284276088791,0.8265992705438787,0,0.551936574023359,0.26645669413985207,-0.32644092312243256,0,-0.009682862134636316,0,0,0,0,0.06414122590608873,-0.3890408597676487,0,-0.433170074794071,-0.4650120808785303,0.03797673731332374,-0.006495885427371562,0,0.05298897409542569,-0.12453236510661636,-0.4541144502531358,0,0,0,0,0,0.16064201704310044,0.12951163642214691,-0.17794692599692574,0],[-0.4238077150244344,0.0892115618033742,-0.4056250183740424,0,0.08242497577383556,0.4974008534437866,0.11590122762344013,0,-0.1602557678106189,0.20626361434492502,-0.17127290901337044,0,0,0,0,0,0,0.38248556334484096,0.4189225290497012,0.22746620004397844,0,0.36058637176856134,-0.13136592611374542,-0.29757490116923346,0,-0.22384886528692505,0.08125941118647795,0.152208440606314,0,0,0,0,0,3.76349953537727,2.7211519399873456,2.9580931732538094,0,2.9409662769555,2.7882367895982743,2.983448369248949,0,3.5582718569675205,4.131122260913685,3.356246858599519,0,0,0,0,0,0,0,0,0.05113366850632417,0.3696860970328739,0.18855654346256756,0,-0.3005680399417221,-0.35505936960685514,-0.36398613264537794,0,0.04796000921006183,0.2193238296012403,0.6369855435881178,0,0,0,0,0,1.0974433046364123,1.8312387680885962,0.525698168387148,0,2.2513835831566045,0.9990241483141205,0.18030628867330023,0,3.9463969399374594,-0.5875541559153845,0.2735329980865018,0,-0.3143609740352167,0.05055877676497378,0,-0.3355442603075769,1.2017204293422044,0.6147091632303638,0,0.05622087224261385,-0.6714405837622754,-0.8168118532507638,0,-0.6204562744866982,0,0,0,0,-0.3827246601246168,-0.006692289885160463,0,-0.030762733666412245,0.34552304807110445,0.2837780228788782,0,0.7179021955858085,-0.2849866387939688,-0.12850815481653566,0,0.15218398667414323,0,0,0,0,0.46883919756068604,0.443360573904112,0.5740812533135244,0,0.21547496455054205,0.13972693259580193,-0.03303572449731629,0,0,0,0,0,0.58020112488063,0.2316285879669282,0.20656922346750584,0],[0,0.020671015935048942,0.07394081068168479,-0.004188327726392771,0,-0.13283024421099743,-0.009930393101619472,0.18397780370289762,0,-0.05643599421250567,-0.12600107337233446,0.12194126249560444,0,0,0,0,0,-0.2028567401958572,0.6549645451124242,-1.5389101306757311,0,-0.9605985601996583,-0.07119886506360018,0.3597770464058616,0,-0.6542887365281427,0.6075762002175047,-1.2804371450270544,0,0,0,0,0.24570906987973284,0.7136614498401039,0.6644955627437037,0,0.5111266682036026,1.0752694210003764,0.6191001373645078,0,0.628799316911925,1.3421222022562418,1.0756953386313706,0,0,0,0,0,0,0,0,0,0.3355922007718881,-0.09472532372777565,-0.39599018004678044,0,-0.06695874230348675,-0.2560709539205579,-0.14328393419913077,0,0.17036229624638466,-0.15207127839208034,-0.3498302721335378,0,0,0,0,0,0.804009711031334,2.616803572726905,0,1.3390220874418564,1.670803639421564,2.464651215993367,0,1.8564976463559812,1.9519219515388695,1.8912596983329912,0,3.191100502037621,-0.35012056092444155,-0.018345975472491283,0,-0.3409632036120822,-0.5873234655925863,0.3177633333867842,0,0.48626995172074317,-0.662384169962599,-0.3271555691394248,0,-0.08450965537106558,0,0,0,0,-0.11486723459328729,-0.06409956453920351,0.04965833024630051,0,-0.5173457702717918,-0.5035557254942216,-0.8306076173328032,0,-0.11742847166887405,-0.07454855855625642,0.03749902228486324,0,0,0,0,0],[0,0.456884787586068,0.6125314823158643,1.042898842813658,0,-0.049467704525980594,0.09121634486220032,0.12257923085120304,0,-0.21562368070840598,0.19566640530182866,0.9949139853213023,0,0,0,0,-0.21093272163174248,-0.16836152055198195,-0.10159234671845407,0,-0.23975620762918393,0.009759387771484107,-0.18722794468528026,0,-0.19164852756289097,-0.05619119173987208,-0.25618505828577653,0,0,0,0,0,0.14047835712575285,0.281430054360877,0.11277062190088394,0,-0.12342391775722383,-0.13742650402200773,-0.3466095720946232,0,0.38761298580794623,0.33325669311558315,0.25761299597363774,0,0,0,0,0,0,0,0,0,0.4558573442028475,0.1855794286286674,0,0.7308876859562599,-0.03425519216956818,-0.1943901427460446,0,-0.06699522281688264,0.18206600215410518,-0.06060154240751103,0,0.7224261339018039,0,0,0,0,0.7003392797393708,0.13387604682026222,0,1.1498403246950542,0.5161872003766454,-0.0949257755839561,0,3.076126152873922,0.4231871267698111,0.9474534906104619,0,1.5046526447213964,-0.07847009054094745,-0.025699992429252028,-0.1518197290264265,0,-0.2997501108444762,0.06732894209872953,-0.24808356699262823,0,-0.18387855108175888,-0.06645532757566919,-0.15524081127644607,0,0,0,0,0],[0.12887443459840142,-0.13952136889607303,0.004461513683118312,0,-0.052477421749324904,-0.06949127822455647,-0.011022467748618148,0,0.03949602305898381,-0.19472958663371198,-0.09932046975861386,0,0,0,0,0,0.050935019735257825,0.07984770338216496,0.1312781417174973,0,-0.12058717413047049,-0.03958089525311159,-0.06799232433666713,0,-0.06374663564054472,-0.021712557628274176,-0.03408997251007584,0,0,0,0,0,0.020473793639944837,-0.15343563758140988,0,-0.22994850391963428,0.18248974195229906,-0.04318457481662197,0,-0.25409863651266296,0.02604988379249029,0.05033972244059726,0,-0.05022742450583273,0,0,0,0,0,0,0,0,0.21202527048139075,0.14112504835664552,0,0.35272082311755426,-0.011273223298342572,-0.0719495160566801,0,0.08569521724868157,0.3076171907146712,0.12765285346714528,0,0.2978017305961007,0,0,0,0,-0.13365696800930493,-0.37016715876763584,-0.10863609389939555,0,