{"modelSettings":{"letterOrder":"ACGT","bindingModeInteractions":[],"bindingModes":[{"fitLogActivity":true,"flankLength":0,"singleStrand":false,"size":10,"dinucleotideDistance":0,"componentName":"Binding mode 0","positionBias":false,"modifications":[]},{"fitLogActivity":true,"flankLength":0,"singleStrand":false,"size":10,"dinucleotideDistance":10,"componentName":"Binding mode 1","positionBias":false,"modifications":[]}],"letterComplement":"C-G,A-T"},"coefficients":{"bindingModeInteractions":[],"bindingModes":[{"mononucleotide":[0,0,0,0,0,0,0,0,0,0,0,0,0,0,0,0,0,0,0,0,0,0,0,0,0,0,0,0,0,0,0,0,0,0,0,0,0,0,0,0],"activity":[[-12.946756295312753]],"dinucleotide":[],"modifications":[]},{"mononucleotide":[-0.34749728760689047,-0.4956726403374594,-0.4082980459539116,0,-0.4618473056782815,-0.679235924383404,-0.9752057540256426,0,-2.263635685578429,-3.96791379087465,-4.552621417542813,0,0,-6.800433334998353,-2.853960231747394,-6.153167641344572,0,-8.074206681018431,-7.047156164581644,-7.901851027874885,-2.7180354126924375,-4.355013659439805,-2.2282663579930664,0,-1.9773264448473777,-1.864458295727744,-2.172954704772191,0,-0.9295936776747723,-2.8321742463037016,0,-2.5544716897636257,-0.3069948041176668,-0.029937500335338596,0,-0.7844081970312832,-0.6874627587175705,-0.18116349102152218,-0.4589106564842561,0],"activity":[[0]],"dinucleotide":[[0.11761849302517136,0.6095531680808253,0.12982663728597155,0,0.18995040644671213,0.379270203251885,0.5239860516959732,0,0.6005642229056226,0.5390584842839806,0.29119312797317676,0,0,0,0,0,-0.5472395440389253,-0.004185073939904527,-0.6405474901082417,0,0.12574633957318593,-0.08657510572702254,-0.22001465188680935,0,-0.24213162295873314,0.06874100751985157,0.2552935050583507,0,0,0,0,0,0,1.017009109154655,1.1465981946756383,1.1783439957579027,0,1.1659106860256223,0.9308787405734353,1.0369718063540212,0,1.4031193205684591,1.2767483784431821,1.315605747095736,0,0,0,0,0,0,0,0,0,1.8851626731217337,1.6850583821086023,1.8426369827304558,0,1.0024721079068222,0.7034557842528155,0.9392833148296145,0,1.6081431218791469,1.3920464740173326,1.541443033981686,0,0,0,0,1.0428991594964785,1.0379295564384314,1.2991919473420381,0,0.8889530290771113,0.8414280501690321,1.1165985152322975,0,0.9232025242509092,0.9342494389695091,1.1204189777254765,0,-0.6251271046913729,1.5682640864740165,-0.5854339149186529,0,1.438213865946734,0.7148580485456897,0.8187712613033717,0,-1.1201378336306913,-0.36568540244599124,-1.5818240433854633,0,0,0,0,0,-0.04765054946528968,1.0454349304705186,0,0.9246424063470586,-0.37357924832620126,-0.1870493297609519,0,1.1193678914602128,1.1255661038700535,1.3157709849065338,0,1.1989936231522984,0,0,0,0,-0.7349155130826994,0.7667415773765476,0,0.48807572468571303,0.2660867433348737,-0.3133037140371524,0,-0.04218258100951555,0,0,0,0,0.07443806787266505,-0.39878175409760175,0,-0.44577811592299943,-0.578417596488795,-0.03935355704892174,-0.07350966572898754,0,-0.04123463338169864,-0.19487712290018844,-0.4505797945463621,0,0,0,0,0,0.07380037757619107,0.09386922640147444,-0.187471714936696,0],[-0.434873773249723,0.125473326603192,-0.39633763961478863,0,0.032422293149242165,0.3207740132630832,0.14911109164313707,0,-0.13272579053572775,0.23392440513147772,-0.23170786878575456,0,0,0,0,0,0,0.45401057985174376,0.4320061280759395,0.49054364615844825,0,0.15835415069085101,-0.23455155360804536,-0.12022302041920874,0,0.19614220443692787,0.011611351319715801,0.38544389660138556,0,0,0,0,0,1.2886762238719047,1.3079033232475652,1.2856248030568338,0,1.4244864772194532,1.4518893235988877,1.4612940855382703,0,1.707254616589596,1.8845175591191747,1.724155870950682,0,0,0,0,0,0,0,0,0.3968477734964342,0.3568687984937533,0.4260576916426775,0,-0.5543739284864664,-0.5598735727685789,-0.4226801116324861,0,0.23192780432361815,0.07289429432129424,0.11559659927377375,0,0,0,0,0,0.3709042964552811,0.44742840767764136,0.5013797270740561,0,0.21762239196234923,0.1386961900635466,0.3482939682884947,0,0.6520235802331538,0.5203008545410484,0.6826068062672483,0,-0.30058649594264963,-0.16780355173468386,0,-0.30082132248769344,1.165214073209203,0.7362367483086203,0,0.10899064542118175,-0.5297919601989656,-0.8224966055907057,0,-0.7048018932705338,0,0,0,0,-0.46324114758273494,-0.01366286541073869,0,-0.03809072552834136,0.2998711076445786,0.2927410116470823,0,0.7529196261752218,-0.3591244390016377,-0.1758423726647198,0,0.11329511226705025,0,0,0,0,0.37743200688531897,0.41524309313209784,0.5248632824818249,0,0.10976405971927816,0.09546275011265859,-0.13504367911265414,0,0,0,0,0,0.4726705943034717,0.2327140535924097,0.188182125156803,0],[0,0.16577249653964898,0.16519383424309053,-0.07202016094141683,0,0.19454801392373344,0.03519198487640285,0.1627674778478143,0,-0.12045738078463941,-0.06912280097722467,0.010066538625059351,0,0,0,0,0,0.2008402555453177,0.043901732776932434,0.08732453534396356,0,0.10252055107680569,-0.21992693201988267,0.18344970557585683,0,0.3918355713272046,0.1616569755587438,0.32005499564641937,0,0,0,0,0.10754077913523741,0.5646890412909347,0.50565653641004,0,0.23626150763956488,0.7862368246123239,0.616256474352415,0,0.5053558021597571,1.129637501317263,0.9828020405045983,0,0,0,0,0,0,0,0,0,0.11545200514889409,0.01783967046572954,-0.0782389930313947,0,-0.21431034935362447,-0.39118540171123684,-0.24985116345404101,0,0.12051257755632605,0.13841501296498748,-0.18848362786354222,0,0,0,0,0,0.2720470579450627,1.1746024506053665,0,0.8140426140627035,0.034393756938053244,0.8712388315553667,0,0.4987264289392854,0.1814015794956081,1.0734065339169998,0,0.716616138774075,-0.36449912900641257,-0.022982598129556386,0,-0.3477493615518834,-0.4974041678325687,0.32882041159838327,0,0.45487755710783073,-0.5500278866059571,-0.26876591325722554,0,-0.09077983145426272,0,0,0,0,-0.05497654098163851,0.08757101135149581,0.1286566920238501,0,-0.5317377038592528,-0.44648811322106496,-0.8331074860805532,0,-0.037492231815911214,0.03640808591235345,0.020826406340869408,0,0,0,0,0],[0,0.04712588664569495,-0.015519819227701959,-0.010173626656778012,0,-0.046232877076676004,-0.16400944701311726,-0.04227078465564915,0,-0.09942257189975656,-0.15349311484358452,-0.21081864955439933,0,0,0,0,-0.21859918501824893,-0.22588488172195031,-0.06413362982736093,0,-0.3682381554018388,-0.18670626882374197,-0.30656568838108456,0,-0.2332022721064977,-0.20169091515000837,-0.2937530992807691,0,0,0,0,0,0.046432439634907396,0.12605530366663587,-0.026188244147703266,0,-0.1978576520129396,-0.18482397553549035,-0.34618653652684284,0,0.22789942906282867,0.0617070322435076,0.22424186920856748,0,0,0,0,0,0,0,0,0,-0.024078861193137513,0.43475904772142115,0,0.7316183141638266,-0.014447601110105346,-0.3971440430337534,0,-0.1499166388255997,0.011065337120971463,0.49877704962171876,0,1.2640923064036738,0,0,0,0,0.46515213865784677,-0.07610653367109599,0,0.3905138440785496,0.42915409860334286,-0.12133577532827733,0,0.45993033247299575,0.3784909833091321,-0.11117410331506239,0,0.2995375240477127,-0.1470087961862867,0.002820577249830425,-0.188725360710833,0,-0.3762804139673106,0.06363624575578708,-0.31700400998444067,0,-0.26796087144367897,-0.056061889737955006,-0.27541038687325825,0,0,0,0,0],[0.15962913629511677,-0.10640208832705689,0.10332116734312491,0,-0.11692232256173085,-0.09689578250310138,0.014779990840309232,0,0.021090434286885174,-0.15382135941793962,-0.019043618016086672,0,0,0,0,0,0.09486545061368634,0.09669904608991509,0.15640296408398058,0,-0.13579997399888466,-0.08057069636260472,-0.09708553949688348,0,-0.022035202805310128,-0.052329811140316984,-0.013071150554394784,0,0,0,0,0,0.04854038503334346,-0.5128153773448627,0,-0.41370226508399366,-0.016174127728957544,-0.17914388809084336,0,-0.31638388220448554,-0.061277428079243634,-0.21876720378531012,0,-0.3912545519682631,0,0,0,0,0,0,0,0,0.1431921944944179,0.07951469965957703,0,0.2044405132525009,-0.03660348800452917,-0.014986979820978519,0,0.031184708772038938,0.1781727913637301,0.5144677192610834,0,0.4883470830399821,0,0,0,0,0.09394515376562929,-0.18716285732696925,