{"modelSettings":{"letterOrder":"ACGT","bindingModeInteractions":[],"bindingModes":[{"fitLogActivity":true,"flankLength":0,"singleStrand":false,"size":10,"dinucleotideDistance":0,"componentName":"Binding mode 0","positionBias":false,"modifications":[]},{"fitLogActivity":true,"flankLength":0,"singleStrand":false,"size":10,"dinucleotideDistance":10,"componentName":"Binding mode 1","positionBias":false,"modifications":[]}],"letterComplement":"C-G,A-T"},"coefficients":{"bindingModeInteractions":[],"bindingModes":[{"mononucleotide":[0,0,0,0,0,0,0,0,0,0,0,0,0,0,0,0,0,0,0,0,0,0,0,0,0,0,0,0,0,0,0,0,0,0,0,0,0,0,0,0],"activity":[[-12.887455061742552]],"dinucleotide":[],"modifications":[]},{"mononucleotide":[-0.11790925495498761,-0.36851468348403515,-0.13703837698626598,0,-0.5133252396086578,-0.8508114227899455,-0.9472161436827085,0,-2.3042088639196616,-3.617319176905042,-4.004650892425877,0,0,-5.916302137637272,-2.505481033392469,-5.094917046483177,0,-6.868673346554553,-6.287027856153994,-6.440497858436432,-2.5815366159261597,-3.821704995580326,-2.075266773705484,0,-1.9560332454309388,-1.6893226308206533,-2.0336741129036535,0,-0.8474230820444202,-2.7426235578626583,0,-2.339848528428672,-0.4099135131767371,-0.11708938405459746,0,-0.7204420687560069,-0.48000501692912434,-0.04052111383190704,-0.3834581426428767,0],"activity":[[0]],"dinucleotide":[[0.01673933308679887,0.4120604689740768,0.047410524361922946,0,0.12367060112373984,0.26729898213071124,0.34247885973930003,0,0.407143249171956,0.34753446305444546,0.16689826592722135,0,0,0,0,0,-0.26467536172445083,0.0641663986301193,-0.4303268169979404,0,0.2778834685876239,0.03847435977767866,0.016684743032008953,0,-0.0040771224945270745,0.16869318801444866,0.2561103469518491,0,0,0,0,0,0,0.9526860465955433,0.9988463055302117,0.9855241727912443,0,1.0562106770060264,0.8361014340435986,0.9637700920891934,0,1.2140855311291183,1.0353800824612787,1.140302079790068,0,0,0,0,0,0,0,0,0,1.5792531920287907,1.4379031342089146,1.504130443556157,0,0.8093241897170955,0.5758723081508688,0.7297937286086587,0,1.3378204501261912,1.1894714722916664,1.264888276674153,0,0,0,0,0.8806002614299153,0.8258528773803793,1.0737694140070673,0,0.844861581318467,0.7834769489698488,1.0770195120876398,0,0.8577647729914624,0.7981396640473708,0.9583661388303852,0,-0.2472591439703411,1.2833569761299302,-0.34790960770647494,0,1.1077458771046533,0.6537967034303893,0.6479579644583886,0,-0.7565002567696348,-0.19280153920534104,-1.1824166224058166,0,0,0,0,0,0.1226842269651307,1.0715915533898026,0,0.855023085496402,-0.3470855618155415,-0.021195879343765434,0,0.9370550552639574,0.9764039442849368,1.2181659954663426,0,1.0916902952093182,0,0,0,0,-0.46257726671598887,0.6922536130977517,0,0.37428615532766507,0.20991189115165731,-0.27586813437645574,0,-0.058261794239401254,0,0,0,0,0.14683772734584633,-0.2943515383027506,0,-0.31914374404428436,-0.3366524267195148,0.0015642090571048595,-0.07381400643911817,0,0.028423953568333715,-0.04246243008939943,-0.2960076428145326,0,0,0,0,0,0.10820435989538302,0.11015768173415408,-0.12801938106609034,0],[-0.3117634632151516,0.04528067246857859,-0.32438544790641366,0,0.060344150598328206,0.34844010502011713,0.14006462755429183,0,-0.10816747606220467,0.12354644341856247,-0.16351353521102663,0,0,0,0,0,0,0.31785091887950223,0.3346910955291378,0.2858265564181526,0,0.10724137684025159,-0.1072622167132753,-0.07664123220718366,0,0.15186853545349166,0.0649682878730955,0.15670020795495088,0,0,0,0,0,0.8595678852623561,0.8666703513120986,0.8412220256247824,0,1.1200001795736352,1.1182550538640896,1.0626050922662724,0,1.2471562797985598,1.350318232357731,1.2112441455745078,0,0,0,0,0,0,0,0,0.4661438492562553,0.4158787944521709,0.5072773167947666,0,-0.2737376018376434,-0.4029545165015129,-0.13114784129811596,0,0.3471497439918405,0.2015329244284647,0.3845914826948622,0,0,0,0,0,0.2679696476067548,0.3454718571696418,0.34800832772411816,0,0.312328862047325,0.2567144960749381,0.4351017884182298,0,0.42990624288554713,0.33577492568481304,0.4598316512994689,0,-0.162098060814726,0.0203675340821734,0,-0.12836400972419426,0.9877431369774197,0.7213738731884085,0,0.24696503649988166,-0.4613597724484855,-0.5017429264133906,0,-0.40094639710562063,0,0,0,0,-0.21938377129129938,0.046578872654952974,0,0.03341864557321372,0.25532293526488115,0.22904413220134634,0,0.5484791538192266,-0.29965047181393656,-0.12047703230163043,0,0.10583553640920851,0,0,0,0,0.3684933848931973,0.34399719143599006,0.3698997083984059,0,0.20186633987061686,0.12403042676621734,0.06749161264706505,0,0,0,0,0,0.4554142912145549,0.1424291661619277,0.2050224254317703,0],[0,0.060730519577518294,0.034346659200340746,0.01635506764976924,0,0.04355490307333554,-8.14564550049468E-4,0.06823838873231658,0,-0.23092786996939108,-0.12384871650350338,-0.08977138158684195,0,0,0,0,0,0.15281606022978345,0.07583576048144991,0.03500513829591867,0,0.182599907088564,0.004376094901447303,0.1688422552304818,0,0.3367407170464407,0.22121490747885453,0.2622484852794482,0,0,0,0,0.2763471978403462,0.5771761882969138,0.6317378113838794,0,0.4428535476290527,0.7801347802328849,0.7490429514640908,0,0.5350656796331936,1.1087888665854528,0.9989204923985024,0,0,0,0,0,0,0,0,0,0.32206554884011496,0.1653875168993597,0.15822568106635693,0,-0.022626464944245583,-0.23944960569749618,0.0033437665214162138,0,0.30377919517043495,0.07400817631849144,0.10037817509647162,0,0,0,0,0,0.24611508402646542,0.9814123078874601,0,0.7473001961875507,-0.009502376171433013,0.760774784672634,0,0.557717647279663,0.19433280013317322,0.9019781050596052,0,0.7091368089656154,-0.24392827400297445,0.014268395707135895,0,-0.19749463756458674,-0.2795649727540388,0.3310785298427277,0,0.3866861920747944,-0.42377925970920316,-0.19206492277868703,0,-0.006557119871920314,0,0,0,0,-0.042014206319954894,0.03337413105342346,0.041319427227039185,0,-0.39895815961949044,-0.3591906174094084,-0.6743657628931774,0,-0.08772736177296814,-0.024753048439512426,0.015258073515788784,0,0,0,0,0],[0,0.1235014302364057,0.03967338924876351,0.034032644692445047,0,0.041497240794290846,-0.051207749366955824,-0.0025409699586216306,0,-0.08578117891664938,-0.10880156874092695,-0.1830963588731187,0,0,0,0,-0.1480391930535383,-0.1329987755235873,-0.04844655187998903,0,-0.10265285761498077,-0.013484222602464513,-0.07726333467783508,0,-0.14582716829811826,-0.1030380233282644,-0.1497042294630866,0,0,0,0,0,0.11682548590853425,0.11136340935409805,0.1147532674559999,0,0.052387392170285096,-0.10005926244432573,-0.018337692975677555,0,0.24426914478962303,0.10607405617591681,0.22326260793346542,0,0,0,0,0,0,0,0,0,0.047272307649619094,0.3436534440545209,0,0.4700408490187922,-0.08334052484987176,-0.24767359665479471,0,-0.08192672532206657,-0.018578978472682195,0.2795269768818365,0,0.5522784053682752,0,0,0,0,0.32447291310054815,-0.04512993845049351,0,0.2958254112703287,0.290337610682899,-0.03969195962572236,0,0.32490346777674084,0.25647483059585063,-0.07578317119895495,0,0.2609908360204596,-0.10190614603499082,-0.07560168783027965,-0.08350603368062526,0,-0.27376042192666006,0.010199437759021102,-0.2212628985398979,0,-0.22108112946170166,-0.09997828287016564,-0.16841897974164421,0,0,0,0,0],[0.14924580513675156,-0.08861133096743679,0.03814687171199971,0,-0.034733843281260945,-0.04466296677425774,-0.03757068569647792,0,0.028957190978397662,-0.14555163383346947,-0.08792234547850963,0,0,0,0,0,0.1844133211146688,0.1886591317038131,0.1678719852241266,0,0.032554395909388134,0.09272827241129189,0.09947320931824954,0,0.09323926149880535,0.07814079014532549,0.08466752689527013,0,0,0,0,0,0.07075395782395155,-0.3017817049599749,0,-0.3220366553228402,-0.01280106287272531,-0.09352879356182608,0,-0.2300419692340121,-0.0494445624781239,-0.19032744053341055,0,-0.3143941685491711,0,0,0,0,0,0,0,0,0.1761058064471639,-0.011626200334909242,0,0.11844674861014859,0.009313544069338597,-0.04386637105775826,0,0.029533900759675547,0.20894142265439353,0.1610182110524292,0,0.22397821730408474,0,0,0,0,0.19446027391214749,-0.1333919127875003,