{"modelSettings":{"letterOrder":"ACGT","bindingModeInteractions":[],"bindingModes":[{"fitLogActivity":true,"flankLength":0,"singleStrand":false,"size":10,"dinucleotideDistance":0,"componentName":"Binding mode 0","positionBias":false,"modifications":[]},{"fitLogActivity":true,"flankLength":0,"singleStrand":false,"size":10,"dinucleotideDistance":10,"componentName":"Binding mode 1","positionBias":false,"modifications":[]}],"letterComplement":"C-G,A-T"},"coefficients":{"bindingModeInteractions":[],"bindingModes":[{"mononucleotide":[0,0,0,0,0,0,0,0,0,0,0,0,0,0,0,0,0,0,0,0,0,0,0,0,0,0,0,0,0,0,0,0,0,0,0,0,0,0,0,0],"activity":[[-9.310289549496757]],"dinucleotide":[],"modifications":[]},{"mononucleotide":[-0.32889467683453066,-0.2103959722461406,-0.36252713210561005,0,-0.24948213446929923,-1.04839923281728,-1.0229494869587707,0,-2.6170851658093213,-4.114390975852676,-5.0238315190637,0,0,-6.316887274651519,-3.1236653297949646,-6.085090954776778,0,-6.391439556552077,-6.567955950128457,-6.276064246741155,-3.3543929156924204,-5.2459378437493225,-2.598233969973365,0,-2.3119432632044177,-2.0515120059811016,-2.1478562620786894,0,-0.7068240111295818,-3.0281943771157014,0,-2.678713157687933,-0.8482446966572814,-0.4058088591261617,0,-0.9569416010663447,-0.897817423867302,-0.10861324968584407,-0.7155340794399168,0],"activity":[[0]],"dinucleotide":[[0.012674934916718783,0.513721289231917,0.10334307565873857,0,0.029898712713474218,0.36048208859072073,0.24342550273541086,0,0.46069855794759107,0.5628473966361511,0.3356024412475733,0,0,0,0,0,-0.6327723408317478,0.15404808849395923,-0.22372684646412644,0,0.29881924385813274,0.2804780546908008,0.14347863002558192,0,-0.42773103225470965,0.21359607552334392,0.19396178233361994,0,0,0,0,0,0,1.3038080563638772,1.1965194744431686,1.1385134766594316,0,1.2938546702269527,0.9295314046000502,1.1571543138539333,0,1.4494510587489238,1.1900711301329645,1.309599983675577,0,0,0,0,0,0,0,0,0,1.5266771739093628,1.4379980475230703,1.45741579601248,0,1.1525327815764612,0.9461673218021218,1.054787594925802,0,1.4986056238823995,1.41454965295401,1.417488678586638,0,0,0,0,1.0440539151074812,0.8969328439461428,1.1465662187677816,0,1.2847835990177536,1.1691181014520655,1.3698691807615004,0,1.3550922566290975,1.1695870535013704,1.4400130773192137,0,-0.19645700379383868,1.7154531297213325,-0.07336427965441317,0,1.7737298106162616,0.795275344055181,0.9713115949304392,0,-0.5978907663131787,-0.2701672947447049,-0.9982148999402494,0,0,0,0,0,-0.21642543458519992,0.9140938461295924,0,1.0040009672507573,-0.2848285065311549,-0.08995060355986695,0,1.0091733435406,0.8369134002704577,1.1145162678843388,0,1.1389662914342162,0,0,0,0,-0.7173057585734384,0.7411075655063293,0,0.3956202009388621,0.4496308130191995,0.03826281942197518,0,0.08419193181922946,0,0,0,0,0.07888249289414428,-0.26646768788966835,0,-0.3033148869591722,-0.29129484489702495,0.15130432804508587,0.21297032273429028,0,0.1107467068896737,-0.2202564350128564,-0.2631618797626345,0,0,0,0,0,0.35269105983338367,0.08598241303810061,-0.014781114774804927,0],[-0.30271903531936317,0.21137562199620863,-0.030426100675279955,0,2.639289799724054E-4,0.2020061872800314,0.19837510859178842,0,-0.021395870478233547,0.11683487190423136,0.05355676447678803,0,0,0,0,0,0,0.25227873806542256,0.3162167535181597,0.30593219174365593,0,0.20279310061229516,-0.18659314945276861,0.25450824175765163,0,0.5327157070103237,0.21296372423952725,0.5077214765739857,0,0,0,0,0,1.153459059529652,1.067463442883927,0.9666382262596986,0,1.3683555991215393,1.3645363306806075,1.2416842185590795,0,1.3807303576628343,1.3825142744149552,1.26343281463655,0,0,0,0,0,0,0,0,0.660761580498578,0.6096304723274493,0.6273936935270932,0,0.020349566429983312,-0.11403349754080239,-0.1986116162435323,0,0.6992257020219341,0.5973601611383312,0.6479150773895732,0,0,0,0,0,0.5270257423678419,0.6826661214682952,0.7642023323761018,0,0.748483564600706,0.8247375517499682,0.8442278301658588,0,0.5598255793654818,0.6637918922520649,0.5217814253517341,0,-0.34456650038736836,0.006702449931733412,0,0.12155431708659847,0.9988181351806391,0.7680454993464672,0,0.8531363879805749,-0.6343248937895734,-0.20633420005535363,0,-0.21368571578363493,0,0,0,0,-0.27904449998435243,0.10092080069588594,0,0.10751898032489837,0.40850829770266994,0.31002273747838327,0,0.6339136448845917,-0.2208628235539889,-0.03516298554021713,0,0.23259836953121749,0,0,0,0,0.33582051729916884,0.378093571685326,0.38307632440562767,0,-0.007397231471337307,-0.122584337143536,-0.19565330593479136,0,0,0,0,0,0.5658012005991688,0.22591960510075104,0.4160298329759904,0],[0,0.1445243400836329,0.20179362048154292,0.04301868137679499,0,0.12654845618403243,-0.05023050493191672,0.0465770438449411,0,-0.17594731732457802,-0.14440089256020627,-0.454749619988716,0,0,0,0,0,0.33394333745113514,0.1700751777763454,0.2986658194440164,0,0.19103006270706047,0.04250068768290305,0.19721221125555388,0,0.3210755300156656,0.18812261465740399,0.24821952454909457,0,0,0,0,0.1973208370561963,0.4576877640779564,0.5625200537129933,0,0.3999031683596872,0.6773820818605678,0.7254959792999731,0,0.9662591620327792,1.072036412679747,1.136521066476508,0,0,0,0,0,0,0,0,0,0.2741149760971311,0.4088910071864431,0.37807269281065103,0,-0.6197645626159911,-0.19204629451538757,-0.2469974792045484,0,0.2568576998075116,0.3270172924854178,0.323191621253371,0,0,0,0,0,0.04347717940947504,0.8953601984848358,0,0.5779753315286342,-0.08662829805108707,0.8347091629011718,0,0.5698535065088137,-0.24832337292742857,0.8104456758473937,0,0.5590453676095883,-0.05617354746616776,0.17672982273482862,0,-0.0671720017015991,-0.011171524431567548,0.5782790014474877,0,0.7919096434113886,-0.5075733559312576,-0.3203642791142016,0,-0.08398203884721411,0,0,0,0,0.06354183422989745,0.2579101117688589,0.13937850734945023,0,-0.6173856182816122,-0.4442051352590086,-0.83869474074538,0,-0.15905471112303537,-0.07696040081362376,-0.01298413545742072,0,0,0,0,0],[0,-0.11804651522139586,-0.02643754850692659,-0.14868433675007964,0,0.09938417453415838,0.03769808408391384,0.03833951157181126,0,0.0568767995046926,-0.009437682375530443,-0.019034007612718895,0,0,0,0,-0.11465893871441324,-0.28284701859532824,0.06885812202224795,0,-0.1902613500555601,0.0310457758819922,0.1977345285282439,0,-0.2521161338726907,-0.1644037995181442,-0.22399301325144627,0,0,0,0,0,-0.03381828323861402,0.007092406897717396,0.042475656269152395,0,-0.04180247331738407,-0.18268325410563513,-0.12285616793856846,0,0.45663093842585134,0.271972232206279,0.1451572477298111,0,0,0,0,0,0,0,0,0,0.0340450410018871,0.6769389351886375,0,0.7968592087179367,-0.14480247787965705,0.19427230450954092,0,0.28981082186011164,0.12864691475681944,0.7437865006619138,0,0.827338695550508,0,0,0,0,0.36934721572546714,-0.1417460044754879,0,0.368672551214841,0.2708691694307497,-0.11603662563240214,0,0.22125168763344938,0.4567824204941999,0.019810443240503517,0,0.3965613568279007,-0.1970622254564418,-0.035152508338251565,-0.08034056718572291,0,-0.13558940906559513,0.16740529282543548,-0.11568493289076898,0,-0.15247676542176158,-0.04575349154271535,-0.04701448376708406,0,0,0,0,0],[0.3124481120051863,0.3006714847565721,0.08437420342140634,0,0.08695774879803508,0.18025772448262245,0.09014297760728773,0,0.3081886208172637,0.22118993666167164,0.10470183889979534,0,0,0,0,0,0.08750965145625322,0.009406825339060454,0.007120866022413352,0,-0.0771361937230095,0.2078479775239721,0.08242724579324623,0,0.08515805674631949,0.0728130525536912,-0.11756516435103759,0,0,0,0,0,-0.03342133145100146,-0.25187366882520124,0,-0.3551161115944428,-0.4446814122797731,-0.13327667634474416,0,-0.21499200197217228,-0.308034183924617,0.02098757605191892,0,0.018096378649058664,0,0,0,0,0,0,0,0,0.13397365130160033,0.21338830717944468,0,0.3241497529852957,0.009168719044251539,0.23125924351942562,0,0.2824275011262998,0.05370952739410484,0.10994609880513906,0,0.2503348033486592,0,0,0,0,0.18186699843754006,-0.25943065832522727,0.14831540136843557,0,0.2181781903722495,-0.12547380639322192,