{"modelSettings":{"letterOrder":"ACGT","bindingModeInteractions":[],"bindingModes":[{"fitLogActivity":true,"flankLength":0,"singleStrand":false,"size":10,"dinucleotideDistance":0,"componentName":"Binding mode 0","positionBias":false,"modifications":[]},{"fitLogActivity":true,"flankLength":0,"singleStrand":false,"size":10,"dinucleotideDistance":10,"componentName":"Binding mode 1","positionBias":false,"modifications":[]}],"letterComplement":"C-G,A-T"},"coefficients":{"bindingModeInteractions":[],"bindingModes":[{"mononucleotide":[0,0,0,0,0,0,0,0,0,0,0,0,0,0,0,0,0,0,0,0,0,0,0,0,0,0,0,0,0,0,0,0,0,0,0,0,0,0,0,0],"activity":[[-12.229370234494283]],"dinucleotide":[],"modifications":[]},{"mononucleotide":[-0.5418714505067026,-0.7724218608155349,-0.9301808248468006,0,-2.388346921586817,-3.6310950030705724,-3.782516089865325,0,0,-6.137723483073559,-2.4950482674011374,-4.825007292251414,0,-8.174664380923417,-5.8151926915188845,-8.189927854837197,-6.180619379457882,-4.335980857772963,-2.7662077780531735,0,-2.4856973889438594,-2.2543736437104522,-2.4818494251985914,0,-0.5842523494787266,-4.636367806470014,0,-4.11590080563148,-1.456613414463126,0,-0.9784544801507558,-1.7103596464630497,-0.3876662247630849,-0.18355872112188942,-1.0562684461673726,0,-1.8663434935090146,0,-1.0088372782442567,-0.5471737375850543],"activity":[[0]],"dinucleotide":[[0.0195209135772636,0.5635256560474788,-0.02965395529544601,0,0.16227159689497217,0.2637544463200552,0.43632759677591704,0,0.5717558963931344,0.5097870119454635,0.2691195753286397,0,0,0,0,0,0,0.43195805251573915,0.010564450266659975,0.697246773611047,0,-0.32156663793913864,-0.42060640280740813,-0.04424542501907425,0,0.40891917535828526,0.6771505593245912,0.4934358497156133,0,0,0,0,0,0,0,0,0,1.819823544981105,0.03775421468040285,0.2976670332851903,0,1.1300872918079676,0.10563446450783687,1.2143933572683565,0,-0.03926288633254771,-1.2694601956390343,-0.7791393163771527,0,0,0,0,2.0691048654288338,1.1492795751280376,2.7040245891091974,0,3.5929099065777503,0.14435278663032136,1.4568718013210233,0,3.368694284442231,0.744407225953573,1.3554422541510043,0,-0.9195664867763718,0.9296569747170755,-1.5576058680863074,0,2.189891044043571,0.7316732422611256,1.547650077343727,0,-1.6333307726764081,-0.29380558371099763,-1.0476791560122454,0,0,0,0,0,0.28669342076357296,2.1913938936518296,0,0.7517416778720989,0.6847004102429617,0.6440446332748788,0,-0.1590231147036114,0.9745400890166902,1.4634312246421342,0,1.8326880027605448,0,0,0,0,-1.043262031936525,0,0.3382489663013155,0.2108197704366006,-0.03921557246683527,0,1.5676605354514441,1.5839608092519288,0,0,0,0,0.18022960812767685,0,1.2233362851033727,0.22188009367449624,-1.5246159793772769,0.35024484670403133,-0.5554219062050594,0,0,0,0,0,-0.4550265796837092,-0.07792543339712577,0.06672232996405114,0,0.11052915550815445,0.09313052278676093,0.4360429582628633,0,-0.4051942486767439,0,0.4002315447731055,0.1382187513430675,0.03236312270115427,0,-0.018470510326614065,0.14988624468507528,0.04765971871516239,0,0.42346306508727416,0.12218972053726418,0,0,0,0],[0,0.6711721133000399,-0.20833898145873775,0.44407714425599387,0,0.3564326462188969,0.07825606025843523,-0.07507883051051945,0,0.32827189538446433,-0.23529357562349507,0.1503832403405987,0,0,0,0,0,0.3366868314752516,0.5463864613126939,0.7841429317988187,0,0.5167664875070521,-0.2515743247257767,-0.1995122905970348,0,-0.28529665967054996,0.16737157159277594,0.7457719684104962,0,0,0,0,0,0,0,0,4.4446264146171615,-0.012132034634406708,-0.2357367773967738,0,0.7905133233243289,-0.4367687147406869,-0.004266634905216726,0,6.898663789111643,0.0789050450673745,-0.42280720778347636,0,0,0,0,0,-1.0210950109489332,0.49515249720904464,-0.03989692248733512,0,-0.576228868963625,-0.8553796369098485,-0.6624550650414793,0,1.0956730166887745,0.8730538216835022,1.0896578090886901,0,0.2757438033226105,3.5628879216610994,0,4.362279605188984,1.3293192339059803,-0.48868213106952396,0,-0.7612732508704863,0.06263179331074653,-0.11910790919009706,0,-0.2953101893141543,0,0,0,0,0.18011978117999217,0,0.34292117854842896,-0.21722755518647396,-0.175202390646521,0,-1.2169091790965068,-0.7017855134676889,0.2862554536016466,0,0.8607151113182736,0.22683379257016778,0,0,0,0,0.15384244141270864,0.27929153811092844,0.27049828453844205,0,-0.023351574682921594,-0.3465989152114126,-0.3088305463032466,0,0,0,0,0,0.527988577240265,0.21629982936931746,0.4938131824978278,0,-0.05902248913539676,0,0.5267302240351999,-0.28298611974295884,0,0,0,0,-0.06476540552842458,0,0.3282491525183495,0.16137704634142214,0.21916537647317558,0,0.2023916311937457,-0.08470110955684529],[0,0.1161716102608139,0.19974661192377496,0.15665286771806208,0,0.03532784867201144,-0.007747770724074954,-0.14115169510819214,0,-0.5223227934415924,-0.1265310959681969,0.2376752462524223,0,0,0,0,1.5112676284337434,0.24891766931876624,0.18768604264660826,0,2.740026384020827,0.7064171908103898,0.7010073044066623,0,2.445917346363487,0.8808563707774884,0.6908647355572874,0,0,0,0,0,0,0,0,0,-0.040862072423774265,-0.04037493071854925,-0.3153991434897474,0,0.24474747509987616,0.3007359286598863,0.4441049450453045,0,-0.28904250232240436,-1.1091706354772262,-0.7870638089929773,0,0,0,0,0,1.000828399466986,1.4801184754869094,0,1.1609134964111316,0.17521412394872193,0.10945208041454713,0,0.612186857682504,0.4817059599190543,0.487782286454161,0,0.3735040816568844,3.739652072729542,0,2.388107896367327,1.3876394912657357,-2.0807804295553023,0,-0.293838593285205,0.6407514086472386,-1.0326959794729857,0,-1.3728951648225616,0.5551439141336427,0,0,0,0,0.015446832356177609,0.44383372149097244,0.26205887296470465,0,-0.32865225294735456,-0.044337104263152405,-0.44222799359207166,0,-0.1817380370554469,-0.08635820578334119,0.3407980028670661,0,0,0,0,0,0.15164572200724002,0,0.3185134860515242,0.026740275687668902,0.0862263747230756,0,-0.21075371961248646,0.5141252913277148,0,0,0,0,0.11007885668948525,0,0.08073150716774258,-0.011702833808667101],[-0.012224459602926174,-0.036849316317846714,0.1697625290918845,0,0.4136559029315219,0.3136089881074886,0.16899796230824027,0,0.7595482533031159,0.1917460959187718,-0.04394773611828029,0,0,0,0,0,-0.26117033167572146,-0.16963515183307898,-0.1841670240636537,0,-0.4208988022961684,-0.3568563750160969,-0.4609902570218445,0,-0.3204145386610513,-0.3252007454111041,-0.4214475402916875,0,0,0,0,0,0,0,0,0,0.2897518609150911,0.20013630707991936,0,0.6468763041391341,0.012201072402455715,-0.23742746401884496,0,-0.37737300727321,-0.05340629053520729,0.0011181022239199478,0,0.20361535670322617,0,0,0,0,-0.3249199271016323,0,-1.0887214378882444,0.8538277757934125,0.3295462798487385,0,0.3299868102216639,0.34871632242349015,-0.23692185083552708,0,-0.45438168377788735,1.947943685361781,0.6066646836448228,0.26719044609325415,1.212084613871303,0,-0.24991835607806934,0.029448580845956585,0.025935736013581234,0,-0.5036101198260639,0.27478661773712787,-0.19213297182050137,0,0,0,0,0,-0.06031525943952065,0,-0.1686467620253831,0.0758055292314106,-0.242111165861691,0,-0.20254609623333408,0.07153788083336021,0.04423388156503716,0,-0.07972179689456294,0.1967275103586008,0,0,0,0],[0.2863032849418392,0.03625727669646839,0.13598647713737844,0,-0.05190536041195415,-0.10790661860577355,-0.06581714686438112,0,-0.003277221342432135,-0.1999353977110392,-0.09337772698784086,0,0,0,0,0,-0.13871256744874572,-0.08706094001531461,0,-0.16117202063058222,-0.018263100270461408,0.07249230383822436,0,0.11224437690762201,-0.06276175849237298,0.0349854005377459,0,0.0744917141016117,0,0,0,0,0,0,0,0,-0.03836686164397207,0,-0.25286382690513953,0.1839375445203295,-0.09315404989913834,0,-0.07350184939843629,-0.0951888922053108,-0.021265320623546913,0,-0.03418649596948242,0.31443588962262403,0,0,0,0,-0.10699753205457085,-0.14605929948933394,-0.8334971479772371,0,-0.15818738253845943,-0.15350983744308522,-0.1608428597536875,0,-0.35896738449779875,-0.10974852901039256,-1.0250221473824368,0,1.1850952420836984,0,-0.10897616162606916,0.44243358590892257,1.1443870147273634,0,