{"modelSettings":{"letterOrder":"ACGT","bindingModeInteractions":[],"bindingModes":[{"fitLogActivity":true,"flankLength":0,"singleStrand":false,"size":10,"dinucleotideDistance":0,"componentName":"Binding mode 0","positionBias":false,"modifications":[]},{"fitLogActivity":true,"flankLength":0,"singleStrand":false,"size":10,"dinucleotideDistance":10,"componentName":"Binding mode 1","positionBias":false,"modifications":[]}],"letterComplement":"C-G,A-T"},"coefficients":{"bindingModeInteractions":[],"bindingModes":[{"mononucleotide":[0,0,0,0,0,0,0,0,0,0,0,0,0,0,0,0,0,0,0,0,0,0,0,0,0,0,0,0,0,0,0,0,0,0,0,0,0,0,0,0],"activity":[[-8.52790313968172]],"dinucleotide":[],"modifications":[]},{"mononucleotide":[-0.25620665202045156,-0.49585952196940575,-0.3341985700805914,0,-0.4165465903517509,-0.8075968495391987,-1.0530424148197777,0,-2.556881244991184,-4.4676255975162125,-5.1691240259047575,0,0,-8.497216856884446,-3.151628280590915,-8.048253992233041,0,-10.168463660552742,-11.02976002893987,-8.80141631931835,-3.0626191432753243,-5.13455639331657,-2.39233197225196,0,-1.9927303113950372,-2.0449348863889916,-2.173177966768425,0,-0.8442570745421007,-3.3029915034060404,0,-2.763544575805693,-0.5723465023559524,-0.2233439835128972,0,-0.9433155387477901,-0.6611511121656473,-0.07330908083634258,-0.4992032623125633,0],"activity":[[0]],"dinucleotide":[[0.09287170856196614,0.6654452611171027,0.20262927605874825,0,0.1572839559450392,0.34950252782779945,0.6080323399957495,0,0.5856191247147495,0.6049777843661541,0.4159131692460143,0,0,0,0,0,-0.6184850903956587,0.14355036905299023,-0.6899166707413062,0,0.20925531182275847,0.020324060970436264,-0.11149359394710245,0,-0.38579526722148394,0.2969910297695115,0.27928503486014833,0,0,0,0,0,0,1.0698005963488875,1.22108419630643,0.7980131335898193,0,1.5646595342996203,0.9493739828785444,1.092741060380149,0,1.428943621340574,1.480578692913669,1.1582513523076727,0,0,0,0,0,0,0,0,0,2.8952186407071387,2.922318682440064,2.412932837508258,0,1.717934137639089,2.2772676366969566,1.3739913626211546,0,1.9224420261724617,1.8331311316322996,1.4584379426946956,0,0,0,0,1.0369862072177582,2.2518274308407946,1.5388588391324163,0,0.2544804059890211,1.5787383705836753,0.9158955891637302,0,0.6972832965716638,1.6226402916552036,1.2948323852970027,0,-0.6213351082955008,1.746411037684629,-0.6522501319948777,0,1.8609931561698652,0.9880264725247923,1.1273686991656717,0,-1.2350469445052887,-0.3763124351446727,-1.7833208812549541,0,0,0,0,0,-0.1903331163747657,1.1114966692879626,0,0.8814732573472659,-0.39927445414208584,-0.24511015357070853,0,1.1638114375675528,1.0049770349127716,1.349089199158704,0,1.053384767758681,0,0,0,0,-0.7311226749727542,0.8210595376315308,0,0.5425919990002868,0.3490506694393787,-0.25436963723560435,0,0.06113007541931381,0,0,0,0,0.1634955095527797,-0.3955569823403886,0,-0.44464198822850953,-0.492391026251771,0.08936852294972031,0.06341728941336555,0,0.09654695810286107,-0.14415258603239556,-0.41771983204594765,0,0,0,0,0,0.19490155012707344,0.10136969231932902,-0.1406350085330894,0],[-0.4151889045378798,0.1666112513247633,-0.23582227295809233,0,0.07912267653655025,0.4371999344979809,0.1933961235088706,0,-0.06460624745982813,0.19187510761243765,-0.18340203234304653,0,0,0,0,0,0,0.9595934471256262,0.3662499106502768,1.1833520278716714,0,0.4856803060700017,-0.193063627514781,0.03338898387145761,0,0.2722193645538198,0.04315726604355152,0.706072706359091,0,0,0,0,0,2.7069697575589498,3.3102600310411514,2.3678796643424587,0,2.351555883353912,3.072632653294514,1.9317326568717679,0,3.5048216577246727,4.731890450044125,3.1127265549898073,0,0,0,0,0,0,0,0,0.9109606774448995,0.6821443042592463,0.406412416621853,0,-0.330822202163338,-0.3111809365029252,-0.42834320676331217,0,1.9903597943386107,1.0716054729526032,1.0610238682454494,0,0,0,0,0,0.9469757260055918,0.9528984547445578,0.3406347626991568,0,2.3380658576043345,0.9819748646238082,0.2086109684095092,0,1.6380595363471677,0.8762036360188485,0.758083640202285,0,-0.40198524080885356,0.2008406470938553,0,-0.2716505240808882,1.214681384678757,0.8542032853448731,0,0.006694553252280855,-0.7938969775524445,-0.8824907637949746,0,-0.8109546887954142,0,0,0,0,-0.4198473419866975,0.018573917062801648,0,0.06569831398619641,0.3641515601846841,0.3176984098166127,0,0.8430285944413125,-0.29924930776718917,-0.11870339302711841,0,0.15590898659212904,0,0,0,0,0.4638319085878395,0.41968449069288294,0.5703441704290277,0,0.2024024458277376,0.10463113090796838,-0.10577870384276444,0,0,0,0,0,0.6377708852669128,0.28135377984995724,0.3178433116638635,0],[0,0.2047600370153262,0.2123303733820503,0.04015731686315149,0,0.07160535548802116,0.02852694483541196,0.39031137754242273,0,-0.5732962052980373,-0.10253201796706168,-0.00907843867876501,0,0,0,0,0,0.8681463478952871,0.9153429074670356,0.44583693698598026,0,-0.1711435688734415,-0.1073203789522843,0.42609553127659083,0,0.5138779604839243,0.7468755838886558,0.4913257996052067,0,0,0,0,0.24693259082551222,0.8155412567159175,0.6415283596438055,0,0.44464590388346004,1.1164282935171386,0.5981782281351631,0,0.9109038747873726,1.5441256650480302,1.1561330396362504,0,0,0,0,0,0,0,0,0,0.08989929480781633,0.590949731116801,-0.0963820829225508,0,-0.3085695840747178,-0.29130625407162114,-0.29409851832881806,0,0.19111865286502905,0.7434209762054245,-0.12484664161217651,0,0,0,0,0,1.1531396729562058,2.2686912550961402,0,1.431276881973906,1.4891016509778723,2.2134751118927714,0,1.157503809402474,0.9721674480943872,1.6570238038704286,0,0.7986228913972706,-0.22015430269279435,0.05482854629867617,0,-0.3089316763831089,-0.5417371101156654,0.3547106360838477,0,0.5260382739686378,-0.6890793359589704,-0.34740672599363087,0,-0.1338824343823415,0,0,0,0,-0.09222798778153685,0.0061164461488845134,0.08712998128358507,0,-0.6144208365775281,-0.5480211689725039,-0.931410026811796,0,-0.1285774511026787,-0.04737083297561018,-0.04203945084731053,0,0,0,0,0],[0,0.5751615471100671,0.3086680321998223,0.23013706398845812,0,-0.38394298933590676,0.027861323503161728,0.051517728748008196,0,-0.48438721656779826,0.021755975488494173,-0.22140289285692738,0,0,0,0,-0.23396147694108294,-0.08313285322565456,-0.04132518430866394,0,-0.3578501821691864,0.014792522178511902,-0.30060304272592564,0,-0.27863372446933177,-0.08929214933590046,-0.39425508813206456,0,0,0,0,0,-0.08422717098522448,0.17963631485037546,0.019153299228992893,0,-0.2874530843325154,-0.19058766642467972,-0.5290346296461426,0,0.3230320841720502,0.24802987602267557,0.21900652443834367,0,0,0,0,0,0,0,0,0,0.5008520785442752,1.1233869108233598,0,2.3704409072067154,-0.03612808203343221,-0.1954378839580002,0,-0.02854958802528529,-0.02685792667131537,0.9275056164660835,0,2.705195054767886,0,0,0,0,1.0052859084324748,-0.19864330111872341,0,1.7824347562963716,1.0271341272508074,-0.34378281613559025,0,2.7134794848944512,0.6509102734876802,-0.12226897622404209,0,0.7798477340071681,-0.19274697664559692,0.001594010342818919,-0.18243827793193024,0,-0.40495689622705733,0.07124810900039691,-0.3138353972790071,0,-0.1740397690563915,-0.007954421298330239,-0.14284195500797114,0,0,0,0,0],[0.2523892857913461,-0.017034113710719723,0.06894795169084311,0,-0.07149121524687718,-0.026782391788170656,0.1022982496802749,0,0.09051011606619497,-0.08147538023171208,0.034115423197341066,0,0,0,0,0,0.01538347666186457,0.08153531035329742,0.10244907676548909,0,-0.1780252017558821,0.04138722272255535,-0.10295677731046204,0,-0.15544081935455978,-4.832560160830113E-4,-0.12685031492037346,0,0,0,0,0,-0.03802716781109261,-0.2998502213572394,0,-0.4084655128984842,0.22774026619766552,0.36960174609375684,0,0.19931115666862453,0.12177688324760183,0.14483861932485453,0,-0.06978576557669847,0,0,0,0,0,0,0,0,0.6037022819385935,0.8436416687643717,0,1.1809356112362241,0.005512318154569762,0.037985698341633345,0,0.2405200931389917,0.12379075788241778,1.0857127637629826,0,1.1313202788054202,0,0,0,0,-0.375772855279914,-0.37583663688072555,-0.5287788015807138,0,-1.8819272852404847,-1.2759287118453209,-2.200046524426469,0,