{"modelSettings":{"letterOrder":"ACGT","bindingModeInteractions":[],"bindingModes":[{"fitLogActivity":true,"flankLength":0,"singleStrand":false,"size":11,"dinucleotideDistance":0,"componentName":"Binding mode 0","positionBias":false,"modifications":[]},{"fitLogActivity":true,"flankLength":0,"singleStrand":false,"size":11,"dinucleotideDistance":14,"componentName":"Binding mode 1","positionBias":false,"modifications":[]}],"letterComplement":"C-G,A-T"},"coefficients":{"bindingModeInteractions":[],"bindingModes":[{"mononucleotide":[0,0,0,0,0,0,0,0,0,0,0,0,0,0,0,0,0,0,0,0,0,0,0,0,0,0,0,0,0,0,0,0,0,0,0,0,0,0,0,0,0,0,0,0],"activity":[[-10.022840196566985]],"dinucleotide":[],"modifications":[]},{"mononucleotide":[-0.6975492246291894,-1.2638872044406098,-1.1290708035677381,0,-0.5328735136994256,-0.5259095007683579,-0.8763198496891436,0,-0.5148781440036485,-1.6003306435215796,-1.9956493657325547,0,-3.1974898345720817,-6.227624096137728,-7.407283667904196,0,0,-10.16687828528231,-2.9192672915272393,-8.813818760658679,0,-13.544609285695968,-8.867277233689467,-10.154189712656459,-3.023363643838554,-6.367405440780269,-1.7935554662841557,0,-1.6092594549277388,-1.7367761275011224,-1.454536691188963,0,-0.7302232626843645,-2.908473810650734,0,-2.466252238018723,-1.4656513592963885,-1.1691728014866927,0,-1.5429865784991899,-1.2280617275269448,-0.5022519505090677,-1.1498490207097847,0],"activity":[[0]],"dinucleotide":[[0.5462274823974012,0.6025051031923452,0.8018147317951856,0,0.41345999280593215,0.2318128124408636,0.8074725122559796,0,0.28066848788172916,0.3761675381037053,0.6620876629959094,0,0,0,0,0,0.025175012282808495,0.5372325122909674,0.12563289350533235,0,-0.11904323675449913,0.3892591130240488,0.3175267167476532,0,0.4701972306254385,0.4829514300327231,0.6422149276098343,0,0,0,0,0,-0.6050139547303424,0.045125892352357866,-1.5602104616208878,0,0.5048243313175371,0.7187830793880803,-0.4092346362279713,0,-0.0410069414133023,1.5899783218149084,-0.8760284482642007,0,0,0,0,0,0,1.4097836878681491,1.4523686038516272,1.3146582991303326,0,-1.8939468786650977,-0.26942072918550686,0.4054398128302381,0,1.5276864167063948,0.9235244852793585,2.274192269747198,0,0,0,0,0,0,0,0,0,5.971456766737191,1.3763376123539572,1.9380673728919149,0,3.222552667613222,-0.003280240316014371,1.2684024227819304,0,4.55911294546528,-0.22343485706394262,-0.9287089300400773,0,0,0,0,4.0629454339938995,3.0745892056068875,1.566513734026449,0,2.298293095966951,2.5785513986249153,0.7598992040333155,0,3.4921869781553863,2.8102201265848645,3.3951869180454874,0,-1.232388740740408,1.6320788329400644,-0.6480364330885617,0,2.622179961175438,0.7822887228495299,1.3845854163541578,0,-1.789243325606546,-0.9329090046695514,-2.190675039034491,0,0,0,0,0,-0.9012649220298945,0.5421994164256754,0,0.058516871371717905,-0.6488186895985235,-0.5527967417062136,0,0.4717218635655911,0.2525375375143213,0.723348108589815,0,0.10037661522344976,0,0,0,0,-0.5304424209289476,0.9968921620745244,0,0.5023853861137937,0.4332123964560042,0.43961328991090465,0,0.3310252297362313,0,0,0,0,0.08888511274811162,-0.24638307227657297,0,-0.3645690543020983,-0.12258451343494592,0.2697962745545759,0.3781820989362057,0,0.09832424230964687,-0.11068240065876811,-0.3383457308979052,0,0,0,0,0,0.45492545031349163,0.2871810007525659,0.23160657944640572,0],[-0.023945021568366975,-0.28166251119442354,-0.4299040783344221,0,0.20740333403998168,0.5728538030772592,0.4856243606612827,0,0.25406063991627637,0.5789691320894503,0.47050630679560346,0,0,0,0,0,-0.4893841824740903,1.0778860181642491,1.7632355965092739,0,-0.5505429277586265,0.7325169665472568,1.0346139137928017,0,-0.040741691766168486,0.718349915040779,1.5688789533501977,0,0,0,0,0,0,2.4988537032043645,0.23622111755934938,1.2491881091696087,0,2.513800223177096,-0.2475451805432911,1.8081213001569552,0,3.866437706097855,0.3392235481069452,3.2995522645371524,0,0,0,0,0,0.9444033904059257,3.9364729043870845,0.3871213141008525,0,1.6144678797692151,3.1510100916199946,-0.6709447297920335,0,4.533434454837597,3.1439577952100795,1.1771256061594144,0,0,0,0,0,0,0,0,0.014985906344364253,0.03430077900922157,-1.0725873416902107,0,-0.3568163733662697,-1.986194905934152,-1.4416164817264185,0,1.3705214223909472,-0.6875261551703993,0.32789397809424337,0,0,0,0,0,2.016424184380938,-0.45914455275060106,1.1042387431493985,0,0.17945940533797256,1.3165798221500893,-0.5995958039181648,0,-0.10818065926404685,-1.778802688667703,-1.2970943313395544,0,-0.7316020367471578,-0.4640221994792455,0,0.15809468215615574,2.2460861997216597,1.391006674597425,0,1.1775818207656696,-1.2152845697149361,-1.881859339707053,0,-1.0445502465841,0,0,0,0,-0.5096715609461251,-0.026342554377099425,0,0.18836667514245153,0.526303826464444,0.47066130725428135,0,0.8966719503249596,-0.2492757267030239,-0.07499775937633224,0,0.2888486381361739,0,0,0,0,0.30173483451406824,0.44093299839015465,0.5869935778083679,0,0.02323199453023328,-0.20940218490883922,-0.1351188476736409,0,0,0,0,0,0.3418999710070638,0.15724655211014582,0.780867561173701,0],[0.7334076069821505,0.6552278018609634,-1.694540648126722,0,0.23927591174751583,0.761250075370123,0.741542722453441,0,0.472186449544413,0.8549307721317358,0.7101320152526034,0,0,0,0,0,0,-0.7978107346493637,0.3015816502738087,-0.12717556343003977,0,-1.1737337624790882,-0.164602127397524,-1.3405581629260404,0,-0.535256368201317,-0.2870615925738047,-0.04939847487804272,0,0,0,0,0,1.6013298181516973,1.3393429657658125,0.5563908841723766,0,2.147702504059634,-0.4639135063836761,0.9558247871407382,0,0.9137691456837835,0.820293045689283,0.9959381546807506,0,0,0,0,-1.98506354696093E-4,0.25546725000891257,0.6705701929670198,0,-3.189424510990026,-1.6055628383132259,-1.6281317397724955,0,-1.0172712442131129,0.26123774769213703,0.577112312657869,0,0,0,0,0,0,0,0,0,-1.0833562317032204,-1.2395431223031075,-2.3022970035558963,0,-0.8117908447426254,-0.4419352742851226,-0.3318019260753351,0,-1.111640698834968,-1.8300116263820954,-2.7485394004587533,0,0,0,0,0,1.0601220363146737,2.1395477676147117,0,3.92631049399996,2.355990587061256,2.695821108888172,0,2.5444694717836924,1.3754808382660464,1.172097175458962,0,3.3808767820226215,0.0530789154906568,0.3791104474696372,0,0.0018693541376801903,-1.0795138876823467,0.6020461070251049,0,0.8195966034561621,-0.6139459727329495,-0.10960878593272483,0,0.05977459333159274,0,0,0,0,-0.1706395905468936,0.1213674854786202,0.18804526564569457,0,-0.7318817179787134,-0.5115224325372036,-0.8717518738045706,0,-0.6156733532341816,-0.3518070020890329,-0.18308023785211258,0,0,0,0,0],[0,0.21842172106597246,0.33176265757197054,1.378241303858541,0,0.4976690626861142,-0.14779675746546417,0.6465164196944357,0,1.3420388814901933,0.1856285962600115,1.1125207001841524,0,0,0,0,0,-1.4459199297916498,0.6372569065012925,-1.9411107376674401,0,-1.0307338136191433,-0.04896452605183654,-0.5614804002189615,0,0.6716833918223948,-0.6308970462363774,0.11226748018968635,0,0,0,0,-0.056127305850707465,-0.2942285519241796,0.16437958289963195,0,-0.08226343702610528,0.3042046425998226,0.2923870999620277,0,-0.16155956855681097,-0.2967595757961945,-0.250098965557755,0,0,0,0,0,-0.26040407492349793,0.3024203693810712,-0.05384832953954888,0,-3.7033710768649426,-0.913452971285591,-3.474861418109704,0,0.20798101719283935,-0.406465169822134,-1.5688629843062323,0,0,0,0,0,0,0,0,0,3.6659965818363824,1.4995824709516796,0,2.918907572906015,-0.28174569232902424,-0.13490115199594133,0,-0.29595193076556114,2.8115418443227265,1.708830426939297,0,2.67549583647482,0,0,0,0,0.5271870849873466,0.5339407409856385,0,0.38400416288157757,0.9154434717261388,-0.8484308510194438,0,0.36717602401655114,3.8682552968290755,1.1322243531487821,0,1.6040092425789005,-0.291951676254687,-0.23125937605914704,-0.0818097462182763,0,-0.33372009610165954,0.055876669620012365,-0.41371944945651684,0,-0.3992217420584847,-0.36282127426676336,-0.22905871532017663,0,0,0,0,0],[0,2.210099265853799,-0.08003998766802312,-0.6138153839372684,0,1.0601460072442848,-0.8137916119636728,0.9211374635651488,0,