{"modelSettings":{"letterOrder":"ACGT","bindingModeInteractions":[],"bindingModes":[{"fitLogActivity":true,"flankLength":0,"singleStrand":false,"size":10,"dinucleotideDistance":0,"componentName":"Binding mode 0","positionBias":false,"modifications":[]},{"fitLogActivity":true,"flankLength":0,"singleStrand":false,"size":10,"dinucleotideDistance":0,"componentName":"Binding mode 1","positionBias":false,"modifications":[]}],"letterComplement":"C-G,A-T"},"coefficients":{"bindingModeInteractions":[],"bindingModes":[{"mononucleotide":[0,0,0,0,0,0,0,0,0,0,0,0,0,0,0,0,0,0,0,0,0,0,0,0,0,0,0,0,0,0,0,0,0,0,0,0,0,0,0,0],"activity":[[-5.979844118000964]],"dinucleotide":[],"modifications":[]},{"mononucleotide":[-0.3228245280652118,-0.21640094047463077,0,-0.060031769174993865,-0.05063983993188792,-0.41638781973172634,-0.5355523306552348,0,-2.562036699987103,-3.263910921490683,-4.535660236663065,0,0,-3.7793613734791327,-2.510060363099565,-4.703562641487259,0,-4.619113874284891,-4.558414315106353,-5.256071754058987,-2.6240512458601613,-3.2461545272910977,-2.624751178639925,0,-1.7661647134365355,-1.7025904339083144,-1.3878685199965042,0,-0.1835039578581883,-2.817320167130389,0,-1.8575994542709338,-0.7347776866626408,-0.18478048770580746,0,-0.6959322131570804,-0.3496301358892864,0,-0.4543438478882251,-0.0265978637944011],"activity":[[0]],"dinucleotide":[],"modifications":[]}]}}
