{"modelSettings":{"letterOrder":"ACGT","bindingModeInteractions":[],"bindingModes":[{"fitLogActivity":true,"flankLength":0,"singleStrand":false,"size":10,"dinucleotideDistance":0,"componentName":"Binding mode 0","positionBias":false,"modifications":[]},{"fitLogActivity":true,"flankLength":0,"singleStrand":false,"size":10,"dinucleotideDistance":10,"componentName":"Binding mode 1","positionBias":false,"modifications":[]}],"letterComplement":"C-G,A-T"},"coefficients":{"bindingModeInteractions":[],"bindingModes":[{"mononucleotide":[0,0,0,0,0,0,0,0,0,0,0,0,0,0,0,0,0,0,0,0,0,0,0,0,0,0,0,0,0,0,0,0,0,0,0,0,0,0,0,0],"activity":[[-11.989694146821186]],"dinucleotide":[],"modifications":[]},{"mononucleotide":[-0.2988416004546597,-0.21587441597552637,-0.2123203871490098,0,-0.3624515497819223,-0.5383256221081889,-0.6429091702223828,0,-1.9979909626349985,-3.4067695632028943,-4.061000605602957,0,0,-5.673022936381555,-2.410205179253761,-4.937548560327943,0,-6.475760751567277,-6.340609458013617,-5.995003670024111,-2.4888729611656886,-3.8382666042524787,-1.8291207995444796,0,-1.7607127079996192,-1.5840672853645938,-1.7890597791390221,0,-1.034683157292418,-2.7150401253095153,0,-2.2968653048822696,-0.4813481430865223,-0.2113654074260749,0,-0.7788886935655008,-0.464874488588483,-0.08732599513940009,-0.4123379208375595,0],"activity":[[0]],"dinucleotide":[[0.11247335487545351,0.4954050684629556,0.1128059877418841,0,0.1422810061785036,0.2570741036911435,0.37281548852278545,0,0.44048416824094705,0.417945332715266,0.1740551027689201,0,0,0,0,0,-0.5311166268448924,-0.04789205378493655,-0.4004920434230277,0,0.05032293409403721,-0.025954209803592754,-0.03659465430783815,0,-0.3752838515731538,0.02117800400644132,0.03171303453226049,0,0,0,0,0,0,0.966673677922719,0.9191178150804493,0.9679776159027877,0,1.0342666068511441,0.7761910418119591,0.943262704856588,0,1.1789009254070812,0.8991747210862222,1.0999812711068753,0,0,0,0,0,0,0,0,0,1.5456120812836929,1.440030942108974,1.4488627440883821,0,0.9551551782315251,0.7437557754668109,0.8289526465050407,0,1.4047913405664776,1.2952300790928426,1.3282766590967174,0,0,0,0,0.9687872793988923,0.8337602620985081,1.0779727696330976,0,1.0182084893534498,0.9286503624416031,1.1050125232455592,0,0.9757268513268986,0.8486930714522813,1.0225362267303328,0,-0.38127029650151734,1.143716033993015,-0.5686594642956146,0,0.9892068449002585,0.42898979208289045,0.5893254078861405,0,-1.0231628581745404,-0.43413107667456163,-1.4011624953362665,0,0,0,0,0,0.17058168371985793,0.9892219135207458,0,0.927398203697936,-0.2045758695529587,-0.14439255689262787,0,0.8811502062089547,1.0319182527116952,1.1537181076773875,0,1.1211264636620673,0,0,0,0,-0.5059072893802266,0.6803976684515867,0,0.3686397418699028,0.19771999011912111,-0.24216763290091325,0,-0.10487340673280698,0,0,0,0,0.06736966633947805,-0.33811821294251754,0,-0.4117475655174383,-0.38356081078764737,0.010329262446540977,-0.013459861501428527,0,0.06485698230065129,-0.14350850713090058,-0.24499265101960344,0,0,0,0,0,0.1640779036366986,0.09558604203195831,-0.02685644882893312,0],[-0.2682513099951178,0.05791212914789856,-0.18657602556918818,0,0.04471667641196042,0.2783939904940702,0.13756423830561015,0,-0.07437935053187772,0.10814994747409568,-0.14905579074345088,0,0,0,0,0,0,0.25747712410447754,0.31930850408248723,0.20330368578986935,0,0.10598661750807459,-0.19900342796994508,-0.05556143481219955,0,0.11409071626079914,-0.10091979647870808,0.0524811146016102,0,0,0,0,0,0.8310015012225609,0.8736343432545972,0.7493566068658915,0,1.1146742713324613,1.1600833720957464,1.0180757260449589,0,1.2819433897667292,1.3694916644626662,1.1945734097515377,0,0,0,0,0,0,0,0,0.38659799068811473,0.41184655172768103,0.472033902682778,0,-0.5398403911872478,-0.48521127859028823,-0.3943184102923647,0,0.28679173714519024,0.24902560492376935,0.34780972105516206,0,0,0,0,0,0.36597916239171546,0.46234142709743864,0.44529972504462023,0,0.41595714288490626,0.40718419293538766,0.46837155633037675,0,0.4467117950272872,0.3952936398204727,0.44316880345305165,0,-0.09850228273258921,-0.03170320707973229,0,-0.16876424407260515,1.01226129166864,0.569262287071334,0,0.16094133605339245,-0.3888271134528898,-0.5094882924021489,0,-0.5274431735172627,0,0,0,0,-0.21322704315309426,-0.012745493492869464,0,-0.00285079807089339,0.3254895422067001,0.26600271565680966,0,0.6769059342942372,-0.17785484521889305,-0.12723515275308994,0,0.12407549924277728,0,0,0,0,0.3912830353224046,0.41829616994190877,0.44593813577926467,0,0.10505016101485776,0.13511196182620733,0.01925408912934401,0,0,0,0,0,0.41889964773518784,0.17956752103319573,0.22471757475039045,0],[0,0.10258115691680736,0.1803225275452469,0.030779123935257502,0,0.05623395376448492,-0.037834772950583684,0.013232139984963531,0,-0.2097655151150768,-0.07971457802866588,-0.12572771234639557,0,0,0,0,0,0.08190161954938624,0.03338531331785077,-3.010047176932318E-4,0,0.13615493612563512,-0.016922062185976472,0.08803482544410812,0,0.31732242780597986,0.18409965463776423,0.23301234526938508,0,0,0,0,0.0908768367365056,0.47214178149170394,0.3445834478037799,0,0.2990348866273216,0.672987990756635,0.5412279950538599,0,0.4708315307590816,0.9281575530785382,0.7307276314229547,0,0,0,0,0,0,0,0,0,0.2071569302339622,0.14105508430431968,0.12076892365940672,0,-0.32776421706640324,-0.4203404829793653,-0.2528582947536444,0,0.2260813831531827,0.07564108377719769,0.11856950431408109,0,0,0,0,0,0.0927020520408508,0.8879824466653492,0,0.6413625893733546,-7.250446531408272E-4,0.8278913228280267,0,0.6018606173360617,0.09521796864509113,0.8697583211798658,0,0.659633766742493,-0.11587162422952524,0.06774720223989128,0,-0.16014960826119484,-0.2253470461261724,0.41148021115183075,0,0.4416118349089153,-0.3480508676477587,-0.1521292328159376,0,-0.02884269568603859,0,0,0,0,0.009538467591454491,0.06752594649729282,0.09189271546226152,0,-0.42204928508143347,-0.3799617197176577,-0.8011476634100916,0,-0.04481326529185825,0.008921092618999538,0.008127509734258354,0,0,0,0,0],[0,0.027056033905608956,-0.01363057726396022,-0.07521586643889577,0,-0.023225794173198366,-0.11204988072088895,-0.06476286769852813,0,-0.19958092053744458,-0.1850960513284896,-0.21734699278772496,0,0,0,0,-0.0783317240332213,-0.15221740394041383,-0.08653276122025577,0,-0.17092769044228184,-0.17360701875921158,-0.2091919047653681,0,-0.2115294714736713,-0.24162360162416974,-0.3407463227691867,0,0,0,0,0,-0.022794789571108254,-0.007129942142149126,-0.127831781538851,0,-0.1264865289780941,-0.1492463016826422,-0.29125410964306564,0,0.06445820311710904,0.020674830192120908,0.054157001349404155,0,0,0,0,0,0,0,0,0,0.014327198747043468,0.33131172836498735,0,0.4360455711713147,-0.0164398992884367,-0.3450100792842221,0,-0.14363301955656738,-0.06047631165361089,0.2591017142385663,0,0.4913832469038617,0,0,0,0,0.2676734052770051,-0.05439668423839095,0,0.23331175612575095,0.27015982959097506,-0.037618873398171715,0,0.2591657535957328,0.20810831580620182,-0.08998196309784134,0,0.18683897824399054,-0.15368853231668034,-0.0700083015222921,-0.20209278118623164,0,-0.22515509073895146,0.10928489575838274,-0.1992500855713022,0,-0.2077373387737369,-0.09982575447675757,-0.2188210406301483,0,0,0,0,0],[0.15737706750834235,-0.015880423904787833,0.08631899104550556,0,-0.040171907954309916,-0.07747100965576337,-0.03906353781800931,0,0.007867654277570857,-0.08431173243549495,-0.04441829828721833,0,0,0,0,0,0.08567913794146698,0.12049799820634455,0.09146232417707534,0,-0.0458515637042165,-0.00805287337604188,-0.06352056471835876,0,-0.027982475703774767,-0.030589218689249797,-0.06483194213359589,0,0,0,0,0,0.07421956672409546,-0.4290035404687327,0,-0.46675431126167766,-0.01625056514230483,-0.06782297229439038,0,-0.2039867044980621,-0.02343058997443137,-0.19642942781953643,0,-0.2555334984439277,0,0,0,0,0,0,0,0,0.14949636666067256,-0.010221193309339682,0,0.11453678112352073,0.04431959591899037,0.016292147361113507,0,0.04925153045577435,0.14562725776701768,0.07501313752422867,0,0.16843921571839005,0,0,0,0,0.23186762165025776,