{"modelSettings":{"letterOrder":"ACGT","bindingModeInteractions":[],"bindingModes":[{"fitLogActivity":true,"flankLength":0,"singleStrand":false,"size":10,"dinucleotideDistance":0,"componentName":"Binding mode 0","positionBias":false,"modifications":[]},{"fitLogActivity":true,"flankLength":0,"singleStrand":false,"size":10,"dinucleotideDistance":10,"componentName":"Binding mode 1","positionBias":false,"modifications":[]}],"letterComplement":"C-G,A-T"},"coefficients":{"bindingModeInteractions":[],"bindingModes":[{"mononucleotide":[0,0,0,0,0,0,0,0,0,0,0,0,0,0,0,0,0,0,0,0,0,0,0,0,0,0,0,0,0,0,0,0,0,0,0,0,0,0,0,0],"activity":[[-12.473294561154676]],"dinucleotide":[],"modifications":[]},{"mononucleotide":[-0.02537447560720274,-0.3918047765812427,-0.18469688413863916,0,-0.4753671103276045,-0.7305928030130444,-0.9411986162549189,0,-2.336459879067125,-3.6118855353271453,-4.089920265690015,0,0,-6.230130839111535,-2.403957415423099,-5.507870693071515,0,-7.628731474532091,-6.294106859326481,-7.283839304689805,-2.5061324731656143,-3.902526299902469,-1.7785423315530113,0,-1.9030026655231536,-1.7002460071732786,-1.9107394339582189,0,-0.9961163116395866,-2.705041098207066,0,-2.37177517449876,-0.3198271333896907,-0.0812784074636983,0,-0.8193940111039095,-0.38790867768369464,-0.037263586532313875,-0.21246907234136359,0],"activity":[[0]],"dinucleotide":[[0.017696500094960044,0.5107045102165357,0.07715216237918732,0,0.15707388252232501,0.30860730854065244,0.42000737580396663,0,0.463920054915659,0.4082536242955612,0.2109253327257239,0,0,0,0,0,-0.2858455598489713,0.06411787311383588,-0.5470914327087835,0,0.2865953665587928,-0.06896253009340914,-0.12033202086260264,0,-0.015947186393815205,0.15034003730521306,0.28735850653240647,0,0,0,0,0,0,0.9045326371153095,1.0179247509307308,1.1063822224527797,0,1.0441381598613813,0.8282181272920095,0.9944848390916228,0,1.2836002757764735,1.0468288054772739,1.3897427755540406,0,0,0,0,0,0,0,0,0,1.692807564891467,1.4607153871127831,1.723420179439593,0,0.6142660290554378,0.20253162251915136,0.6051558855388013,0,1.2711836422482108,0.9902875435593295,1.332866920289753,0,0,0,0,0.7795526252825233,0.9144036997682754,1.058231851506843,0,0.5081664380170281,0.33750004048820514,0.7517250524913868,0,0.8592101282462643,0.76994059822335,0.9322234642160154,0,-0.3464088450442553,1.4829072871727194,-0.5425499815132904,0,1.3099970773921914,0.7362886376943791,0.6589045414548762,0,-0.9732617390487568,-0.3051212544527053,-1.6564595911116489,0,0,0,0,0,0.06590940994333927,1.1169809117517913,0,0.851066879592203,-0.40928057471027346,-0.17009673402940972,0,1.1042421136036342,1.111546096475322,1.2523278946602847,0,1.0932852989017174,0,0,0,0,-0.6106694613012307,0.7496006626759266,0,0.44071220580606196,0.27364683249079125,-0.3752606731408834,0,-0.045875627150291365,0,0,0,0,0.1548039224839357,-0.3671764931038126,0,-0.3669932409857761,-0.4444414094498099,0.030263193989570114,-0.05469388019705912,0,0.0433744304714605,-0.035491094842464266,-0.42338103905453783,0,0,0,0,0,0.12572447634731354,0.14209469194458269,-0.16679824802849463,0],[-0.3905265761391532,0.09236269066592584,-0.41468010203188577,0,0.034866377992610165,0.44593732910649475,0.12676482750710516,0,-0.15738717678096803,0.18705096620606465,-0.17826671306963338,0,0,0,0,0,0,0.24239587746429425,0.34310297933413825,0.3680629819574941,0,-0.1489334853145099,-0.18884848832095358,-0.3101304620643246,0,-0.13049113449744354,0.04785660694561944,0.35003392889929863,0,0,0,0,0,1.113175380634555,1.2623814926010386,1.2996278374567822,0,1.045269001690329,1.1877919173498803,1.1704764416154063,0,1.50080623267041,2.224581835945143,1.7562779242693765,0,0,0,0,0,0,0,0,0.18163212754531877,0.1918511569887631,0.043088614667476044,0,-0.41372550365569793,-0.598629320124469,-0.41887258751795375,0,0.16856628004871865,-0.2204101418423523,-0.005144027967160625,0,0,0,0,0,-0.23440878693858913,0.022371819135448945,-0.20120360858344277,0,0.08213647246228284,-0.2287046832600641,0.37650223411021155,0,0.4505677485868027,0.3077263270646604,0.6008378074867942,0,-0.13465898309860957,0.05542621610415299,0,-0.3005066190534631,1.1837636949246217,0.7728735528603172,0,0.14305726737736002,-0.49078244331627596,-0.8335987329513337,0,-0.6341603965893201,0,0,0,0,-0.3530532225684997,0.0023562826281464666,0,0.013845866713605659,0.24710971836077977,0.2435678953387983,0,0.6313874999820674,-0.3928443208800996,-0.17099338527022434,0,0.10231679890939471,0,0,0,0,0.41164805923459813,0.37679646317119353,0.5184067277034283,0,0.19394158906757486,0.1268531846201526,-0.04340469413986803,0,0,0,0,0,0.5087381880880892,0.1940088304982801,0.19367110317341618,0],[0,-0.03589037743275547,0.029705777999644134,-0.16046813329025333,0,-0.1708800949248861,0.0037965136704096736,0.023373560698076723,0,-0.4251510144935242,-0.13052486410879194,0.043405573819925714,0,0,0,0,0,0.2908756131884669,-5.984042387456867E-4,0.053470564212521055,0,-0.14594704460310837,-0.347639158670658,0.17967420394658706,0,0.5727506638845492,0.08757977097888059,0.6071690003261514,0,0,0,0,0.30362902503752487,0.5833947768148029,0.6065079026846583,0,0.42021477221294923,0.754602452427866,0.57609409745712,0,0.44389387306787764,1.1560688675294344,0.8983006495966945,0,0,0,0,0,0,0,0,0,0.34722891064987493,0.045427098742505834,-0.20243306445461506,0,-0.12388347710267311,-0.3189621432940033,-0.16727954889885321,0,0.3139310439738896,0.04460273687259253,-0.25770538870032134,0,0,0,0,0,0.8243057741505257,1.7791680288172191,0,1.1737478105846755,0.03809327716242983,0.7997789656872101,0,0.5525250365632903,0.403845869460417,1.1894844196364573,0,0.8776104562919294,-0.3296282610595611,-0.04614207924000713,0,-0.28556739967184086,-0.43499787284468105,0.29087539837782206,0,0.4111699080990521,-0.589828923892032,-0.2550903151711954,0,-0.03173152771354726,0,0,0,0,-0.07127752570694135,0.042047144981359086,0.043781067513570804,0,-0.47155121609390616,-0.43032829053305655,-0.8097415503592356,0,-0.1554298289252305,-0.04218755569096011,-0.048693716519112584,0,0,0,0,0],[0,0.27167455156276255,-0.050977045251674014,-0.08042519051198482,0,-0.01496010587120189,-0.06641478075827933,-0.12069214134177564,0,0.09295997564068337,-0.034764527325852335,-0.28074157969173186,0,0,0,0,-0.201649583446339,-0.21237573141310317,-0.08568264954187699,0,-0.22664661123822416,-0.07305673574051053,-0.22438071861438136,0,-0.16685322818118564,-0.12410335996423427,-0.2335782981013672,0,0,0,0,0,0.15020638927039798,0.16694952569847565,0.10115708715051408,0,-0.027733646232713127,-0.2437302383567843,-0.156949148797346,0,0.30073443140411804,0.14037611945792072,0.19035264379824124,0,0,0,0,0,0,0,0,0,0.22954299182722693,0.2741096445522757,0,0.7919905705036143,0.009344465186509332,-0.36017741564737804,0,-0.15263224772263762,0.14499419518629875,0.434764807282904,0,1.490633378896077,0,0,0,0,0.5707671586520835,0.010448349483601405,0,0.5418884374582431,0.4483999800681149,0.03897558453550154,0,0.8621581099363063,0.3419748688837192,-0.14999958041173223,0,0.4725331849052319,-0.1607890379728696,-0.060447432747455565,-0.1772616948336312,0,-0.397121031282091,-0.026534386338815885,-0.343099873820667,0,-0.3065363030143198,-0.11713180875821738,-0.29354219162448403,0,0,0,0,0],[0.1886038835991588,-0.11732312469050044,0.032476774233601624,0,-0.047336483438136234,-0.0474901945783861,-0.04056775867618212,0,0.03946506961649554,-0.15167528210327408,-0.08357221671805437,0,0,0,0,0,0.14290181346544717,0.16609175220143024,0.13720646524591906,0,-0.05309025453870042,0.019595632178831313,0.00777978003061186,0,0.026286327002928545,0.04330192706187219,0.03381673489863157,0,0,0,0,0,0.0925251795742641,-0.2325749835296378,0,-0.33628882367919566,0.07169605820669833,-0.17359005025690433,0,-0.3483187388705229,-0.02247940495363121,-0.22570362512202458,0,-0.3983880962159114,0,0,0,0,0,0,0,0,0.24186538001956137,0.20535394891884984,0,0.1908498826395224,-0.032758102089067265,-0.0551577620106487,0,0.06176730375193973,0.38017274128062617,0.49728109262361286,0,0.7104747575375994,0,0,0,0,0.26934200042374457,-0.2087261770675113,