{"modelSettings":{"letterOrder":"ACGT","bindingModeInteractions":[],"bindingModes":[{"fitLogActivity":true,"flankLength":0,"singleStrand":false,"size":12,"dinucleotideDistance":0,"componentName":"Binding mode 0","positionBias":false,"modifications":[]},{"fitLogActivity":true,"flankLength":0,"singleStrand":false,"size":12,"dinucleotideDistance":0,"componentName":"Binding mode 1","positionBias":false,"modifications":[]}],"letterComplement":"C-G,A-T"},"coefficients":{"bindingModeInteractions":[],"bindingModes":[{"mononucleotide":[0,0,0,0,0,0,0,0,0,0,0,0,0,0,0,0,0,0,0,0,0,0,0,0,0,0,0,0,0,0,0,0,0,0,0,0,0,0,0,0,0,0,0,0,0,0,0,0],"activity":[[-6.526360978374887]],"dinucleotide":[],"modifications":[]},{"mononucleotide":[-0.13379460497876927,-0.17936981594120383,-0.49942516016457006,0,-0.023860625193647067,-0.21830588969857878,0,-0.03219028081135278,-0.9730766748775173,-0.9247696129736065,-1.1855891832732608,0,-2.9325401728742504,-3.694328688319235,-4.128203423273611,0,0,-4.127225078569464,-3.779184969077301,-1.5638169609127806,0,-6.138436289505046,-5.802763755346712,-6.631366787044669,-5.4512815110232795,-2.2091935101385047,-3.2926997918039334,0,-2.2288659638152213,-2.1795120955925222,-0.46711206836450714,0,-0.025536340603053986,-3.6255535540414963,0,-0.9977795381493335,-2.004031901029105,0,-1.1530488392670426,-0.7726930593306207,-0.5175897664439404,0,-0.9812207197564398,-0.022577243667983637,-0.2637225269702199,-0.08658678131564734,-0.5994905759251452,0],"activity":[[0]],"dinucleotide":[],"modifications":[]}]}}
