{"modelSettings":{"letterOrder":"ACGT","bindingModeInteractions":[],"bindingModes":[{"fitLogActivity":true,"flankLength":0,"singleStrand":false,"size":18,"dinucleotideDistance":0,"componentName":"Binding mode 0","positionBias":false,"modifications":[]},{"fitLogActivity":true,"flankLength":0,"singleStrand":false,"size":18,"dinucleotideDistance":0,"componentName":"Binding mode 1","positionBias":false,"modifications":[]}],"letterComplement":"C-G,A-T"},"coefficients":{"bindingModeInteractions":[],"bindingModes":[{"mononucleotide":[0,0,0,0,0,0,0,0,0,0,0,0,0,0,0,0,0,0,0,0,0,0,0,0,0,0,0,0,0,0,0,0,0,0,0,0,0,0,0,0,0,0,0,0,0,0,0,0,0,0,0,0,0,0,0,0,0,0,0,0,0,0,0,0,0,0,0,0,0,0,0,0],"activity":[[-3.7841892152018386]],"dinucleotide":[],"modifications":[]},{"mononucleotide":[-0.10925154562064288,-0.39300744339353866,0,-0.5200028737075497,0,-0.3390401174006934,-0.2345526896417116,-0.01876613394941984,-0.08456557245609364,-0.1897807422340243,-0.2165476024407671,0,0,-0.15872013345592562,-0.05636076262213097,-0.007056613900616959,0,-0.3963830665250503,-0.18387038938323208,-0.40966157868430897,0,-0.2142129393911516,-0.19157306676153363,-0.049805251826875896,-0.37067644104698405,-0.3608922256854761,0,-0.12726436035236643,-0.08661004138182449,-0.1473770500980467,-0.2107288939862526,0,0,-0.49600253057107313,-0.16457843722245435,-0.6309264850157836,0,-0.5439687132621058,-0.30665125744192223,-0.30286131249840476,-0.2742923319353425,-0.34033067164656106,-0.14564332191198082,0,-0.11399903783721665,-0.45069479227511655,0,-0.15945987632103176,0,-0.8004903950198059,-0.22539380156011735,-0.9343575000176221,-0.13611708027509195,-0.42548429386050657,0,-0.23455484741087074,0,-0.10510945827605367,-0.006934519436313735,-0.044599428891868964,0,-0.15639006534550282,-0.277625216606713,-3.246497558895278E-4,-0.5998603671071758,-0.11946401962403819,-0.6283594086914961,0,-0.6809040719579182,0,-0.8470077996460255,-0.17211072760766433],"activity":[[-0.1610392633215214]],"dinucleotide":[],"modifications":[]}]}}
