{"modelSettings":{"letterOrder":"ACGT","bindingModeInteractions":[],"bindingModes":[{"fitLogActivity":true,"flankLength":0,"singleStrand":false,"size":10,"dinucleotideDistance":0,"componentName":"Binding mode 0","positionBias":false,"modifications":[]},{"fitLogActivity":true,"flankLength":0,"singleStrand":false,"size":10,"dinucleotideDistance":0,"componentName":"Binding mode 1","positionBias":false,"modifications":[]}],"letterComplement":"C-G,A-T"},"coefficients":{"bindingModeInteractions":[],"bindingModes":[{"mononucleotide":[0,0,0,0,0,0,0,0,0,0,0,0,0,0,0,0,0,0,0,0,0,0,0,0,0,0,0,0,0,0,0,0,0,0,0,0,0,0,0,0],"activity":[[-3.7074263351955103]],"dinucleotide":[],"modifications":[]},{"mononucleotide":[-0.31485349285547404,0,-0.0656258622605348,-0.40972945577808684,-0.552229751382856,0,-0.12186159064953817,-0.7584988387742078,-1.1421415614890442,-0.892303052054384,-1.8015230669694224,0,0,-0.08406387953980765,-1.599406133270394,-1.2115203053272223,0,-4.392019287160795,-1.0923969879879714,-5.189957492995679,-3.0537298179678687,-4.543953124663484,-1.9519100877488391,0,-3.463097919911311,-0.32633909152142415,-1.8688812138970565,0,0,-2.033882531260888,-0.466271460366082,-1.9014588041043172,0,-0.1992099457791019,-0.34670738218224617,-0.4411362334455635,-0.10736827126853132,0,-0.0639063918874907,-0.0019775496997684883],"activity":[[0]],"dinucleotide":[],"modifications":[]}]}}
