{"modelSettings":{"letterOrder":"ACGT","bindingModeInteractions":[],"bindingModes":[{"fitLogActivity":true,"flankLength":0,"singleStrand":false,"size":15,"dinucleotideDistance":0,"componentName":"Binding mode 0","positionBias":false,"modifications":[]},{"fitLogActivity":true,"flankLength":0,"singleStrand":false,"size":15,"dinucleotideDistance":1,"componentName":"Binding mode 1","positionBias":false,"modifications":[]}],"letterComplement":"C-G,A-T"},"coefficients":{"bindingModeInteractions":[],"bindingModes":[{"mononucleotide":[0,0,0,0,0,0,0,0,0,0,0,0,0,0,0,0,0,0,0,0,0,0,0,0,0,0,0,0,0,0,0,0,0,0,0,0,0,0,0,0,0,0,0,0,0,0,0,0,0,0,0,0,0,0,0,0,0,0,0,0],"activity":[[-13.859361052171009]],"dinucleotide":[],"modifications":[]},{"mononucleotide":[-0.23310446771396975,-0.5196737953560184,0,-0.5830155036874203,-0.8365027935252076,-1.0392857675648752,0,-2.28201480547774,-1.6638001443804473,-0.7431297799790233,-2.421463968877111,0,-0.6756102746066475,0,-2.258616779530069,-2.3104244895244825,0,-3.5057797461628084,-1.1633521348131133,-3.8638642087100106,-9.900368519648048,-3.8199361186450833,-9.928721684760582,0,0,-2.3363367836753515,-4.132899212373738,-1.8995291291268188,0,-3.953635840100791,-3.986346713563073,-2.787298266938226,0,-2.0403241950872566,-3.1665241626309246,-2.553996908361391,-5.193026840054866,-3.9423550017294993,-4.854194756854609,0,-2.731551859908187,0,-5.885713824378188,-1.455802169934099,0,-3.667001131081431,-3.4291390676548232,-2.0299931776073183,-1.1329884672796595,-0.4700237736625148,-1.7389744940723784,0,-0.48707869774495016,0,-0.5737078220125955,-0.023367227520175504,-0.4000145048083752,0,-0.059000578847641094,-0.32015954823294557],"activity":[[0]],"dinucleotide":[[0.048340574832071326,0.2773677023483394,0,0.227215007510857,-0.01959685007557077,0.12809251475902705,0,-0.04625458997166554,0,0,0,0,-0.053180785143890574,0.20203827442748867,0,-0.12355991926806098,0.4393271630995734,0.5318578115079085,0.26385543905176156,0,1.2901257343234338,0.7466668922066937,1.1950939503358669,0,0,0,0,0,2.1218797004171464,1.5025158787489694,2.0428981009104437,0,-1.0480994415653306,0,0.6735993705860661,0.9083202349571398,0.48338083428143896,0,1.0291202200508813,1.1590346037348151,-0.6262398113011329,0,-0.31853250943553846,1.405650451196415,0,0,0,0,0,1.5169718848386697,-0.8006866638652834,0.932834706279646,0,0,0,0,0,0.7512395666263387,-1.3548811472210325,0.5950245235477443,0,1.0002355508769103,-0.08591654165156903,0.06887505032409358,0,0,0,0,2.58308474915928,-0.0437317509006494,2.7688206952409757,0,1.8957531875865712,-0.3932389607229556,3.8329193845818468,0,2.292950411306803,0.38095140595904375,4.298586120086112,0,0,4.2814672722161875,2.0975485176576143,1.2335764595301235,0,0.6310621479304483,-1.1347495407310113,0.7466791077040931,0,1.220498918263221,2.1996035520018022,3.2058328749421,0,0,0,0,0,0,0,0,0,2.04606021372504,1.4572384827574183,0.37232780406584354,0,1.5282777350221952,1.2017771138898272,0.8974935335828089,0,1.5868924653882903,0.2289730772944445,0.4767329968033067,0,0,0,0,0,-0.5179116369747039,2.0665761230553805,-0.2537601711346369,0,0.8474702507547391,1.0799771567320136,0.6585148164871555,0,0.40410117249849087,1.7767458898568886,1.0778979931292039,0,0,0,0,-0.0413886666383565,-0.7606714602406672,-0.44065081152398733,0,-1.513113216519553,-0.8735455353692911,-0.18958421911486845,0,0.6934032701504016,-1.1724540080523873,0.8993536260367172,0,3.2468506303951763,0,3.607027401578529,1.7679092673787409,2.6634430333437287,0,3.7783406492222475,1.4289319536224916,2.1782035629446757,0,3.550544836625626,2.0500977455516622,0,0,0,0,0,1.1645552814847324,1.5006324959975395,0.9282957417345727,0,0,0,0,0,2.499118667682996,3.317670053246257,1.7071606876126726,0,1.213595305952019,1.3608394881972874,0.41600525656579634,0,0,0,0,0.3746254969710314,0.17366749978098106,0.29173107077693494,0,-0.42529980862623873,0.030574280872430748,0.5048706106903857,0,-0.176127856809293,-0.04909977214088812,0.5111018472828146,0,0.51974164939449,0,0.1578778192288386,0.0668338799018855,0.2036323465856924,0,-0.0926666477073308,-0.4897963850565521,0.32461222560146474,0,-0.0019148549553236194,-0.27669276490087036,0,0,0,0,0.5465109648621951,0,-0.2607974370842232,0.2972560955739798,0,0,0,0,0.5450687528356131,0,0.053128298189133005,0.46745240991744375,0.1767859899841966,0,-0.4658463209488559,0.23291546099284588]],"modifications":[]}]}}
