{"modelSettings":{"letterOrder":"ACGT","bindingModeInteractions":[],"bindingModes":[{"fitLogActivity":true,"flankLength":0,"singleStrand":false,"size":17,"dinucleotideDistance":0,"componentName":"Binding mode 0","positionBias":false,"modifications":[]},{"fitLogActivity":true,"flankLength":0,"singleStrand":false,"size":17,"dinucleotideDistance":0,"componentName":"Binding mode 1","positionBias":false,"modifications":[]}],"letterComplement":"C-G,A-T"},"coefficients":{"bindingModeInteractions":[],"bindingModes":[{"mononucleotide":[0,0,0,0,0,0,0,0,0,0,0,0,0,0,0,0,0,0,0,0,0,0,0,0,0,0,0,0,0,0,0,0,0,0,0,0,0,0,0,0,0,0,0,0,0,0,0,0,0,0,0,0,0,0,0,0,0,0,0,0,0,0,0,0,0,0,0,0],"activity":[[-6.287858922055227]],"dinucleotide":[],"modifications":[]},{"mononucleotide":[0,-0.3437442630632539,-0.1603016883847843,-0.31705731444994534,0,-0.33879238798227007,-0.0913350309371328,-0.21833036467049816,-0.08534796592486593,-0.38173137836539617,0,-0.25270672781128134,-0.41088050663565134,-0.3496682036891272,0,-0.6263686325120617,-0.6426017825061283,-0.2977425071792279,-1.1298623245006612,0,-0.13646278514112176,0,-1.1913678920487252,-0.8723325389748515,0,-1.431634041701594,-0.9863724484161587,-1.2427988885746561,-1.1301172925217653,-1.2628002018067077,-1.826289651834383,0,0,-1.2497008479663485,-1.771945446510503,-1.0437924905197002,0,-1.4894620957348694,-1.6061325274536857,-1.2245789948195673,0,-1.2837312818953155,-1.4628399971072632,-1.096600458665093,-0.7311592711563861,-1.10906504872659,-1.4401801806954628,0,-1.0569361605398209,0,-1.7031224174865498,-1.171142683043839,0,-1.2316297748013723,-1.3777246239022238,-1.009562249487935,-0.8177841290540826,-0.5921263467244291,-1.948372858521445,0,-0.22506555790267768,-0.02646915266292993,-0.5151567843617677,0,-0.2938678344890242,-0.012526452241344188,-0.3548000469166439,0],"activity":[[0]],"dinucleotide":[],"modifications":[]}]}}
