{"modelSettings":{"letterOrder":"ACGT","bindingModeInteractions":[],"bindingModes":[{"fitLogActivity":true,"flankLength":0,"singleStrand":false,"size":15,"dinucleotideDistance":0,"componentName":"Binding mode 0","positionBias":false,"modifications":[]},{"fitLogActivity":true,"flankLength":0,"singleStrand":false,"size":15,"dinucleotideDistance":0,"componentName":"Binding mode 1","positionBias":false,"modifications":[]}],"letterComplement":"C-G,A-T"},"coefficients":{"bindingModeInteractions":[],"bindingModes":[{"mononucleotide":[0,0,0,0,0,0,0,0,0,0,0,0,0,0,0,0,0,0,0,0,0,0,0,0,0,0,0,0,0,0,0,0,0,0,0,0,0,0,0,0,0,0,0,0,0,0,0,0,0,0,0,0,0,0,0,0,0,0,0,0],"activity":[[-12.755963335614439]],"dinucleotide":[],"modifications":[]},{"mononucleotide":[-0.06719374333340689,-0.3749843666583068,-0.14412345808486648,0,-0.45171527880539486,-0.3979718861279018,0,-0.46108391949114846,-0.6653879349412986,-0.5645870177782903,0,-1.3724344701904574,-1.2363443763472102,0,-2.0092549283875503,-0.13077621361782654,-0.9267399608675131,0,-2.0707989000427673,-1.7954929761526124,0,-3.1643920976198485,-1.5834069952307566,-3.922410061253056,-8.685431360251993,-3.6767254830150806,-8.332395889971057,0,0,-1.8450050675246548,-2.7795628581249137,-0.5839870044342028,0,-2.7384934066386304,-2.941806895725902,-2.1493524719429633,0,-1.2372967247443167,-1.9388353465898902,-1.1717519022732255,-1.833579274563581,-1.6707181535663622,-1.5899476055425215,0,-1.101049476145894,0,-1.2899274127796332,-0.8058344019403165,0,-1.4095400413528978,-0.9696572391435652,-1.3113467159497603,-0.7109056761992854,-0.22127383428988345,-0.8395757209652643,0,-0.3013038643082133,0,-0.5341352086658766,-0.2438382967667394],"activity":[[0]],"dinucleotide":[],"modifications":[]}]}}
