{"modelSettings":{"letterOrder":"ACGT","bindingModeInteractions":[],"bindingModes":[{"fitLogActivity":true,"flankLength":0,"singleStrand":false,"size":12,"dinucleotideDistance":0,"componentName":"Binding mode 0","positionBias":false,"modifications":[]},{"fitLogActivity":true,"flankLength":0,"singleStrand":false,"size":12,"dinucleotideDistance":0,"componentName":"Binding mode 1","positionBias":false,"modifications":[]}],"letterComplement":"C-G,A-T"},"coefficients":{"bindingModeInteractions":[],"bindingModes":[{"mononucleotide":[0,0,0,0,0,0,0,0,0,0,0,0,0,0,0,0,0,0,0,0,0,0,0,0,0,0,0,0,0,0,0,0,0,0,0,0,0,0,0,0,0,0,0,0,0,0,0,0],"activity":[[-10.68577045486532]],"dinucleotide":[],"modifications":[]},{"mononucleotide":[0,-0.5640756036440644,-0.09767322898794539,-0.07218228659148274,-0.3208307159606978,-0.7229346793375084,0,-0.4870336261148047,-0.528090618029128,-0.6489671502232897,0,-1.1625986395970713,-1.204899849582434,-0.07260427851339735,-1.8970788305602646,0,-0.027879039910418513,0,-1.4154529443504007,-0.9164504918222987,0,-2.709478817137872,-2.133438136142468,-3.445972273144749,-6.114689321189637,-4.116419954507622,-7.291064635016026,0,-0.43897796141211565,-2.036610277803418,-3.2838275278326083,0,0,-2.1877090946566646,-2.323462877013177,-1.3852391004572624,0,-0.9041398763206541,-1.5416090479321758,-0.8294710467860815,-0.23902356970465988,-0.35530606766972817,-0.5665499979071784,0,0,-0.1192402701580697,-0.18163587259289748,-0.3284112726898627],"activity":[[0]],"dinucleotide":[],"modifications":[]}]}}
