{"modelSettings":{"letterOrder":"ACGT","bindingModeInteractions":[],"bindingModes":[{"fitLogActivity":true,"flankLength":0,"singleStrand":false,"size":10,"dinucleotideDistance":0,"componentName":"Binding mode 0","positionBias":false,"modifications":[]},{"fitLogActivity":true,"flankLength":0,"singleStrand":false,"size":10,"dinucleotideDistance":1,"componentName":"Binding mode 1","positionBias":false,"modifications":[]}],"letterComplement":"C-G,A-T"},"coefficients":{"bindingModeInteractions":[],"bindingModes":[{"mononucleotide":[0,0,0,0,0,0,0,0,0,0,0,0,0,0,0,0,0,0,0,0,0,0,0,0,0,0,0,0,0,0,0,0,0,0,0,0,0,0,0,0],"activity":[[-6.021102205431189]],"dinucleotide":[],"modifications":[]},{"mononucleotide":[0,-0.30665728035114537,-0.2594285387011208,-0.3712345105505177,-0.5089685478767203,-0.3184162925283509,0,-1.1205824519583976,0,-1.3228749847963668,-0.7258623482571469,-1.1415599740672082,-1.3652210733488896,0,-1.1209409828081922,-1.1278874037719904,-3.9837903538870503,-1.7526408063003682,0,-1.9926230948233972,0,-0.43477801333637345,-0.7267201137198303,-0.9293894890310774,-1.135132828211213,0,-3.297847606846794,-0.8175735077365944,-0.4113554066444953,0,-0.5734115029012994,-0.6519177338207607,-0.6007000854272118,0,-0.5600102660786233,-0.35592598444494605,0,-0.3108705242507188,-0.9179710762521154,-0.167308712129409],"activity":[[0]],"dinucleotide":[[0,0,0,0,-0.33478403781754995,-0.24910383501413946,0,0.03553260761708632,-0.37704637819119835,-0.08788887613149399,0,0.30779667186670157,-0.05666332832624921,-0.11636008559764299,0,0.627628590703404,0,-0.2480805555027823,0.11886124379062579,0.6557915526478606,0,0.15769607814741882,0.5457209095380904,0.17889632944472744,0,0,0,0,0,0.7956034773340503,0.4972061526226428,0.9573388639639164,0,0,0,0,1.3872280124393557,0,1.0818506770066767,1.0598351873508358,0.4906155063675408,0,0.7455962539846377,0.3967412551102827,1.2616651430029524,0,0.9959659937000964,0.8318239540648342,1.6667070524231704,0.9470838972984801,0,0.7250870374263387,0,0,0,0,0.5943355538158901,0.9696232106881482,0,1.0769987921128266,1.3117742379121635,1.0912339868716332,0,0.41117657940786234,0,1.905081405218005,-0.05403415140096168,3.2719643747574008,0,0.33803979341492685,-0.8307562121124246,1.557833623136367,0,0,0,0,0,0.649865686024448,0.3838719888610864,1.7587943555481598,0,0,0,0,-0.5428507342144728,0,0.8178835216551406,0.3902457521589273,-1.3708091660229842,0,1.8102543325815814,-0.113190247151846,-0.23718939173072684,0,1.5030450971642262,0.12836206055224952,-1.028549878883613,0,0.7000710370347241,0.2394896782377849,0,0,0,0,1.197230931989334,0,1.411217958056259,1.6207111311974867,0.006742223341546172,0,-0.15163630862291289,-0.7117868414327795,0.05020387736124121,0,0.6297282471706813,0.35952880481459815,0,0,0,0,0.27028393977075726,0,0.3682219714519013,0.4054127981172124,0.11358882766262468,0,0.518287688520565,0.3438207701901259,0,0.35998586115268516,1.5156375918339329,0.7237159825823261,0,0,0,0,0,0.38328703669565556,1.193108611213197,0.4414470525582086,0,-2.287667774003147,0.24969384353263147,-0.3870234951985889]],"modifications":[]}]}}
