{"modelSettings":{"letterOrder":"ACGT","bindingModeInteractions":[],"bindingModes":[{"fitLogActivity":true,"flankLength":0,"singleStrand":false,"size":7,"dinucleotideDistance":0,"componentName":"Binding mode 0","positionBias":false,"modifications":[]},{"fitLogActivity":true,"flankLength":0,"singleStrand":false,"size":7,"dinucleotideDistance":0,"componentName":"Binding mode 1","positionBias":false,"modifications":[]}],"letterComplement":"C-G,A-T"},"coefficients":{"bindingModeInteractions":[],"bindingModes":[{"mononucleotide":[0,0,0,0,0,0,0,0,0,0,0,0,0,0,0,0,0,0,0,0,0,0,0,0,0,0,0,0],"activity":[[-3.871201010907891]],"dinucleotide":[],"modifications":[]},{"mononucleotide":[-0.71492569492013,-0.7565203866256428,-0.6755449185226267,0,-0.7429267518704546,-1.3499718483450098,-1.8317576808455713,0,-0.060351194850526646,-2.0097000281494455,-1.8291834803532387,0,0,-7.056617722219525,-3.489591019056497,-4.50553906280101,-2.3989815118795024,-1.5852277686164185,-2.256383971712051,0,-1.29378150319667,-0.5736034227021176,0,-0.32138981886764895,0,-1.9219649789888795,-0.10460752023979397,-1.2073600521420766],"activity":[[-1.9073537542256325]],"dinucleotide":[],"modifications":[]}]}}
