{"modelSettings":{"letterOrder":"ACGT","bindingModeInteractions":[],"bindingModes":[{"fitLogActivity":true,"flankLength":0,"singleStrand":false,"size":18,"dinucleotideDistance":0,"componentName":"Binding mode 0","positionBias":false,"modifications":[]},{"fitLogActivity":true,"flankLength":0,"singleStrand":false,"size":18,"dinucleotideDistance":0,"componentName":"Binding mode 1","positionBias":false,"modifications":[]}],"letterComplement":"C-G,A-T"},"coefficients":{"bindingModeInteractions":[],"bindingModes":[{"mononucleotide":[0,0,0,0,0,0,0,0,0,0,0,0,0,0,0,0,0,0,0,0,0,0,0,0,0,0,0,0,0,0,0,0,0,0,0,0,0,0,0,0,0,0,0,0,0,0,0,0,0,0,0,0,0,0,0,0,0,0,0,0,0,0,0,0,0,0,0,0,0,0,0,0],"activity":[[-7.338450914948714]],"dinucleotide":[],"modifications":[]},{"mononucleotide":[-0.01759004795168906,-0.20371030047429528,0,-0.15063938789880282,-0.07120614511976342,-0.29145975861209017,0,-0.11417931862928121,0,-1.2885545296891188,-0.41208124260568546,-0.6790262048169495,-1.4121204084080592,-1.9843989882639939,-2.409723737787658,0,-1.0553053215990573,-2.5498771612762727,0,-1.6243779940220655,0,-2.219932308590547,-2.7072938549631935,-2.061256541639125,-1.9679861740141984,-2.2681964326907345,-1.8825706441011523,0,-1.957733463319082,-2.623406128797246,-2.380762211456732,0,-1.4907624200547005,-2.6674450946017796,-1.2151041106333658,0,0,-2.6700352825155456,-2.4823779266280113,-2.526986609363595,-2.428464443483321,-1.0592420812899483,-2.3554821716735237,0,-1.0558205133014251,-1.3953988957200476,0,-0.37813914065315224,0,-1.4098337354439447,-0.11169915191810809,-0.7102168002666858,-0.6801803576013974,0,-0.2579196406076534,-0.3707613194317574,-0.33453526108330855,0,-0.3707385273281414,-0.1309392169929655,-0.2487137996328972,-0.06807670114175934,-0.26860430634279986,0,-0.22678415124277151,-0.11378029250200328,-0.24535535997637936,0,-0.028843280684043293,0,-0.10361907537747683,-0.024975809019574413],"activity":[[0]],"dinucleotide":[],"modifications":[]}]}}
