{"modelSettings":{"letterOrder":"ACGT","bindingModeInteractions":[],"bindingModes":[{"fitLogActivity":true,"flankLength":0,"singleStrand":false,"size":14,"dinucleotideDistance":0,"componentName":"Binding mode 0","positionBias":false,"modifications":[]},{"fitLogActivity":true,"flankLength":0,"singleStrand":false,"size":14,"dinucleotideDistance":0,"componentName":"Binding mode 1","positionBias":false,"modifications":[]}],"letterComplement":"C-G,A-T"},"coefficients":{"bindingModeInteractions":[],"bindingModes":[{"mononucleotide":[0,0,0,0,0,0,0,0,0,0,0,0,0,0,0,0,0,0,0,0,0,0,0,0,0,0,0,0,0,0,0,0,0,0,0,0,0,0,0,0,0,0,0,0,0,0,0,0,0,0,0,0,0,0,0,0],"activity":[[-12.93584423341062]],"dinucleotide":[],"modifications":[]},{"mononucleotide":[-0.7406698087635384,-1.4669583079719324,-1.0081955013581236,0,-1.3978356848256475,-2.4099390060538006,-2.4257403532830395,0,0,-2.6979672091412876,-1.9220335163540216,-0.4436010376066051,0,-7.491277260159247,-4.145536535818449,-6.462066062992709,-3.7134264848830973,-1.9436220882427158,-2.7099518952654,0,-1.127131896585773,-1.3637665220840347,0,-0.16305162155286546,0,-2.1598563875197847,-0.02324348553038469,-1.2887319719428767,-1.1005072771087345,0,-0.6575769384329586,-0.6219954913742267,-0.6284947499993319,0,-0.8187162624614359,-0.26833024017334317,-0.07490177382238628,-0.07592726972987407,-0.4963771766444349,0,0,-0.34486427491358107,-0.6388274921202335,-0.09167325671038817,-0.30306875466031435,-0.8705605767567839,-0.8279709530069486,0,-0.1907756593734593,-1.0768405833773755,-0.9896355450185155,0,-0.015514783018325318,-0.743467911729347,-0.8084667213628354,0],"activity":[[0]],"dinucleotide":[],"modifications":[]}]}}
