{"modelSettings":{"letterOrder":"ACGT","bindingModeInteractions":[],"bindingModes":[{"fitLogActivity":true,"flankLength":0,"singleStrand":false,"size":18,"dinucleotideDistance":0,"componentName":"Binding mode 0","positionBias":false,"modifications":[]},{"fitLogActivity":true,"flankLength":0,"singleStrand":false,"size":18,"dinucleotideDistance":0,"componentName":"Binding mode 1","positionBias":false,"modifications":[]}],"letterComplement":"C-G,A-T"},"coefficients":{"bindingModeInteractions":[],"bindingModes":[{"mononucleotide":[0,0,0,0,0,0,0,0,0,0,0,0,0,0,0,0,0,0,0,0,0,0,0,0,0,0,0,0,0,0,0,0,0,0,0,0,0,0,0,0,0,0,0,0,0,0,0,0,0,0,0,0,0,0,0,0,0,0,0,0,0,0,0,0,0,0,0,0,0,0,0,0],"activity":[[-4.4019327539941315]],"dinucleotide":[],"modifications":[]},{"mononucleotide":[0,-0.3248414725929889,-0.15108732122001278,-0.3406776441329695,0,-0.28931469134690513,-0.08369812104812979,-0.19447789992343445,-0.0665206483650227,-0.33183794999301863,0,-0.1986079810526551,-0.3520637285843824,-0.2615282697945993,0,-0.5997514239386517,-0.6111715472786345,-0.17031863846199968,-0.863272190880374,0,-0.20025295522960818,0,-1.0566132408386801,-0.9147255265099359,0,-1.6242732360774204,-1.0498742568222008,-1.5845232285431852,-1.5349628867352374,-1.3742827576403203,-1.7958715565516075,0,0,-1.0253366344040584,-1.7657485261924366,-0.8942896946241659,0,-1.6344017505071315,-1.9095263350027034,-1.552097262545736,0,-1.3180199480203258,-1.6232113428471378,-1.2722877242681117,-1.2103291794390882,-1.200200177478421,-1.46988075586086,0,-1.402790659523701,0,-1.8536456032733168,-1.1873238408527866,0,-1.0318660608042123,-1.3877987265572482,-1.0966939194779703,-0.78395761347414,-0.4475639555086639,-1.2952306990858151,0,-0.22033887098410432,0,-0.37804160086939476,-0.032008444852694495,-0.3254414490142876,0,-0.25388991330377664,-0.01321331524864533,-0.0734070462132621,-0.038702470241332776,-0.14675589595910488,0],"activity":[[0]],"dinucleotide":[],"modifications":[]}]}}
