{"modelSettings":{"letterOrder":"ACGT","bindingModeInteractions":[],"bindingModes":[{"fitLogActivity":true,"flankLength":0,"singleStrand":false,"size":18,"dinucleotideDistance":0,"componentName":"Binding mode 0","positionBias":false,"modifications":[]},{"fitLogActivity":true,"flankLength":0,"singleStrand":false,"size":18,"dinucleotideDistance":0,"componentName":"Binding mode 1","positionBias":false,"modifications":[]}],"letterComplement":"C-G,A-T"},"coefficients":{"bindingModeInteractions":[],"bindingModes":[{"mononucleotide":[0,0,0,0,0,0,0,0,0,0,0,0,0,0,0,0,0,0,0,0,0,0,0,0,0,0,0,0,0,0,0,0,0,0,0,0,0,0,0,0,0,0,0,0,0,0,0,0,0,0,0,0,0,0,0,0,0,0,0,0,0,0,0,0,0,0,0,0,0,0,0,0],"activity":[[-8.438116381989245]],"dinucleotide":[],"modifications":[]},{"mononucleotide":[-0.4916772255011832,-0.32576491990946543,0,-0.47169708788375075,-0.46347279005738606,-0.32146739034809535,0,-0.40180275348679295,-0.21910976744007726,-1.1785701477214117,0,-0.7226842064545176,-0.7886897718495396,-0.2416031140147048,-1.043319015083516,0,-0.9351271737949665,-1.1507461479318328,0,-1.6221036458884628,0,-0.6622906967244049,-1.1073628100494615,-1.2535662303149424,-0.7216610394470591,-0.9025386818620005,-0.49145575313126777,0,-1.318791888033032,-1.1383567341103449,-1.2075855148123127,0,-0.5187451250083708,-0.7632070531542956,-0.7348241039217269,0,0,-1.367792763226448,-0.6952829773279889,-1.8090513609489305,-1.2455054581673108,-0.590486873671729,-1.0357587408444404,0,-1.1655376850642112,-1.0756193942752938,0,-0.7109492576594887,-0.4325497177069231,-1.23109721470541,0,-1.0181504504039056,-1.1673744009817808,0,-0.04023987677257601,-0.5335962432655048,-0.7893652163890037,-0.019928261305722117,0,-0.7535872562177826,-0.5566630203378882,-0.13050060771796979,0,-0.452317862758834,-0.7867042721989499,0,-0.47862858981421574,-0.4479341456628205,-0.3599814599668374,-0.1293775654736553,0,-0.6404849873410434],"activity":[[0]],"dinucleotide":[],"modifications":[]}]}}
