{"modelSettings":{"letterOrder":"ACGT","bindingModeInteractions":[],"bindingModes":[{"fitLogActivity":true,"flankLength":0,"singleStrand":false,"size":18,"dinucleotideDistance":0,"componentName":"Binding mode 0","positionBias":false,"modifications":[]},{"fitLogActivity":true,"flankLength":0,"singleStrand":false,"size":18,"dinucleotideDistance":0,"componentName":"Binding mode 1","positionBias":false,"modifications":[]}],"letterComplement":"C-G,A-T"},"coefficients":{"bindingModeInteractions":[],"bindingModes":[{"mononucleotide":[0,0,0,0,0,0,0,0,0,0,0,0,0,0,0,0,0,0,0,0,0,0,0,0,0,0,0,0,0,0,0,0,0,0,0,0,0,0,0,0,0,0,0,0,0,0,0,0,0,0,0,0,0,0,0,0,0,0,0,0,0,0,0,0,0,0,0,0,0,0,0,0],"activity":[[-7.151610136784122]],"dinucleotide":[],"modifications":[]},{"mononucleotide":[-0.029283790680986854,-0.10417245348255211,0,-0.19986468624174236,-0.06898693896990693,-0.1734653681944982,0,-0.22758828362817507,-0.2507826074554034,-0.28655819745685474,0,-0.42404110946453866,-0.3461045827296001,-0.15745166649052678,0,-0.6235100515079939,-0.6455976905007752,0,-1.099021006263591,-0.19502987717102993,-0.5291236120293812,0,-1.1577454060384715,-1.051527904894054,0,-1.8564109756776395,-0.8683787042326498,-2.097177259939569,-4.025963008980666,-2.067504169895501,-2.4945198627878504,0,0,-1.3032197566568664,-2.196891098239931,-1.2699598346775494,0,-1.939713372746719,-2.4163718070243814,-1.6831500814502034,0,-1.2637893876710482,-1.9221562546687458,-1.434630118845159,-2.0693040607278705,-1.8637470713841813,-1.6125510303259034,0,-1.6706849822593908,0,-2.111598927299556,-1.1037254800001444,0,-1.8121151697888278,-1.34947392377817,-1.214667999361601,-0.5867817598616778,-0.24621881250955635,-0.857003610117304,0,-0.25748608753248714,0,-0.3433849824004307,-0.2443993744465187,-0.2515102806830649,0,-0.18630081423968647,-0.10680725255352108,-0.15498144252850476,0,-0.08801470421286517,-0.11360489800633289],"activity":[[0]],"dinucleotide":[],"modifications":[]}]}}
