{"modelSettings":{"letterOrder":"ACGT","bindingModeInteractions":[],"bindingModes":[{"fitLogActivity":true,"flankLength":0,"singleStrand":false,"size":7,"dinucleotideDistance":0,"componentName":"Binding mode 0","positionBias":false,"modifications":[]},{"fitLogActivity":true,"flankLength":0,"singleStrand":false,"size":7,"dinucleotideDistance":0,"componentName":"Binding mode 1","positionBias":false,"modifications":[]}],"letterComplement":"C-G,A-T"},"coefficients":{"bindingModeInteractions":[],"bindingModes":[{"mononucleotide":[0,0,0,0,0,0,0,0,0,0,0,0,0,0,0,0,0,0,0,0,0,0,0,0,0,0,0,0],"activity":[[-11.451037209703044]],"dinucleotide":[],"modifications":[]},{"mononucleotide":[-0.3021707541669487,-0.7670353767314104,-0.38930196956271335,0,-1.0804336711253526,-1.1777537897990962,-2.065060498318988,0,0,-1.344189230105085,-1.9370416357509492,-0.1783521616302739,0,-5.963451587339987,-3.717863321641471,-7.041089715719102,-2.1164475925712316,-1.7880671265251864,-2.3983952318741286,0,-0.7942632397307077,-0.9967970965889079,-0.27917203067707375,0,0,-1.7285516889915808,-0.33118760635286604,-1.0468927782002986],"activity":[[0]],"dinucleotide":[],"modifications":[]}]}}
