{"modelSettings":{"letterOrder":"ACGT","bindingModeInteractions":[],"bindingModes":[{"fitLogActivity":true,"flankLength":0,"singleStrand":false,"size":18,"dinucleotideDistance":0,"componentName":"Binding mode 0","positionBias":false,"modifications":[]},{"fitLogActivity":true,"flankLength":0,"singleStrand":false,"size":18,"dinucleotideDistance":0,"componentName":"Binding mode 1","positionBias":false,"modifications":[]}],"letterComplement":"C-G,A-T"},"coefficients":{"bindingModeInteractions":[],"bindingModes":[{"mononucleotide":[0,0,0,0,0,0,0,0,0,0,0,0,0,0,0,0,0,0,0,0,0,0,0,0,0,0,0,0,0,0,0,0,0,0,0,0,0,0,0,0,0,0,0,0,0,0,0,0,0,0,0,0,0,0,0,0,0,0,0,0,0,0,0,0,0,0,0,0,0,0,0,0],"activity":[[-7.123750291835269]],"dinucleotide":[],"modifications":[]},{"mononucleotide":[-0.06276623441098117,-0.2275554883495694,0,-0.1897855164617539,-0.10266064040557588,-0.38098094160593554,0,-0.2179842172170403,0,-1.1187701776594547,-0.33225639301688936,-0.6001716745073225,-1.1517911895018003,-1.4171641017592975,-1.718196993208787,0,-0.9621558485377015,-1.9248783235647613,0,-1.3257188593454288,0,-1.7376256781491506,-2.047107898298596,-1.5064329320613945,-1.4932079791244819,-1.8750693517993797,-1.296267467635948,0,-1.5304934186643298,-2.2135603491565368,-1.905661878721829,0,-1.1175739083333802,-2.1390458026860992,-1.3119632337070337,0,0,-2.636052678198669,-2.18434267899541,-2.7097469428618215,-2.054561117979893,-0.9431360521951753,-2.015520573084337,0,-0.858690796206286,-1.0479729054670752,0,-0.33463047769111043,0,-0.9067927838387781,-0.008222933373735586,-0.40295538348483007,-0.4822404330828789,0,-0.13298963212717752,-0.2167043573930858,-0.343583725440487,0,-0.3807389315856078,-0.16489446081384607,-0.11845747771087467,-0.0020390538368530997,-0.234737359961672,0,-0.16942492154686484,-0.04980399839475247,-0.20257746435455815,0,-0.024551537787534272,0,-0.1425850197175187,-0.02808053442969971],"activity":[[0]],"dinucleotide":[],"modifications":[]}]}}
