{"modelSettings":{"letterOrder":"ACGT","bindingModeInteractions":[],"bindingModes":[{"fitLogActivity":true,"flankLength":0,"singleStrand":false,"size":7,"dinucleotideDistance":0,"componentName":"Binding mode 0","positionBias":false,"modifications":[]},{"fitLogActivity":true,"flankLength":0,"singleStrand":false,"size":7,"dinucleotideDistance":0,"componentName":"Binding mode 1","positionBias":false,"modifications":[]}],"letterComplement":"C-G,A-T"},"coefficients":{"bindingModeInteractions":[],"bindingModes":[{"mononucleotide":[0,0,0,0,0,0,0,0,0,0,0,0,0,0,0,0,0,0,0,0,0,0,0,0,0,0,0,0],"activity":[[-7.222532523725448]],"dinucleotide":[],"modifications":[]},{"mononucleotide":[-0.7962425901437733,-0.9959775305286431,-0.5400339467617341,0,-0.8862008342145602,-1.569780429490938,-1.8535504215418128,0,-0.12575861492954665,-1.4253353490512848,-1.5745890138627776,0,0,-5.337113285063326,-2.713185498498352,-7.908033735790376,-4.582062660048962,-1.8084919925888863,-3.1644269386217494,0,-1.657286042205318,-0.6588747193731992,0,-0.606662009457271,0,-2.1177114567417155,-0.35224048895121074,-1.482495596166061],"activity":[[0]],"dinucleotide":[],"modifications":[]}]}}
