{"modelSettings":{"letterOrder":"ACGT","bindingModeInteractions":[],"bindingModes":[{"fitLogActivity":true,"flankLength":0,"singleStrand":false,"size":7,"dinucleotideDistance":0,"componentName":"Binding mode 0","positionBias":false,"modifications":[]},{"fitLogActivity":true,"flankLength":0,"singleStrand":false,"size":7,"dinucleotideDistance":0,"componentName":"Binding mode 1","positionBias":false,"modifications":[]}],"letterComplement":"C-G,A-T"},"coefficients":{"bindingModeInteractions":[],"bindingModes":[{"mononucleotide":[0,0,0,0,0,0,0,0,0,0,0,0,0,0,0,0,0,0,0,0,0,0,0,0,0,0,0,0],"activity":[[-6.104710290280163]],"dinucleotide":[],"modifications":[]},{"mononucleotide":[-0.5276848530872575,-0.8415428430757428,-0.6077584059611914,0,-1.0524796259146736,-1.6511810291181275,-2.093454948447202,0,0,-2.000535809811007,-1.5257121534982556,-0.28215657172208086,0,-7.033455337643365,-3.8314897061572655,-6.294697555003121,-2.4471975786040834,-1.6464127475433679,-2.2762148676556277,0,-0.8381494729196171,-1.0683950093195722,0,-0.06815771870148613,-0.02967245988987388,-1.6658798031570796,0,-0.9579592307367395],"activity":[[0]],"dinucleotide":[],"modifications":[]}]}}
