{"modelSettings":{"letterOrder":"ACGT","bindingModeInteractions":[],"bindingModes":[{"fitLogActivity":true,"flankLength":0,"singleStrand":false,"size":7,"dinucleotideDistance":0,"componentName":"Binding mode 0","positionBias":false,"modifications":[]},{"fitLogActivity":true,"flankLength":0,"singleStrand":false,"size":7,"dinucleotideDistance":0,"componentName":"Binding mode 1","positionBias":false,"modifications":[]}],"letterComplement":"C-G,A-T"},"coefficients":{"bindingModeInteractions":[],"bindingModes":[{"mononucleotide":[0,0,0,0,0,0,0,0,0,0,0,0,0,0,0,0,0,0,0,0,0,0,0,0,0,0,0,0],"activity":[[-3.871201010907891]],"dinucleotide":[],"modifications":[]},{"mononucleotide":[-0.3178527340954109,-0.5497241014663272,-0.28001383168354543,0,-0.8875673686519252,-1.3106317363909041,-1.6655597873589598,0,0,-2.1488142669726558,-1.3967004965038408,-0.2820019041755941,0,-5.412166317684169,-3.6485458557669412,-5.307177475026673,-2.1309866577624215,-1.2646886130880663,-2.104802584765846,0,-0.8480573744874482,-0.9692839028912221,0,-0.1275526852378408,-0.22359159383096117,-1.3555139962569995,0,-0.8981429517152006],"activity":[[-1.7750491277423461]],"dinucleotide":[],"modifications":[]}]}}
