{"modelSettings":{"letterOrder":"ACGT","bindingModeInteractions":[],"bindingModes":[{"fitLogActivity":true,"flankLength":0,"singleStrand":false,"size":10,"dinucleotideDistance":0,"componentName":"Binding mode 0","positionBias":false,"modifications":[]},{"fitLogActivity":true,"flankLength":0,"singleStrand":false,"size":10,"dinucleotideDistance":10,"componentName":"Binding mode 1","positionBias":false,"modifications":[]}],"letterComplement":"C-G,A-T"},"coefficients":{"bindingModeInteractions":[],"bindingModes":[{"mononucleotide":[0,0,0,0,0,0,0,0,0,0,0,0,0,0,0,0,0,0,0,0,0,0,0,0,0,0,0,0,0,0,0,0,0,0,0,0,0,0,0,0],"activity":[[-12.581800639625685]],"dinucleotide":[],"modifications":[]},{"mononucleotide":[-0.33615440399611884,-0.41918822437190073,-0.33767828032287284,0,-0.520488300616174,-0.9156193954029064,-1.0734548492921547,0,-2.6951616564308623,-4.6586812274218765,-5.109310700564388,0,0,-7.7207236110523985,-3.190699237007779,-7.251246260850947,0,-8.442373866081367,-10.192862946542776,-7.924479656710715,-3.181328884167799,-4.9964377578402495,-2.3351591170982697,0,-2.24514895932745,-2.165437683345436,-2.3698153835359452,0,-0.9887637075328533,-3.3485909178713165,0,-2.875166464478541,-0.5607131472140567,-0.32061773628382007,0,-1.0908177489625404,-0.5807592389128242,-0.05432967167874336,-0.31558785771936915,0],"activity":[[0]],"dinucleotide":[[0.056813313508176755,0.635141061013579,0.1551872327689634,0,0.19738439561066823,0.3237654618267336,0.5388276704302459,0,0.6017214246222142,0.5630379994790253,0.3130300940355486,0,0,0,0,0,-0.5402713916985107,0.08831184308830231,-0.6281546587462916,0,0.1903943278305711,0.1594573457646007,-0.09269057440179829,0,-0.23572927575988523,0.3085872010949071,0.3308166888593398,0,0,0,0,0,0,0.7852808394261253,1.3127257685597593,0.858551755149378,0,1.2400950547817189,1.1378485947096078,0.9641117594577331,0,1.2882684108768494,1.51193664072877,1.1691258682579253,0,0,0,0,0,0,0,0,0,2.293600733370008,2.721135824037356,2.3257941418707357,0,0.6304641423988713,1.9940873451444894,0.4866601669622135,0,1.2482601928562271,1.4442737274568618,1.0886289602075152,0,0,0,0,0.22905234752488646,1.0084873327054993,0.6101101589684017,0,0.011338792765096528,1.014603699268859,0.5277629131914754,0,0.5652729888610928,0.7736630696588982,0.5982517440297919,0,-0.35977841125012233,1.6814966844012087,-0.45960387091933796,0,1.8641496143330558,0.9235810094410457,1.0823810590150327,0,-1.2161111081002227,-0.4555519802820047,-1.7658346434737053,0,0,0,0,0,-0.08206764176792714,1.2463912627270988,0,1.0694109305154171,-0.37762741083607754,-0.16185887496082252,0,1.298386320260784,1.1281585842044946,1.527529566343726,0,1.3422018657612167,0,0,0,0,-0.7279176488318697,0.8471703577632383,0,0.5485596262416825,0.30601423758318447,-0.34589072832332235,0,-0.01839421750486281,0,0,0,0,0.11977036177570621,-0.3874875034018679,0,-0.44130919188349793,-0.5917321835698282,0.014405844473964535,-0.1032870425724326,0,0.11674113708451905,-0.13269900282366986,-0.38193534207279534,0,0,0,0,0,0.1367510826284395,0.09433364388499976,-0.22738843012290655,0],[-0.4113243834848124,0.12797685594355457,-0.4284068567528063,0,0.1049086664037926,0.38056782735989536,0.11948946171942776,0,-0.1630927888637288,0.09280157894529495,-0.17033111999901251,0,0,0,0,0,0,0.8441180877875292,0.3744240741593394,0.9816351109234613,0,0.35112951605719545,-0.10824951306941877,0.011757638655637948,0,-0.014910897969940606,0.02647748814958284,0.5663867086135115,0,0,0,0,0,3.1114391612842063,2.84494692535959,2.6217721038369044,0,2.322192525963956,2.677318145112313,1.930099082117863,0,3.110998275777863,4.314374046072185,2.550690148608542,0,0,0,0,0,0,0,0,0.969717891334362,0.9800511340825899,0.43138202255813596,0,-0.21449166278385867,-0.18795778962846477,-0.3155042724282069,0,1.7790589981748077,0.8096977115844162,0.9932794992892013,0,0,0,0,0,1.3611435289278635,1.3993916922704432,0.3829090707697187,0,2.1957178428041626,0.7676719516269142,0.02562046707294563,0,1.8957073320257258,0.9606111916390745,1.0283514077096179,0,-0.3950130460643271,0.32291618406486045,0,-0.10893137790777274,1.2205643886659585,0.8318995975470269,0,-0.038097543993183436,-0.6972401183707264,-0.7477773816664701,0,-0.7333619846817507,0,0,0,0,-0.3618581156758207,0.013944987802687159,0,0.07964957847686893,0.44191479027215763,0.3829387138940641,0,0.9496639429438201,-0.29152124159443726,-0.18473268269546228,0,0.1471367455780337,0,0,0,0,0.4276901048754178,0.45233649842207324,0.5520247909907079,0,0.14726372731533477,0.12718952286749996,-0.08023067067422929,0,0,0,0,0,0.5422491740467263,0.3014943083475954,0.20387159368283214,0],[0,0.12464349088170312,0.15616817816550999,0.18076272984245279,0,0.4375566356335101,0.048515656675361285,0.2812181133649645,0,-0.4268113809174494,-0.12349148288486056,-0.14982283181067402,0,0,0,0,0,0.2557475422354898,0.687343607662072,0.5701253980486145,0,-0.22006903368135156,-0.011693037172513243,0.557360377696142,0,-0.2932204502181044,0.6405140875472348,0.04506331058961166,0,0,0,0,0.42639062925016624,0.7928021417503626,0.6097456015087168,0,0.5883953451573607,1.1205512865371379,0.6203972096862476,0,0.8924407782751498,1.6101632239770698,1.1364995764272123,0,0,0,0,0,0,0,0,0,0.3571009600255195,0.5257464860568852,-0.14595637496739755,0,-0.0861125737842734,-0.23958671563036749,-0.07715828972804495,0,0.2532665556996889,0.5177988342551352,-0.1414166460325994,0,0,0,0,0,0.6162250457310883,1.8273019964810828,0,0.9733867361109336,1.5330742885995932,2.4045721310307613,0,1.559664588212371,1.1894100117922406,1.6840416107588112,0,1.180547031792191,-0.2643442250132342,0.047866870979777154,0,-0.3383376126432358,-0.6111117363944203,0.3249857677365551,0,0.44047800752189303,-0.5609044912945524,-0.3261577168278631,0,-0.08957627059911033,0,0,0,0,-0.08196035805639035,-0.010490462818038893,0.015849842763105748,0,-0.5619399631689204,-0.504947817892047,-0.9271764818969288,0,-0.05760608420406044,-0.03852183733063619,-0.024430263412395625,0,0,0,0,0],[0,-0.0795309541572422,0.44855261466448226,-0.328292662766561,0,-0.5593218630055468,-0.029049316730649366,-4.909375847041986E-4,0,-0.8838514321228885,0.010045660185099337,-0.8619928784661219,0,0,0,0,-0.19409920132079606,-0.19359802978108398,-0.07310952630127332,0,-0.27841382908992074,-0.057183672964221444,-0.21849321967476598,0,-0.1926345435440453,-0.1313651460197729,-0.27868902844541665,0,0,0,0,0,0.12908407353417317,0.17065850961559548,0.08080346271031225,0,-0.11229777733664825,-0.03976451411956994,-0.3806235528077391,0,0.43720078572553156,0.2643135595081052,0.2785073978363126,0,0,0,0,0,0,0,0,0,0.2867798971186861,0.5734400481442705,0,1.6021311012710626,-0.06554442214408507,-0.18437457960170356,0,-0.016411531566946636,0.11128157573541841,0.7073535883065851,0,2.5658475806826493,0,0,0,0,0.7204520212590886,-0.04572964405372204,0,1.5917536509086867,0.7881615178840669,-0.10613932645436108,0,2.853369305218827,0.4573866637937112,0.19458235175065397,0,1.0080344904393481,-0.17536378366669325,-0.022334908983324908,-0.19211059533218666,0,-0.36880352119611537,-0.00498338432682921,-0.3078093769367882,0,-0.26619391414612803,-0.0902369912999399,-0.33377197179564533,0,0,0,0,0],[0.29011330253769785,0.0324884058983308,0.09384310477046753,0,0.025976574210687886,0.047186355765822974,0.009303131110456775,0,0.12088822708845726,-0.03469084082940199,0.004228196773590653,0,0,0,0,0,0.12535613201522722,0.1607311200811843,0.1713794538821336,0,-0.058821920412144735,0.05952723040715391,-0.06221741638950462,0,0.02886102556545822,0.08088581978866927,-0.04540746866599932,0,0,0,0,0,0.08079338312305406,-0.12926966448458543,0,-0.15049351577782488,0.31530091953240724,0.3618101361782582,0,0.12091600225380894,0.0884917082906842,0.09002228937108292,0,-0.10138176709980407,0,0,0,0,0,0,0,0,0.3685350375229923,0.4361254741154168,0,0.7849676728085111,0.052200460593802234,0.006743437665948981,0,0.18653438809114853,0.254877309432036,0.9671424888994586,0,0.956454181485709,0,0,0,0,-0.8229518709557304,-0.6419529894693614,-0.49325071028455625,0,-1.9168418296775904,-1.0670620707127387,