{"modelSettings":{"letterOrder":"ACGT","bindingModeInteractions":[],"bindingModes":[{"fitLogActivity":true,"flankLength":0,"singleStrand":false,"size":10,"dinucleotideDistance":0,"componentName":"Binding mode 0","positionBias":false,"modifications":[]},{"fitLogActivity":true,"flankLength":0,"singleStrand":false,"size":10,"dinucleotideDistance":0,"componentName":"Binding mode 1","positionBias":false,"modifications":[]}],"letterComplement":"C-G,A-T"},"coefficients":{"bindingModeInteractions":[],"bindingModes":[{"mononucleotide":[0,0,0,0,0,0,0,0,0,0,0,0,0,0,0,0,0,0,0,0,0,0,0,0,0,0,0,0,0,0,0,0,0,0,0,0,0,0,0,0],"activity":[[-12.084199642424446]],"dinucleotide":[],"modifications":[]},{"mononucleotide":[-0.3179018214064584,-0.30450442004519296,0,-0.12420558281027105,-0.346544797673225,-0.7276257772995001,-0.961630350733226,0,-2.48609683783706,-3.4383291558335,-4.0758474851833775,0,0,-6.351550386343829,-2.65387340554813,-5.344897322052577,0,-6.767495399512437,-5.944974507849777,-6.085990961478785,-2.953433033149272,-3.1571161645557133,-3.1064141365413422,0,-1.6288845160132117,-1.5494573458168472,-1.4839454134156396,0,-0.15017491677677963,-2.6337854064434363,0,-2.0582817996011205,-0.6626648003770388,0,-0.10035005388740004,-0.37721615727507274,-0.7625314101942195,-0.1921333443953106,-0.9249734254097572,0],"activity":[[0]],"dinucleotide":[],"modifications":[]}]}}
