{"modelSettings":{"letterOrder":"ACGT","bindingModeInteractions":[],"bindingModes":[{"fitLogActivity":true,"flankLength":0,"singleStrand":false,"size":10,"dinucleotideDistance":0,"componentName":"Binding mode 0","positionBias":false,"modifications":[]},{"fitLogActivity":true,"flankLength":0,"singleStrand":false,"size":10,"dinucleotideDistance":0,"componentName":"Binding mode 1","positionBias":false,"modifications":[]}],"letterComplement":"C-G,A-T"},"coefficients":{"bindingModeInteractions":[],"bindingModes":[{"mononucleotide":[0,0,0,0,0,0,0,0,0,0,0,0,0,0,0,0,0,0,0,0,0,0,0,0,0,0,0,0,0,0,0,0,0,0,0,0,0,0,0,0],"activity":[[-12.826023676112785]],"dinucleotide":[],"modifications":[]},{"mononucleotide":[-0.2808992808246331,-0.3431033583159151,0,-0.134673174246295,-0.35562061737309736,-0.730753164721446,-0.9393598957919547,0,-2.552715364334972,-3.4786612135035933,-4.222559378859613,0,0,-6.104791652464476,-2.7208740965701805,-5.479338379964853,0,-6.385247772201966,-6.003139169286603,-5.8957318625519735,-2.937638351118884,-3.1244797615035127,-3.1500931133861068,0,-1.6150123277496256,-1.5006527585231957,-1.4679605076667002,0,-0.19775568893325124,-2.5693211640381994,0,-1.9982746776964386,-0.5978362452322716,0,-0.08323818207954159,-0.32633100328337217,-0.766355712782602,-0.16539315440535862,-0.9823010849017069,0],"activity":[[0]],"dinucleotide":[],"modifications":[]}]}}
