{"modelSettings":{"letterOrder":"ACGT","bindingModeInteractions":[],"bindingModes":[{"fitLogActivity":true,"flankLength":0,"singleStrand":false,"size":12,"dinucleotideDistance":0,"componentName":"Binding mode 0","positionBias":false,"modifications":[]},{"fitLogActivity":true,"flankLength":0,"singleStrand":false,"size":12,"dinucleotideDistance":0,"componentName":"Binding mode 1","positionBias":false,"modifications":[]}],"letterComplement":"C-G,A-T"},"coefficients":{"bindingModeInteractions":[],"bindingModes":[{"mononucleotide":[0,0,0,0,0,0,0,0,0,0,0,0,0,0,0,0,0,0,0,0,0,0,0,0,0,0,0,0,0,0,0,0,0,0,0,0,0,0,0,0,0,0,0,0,0,0,0,0],"activity":[[-5.70394271850983]],"dinucleotide":[],"modifications":[]},{"mononucleotide":[-0.08186390168612423,0,-0.20572207018358535,-0.01988341441613839,-0.26360966011802445,-0.05121863721850417,0,-0.186247863106781,-0.22308079793505264,-0.03226018459080593,0,-0.054147823537144424,-0.2657907566804607,-0.14147371138635534,0,-0.2729559697685633,-0.5587921855318783,0,-0.7920511870021474,-0.036714553542678274,-0.510462821314408,-0.4551284066626047,0,-2.4856204242067985,-0.33223607045933523,-0.27060764509597157,-1.2530597385246582,0,-0.30309859349998725,-0.6620034197581657,-0.6642085565781977,0,0,-0.24145739363346874,-0.021631223765515184,-0.32777205208857185,0,-0.03754110155880097,-0.008774632995116827,-0.250836430799225,-0.23712044993571113,-0.0786916735137071,0,-0.32235156970943835,-0.1612105245744213,-0.042131910662303484,-0.08467171215075053,0],"activity":[[0]],"dinucleotide":[],"modifications":[]}]}}
