{"modelSettings":{"letterOrder":"ACGT","bindingModeInteractions":[],"bindingModes":[{"fitLogActivity":true,"flankLength":0,"singleStrand":false,"size":10,"dinucleotideDistance":0,"componentName":"Binding mode 0","positionBias":false,"modifications":[]},{"fitLogActivity":true,"flankLength":0,"singleStrand":false,"size":10,"dinucleotideDistance":10,"componentName":"Binding mode 1","positionBias":false,"modifications":[]}],"letterComplement":"C-G,A-T"},"coefficients":{"bindingModeInteractions":[],"bindingModes":[{"mononucleotide":[0,0,0,0,0,0,0,0,0,0,0,0,0,0,0,0,0,0,0,0,0,0,0,0,0,0,0,0,0,0,0,0,0,0,0,0,0,0,0,0],"activity":[[-21.871507364396237]],"dinucleotide":[],"modifications":[]},{"mononucleotide":[-0.3252648051285103,-0.30467599796774536,-0.05478093932667427,0,-0.675649824497123,-0.8199493140091212,-1.0961129084360257,0,-2.450307558467706,-3.3559221048492405,-4.068614300489514,0,0,-5.696989451280139,-2.5132670685317517,-4.8490436431022275,0,-6.776190465300443,-5.923127920054844,-7.1853797093688705,-2.8477513464591864,-2.2880365317229105,-2.722744325624892,0,-1.7832453389721032,-2.0685366563923977,-1.112068429011308,0,0,-2.9141610889992453,-0.13640738207194403,-2.4305025620491834,-1.9981853207832092,0,-0.9499167681097833,-1.160981797040864,-0.8818703758179689,0,-0.8193984312150295,-0.6338814927383094],"activity":[[0]],"dinucleotide":[[0.052111463287534576,0.33568402422949806,0.048623487326378,0,0.14581470025397802,0.12371326564565166,0.37031353726179184,0,0.49838587118007815,0.3338773815055136,0.18591826430284453,0,0,0,0,0,-0.16042457328346638,0.06521484633742158,-0.46845104202998833,0,0.36109196418415346,-0.002023385738471717,0.1387554012615011,0,0.1322862816946535,0.12779813918067173,0.2854029655699932,0,0,0,0,0,0,0.8528241066307327,1.038903296380929,1.2132578954434399,0,1.2183198867051654,0.8905676388656865,1.1396232928945107,0,1.2975128063989203,0.9788261906198752,1.3291049410802511,0,0,0,0,0,0,0,0,0,1.7291616981396487,1.3212194304284335,1.5923948181475183,0,0.8582400237290635,0.0691992117208855,0.6746817238576277,0,1.370285968933473,0.9608381945105009,1.2017973699079434,0,0,0,0,0.9920021886252925,0.921473870365805,1.3924696622405435,0,0.4524203180961379,-0.011849385020880732,0.6308802970989174,0,0.7379663602157933,0.7395664970006841,0.892931858390682,0,-0.5076032550000509,1.4266525367336764,-0.39937621819478775,0,1.2311782169251622,0.5219892731204236,0.6364307552966539,0,-1.000716048031565,-0.20804078041778418,-1.367576891442221,0,0,0,0,0,0,0.8717766854119251,-0.03622551687545972,0.7710867357781734,0,0.0878839232285129,0.3149041497009728,1.4349465630539324,0,0.031970940240558576,-1.0368276376656445,0.1955222019368228,0,0,0,0,0,0,0,0,2.062802821820328,0,1.0021170967205766,0.4869513769295173,1.5192096955347685,0,0.6274273130188344,0.3578071588347962,1.8303459458156617,0,0.9238495466066281,0.091273855143303,-0.17149558292925793,0,0.6277369747126702,0.22347224670159438,0,0,0,0,0.21566224917985855,0,0.6393358097852206,0.1418215342146829,0.19300513813910092,0,0.35449534702117447,0.11910909084268795],[-0.16171683465291098,0.12246414822377272,-0.35707535801736867,0,0.15115936928224416,0.2840741277304013,0.0971609971400893,0,-0.022227267805372986,0.1413128305935789,-0.1225733706693184,0,0,0,0,0,0,0.5454484638608532,0.28685239046578825,0.1948061990766643,0,-0.07936877378401075,-0.0503809223675411,-0.5039306768009917,0,-0.07132133520705874,0.05809879260361228,-0.23538767987837605,0,0,0,0,0,0.9159740593818455,1.1225046931485831,1.1553022351348936,0,0.8962478177529007,1.0677815438811429,1.0985511137855415,0,1.321888250727966,1.8328569698737915,1.6179090392191515,0,0,0,0,0,0,0,0,0.1445175392487883,0.14920977868989027,0.051284061314984086,0,-0.22837177218861715,-0.5954718929467688,-0.15591438477687536,0,0.32103607972853343,0.19534305718546818,0.315429000030675,0,0,0,0,0,-0.183260459268217,-0.25200050681563724,-0.17604029751484074,0,-0.22288482504242246,-0.3276557819265431,0.052121825318328874,0,0.4063122501799601,0.3310380070763923,0.6175596084907857,0,0,0.2076485978688991,0.24765187150233903,-0.0570559330796403,0,-0.48564679516787645,-1.202477672171161,-0.9319195407878151,0,-0.3488059599959268,0.31218414196266764,-0.19052713606982508,0,0,0,0,-0.3847736271425428,0,0.10099410010084142,0.06051130631731505,0.002021933770320672,0,-0.17290287945283556,0.45100701833311474,-0.12703187544302708,0,0.20996594610982644,0.3722938072948203,0,0,0,0,0,0,0,0,0.3676108394864972,0,-0.1501275526138386,0.4407015235972853,0.04071539908659272,0,-0.09108157483460744,0.41628185126754325,0.4340247368280239,0,-0.17511921276051234,0.25700857682714906],[0,-0.05536911140593048,-0.037647060286624345,-0.49988582149771865,0,0.3231392153942094,0.006179812961410569,0.10775706929574813,0,-0.27990960763612804,-0.2286993497018548,-0.03756413885467147,0,0,0,0,0,0.23620786072428146,0.15994651111197022,0.24266863024188545,0,0.17442947955898358,0.07570654060339077,0.27795947583446434,0,0.41869890708265967,0.2986571122152606,0.4182734766098797,0,0,0,0,0.14268550469397745,0.42082472524618186,0.5228881772622209,0,0.1583301417392935,0.5047375501415523,0.5746822904370275,0,0.5466646350682751,1.0520249690920265,0.985209553179323,0,0,0,0,0,0,0,0,0,0.12647038213735762,-0.25214886005244175,-0.1646028505414483,0,-0.04006663853778214,-0.2397439906893304,-0.026447419852178022,0,-1.109906036980135E-4,-0.17244186248344207,-0.30520461084673567,0,0,0,0,0,0,0.722744981044988,-0.5956034690489851,0.4783504979049358,0,0.5852417825307832,-0.07898249205595498,0.286655010697638,0,0.6050799390755603,-0.5365233849737017,0.2519619692058104,-0.5508196738303841,0,-0.0022929079566251787,-0.33816441566745326,-0.8419355049150985,0,-0.32629182563723846,0.002813090287806741,-0.29883016564927,0,0.22441837198058678,0.1026822473573814,0,0,0,0,-0.15207169571804968,0,0.10279536883552476,0.09460905018557719,-0.02305754362258483,0,-0.3090796071645685,0.38720808519899963,-0.04736076922383381,0,-0.01666666104257608,-0.004667239069816809,0,0,0,0],[0,0.08979808324399308,-0.0891584949355444,0.06459260986129856,0,0.018056802436246855,-0.04841551417747958,0.1190506502877362,0,-0.4054687868937332,-0.24218878603428173,-0.10893059969626506,0,0,0,0,-0.13346599321112684,-0.19938627934902886,0.012345568805408824,0,-0.11854804354670101,-0.16561201579138407,-0.006056791656688709,0,-0.1269049660847621,-0.16574620211746494,-0.01940061709474783,0,0,0,0,0,0.09120017329748897,0.06620246774000105,0.1136363437325234,0,0.050584864404345176,0.01281961343757132,-0.1779183918908238,0,0.17068923732431607,-0.07375125496071178,0.22451057800996654,0,0,0,0,0,0,0,0,0,0,0.01289311917668634,-0.10885665582558524,0.20081701394291507,0,-0.49291006743594856,-0.011263046932776355,-0.242102363678665,0,0.1083094397148745,-0.1478725887327883,0.8279531919919734,0,0,0,0,0.27326690050563407,0,-0.356215503889846,0.37626457640714683,0.37971219431372205,0,0.0467437377487574,0.793398367145258,0.36083362937328545,0,-0.3340392232901106,0.5455386655457444,0.04289585862854883,0,0.12439913038829165,0.06716300509563489,-0.22516935058069398,0,-0.04519645899093705,0.06495073272911212,-0.1556359651063981,0,-0.16163101810450975,0.06748376769400544,0,0,0,0],[0.2696289634877793,0.08441604286020388,0.04871836862411616,0,0.02723848541956997,0.04871521861296868,0.04772650581953641,0,0.20278155255606833,-0.07932903226373167,0.05857564658991077,0,0,0,0,0,0.185573134833235,0.07916626315410946,0.1670058181358356,0,0.09143772888910506,0.10408626832410883,0.03938296259668439,0,0.15791893532518708,0.09561293079066546,0.05633869781371148,0,0,0,0,0,0,-0.5793550312826339,-0.11194295997383952,-0.322359880647868,0,-0.08782217602870013,-0.17602487343992346,-0.5064430749415054,0,-0.3708377631247597,0.043710228767769976,-0.33773596090726166,0,0,0,0,0,0,0,0,-0.05402834395486522,0,-0.17526346433130335,-0.15837597795267655,0.014041390341054338,0,0.12685940313913235,0.13688499152934774,-0.21701256083884424,0,-0.27150840160681433,-0.07229190217901138,0,0,0,0,0.5424021160558024,0,0.5216651702137325,0.49551852505261085,