{"modelSettings":{"letterOrder":"ACGT","bindingModeInteractions":[],"bindingModes":[{"fitLogActivity":true,"flankLength":0,"singleStrand":false,"size":16,"dinucleotideDistance":0,"componentName":"Binding mode 0","positionBias":false,"modifications":[]},{"fitLogActivity":true,"flankLength":0,"singleStrand":false,"size":16,"dinucleotideDistance":0,"componentName":"Binding mode 1","positionBias":false,"modifications":[]}],"letterComplement":"C-G,A-T"},"coefficients":{"bindingModeInteractions":[],"bindingModes":[{"mononucleotide":[0,0,0,0,0,0,0,0,0,0,0,0,0,0,0,0,0,0,0,0,0,0,0,0,0,0,0,0,0,0,0,0,0,0,0,0,0,0,0,0,0,0,0,0,0,0,0,0,0,0,0,0,0,0,0,0,0,0,0,0,0,0,0,0],"activity":[[-9.095350425931539]],"dinucleotide":[],"modifications":[]},{"mononucleotide":[-0.13400111492985367,-0.005883443497252117,-0.3686354927595987,0,-0.24751771598998307,-0.31833528285614054,-0.32638497471968275,0,-0.6042403977922302,-1.1274481009245196,-0.7851768496343094,0,-1.5286634860988784,-2.370871012133552,-2.1137745168421755,0,0,-3.3937663959825795,-2.168441015830501,-0.7475815710616409,0,-6.337319571025858,-4.670532213671606,-6.377426939934682,-3.3196289370609637,-1.6673962856971425,-2.4659635567261553,0,-1.0786281670935534,-1.7022587798615598,0,-0.1583971054594704,-0.1464166564218985,-2.4085329181445,0,-1.3596388562805997,-1.2146881789418238,0,-0.6961081215493916,-0.6164064267893812,-0.5604757209021205,0,-0.7556355790422904,-0.2076583271142569,0,-0.19761195417091937,-0.6811789798196504,-0.10223347681618655,-0.1851732718060175,-0.4981654343866051,-0.6035136646425183,0,-0.3886736687692407,-1.0078034088158923,-0.8670314537974182,0,-0.18066030989034143,-0.8207801990542105,-0.7675157782412372,0,0,-0.5418720655497937,-0.4698038381730658,-0.021704874697459076],"activity":[[0]],"dinucleotide":[],"modifications":[]}]}}
