{"modelSettings":{"letterOrder":"ACGT","bindingModeInteractions":[],"bindingModes":[{"fitLogActivity":true,"flankLength":0,"singleStrand":false,"size":10,"dinucleotideDistance":0,"componentName":"Binding mode 0","positionBias":false,"modifications":[]},{"fitLogActivity":true,"flankLength":0,"singleStrand":false,"size":10,"dinucleotideDistance":0,"componentName":"Binding mode 1","positionBias":false,"modifications":[]}],"letterComplement":"C-G,A-T"},"coefficients":{"bindingModeInteractions":[],"bindingModes":[{"mononucleotide":[0,0,0,0,0,0,0,0,0,0,0,0,0,0,0,0,0,0,0,0,0,0,0,0,0,0,0,0,0,0,0,0,0,0,0,0,0,0,0,0],"activity":[[-13.002070762768302]],"dinucleotide":[],"modifications":[]},{"mononucleotide":[-0.33214981071014194,-0.7177616169716075,-0.8488631762436434,0,-2.5545987777112895,-3.4604971151868122,-4.248371306802357,0,0,-6.162127647815957,-2.707118319845784,-5.534090747734249,0,-6.332656279444228,-6.039518096282049,-5.855857691473934,-2.9198082847849127,-3.0706203877453895,-3.1384270472954006,0,-1.6122130942202206,-1.4842969967392579,-1.4520838747452638,0,-0.2017427672715275,-2.6395116399907215,0,-2.0125221387255516,-0.7822862331594633,0,-0.2156429551302974,-0.5004433399094275,-0.7602032104718734,-0.1114695140389923,-0.9440258809644924,0,-0.5486246985546939,0,-0.20647419221544983,-0.05958047526560595],"activity":[[0]],"dinucleotide":[],"modifications":[]}]}}
