{"modelSettings":{"letterOrder":"ACGT","bindingModeInteractions":[],"bindingModes":[{"fitLogActivity":true,"flankLength":0,"singleStrand":false,"size":10,"dinucleotideDistance":0,"componentName":"Binding mode 0","positionBias":false,"modifications":[]},{"fitLogActivity":true,"flankLength":0,"singleStrand":false,"size":10,"dinucleotideDistance":10,"componentName":"Binding mode 1","positionBias":false,"modifications":[]}],"letterComplement":"C-G,A-T"},"coefficients":{"bindingModeInteractions":[],"bindingModes":[{"mononucleotide":[0,0,0,0,0,0,0,0,0,0,0,0,0,0,0,0,0,0,0,0,0,0,0,0,0,0,0,0,0,0,0,0,0,0,0,0,0,0,0,0],"activity":[[-8.72614583424915]],"dinucleotide":[],"modifications":[]},{"mononucleotide":[-0.766259192056916,-0.5551090692278393,0,-0.6042083149586439,0,-0.4059104355465646,-0.969360834028377,-0.2990190504749588,-2.752154865892103,-3.3552486737558462,-4.288809266591978,0,0,-4.759222635785803,-2.9654861280804345,-4.481606624218688,0,-5.022717392098211,-4.956948049500935,-4.770896129505281,-3.5924945774042554,-3.5022407368321007,-3.4027333505753594,0,-2.0768704230922896,-2.20750222764692,-1.446778599006997,0,0,-3.2159979319301586,-0.21512834594980035,-2.850059219469128,-1.3482774855497173,0,-0.3423091140298995,-0.6884348993903258,-0.16330267453063385,0,-0.2676848162734826,-0.39288363372284607],"activity":[[0]],"dinucleotide":[[0,0.48338814456168144,0.422537171371939,0.40910701971499286,0,0.20560330550080863,0.5948176920016479,0.5051789468673125,0,0,0,0,0,0.0297657653577037,0.09904023989837363,0.3319354142541453,0,0,0,0,0.623152346507899,-0.04386156637050043,0.4131078736149014,0,0.5411496883196847,-0.10013305983338583,0.9139251254093228,0,0.6012061798351018,0.08546286175420192,0.681512430026121,0,0,1.5950525074950015,1.4870594073938879,1.2896240387321818,0,1.9057747222781867,1.5929681990347273,1.7076353967852391,0,1.9141685794084147,1.6769116061198375,1.789109390122075,0,0,0,0,0,0,0,0,0,0.9344463929704236,0.9521336691032243,1.3282524431785827,0,0.8141252511561277,0.38478007949236037,0.8966876107023314,0,1.1860389585981252,0.8341355873425442,1.0064524171773765,0,0,0,0,1.0007893951541202,1.0005519702069225,0.9774336889201365,0,1.237519367271947,1.114502249606037,1.512901848212108,0,0.9289406487958178,1.1382968095508286,1.1701148576474036,0,0.2691334977066582,1.401787778033075,0.5740016921589444,0,1.4011250192644145,1.4244692411387359,0.9386810401358918,0,0.1836490025668649,0.6464052445948649,0.07405874668722845,0,0,0,0,0,0,1.2213418437222359,0.13593218749093516,1.4104236823986884,0,0.40550287249816286,-0.10696161428619977,0.8240477641162638,0,0.4381822174721055,-0.7828360882849186,0.8581730909406087,0,0,0,0,0,0,0,0,1.473371150657055,0,0.6315530161878904,0.5456154565935449,0.9988481410426235,0,0.47184505915130703,0.18880076750418606,1.025696073320038,0,0.6593657307013601,-0.22855317897988137,-0.8194893465918627,0,-0.07024225115939142,-0.208948759110978,0,0,0,0,-0.45928369501841804,0,-0.055210852358846374,-0.18461546594681622,-0.2362801499792937,0,-0.09090640637866265,-0.2612032763810763],[0.006697744622172763,0.4427612184814116,0.15457425046486328,0,0.18833067969058526,0.3384112648532245,-0.07254591632968577,0,0,0,0,0,0.21618500936266827,0.26272957986782863,-0.013031957774549241,0,0,0,0,0,0,-0.16774615697978135,-0.3835934623890882,0.07655076927343529,0,0.4064852684789546,-0.08649776509522233,0.3206854435079922,0,-0.11624304820348463,-0.15296101060685174,-0.10554424240722327,0,1.4816311316995776,1.7546826022822675,1.2389314692181497,0,1.4260756294471815,1.9892392535857706,1.596106855777979,0,0.7255009690569505,1.5168356443527138,0.9446353447739604,0,0,0,0,0,0,0,0,1.8402956254911071,1.2170371200810521,1.6089042938606788,0,0.8462680584213871,0.7218156059213019,0.5425262209145085,0,1.6321617361286922,1.185050627808872,1.3400402088534928,0,0,0,0,0,0.35102816740054266,0.29263141541570725,0.7198378676666906,0,0.24933058373341233,0.07536104007800049,0.05491182077708601,0,0.8672051916135448,0.7936068961196749,0.5806609531989757,0,0,0.7747667080824616,0.25385137322425244,0.8136882235243981,0,0.2152914453469119,-0.3566918915561068,0.3901865658233721,0,0.6041716070919083,0.26616774567729173,0.6113661732563358,0,0,0,0,-0.05846374231912144,0,0.19868679770032127,0.055920401671151865,0.3051154770787754,0,0.06816635217601341,0.5150522520489673,0.2028933926093277,0,0.34500530152584297,0.39452553875673413,0,0,0,0,0,0,0,0,0.056577568083643115,0,-0.0603675474097205,0.4249198244703454,0.16055703464841997,0,-0.07516334028759886,0.45193497201991306,0.096001541797893,0,-0.1607205447438833,0.2939458442564824],[0,0.5750515264632376,0.4030188202764631,0.4784095339880654,0,0.24864273078940613,0.14580368764639395,0.17250573435703132,0,0,0,0,0,0.6874183600352328,0.2284946739604905,0.1806111691025638,0,0,0,0,0,0.12770566053181476,0.32083267763593604,-0.06813092432716061,0,0.5378658136440482,0.6200086466284898,0.29251119738349907,0,0.02731311383138646,-0.2473127046594712,-0.32552159006138304,0.31850854564667586,0.8438290024392803,0.7510053800626242,0,1.0846451461515425,1.3131551898487448,1.25557127370808,0,1.4463290219804676,1.3728263645183265,1.372441803406664,0,0,0,0,0,0,0,0,0,0.5711876987897764,0.47689712665850514,0.9077750076358253,0,0.38741955884255574,0.5970457324922993,0.31391167688188304,0,0.19689824983407256,0.28500475796240643,0.29520188440884176,0,0,0,0,0,0,0.17113136461318668,-0.519588511644681,0.19778034940431866,0,0.3778439425752982,-0.1646717809090923,0.3101902833046939,0,0.4918110533333273,-0.16862566343728247,0.4864272440360242,-0.2919737271995384,0,0.025258901125059907,-0.007690360799117002,0.06177118462372633,0,0.03871595216511636,0.10231410951483433,-0.0010295807128954948,0,0.4543274722137607,0.6478724141895356,0,0,0,0,-0.0028902522068126046,0,0.18094789252379861,0.005590144870085467,0.1321774894741239,0,-0.058602985169143196,0.36990837377615815,0.008850192573317983,0,0.08037695078288642,0.144344615523762,0,0,0,0],[0,0.5952300522787848,0.09352217747758296,0.17686686593670764,0,0.30309877274501495,0.02052525253201054,0.17071704337521787,0,0,0,0,0,-0.03442581471408168,-0.3304443984142367,-0.22650288776553928,0,0,0,0,0.11925016621871443,0.09306351058529216,0.042244397118420096,0,0.48712970763471297,0.41056842700884033,0.3086159479199946,0,0.0030703200100781203,0.2055596585028585,0.03824427880803505,0,0.06595412341368956,0.24770869599476875,0.2956417295248013,0,0.650630957258759,0.3547249499519367,0.12047150563756759,0,0.5629175288605754,0.38967580746022,0.29354360593197093,0,0,0,0,0,0,0,0,0,0,0.31005592570654095,-0.3786866722412796,0.26081650050524274,0,0.6180574870335303,0.17231756766195616,0.73868371033649,0,0.7146415016312222,0.3268721448409355,1.2664151828424757,0,0,0,0,0.7087332692878086,0,0.1814715141065566,0.24339019362637337,0.698262329368216,0,0.18330121703793267,0.6707750161902197,0.8361879847674789,0,-0.02722482257596326,0.258923521091015,0.06178509807600285,0,0.026264837461523527,0.2267788346032802,-0.2769398497113986,0,-0.01439597124795533,-0.15751772114288798,0.1409723188937555,0,0.07436972518108753,0.0918734969631867,0,0,0,0],[0.222462390883587,0.015450207250266246,0.0923713119662466,0,-0.05605092205859563,0.05126717881538667,0.03565015997561538,0,0,0,0,0,-0.1943845682928913,-0.0788618180991083,-0.1508261081930513,0,0,0,0,0,-0.19336284885153265,0.11090773202868842,-0.28756176027823166,0,0.15908901902252737,0.1253257581199403,-0.025564584580061833,0,-0.11518845798024202,-0.032090920200337436,-0.0046574856684511445,0,0,-0.042387670837774394,-0.08302304526544368,0.13347089960319458,0,0.4104907768880306,0.006274294941833958,0.2836752980288999,0,0.11806987003783753,0.14390870093613017,0.28598135552869053,0,0,0,0,0,0,0,0,0.0868197234558945,0,-0.1572654616631617,0.33431833078801354,0.03132219504914957,0,-0.21080109801638436,0.13292442604995003,-0.5095005081302553,0,-0.780627660263697,-0.19047110169190518,0,0,0,0,-0.02129791154818328,0,0.4682342200761518,-0.25205757592587474,-0.013034856199119815,0,0.8017523316616622,0.322144382459463,-0.29320284286236564,0,