{"modelSettings":{"letterOrder":"ACGT","bindingModeInteractions":[],"bindingModes":[{"fitLogActivity":true,"flankLength":0,"singleStrand":false,"size":10,"dinucleotideDistance":0,"componentName":"Binding mode 0","positionBias":false,"modifications":[]},{"fitLogActivity":true,"flankLength":0,"singleStrand":false,"size":10,"dinucleotideDistance":10,"componentName":"Binding mode 1","positionBias":false,"modifications":[]}],"letterComplement":"C-G,A-T"},"coefficients":{"bindingModeInteractions":[],"bindingModes":[{"mononucleotide":[0,0,0,0,0,0,0,0,0,0,0,0,0,0,0,0,0,0,0,0,0,0,0,0,0,0,0,0,0,0,0,0,0,0,0,0,0,0,0,0],"activity":[[-12.69576815456599]],"dinucleotide":[],"modifications":[]},{"mononucleotide":[-0.618549663211517,-0.7672095578945863,0,-0.4746414192931012,0,-0.6204034404115624,-0.9209058806097157,-0.35053279939556203,-3.18626300311681,-3.9663787414811726,-5.704680726797086,0,0,-7.774900033166466,-2.5961526651765547,-7.346368488300185,0,-14.739806260351793,-11.185177470385302,-11.791832934176048,-2.7989183124240444,-5.240600580329704,-2.2052502493216966,0,-1.9981810173475734,-2.211598233131856,-2.187930224225966,0,-0.565598132099487,-2.9282727990181856,0,-2.409497366227898,-0.46255990917560874,-0.4602377876238548,0,-0.6875853404379284,-0.5297014160318856,0,-0.36322847481138565,-0.002957473309380454],"activity":[[0]],"dinucleotide":[[0,0.5976796299312599,0.24120747204358528,0.543197876258668,0,0.22506382720269213,0.6276572710992432,0.43317421247365173,0,0,0,0,0,0.03789709023351717,0.26758216396475154,0.5970604754779099,0,0,0,0,0.803435253750338,0.05807464451494937,0.427581934794091,0,0.2576460585071372,0.1826518194948017,0.9396593957516739,0,0.7231284520512262,0.1905358786203335,0.6452308144830923,0,0,0.5923142349741788,1.179061560784059,0.31369901077938245,0,1.23600329755444,1.2182586437675944,0.9608918882082964,0,0.6436346528874868,1.4060366362797811,1.1764657886826555,0,0,0,0,0,0,0,0,0,0.23358771178049764,1.689878052241795,-1.4988656567747682,0,-2.8594024260030686,1.5509136007048276,-3.5799544277292625,0,-1.3778633086268073,0.4985349089676703,-2.066813946740961,0,0,0,0,2.0443440992215614,0.3362243280643611,1.6647269292670988,0,0.09064276390451731,0.7354030236518128,0.16966082203519228,0,1.0032934028363982,-1.0267458385582735,1.6399216190334442,0,-0.5685111692092093,1.564977235701516,-0.6567817805804843,0,1.9528398113033507,0.9425996471008382,1.2292876211951462,0,-1.0168040660476976,-0.42094043957453664,-1.7180611685912819,0,0,0,0,0,-0.26275553597737433,0.9537191460784946,0,0.9873343982768148,-0.5799769192685145,-0.19768419579690022,0,1.2716539050299822,1.0181854548371327,1.2939825867584087,0,1.08209067288269,0,0,0,0,-0.7170621636375669,0.9891106989543372,0,0.608834599783854,0.43906717426648534,-0.047139912100202075,0,-0.1361023834876569,0,0,0,0,0.22802352903300083,-0.26333213797756816,0,-0.34756149476116693,-0.5029226949286048,0,0.014191811408599708,0.01908259710448812,0.03281646487027201,0,-0.4227416480191022,0.04555545405767569,0,0,0,0,-0.06730995190082512,0,-0.378893324428232,-0.14722437993014204],[-0.37880972806789126,-0.10293974225634628,-0.18359158211682924,0,0.20533435345612316,0.22859905435184658,0.48233891335296697,0,0,0,0,0,0.1060558490848984,-0.2102940859959448,0.3229276112371853,0,0,0,0,0,0,-0.6277418515010726,-0.6514942683868861,-1.2139631446502683,0,-0.6844903223182559,-0.33514848742432646,-0.28288799236035267,0,-1.3962581919593244,-0.4241049717773664,-1.5550532348745474,0,6.53006161705304,3.5798480108081385,7.3070259577038765,0,2.986392921098963,2.678222944732969,3.0509025491841495,0,5.11228957933419,4.620005784113612,6.218579636949503,0,0,0,0,0,0,0,0,0.5890501465114966,0.7750344160341758,0.0015978640159595159,0,-0.48311717282741107,-0.308232578791964,-0.5203465991546761,0,1.9002292089924584,0.9298306358283259,0.9717813940169293,0,0,0,0,0,4.202061563613714,1.0740196167488225,4.289884842356635,0,2.1586955805151753,0.44376595944586583,0.3318449599558093,0,4.207533193459849,0.7685235537545161,4.316360727954065,0,-0.277200268423476,-0.12946550595099104,0,-0.5498961014773585,1.7351682927685168,1.008365969650554,0,0.3191606470171626,-0.6031983706730988,-0.9982478867569542,0,-0.7033415139724468,0,0,0,0,-0.3127317597527486,0.1135971927287951,0,0.102103864225354,0.23347943097652735,0.35037821140912495,0,0.858782266402307,-0.18802411345416248,0.13395347827121684,0,0.3275977521280309,0,0,0,0,0.02370305705847997,0,0.16954910157802372,-0.5071609220051196,0.13497733742667117,0,-0.22457880042539546,-0.15435851898210906,0,0,0,0,0.29203998144103105,0,-0.08428124099619572,-0.32150828768287365],[0,1.2774837372132328,0.2991365913652628,0.5768761459636886,0,0.6846529633333098,0.1804731552955805,0.13060637827843724,0,0,0,0,0,0.7390855361918494,0.1435977058898401,0.2714178094387467,0,0,0,0,0,-1.3945014499986392,-1.5740161818354732,-1.4709834847476717,0,-0.773505112646875,-0.5737653588273393,-1.134755090163468,0,0.902705047544158,-0.5559382571363027,1.5506137545967391,0.2091308103272551,0.8228775344246015,0.6629515637556835,0,0.16073592996679853,0.9320579052269586,0.5109310629765105,0,0.5405129067870904,1.2621841593223113,1.1540100499197727,0,0,0,0,0,0,0,0,0,-0.49591341384370047,0.30623718042199677,-1.3886856861149983,0,-0.35386672000239194,-0.4180898855519857,-0.4036515142689012,0,0.030613306653435757,0.5295690677676088,-0.04621384460365441,0,0,0,0,0,-1.5107837952876508,3.9144607793488433,0,2.685548418062524,1.3506657215964388,3.177935364202625,0,2.3224829246382033,-1.2771512456624645,3.003929922895125,0,1.3284443013254634,-0.2707390347674581,0.08760049650250323,0,-0.36772265840675367,-0.5654745072147787,-0.03067183931018924,0,0.2086738953511471,-0.5816642166666193,-0.21122328106045218,0,-0.09238496283925146,0,0,0,0,-0.019712158831024507,0,0.21590467351956022,0.05441421956704673,-0.014928088701012587,0,-0.37165910768565835,0.5396919250162524,0.014153719839643752,0,0.09330391495366452,0.029655717466965825,0,0,0,0],[0,1.0537697181416945,0.8796148779864428,0.9922349447465173,0,0.6334733392176517,-0.06684800233233013,0.4550355818416847,0,0,0,0,0,0.9152361836724445,0.14238922368318718,0.9493565144834104,0,0,0,0,-0.1485482649293064,0.04680166630501148,-0.20202551401914803,0,-0.03354521927144516,0.06735748963731325,-0.201398205376627,0,0.32203169375112006,0.21259615601942983,0.21890883826955854,0,0.13996513294564927,0.21519885606211986,0.10890723840089933,0,-0.021644811735282765,-0.12084975735127745,-0.5309714515924044,0,0.5895559538272384,0.4019654435555591,0.4830474306065895,0,0,0,0,0,0,0,0,0,0.6359447040957136,1.3950511019497576,0,3.0585523926768126,-0.06352386592023862,-0.31849097112035984,0,0.03343764575827368,0.12315976763286152,0.956196906236201,0,3.405088543856716,0,0,0,0,0.44009670225399233,1.0365259451682647,0,1.1763680345018237,0.5475355974055738,0.24310012816912874,0,2.8883828301664245,0.8099612043365223,1.261938745747706,0,1.4611569886337534,-0.08195732416695334,0,-0.12955812257235522,0.0882423720525809,-0.4200630388954014,0,-0.44248137443587865,0.09620562089803197,-0.09713888941725513,0,-0.14844464406747004,0.09478485100290346,0,0,0,0],[0.22467421851977631,0.13904153940280572,0.2239652250589037,0,-0.07675778925168997,0.13456653309742173,0.047785079173763734,0,0,0,0,0,-0.035661320781292805,0.22903233351453878,0.083860847649464,0,0,0,0,0,-0.12182675267496723,-0.12050175025339804,-0.21583568599894676,0,-0.09245163495889219,-0.11040544237272787,-0.19214077997040135,0,-0.015463436841581135,-0.1027461563430192,-0.11960155259895355,0,-0.07210653648244403,-0.18499239708716964,0,-0.34846374069203634,0.24768252527763934,0.06574896872247837,0,0.29599835869319957,-0.008899917503871535,-0.0010721621072278253,0,-0.28814469426542466,0,0,0,0,0,0,0,0,0.5756059388741157,1.011038932290699,0,1.2866913165175387,-0.042134449297220655,-0.029766414646892336,0,0.09796570454664533,0.9500193535447323,1.7397170290285953,0,1.6742955026571167,0,0,0,0,-0.30154110436681947,0,0.2967331309601082,0.2580010514036708,-0.4474168652966046,0,-0.812223371344146,0.9741512697836257,