{"modelSettings":{"letterOrder":"ACGT","bindingModeInteractions":[],"bindingModes":[{"fitLogActivity":true,"flankLength":0,"singleStrand":false,"size":10,"dinucleotideDistance":0,"componentName":"Binding mode 0","positionBias":false,"modifications":[]},{"fitLogActivity":true,"flankLength":0,"singleStrand":false,"size":10,"dinucleotideDistance":10,"componentName":"Binding mode 1","positionBias":false,"modifications":[]}],"letterComplement":"C-G,A-T"},"coefficients":{"bindingModeInteractions":[],"bindingModes":[{"mononucleotide":[0,0,0,0,0,0,0,0,0,0,0,0,0,0,0,0,0,0,0,0,0,0,0,0,0,0,0,0,0,0,0,0,0,0,0,0,0,0,0,0],"activity":[[-12.792944139373736]],"dinucleotide":[],"modifications":[]},{"mononucleotide":[-0.35340770936093024,-0.4762351133560112,-0.24273428947714004,0,-0.4721868780191323,-1.0368015221482558,-1.0151064557668992,0,-2.5651946847586045,-4.216045310112749,-4.799257438774458,0,0,-7.409751736146143,-3.046380751891268,-6.290012953617177,0,-8.851763196470186,-11.490178255466862,-9.46103464384509,-2.885588926300306,-4.664562724681972,-2.141049688012651,0,-2.013982490257101,-2.376184203078618,-2.2761380468766568,0,-0.6115308553397143,-2.8859363156011297,0,-2.3366301905750335,-0.36890362122573617,-0.31417037760234834,0,-0.8503521846136008,-0.470953203487706,0,-0.253638852042231,-0.013949485767330128],"activity":[[0]],"dinucleotide":[[0.06275486691562593,0.580048846554567,0.10250229975202041,0,0.1646152731917807,0.28151662507086206,0.4550315967053433,0,0.5612319555929042,0.49635463765063426,0.22723156619005414,0,0,0,0,0,-0.5142569705217714,0.0746434109873313,-0.6816225287581137,0,0.17207242752867824,0.061281179391229124,-0.14485312275256668,0,-0.2589886775031047,0.21729807148022573,0.18297178960456062,0,0,0,0,0,0,0.8556815410949028,1.191057290029745,1.4419831463710278,0,1.4319948360204435,0.9761240147267021,1.523932028718347,0,1.3498011168289121,1.3360822534562065,1.695542375838695,0,0,0,0,0,0,0,0,0,2.5863212275059198,2.9088323669048144,2.5454812180454773,0,0.6412125477934083,2.1406846445117385,0.8796482076062055,0,2.5885122007228016,2.28480600831859,2.0795529620103164,0,0,0,0,0.11987245545866898,0.9400509378785138,0.5079708712364397,0,0.3669354092046522,1.1536258286357306,0.7004891725942777,0,0.713593873687703,1.187854612019411,0.8657520961073963,0,-0.5474037456925185,1.5379166626391907,-0.5888453755440075,0,1.6002526967696236,0.6697112253303681,0.8724055128735602,0,-1.3785491017328857,-0.5838836932435569,-1.8920937915421812,0,0,0,0,0,-3.3795159996863333E-4,1.138362801997618,0,1.0291936794865189,-0.3609610792490958,-0.2535738579687816,0,1.1762583184279745,1.1491461205315812,1.3941510982363137,0,1.2955912143230321,0,0,0,0,-0.7069430949436923,0.8096281686324174,0,0.5198122830352423,0.2758833267276497,-0.3547603821140939,0,-0.06300085343055395,0,0,0,0,0.059371410761432486,-0.3983986166810709,0,-0.47608845774293673,-0.6536006045762282,0,-0.12269407642465557,-0.025629970321636275,0.18650161180669755,0,-0.26886174164445276,0.11987374639058102,0,0,0,0,-0.016398632485233655,0,-0.35032424031431875,-0.08853214726901326],[-0.3539659815502527,0.1464209999906121,-0.45062352064539457,0,0.1206757095899671,0.41537383194583555,0.09132839277895499,0,-0.12105976243719718,0.15370320234210944,-0.1509706733832461,0,0,0,0,0,0,0.7615161058570568,0.3741947187362964,0.6051683980063771,0,0.16447360140398892,-0.10354454648409295,-0.23396272904748727,0,-0.07968659935671063,-0.002731672873354185,0.10096128333264254,0,0,0,0,0,3.479911285408283,2.8725367660390795,2.4708661790500663,0,2.7509981710486144,2.8938974224672602,2.210801340447656,0,3.2975710794267403,4.392940445866742,2.7367160832785675,0,0,0,0,0,0,0,0,0.47205612711073996,0.7462210907620541,0.26257736861399117,0,-0.414816627047383,-0.4065344686728096,-0.4638162904551866,0,0.22341693380060335,0.27258638512404687,0.36741879739973626,0,0,0,0,0,1.084430868787642,1.3175079317709901,0.05339295552747991,0,2.106901247526155,0.8621201293944587,0.06746216094903978,0,1.7750538938681295,0.9823776559784712,0.8569642750701618,0,-0.3342519388649903,0.11605420233891017,0,-0.24748450084376117,1.29112361008085,0.9084122550451461,0,0.06657837264854738,-0.6002405965689714,-0.9099041861082089,0,-0.8975809299443611,0,0,0,0,-0.4036050332656602,-0.032839007398631104,0,-0.01758208224987623,0.3715308269544675,0.33069934816056445,0,0.8298896403811127,-0.3049402139875941,-0.17642010599709934,0,0.13509834630434536,0,0,0,0,-1.4052772515471545E-4,0,0.14188653331543177,-0.4096874057436417,0.03381752665308335,0,-0.20282667125917486,-0.0978407309711371,0,0,0,0,0.28692941525530813,0,-0.09635386870207752,-0.28924769976959475],[0,0.008108042945742966,0.11698141592634181,-0.3801346211579215,0,0.31572488406281884,0.009204347822677317,0.2701190182484208,0,-0.3964632478999981,-0.1284574179587401,-0.1433048513553974,0,0,0,0,0,0.14348310140069387,0.7287879501101582,0.38475118707603606,0,-0.21634611695527362,0.10691744699710881,0.41469142031132655,0,-0.5254140552590307,0.728862667204849,-0.011500755735163182,0,0,0,0,0.17879676126870248,0.5917176727116233,0.4050899637968346,0,0.34380538303785624,0.919905193350913,0.3748095856918141,0,0.7428869353650489,1.5137769545984998,0.9538638177635468,0,0,0,0,0,0,0,0,0,0.2575942977281347,0.04882844088842475,-0.2378381405245058,0,-0.17178350820638144,-0.3368943571674423,-0.1506625567441473,0,0.11512842827467118,-0.17478367338532763,-0.4118030557732819,0,0,0,0,0,0.5375904859088276,2.0671452542506383,0,1.1124216126457256,1.4413377447697506,2.5815778921032795,0,1.7614716841533955,1.0584504240214372,1.7046193264553349,0,1.092276110091042,-0.355546801301462,0.003547568759533881,0,-0.36257460991631607,-0.6220639118215621,0.3459850801819542,0,0.48141819438108957,-0.6426801632495422,-0.3632465158866749,0,-0.13187522729572265,0,0,0,0,-0.11530839732330822,0,0.01688286245861592,0.0646817065686629,-0.11122060660825195,0,-0.42122321681854036,0.4857590150897382,-0.029025229315046808,0,0.01884742547075513,0.03957935353154163,0,0,0,0],[0,0.04951241776321069,0.5001339706125947,-0.08744566375485441,0,-0.4997629380496491,-0.0012876858593635632,-0.14003485265447857,0,-0.9019164115103777,0.03252249265469054,-0.5198970897960074,0,0,0,0,-0.2171701754189841,-0.227867667475933,-0.11400237877967667,0,-0.29655813374110274,-0.12342452925948777,-0.21982997822942973,0,-0.2775355761629843,-0.22787273542634168,-0.3214133190691495,0,0,0,0,0,0.08202457720750722,0.09405602890890119,0.0035069535317209244,0,-0.2642697172097499,-0.1508503711019724,-0.4311250807514879,0,0.2635819369980288,0.11785919467155015,0.21435180889903105,0,0,0,0,0,0,0,0,0,0.3498106811926327,0.44375585091434466,0,0.8757756697380259,0.019714543467528767,-0.3652856624622638,0,-0.17552209235566885,0.33491533622981073,0.18147200341573289,0,1.4689582124089258,0,0,0,0,0.7525632599996079,-0.06387396927375555,0,1.5878592590330491,0.6663925708107321,-0.0550115413319503,0,2.8228626737087907,0.561885594362554,0.15034430105619911,0,1.26293955210285,-0.158623748735772,0,-0.173248990787644,0.05942658187880445,-0.3438037919584307,0,-0.330406920866972,-0.041578504061552835,-0.19860513556066017,0,-0.29394333258208993,0.1356901918216149,0,0,0,0],[0.28163741736716874,0.05443244228574784,0.06561612110457249,0,0.029417360742761023,0.05479558867436385,0.009851621893037343,0,0.15952630897304187,-0.002502468426616389,0.02549139192409422,0,0,0,0,0,0.07336584592884732,0.14015029355465236,0.16417574473255536,0,-0.08051875189297863,0.025760765551766873,-0.04848077999070988,0,-0.043680543630576274,1.9050606589132713E-5,-0.07017151991700388,0,0,0,0,0,0.16767474722711828,-0.33983207384185476,0,-0.2484834537915379,0.33431757562215925,0.16924585653182334,0,-0.29912227380624756,0.05847117561183168,-0.027384686548652226,0,-0.141694947300242,0,0,0,0,0,0,0,0,0.3524282097762317,0.32653000998368853,0,0.6631310007260778,0.00989313519600854,-0.032492155760046604,0,0.1590055315056773,0.226729080957778,0.4354720385513158,0,0.6045288659553023,0,0,0,0,-0.36900527109059844,0,0.3175467869293733,0.5310629216834464,-0.8628820268494071,0,