{"modelSettings":{"letterOrder":"ACGT","bindingModeInteractions":[],"bindingModes":[{"fitLogActivity":true,"flankLength":0,"singleStrand":false,"size":10,"dinucleotideDistance":0,"componentName":"Binding mode 0","positionBias":false,"modifications":[]},{"fitLogActivity":true,"flankLength":0,"singleStrand":false,"size":10,"dinucleotideDistance":10,"componentName":"Binding mode 1","positionBias":false,"modifications":[]}],"letterComplement":"C-G,A-T"},"coefficients":{"bindingModeInteractions":[],"bindingModes":[{"mononucleotide":[0,0,0,0,0,0,0,0,0,0,0,0,0,0,0,0,0,0,0,0,0,0,0,0,0,0,0,0,0,0,0,0,0,0,0,0,0,0,0,0],"activity":[[-12.318015413766174]],"dinucleotide":[],"modifications":[]},{"mononucleotide":[-0.3548632159474696,-0.4891681863725701,-0.32346105730489505,0,-0.4095977170299241,-0.8668316762492525,-1.0274951255870048,0,-2.646603806936664,-4.503742972824103,-5.297556481111114,0,0,-7.684003868228659,-3.314720667321737,-8.046402533088587,0,-8.8304843426557,-8.941349590829669,-8.577698358364112,-3.148967460347011,-5.132585379054797,-2.4501617983646593,0,-2.2708829021760106,-2.2058379960412697,-2.2685825415012353,0,-0.9755538631339875,-3.3624054324505916,0,-2.892642504109764,-0.5970113165661086,-0.2172761442048432,0,-1.0455593784031407,-0.582650910302088,-0.005857483710570932,-0.4983849302193457,0],"activity":[[0]],"dinucleotide":[[0.17683513698743436,0.6668453152074871,0.09670664627333192,0,0.19551579716781786,0.3574649140271289,0.4725620826904393,0,0.6272249206887093,0.6179127464489564,0.33231254658716036,0,0,0,0,0,-0.5851738578214123,0.029390051375867365,-0.5698173032454417,0,0.2111442253328102,0.05787374012176372,0.11816984062734193,0,-0.265908894342469,0.19389679666043236,0.39899731054370413,0,0,0,0,0,0,1.0753634029373877,1.2750776665592483,0.8925820396520905,0,1.3526725236261257,1.276056025288975,1.0853330053346717,0,1.2891019912067403,1.6325503443907046,0.9589304213760759,0,0,0,0,0,0,0,0,0,2.18709471011276,2.2680709462279474,2.0958654488384596,0,1.2305166188973224,1.823702450626726,1.1393108536741323,0,1.4250604281993908,1.109890445932404,1.2331937961404549,0,0,0,0,0.7389162408896777,1.6982028371377371,1.2895615333872268,0,0.5842590061253272,1.5058770044984247,1.0841572240935538,0,0.7268313489724907,1.3773919086847375,1.0903168269972294,0,-0.4910512884648046,1.7684246529172132,-0.5716064778692829,0,1.8805939026944873,1.0080974544816002,1.0629239244951574,0,-0.9998910844293629,-0.293154701550856,-1.868167741996361,0,0,0,0,0,-0.18735164646712477,1.201342177991517,0,1.009069712597837,-0.4209293971104451,-0.1400554133385139,0,1.3373576480247014,1.0619525190180354,1.4067930897279606,0,1.1988402035352923,0,0,0,0,-0.6559916306884652,0.8318199919348892,0,0.5470686279029255,0.35507917595931104,-0.30325379873224634,0,0.015403676778198871,0,0,0,0,0.20454309937734116,-0.45078228546805654,0,-0.46454613992458427,-0.6328232889226415,0.028001618435392395,-0.04998543856493587,0,0.031805075895986246,-0.1556592585567116,-0.4518152170126153,0,0,0,0,0,0.12655946148705866,0.13902412538623965,-0.1293893519401106,0],[-0.4648874052116465,0.14619444829270023,-0.43472390667631977,0,0.07410793323204956,0.45209850349850633,0.2205575251718237,0,-0.12396757920873469,0.20923527832226263,-0.26585479097057885,0,0,0,0,0,0,0.5212049086628943,0.4320806909799382,1.3628002981991925,0,0.16738997636148412,-0.17739178200604488,0.22197904188853101,0,0.22103165321649598,0.06796143431210577,0.9926608068847464,0,0,0,0,0,2.514822657139675,2.90219209159401,2.3209303364678533,0,1.755126511119494,2.3193292933331815,1.6493983109748545,0,2.7962165343922525,3.912291906193717,2.6420247775914714,0,0,0,0,0,0,0,0,0.8932164193153493,0.7145477221270315,0.7165235397208942,0,-0.4291122726150043,-0.3392665528820551,-0.40593799836233657,0,2.1371901957239334,0.9107314165988694,1.3847511549825366,0,0,0,0,0,0.7028793275416856,0.9214919341775154,0.4592556015685467,0,1.557055285766248,0.9676515369013376,0.5413364594474537,0,1.7723610178594367,1.1583628759980922,1.5613079776768366,0,-0.34269271993739103,0.17890519692792495,0,-0.2063510142275522,1.2927634666260577,0.7963935784195613,0,-0.010323307810036653,-0.7055226994781001,-0.9041124825109836,0,-0.7561912257897525,0,0,0,0,-0.2713688821866995,0.02968834347680449,0,0.05080771809335971,0.3545711875854227,0.3745375405098468,0,0.9463852667053256,-0.32273418517287666,-0.16342959818437208,0,0.18464698023472614,0,0,0,0,0.4467200559883935,0.4366246463545975,0.6670294248825472,0,0.1314539428388839,0.07128775462419146,-0.10149941400169915,0,0,0,0,0,0.581687120802906,0.2750176553079742,0.3779432533419351,0],[0,0.021015457179926145,0.1797344243560577,-0.06847460250934922,0,-0.09367580656433105,0.09124486437733559,-0.06461368132427125,0,-0.3956893840588602,-0.10065002458788896,-0.3889550122315679,0,0,0,0,0,0.26939947164675715,0.5315462564501381,0.19477645456815296,0,-0.3317912332541013,-0.3918808118927224,0.0978522096004113,0,0.0989331236576163,0.35898440858480996,0.11787403916039096,0,0,0,0,0.3144863126887181,0.7947810606960708,0.6708882761139385,0,0.5581034495938972,1.1743409822922573,0.6574090112649742,0,1.079486872327843,1.6640788363390886,1.3015401344519564,0,0,0,0,0,0,0,0,0,0.199331250548207,0.3681652206423127,-0.0038219211448229373,0,-0.171264756972338,-0.3249634166516753,-0.24476566600447924,0,0.1464188072983621,0.6851170357602623,0.11950968886085889,0,0,0,0,0,0.544022132952092,1.7947728568731431,0,1.1801510149799483,0.993059905422756,2.242071431219957,0,1.166271019956671,0.47965184044468323,1.7651803812544031,0,0.7639745112664613,-0.13258367426996642,2.061859565483104E-4,0,-0.2826306616732541,-0.6629891061425113,0.3132167928525007,0,0.47956642470514055,-0.6145063234030808,-0.3193098201541371,0,-0.09053916972860776,0,0,0,0,-0.011106224034599599,0.06161584387494834,0.18428396889524468,0,-0.6292703074825745,-0.5734949291469551,-0.8983160384128537,0,-0.16022709584661765,-0.047334853874748894,-0.05354031282878857,0,0,0,0,0],[0,0.22111844067141995,0.014423277823444991,-0.24220740078647474,0,-0.11762234868183086,-0.22943298764624132,-0.23492713658107078,0,-0.2267665370628027,-0.3789260569080479,-0.5623244270296244,0,0,0,0,-0.1505665301247303,-0.20041901442426457,-0.0669106406426474,0,-0.23570342370589348,-0.061849780289682244,-0.29601890052917756,0,-0.1519424504971374,-0.09555473948302051,-0.34825079693151384,0,0,0,0,0,0.05166842540583261,0.19168094465845087,0.005325378123714586,0,-0.19908569776594476,-0.23573223723744796,-0.4454304612004254,0,0.5909390706380702,0.32492104645242925,0.466235752108453,0,0,0,0,0,0,0,0,0,0.22049846045337596,0.8128798488654674,0,1.8577373971288935,0.04664933761315915,-0.11828542147539167,0,0.07289258302720292,-0.10770901151307477,0.8564957335628876,0,2.781295887657194,0,0,0,0,0.9678888560075265,-0.1681128621070851,0,1.4529675821990935,0.7236383855267299,-0.5441958807099976,0,2.1539555990764008,0.6433030844460106,-0.24994520146012356,0,0.9585175543897932,-0.14400134029814815,-0.06335831814758652,-0.1396117426201906,0,-0.2680630499896637,0.10540461093157738,-0.24490813048569215,0,-0.2455145658137825,-0.1281462066536294,-0.25726425048017454,0,0,0,0,0],[0.20969693475864126,-0.08620792448067505,0.17981613683658537,0,-0.0766782555894494,-0.060369039510089095,0.12220572598733348,0,-0.0123038718634767,-0.11061312050716587,-0.011035247377554569,0,0,0,0,0,0.05658866757277803,0.11540025129106457,0.13708656321904744,0,-0.08805252456977275,-0.028146415465040597,-0.11154397039848885,0,-0.1215915735144284,-0.06950815710148373,-0.14153700809184766,0,0,0,0,0,0.015697686214249273,-0.17586188564112248,0,-0.3211839559655214,0.22179412922857367,0.4034967088750232,0,0.2087141063123692,-0.005924728786864009,0.28907619691842434,0,-0.11990990650120636,0,0,0,0,0,0,0,0,0.04263929138915756,0.339286257028947,0,0.4132011103130715,0.015758474210800344,-0.006516652018600411,0,0.1427404629796225,0.39823566832806634,1.1612377557504363,0,0.9640238167766597,0,0,0,0,-0.3153934956630664,-0.6719874648027986,-0.23179814165909818,0,-1.3146807914755136,-1.0155025429759217,