{"modelSettings":{"letterOrder":"ACGT","bindingModeInteractions":[],"bindingModes":[{"fitLogActivity":true,"flankLength":0,"singleStrand":false,"size":10,"dinucleotideDistance":0,"componentName":"Binding mode 0","positionBias":false,"modifications":[]},{"fitLogActivity":true,"flankLength":0,"singleStrand":false,"size":10,"dinucleotideDistance":10,"componentName":"Binding mode 1","positionBias":false,"modifications":[]}],"letterComplement":"C-G,A-T"},"coefficients":{"bindingModeInteractions":[],"bindingModes":[{"mononucleotide":[0,0,0,0,0,0,0,0,0,0,0,0,0,0,0,0,0,0,0,0,0,0,0,0,0,0,0,0,0,0,0,0,0,0,0,0,0,0,0,0],"activity":[[-12.255845062706042]],"dinucleotide":[],"modifications":[]},{"mononucleotide":[-0.5917360411720818,-0.6155387820588185,0,-0.4026453409069717,0,-0.5589907982967368,-0.9548663895358724,-0.32789059176624136,-2.4760393911844143,-3.237190057967816,-4.497084787773533,0,0,-6.181203330188211,-2.171521279058699,-4.595645355165074,0,-7.417330252388797,-6.721535055890237,-7.9154524344911295,-2.5460185680730065,-3.9049084845575104,-2.1811537744522935,0,-1.6016355708568302,-1.812306048780664,-1.5638704311286746,0,-0.7571781081507649,-2.4739029301003295,0,-2.214722617360835,-0.2588200481844041,-0.23106498702336786,0,-0.5542228371483926,-0.3251516194441715,0,-0.28486196943881925,-0.12904650161582687],"activity":[[0]],"dinucleotide":[[0,0.5652201615287602,0.29073403151541166,0.41207478991409907,0,0.27134487870137525,0.5426228881243729,0.3667079648605647,0,0,0,0,0,0.17259560559198528,0.42512204771707207,0.5686352770512411,0,0,0,0,0.6137529875962127,-0.09970451078436726,0.6200563359558267,0,0.32161756237797956,0.052548716106759485,0.7874728997876996,0,0.4110597584827085,0.05744707194041254,0.5930819168890693,0,0,0.9600332628003452,0.7631928629416826,0.9495124646493407,0,1.0966923797060986,0.8742139831609368,0.8304954692523232,0,1.2597331656468054,0.94161018656765,1.2404828259773968,0,0,0,0,0,0,0,0,0,1.7604984758859388,1.4367538634576285,1.685689124677781,0,0.8684515877124852,0.4264228668429606,0.6694662040989101,0,1.2890306464402137,0.8403740960918586,1.142129225897282,0,0,0,0,0.9189899716770071,0.7848677956527297,1.2776528509550413,0,0.805824244287388,0.33390114033926643,1.0894390884284926,0,0.8509441038534824,0.754956397114622,1.120230125067554,0,-0.48166403599902363,1.2595415927608027,-0.6328839171289555,0,1.2551821652213313,0.4577708350324947,0.4937994746485135,0,-0.770731900487049,-0.2748113139769601,-1.5724488019792071,0,0,0,0,0,-0.09859900755773454,0.9040270211703993,0,0.8674502646851145,-0.34515411901427395,-0.05076043908404415,0,1.2277600042790353,1.080052346713869,1.1736289429876066,0,1.1493149179574909,0,0,0,0,-0.424476752678157,0.7514600115735939,0,0.5028786453389298,0.18924702948504413,-0.3946592505233584,0,-0.12306108057514686,0,0,0,0,0.20817471304878543,-0.2742957114107365,0,-0.2770130395524819,-0.4827509775919214,0,-0.15303180924190407,0.06875487672171321,0.2107067825272475,0,-0.2921852277768,0.13675365607870127,0,0,0,0,-0.04687081698375284,0,-0.2885598165105474,-0.05695519106876912],[-0.2577739522323723,-0.13227198023639497,-0.30228035876507064,0,0.11373969875461976,0.18315112646972542,0.3563985919068937,0,0,0,0,0,0.18063716991922352,-0.2012555673411467,0.24524640438879075,0,0,0,0,0,0,-0.17639331476936615,-0.48984261863560885,-0.6152261142659379,0,-0.07597375479271751,-0.3357334869643731,-0.051706264891418385,0,-0.17642467352929891,-0.2432677940466359,-0.4181504649942065,0,0.9390871510045251,1.496084043474431,1.1788155099633464,0,0.9901863562211837,1.428648640392515,1.2716764895525667,0,1.3954012444961155,2.212249380028398,1.6364113490731018,0,0,0,0,0,0,0,0,0.3162020749329528,0.2127278353015427,0.3036663819636374,0,-0.47121956498043005,-0.6368941674333612,-0.39412123271561406,0,0.1227593295661693,-0.062337331558232734,0.11234764918672369,0,0,0,0,0,0.0015894941607488278,0.020102404657096784,0.0855216267536516,0,0.3000543776700475,0.3606742584588343,0.22371683420492516,0,0.5448461178092163,0.37983180137308814,0.44996481876944827,0,-0.15902288489505523,-0.04130188074325858,0,-0.362858875714938,1.2063320380489562,0.8644292375782534,0,0.14710288128826043,-0.34430669413520265,-0.6892825101077111,0,-0.49895474330359235,0,0,0,0,-0.4087269669706206,0.05739485426998625,0,-0.10529919825183809,0.09330238719219652,0.2775914192265869,0,0.6465119764691192,-0.4511818452597556,-0.14093477874117566,0,0.16919904701137956,0,0,0,0,-0.06485325332520775,0,0.22791618944030967,-0.29196041615587465,-0.0676878750332981,0,-0.07586731849783712,0.04468686464296523,0,0,0,0,0.14883954792607357,0,0.08058088960073073,-0.08971043162296555],[0,0.1379659514901732,0.14744083384623163,0.07600142864405957,0,0.04351586076464198,0.11744869410136927,0.009860569260560226,0,0,0,0,0,0.09727971973107419,0.11429480947569814,0.10951291090779858,0,0,0,0,0,-0.13119757514028496,-0.49340032304084325,0.10138901886962515,0,0.33001697507872585,0.03912800133287231,0.28388509885624025,0,-0.2905601896016696,-0.22899674257820468,-0.053228010534699166,0.08609400079741647,0.42244123386332344,0.5513809368051934,0,0.20279803247316153,0.66050248312275,0.572088802027201,0,0.43493686472897153,0.9758810803054327,0.8770364128183008,0,0,0,0,0,0,0,0,0,0.20409465886824396,0.01565735022502679,0.1844258006395716,0,0.042218633439465414,-0.2887697001861258,-0.17752457979623593,0,0.18572574603455827,-0.3619971994268454,-0.16430215034788542,0,0,0,0,0,0.3322012625311963,0.9703946531485421,0,0.7394497730577143,0.433963351097427,1.0245901198999903,0,0.530646949143815,0.4143273234819276,1.11919311377045,0,0.6690258986648061,-0.34187845453059573,0.005404317368181477,0,-0.2552447785091658,-0.552807779464648,0.22166548642335737,0,0.30248541477998536,-0.4584122127333332,-0.16406485066533483,0,-0.08944569685568249,0,0,0,0,-0.1741367952771684,0,-0.015088894663567665,-0.030501059057235658,-0.1306841493670059,0,-0.325242840424377,0.43388563193946705,-0.1357785751425329,0,-0.1099046337834153,-0.0021421497891180863,0,0,0,0],[0,-0.016745103533102323,-0.21980627874857017,-0.04661099904610033,0,0.1690977992169369,-0.07849301457544833,0.015391358015085288,0,0,0,0,0,-0.18976613043974755,0.058156138316738826,0.03798137440640659,0,0,0,0,0.028693936461982705,0.10341707048714088,-0.21763110905272454,0,0.03963396957509646,0.05450627336739444,-0.16808128712620762,0,0.24006533249374407,0.2553597398727705,0.12986366501590396,0,0.010606751097835598,0.0026113742825533137,-0.09658203445991642,0,-0.12784431731667034,-0.1632420632770497,-0.13178410241765004,0,0.28949402684747483,0.1329072137904319,0.26681165763370274,0,0,0,0,0,0,0,0,0,0.14140505524181535,0.39463243736556386,0,0.5773958285028176,0.03605142816923479,-0.3569814842862469,0,-0.19896862196733878,-0.09023626106323235,0.29451195925910056,0,0.810260414068031,0,0,0,0,0.8728735367549332,0.10257445171139778,0,0.5487845261744981,0.8868335000202414,0.002743835059755284,0,0.8665705505554255,0.6042662632582516,-0.07357585839316627,0,0.3854146010261523,-0.05278793305778251,0,0.007677238847754175,0.10371299824836866,-0.2616381636015612,0,-0.21084093389781255,0.04521387509262009,-0.10212328993299735,0,0.010197173451031105,0.32146489209939366,0,0,0,0],[0.1001797900245136,-0.11222165609831602,0.15991869423384975,0,-0.13346450897229278,-0.024041913919785607,0.12104459629507058,0,0,0,0,0,-0.06119974434618625,0.08071912424871552,0.012299904219347901,0,0,0,0,0,-0.16320936357255933,-0.13613281877784145,-0.28922240668225374,0,-0.029056075396945324,-0.11658347241265554,-0.21206383463901934,0,-0.11613369532649687,-0.11765019208816252,-0.21875132773250172,0,0.09152175676171037,-0.282629015488955,0,-0.4253950054778972,0.08881430917129451,-0.18984848067411875,0,-0.5526495808160865,-0.13273318278965363,-0.11303928549186715,0,-0.6383992213499639,0,0,0,0,0,0,0,0,-0.09874571135907306,0.09030196075937003,0,0.019061908840074082,-0.02887699525345422,-0.07859789770427561,0,0.01855666309466697,0.15680837259705527,0.34251200837046714,0,0.33157892152617574,0,0,0,0,0.5462627929478305,0,0.7853296627050002,