{"modelSettings":{"letterOrder":"ACGT","bindingModeInteractions":[],"bindingModes":[{"fitLogActivity":true,"flankLength":0,"singleStrand":false,"size":10,"dinucleotideDistance":0,"componentName":"Binding mode 0","positionBias":false,"modifications":[]},{"fitLogActivity":true,"flankLength":0,"singleStrand":false,"size":10,"dinucleotideDistance":0,"componentName":"Binding mode 1","positionBias":false,"modifications":[]}],"letterComplement":"C-G,A-T"},"coefficients":{"bindingModeInteractions":[],"bindingModes":[{"mononucleotide":[0,0,0,0,0,0,0,0,0,0,0,0,0,0,0,0,0,0,0,0,0,0,0,0,0,0,0,0,0,0,0,0,0,0,0,0,0,0,0,0],"activity":[[-11.628708999805044]],"dinucleotide":[],"modifications":[]},{"mononucleotide":[-0.3435826592393516,-0.13768064032727034,0,-0.05638157098224861,-0.4703305387557357,-0.725176027704709,-0.9013177542518696,0,-1.8552889089409685,-2.752203560248444,-3.1402741266541394,0,0,-5.319236654985857,-2.0758900850118396,-4.21083437228183,0,-5.472602225653836,-5.106936566725552,-4.947121383582651,-2.6539363475065914,-2.5150138547731355,-2.640713083106477,0,-1.3183465488003137,-1.3236157386411334,-1.2184050731273794,0,-0.07998435489135591,-2.2747466292779475,0,-1.9193521509016431,-0.6864696089282392,0,-0.18551881984703922,-0.25824225172067283,-0.7215894397034455,-0.24467424667489945,-0.9227207347687099,0],"activity":[[0]],"dinucleotide":[],"modifications":[]}]}}
