{"modelSettings":{"letterOrder":"ACGT","bindingModeInteractions":[],"bindingModes":[{"fitLogActivity":true,"flankLength":0,"singleStrand":false,"size":10,"dinucleotideDistance":0,"componentName":"Binding mode 0","positionBias":false,"modifications":[]},{"fitLogActivity":true,"flankLength":0,"singleStrand":false,"size":10,"dinucleotideDistance":0,"componentName":"Binding mode 1","positionBias":false,"modifications":[]}],"letterComplement":"C-G,A-T"},"coefficients":{"bindingModeInteractions":[],"bindingModes":[{"mononucleotide":[0,0,0,0,0,0,0,0,0,0,0,0,0,0,0,0,0,0,0,0,0,0,0,0,0,0,0,0,0,0,0,0,0,0,0,0,0,0,0,0],"activity":[[-6.095773151328142]],"dinucleotide":[],"modifications":[]},{"mononucleotide":[-0.5897945447831088,-0.18518705839781102,0,-0.1585804674057263,0,-0.6954297736074082,-0.7151414646313858,-0.14344926027478255,-2.1697662177726693,-2.2872103806490136,-3.071673093367271,0,0,-2.422430137822446,-2.094556257530672,-3.181932954090331,0,-3.1483810968898664,-2.8987478619021347,-3.3599731943914835,-2.8756232623948224,-2.7447100921844223,-2.3874085879364015,0,-1.5757767206570508,-1.7956043619592759,-1.4480211577485944,0,0,-2.1699151202205007,-0.09780493522520928,-1.6020886780227999,-0.4667642195218802,-0.04079215528130131,0,-0.6053927967830512,-0.4408493396000397,-0.23596590381647342,-0.2838054056793986,0],"activity":[[0]],"dinucleotide":[],"modifications":[]}]}}
