{"modelSettings":{"letterOrder":"ACGT","bindingModeInteractions":[],"bindingModes":[{"fitLogActivity":true,"flankLength":0,"singleStrand":false,"size":10,"dinucleotideDistance":0,"componentName":"Binding mode 0","positionBias":false,"modifications":[]},{"fitLogActivity":true,"flankLength":0,"singleStrand":false,"size":10,"dinucleotideDistance":0,"componentName":"Binding mode 1","positionBias":false,"modifications":[]}],"letterComplement":"C-G,A-T"},"coefficients":{"bindingModeInteractions":[],"bindingModes":[{"mononucleotide":[0,0,0,0,0,0,0,0,0,0,0,0,0,0,0,0,0,0,0,0,0,0,0,0,0,0,0,0,0,0,0,0,0,0,0,0,0,0,0,0],"activity":[[-11.393873066540502]],"dinucleotide":[],"modifications":[]},{"mononucleotide":[-0.2203568606910462,-0.7138291640635277,-0.896444463255138,0,-2.9607747852764756,-4.058616276140692,-5.117700500333612,0,0,-6.4678397811301975,-3.218611969428383,-6.522438435020791,0,-7.197463852812959,-6.662094191845192,-6.933716915239021,-3.2434264595608076,-3.5910709698376957,-3.383389999760034,0,-1.925331402506443,-1.8342590135410706,-1.6616112250738506,0,-0.1405704993951895,-3.074795802562876,0,-2.2727773355114644,-0.8946370762304277,0,-0.1116161198267065,-0.6388298203457179,-0.7698961312544381,-0.033993269715546504,-0.8490393675228645,0,-0.6075950786247155,0,-0.20437309059658304,-0.12224084636712118],"activity":[[0]],"dinucleotide":[],"modifications":[]}]}}
