{"modelSettings":{"letterOrder":"ACGT","bindingModeInteractions":[],"bindingModes":[{"fitLogActivity":true,"flankLength":0,"singleStrand":false,"size":10,"dinucleotideDistance":0,"componentName":"Binding mode 0","positionBias":false,"modifications":[]},{"fitLogActivity":true,"flankLength":0,"singleStrand":false,"size":10,"dinucleotideDistance":10,"componentName":"Binding mode 1","positionBias":false,"modifications":[]}],"letterComplement":"C-G,A-T"},"coefficients":{"bindingModeInteractions":[],"bindingModes":[{"mononucleotide":[0,0,0,0,0,0,0,0,0,0,0,0,0,0,0,0,0,0,0,0,0,0,0,0,0,0,0,0,0,0,0,0,0,0,0,0,0,0,0,0],"activity":[[-12.45064035703908]],"dinucleotide":[],"modifications":[]},{"mononucleotide":[-0.2670541025195625,-0.2618051387730933,-0.22453998530096797,0,-0.45715723239045225,-0.7933697610822517,-1.1238811983369907,0,-2.360898771449363,-3.5248534317070095,-3.8661597085994686,0,0,-5.54651153705734,-2.393046949713004,-4.616725799450642,0,-6.9612672568375284,-6.036933787008725,-7.247860021983509,-2.54230108760503,-3.4169762583720287,-2.338213230206309,0,-1.7311576261711545,-1.3497175403772474,-2.163387995263023,0,-0.2902548632032218,-2.752345501529282,0,-2.4306577693465345,-0.1306530352258477,0,-0.07380511309368476,-0.5638667655762122,-0.690404706945305,-0.2343563350140423,-0.7282031744882476,0],"activity":[[0]],"dinucleotide":[[0.024746362124869137,0.3319687800003628,0.007195175984353597,0,0.09967754041851506,0.07585097135454966,0.29225833437674886,0,0.4649863033524504,0.3213418765363283,0.18995508843998365,0,0,0,0,0,-0.16346225759170707,0.04693348733048497,-0.47772722792739053,0,0.37311913083244796,-5.76040888329743E-4,0.13678904977802908,0,0.13529668772925385,0.13345203264513383,0.36073253234944147,0,0,0,0,0,0,0.8378157480134938,1.0406010511252073,1.1678194634782857,0,1.1731016965562215,0.8903015034822293,1.0993287186205878,0,1.2948790476426772,1.0275592210197617,1.3309660739718794,0,0,0,0,0,0,0,0,0,1.7121549014360777,1.3562479282363622,1.5663437546260344,0,0.8173203391353052,0.23200416555148706,0.6129391668549626,0,1.359911469490342,0.9834676346508591,1.174637685781022,0,0,0,0,0.9870662328748558,0.9499685509821951,1.363309725517114,0,0.45288221997229705,0.016097668323611813,0.6382870378181664,0,0.7927543120965872,0.8333237580123338,0.9344454151357713,0,-0.5255635800181313,1.420320064616213,-0.3948619099311994,0,1.2188826130658752,0.49558687558723413,0.6395331547552114,0,-1.0393665717706169,-0.22371360397475826,-1.388641314578992,0,0,0,0,0,0.04153715944774783,0.9131707178046065,0,0.8053566004145916,-0.3331519124864748,-0.2513463132994058,0,1.1262866599425125,1.0226510221573175,1.0925439058150874,0,1.2322717403531152,0,0,0,0,-1.5003765520079821,0,-0.6489425469166648,-0.3467916761202683,0.5047890337601335,0,0.3269068177333083,0.09836752986566166,0,0,0,0,0.28523829988795324,0,0.2567906543330363,-0.28155331110661175,-0.3719998080530753,0.06953719960985616,0.371075514313957,0,0,0,0,0,0.08970608750067655,0.16917579836583485,0.4701235701714541,0,0.11481238930846027,0.1857212306885243,0.23046613408809957,0],[-0.1567745619980654,0.12002715575973522,-0.4866680670200543,0,0.14428988589917413,0.2563304221879177,-0.00826987950154301,0,-0.017011876392471592,0.14854544005558123,-0.22592134282219423,0,0,0,0,0,0,0.5353503988714916,0.28739934441177795,0.1628532478381466,0,-0.07651867596543305,-0.05061757675615963,-0.4719955506631015,0,-0.05583253887830075,0.06398430391811338,-0.1465762984341099,0,0,0,0,0,1.1106263926246953,1.220083562969684,1.2095266127967683,0,1.001201856329951,1.1551417017002645,1.158666125475893,0,1.499225077694227,2.057995677299483,1.7440535640987012,0,0,0,0,0,0,0,0,0.17265502308766312,0.10028688172566902,0.0031576673026254554,0,-0.2351986846053471,-0.6164357652508379,-0.18257597616693477,0,0.3649207160899861,0.18220781055641577,0.3196048387452395,0,0,0,0,0,-0.10758239060680808,-0.1867306866413152,-0.055736499048197885,0,-0.19177515706627357,-0.38724244799242236,0.08015470079145715,0,0.4582290884994258,0.3314518702302838,0.7413067819979968,0,-0.2426778906110263,-0.022978361980932505,0,-0.33674714199980826,1.1833571683000401,0.7179854394219118,0,0.25856480369863455,-0.3178688698934229,-0.652509331830359,0,-0.5359152937293032,0,0,0,0,-0.3962758651596334,0,0.0902253132698756,0.051881831047689175,-0.04811984651873402,0,-0.234092953881472,0.4287179258646212,-0.14428106677953068,0,0.1968536857036276,0.36227240137492744,0,0,0,0,0.38608692741178174,0.42345773229564543,0.49627755612160573,0,0.16459929979751342,0.03598841116812279,-0.10548624255410477,0,0,0,0,0,0.5590618464295005,0.16916862615252182,0.08955124517359359,0],[0,-0.028509669431189266,-0.022082186667625514,-0.4768768409951818,0,0.30798501891372965,0.04762636040372481,0.09526488800862065,0,-0.24252599263294883,-0.22145691597419415,-0.003742848884635386,0,0,0,0,0,0.2814185839170804,0.15043231475298047,0.2667112767908133,0,0.18110361782701467,-0.01113571019218984,0.2426788864781919,0,0.44211748962266917,0.3128168213675062,0.44869949479396887,0,0,0,0,0.1376080007742786,0.4465912197799966,0.5093747148895567,0,0.16044813440671035,0.5084591691322888,0.5449290678611911,0,0.541894695296933,1.0606612915788434,0.9542496142175869,0,0,0,0,0,0,0,0,0,0.11017666877837229,-0.25538247506984924,-0.14791020829226653,0,-0.040992932758083356,-0.25199916370986486,-0.03560726129324099,0,-0.007444033185860732,-0.1496037046132912,-0.2938997268480854,0,0,0,0,0,0.5982208126600561,1.3289759736735682,0,1.0243345587561095,0.17995059591537466,0.8025111435235797,0,0.3911413349134367,0.5657527508988416,1.1589802645961154,0,0.7585820674244896,-0.5642330870294683,0,-0.004484625530599473,-0.3604060902227788,-0.8579413577259567,0,-0.36093501659786,-0.018038130371033745,-0.3230705220787029,0,0.21807251250005288,0.0824675900612144,0,0,0,0,-0.2547738110887341,-0.08951497680100529,0.006323507792516558,0,-0.41503486803040035,-0.3665084202191822,-0.7760579495543691,0,-0.03523665472102522,0.007344022711258447,-0.016080104600453726,0,0,0,0,0],[0,0.03871475973988048,-0.010250895568367113,0.07412533828610002,0,0.028354757123857155,0.008367379695336297,0.11978113008635916,0,-0.45234977080195726,-0.2411282270889199,-0.146529195472775,0,0,0,0,-0.13580235474632918,-0.22873882665273282,0.01769352304621208,0,-0.11803276179110656,-0.18260184672145652,0.014686407868515161,0,-0.11705929351876154,-0.15760413481959024,-0.005144791419044559,0,0,0,0,0,0.078209203176133,0.06465208992210503,0.10746138115294634,0,-7.707545730983867E-4,-0.049466937913318354,-0.2175678298608439,0,0.17183785724487954,-0.07441645038821143,0.21573434748198395,0,0,0,0,0,0,0,0,0,0.10503789894640114,0.1853579057960797,0,0.3525052816586829,0.030138092066151145,-0.4767590426947441,0,-0.24615683070255834,0.16229669857410745,0.3956123774145892,0,0.9684327101759767,0,0,0,0,0.2998758412847815,0,-0.29573596520909007,0.4417423787819459,0.3793157605547437,0,0.043610907017940015,0.8640280148366424,0.33763867891281407,0,-0.2883548104982854,0.5624315124049382,-0.01941368028443824,-0.07128606025170736,0.0819429802740066,0,-0.2921609931278706,-0.04957456369615976,-0.15490120147000397,0,-0.2082996921543412,-0.06975610073662297,-0.22769454492940344,0,0,0,0,0],[0.26330057878621904,0.08103538060641924,0.03730636839215684,0,0.045454330170555224,0.07248670726087347,0.09864612697926312,0,0.2332985915647221,-0.03380419655590927,0.06740511228172696,0,0,0,0,0,0.2045291882314353,0.07043048472567381,0.18965914813285956,0,0.09685527977494068,0.08517882794291332,0.03610340525054756,0,0.19361718319406496,0.10311707076645904,0.08645345137967464,0,0,0,0,0,0.12276313029030206,-0.42957347806050805,0,-0.20659098883778082,0.21384931383751304,0.09634463647072078,0,-0.29873249575301397,-9.224903117921457E-4,-0.35262938438909686,0,-0.3829635483392675,0,0,0,0,0,0,0,0,-0.13628053968859355,0,-0.23835949949429036,-0.21326662882593794,-0.009238873298717643,0,0.10159182486710883,0.11048958156671951,-0.34417773870489565,0,-0.4140027485391542,-0.16905474395324482,0,0,0,0,-0.1425696951605797,-0.5077513436980441,