{"modelSettings":{"letterOrder":"ACGT","bindingModeInteractions":[],"bindingModes":[{"fitLogActivity":true,"flankLength":0,"singleStrand":false,"size":7,"dinucleotideDistance":0,"componentName":"Binding mode 0","positionBias":false,"modifications":[]},{"fitLogActivity":true,"flankLength":0,"singleStrand":false,"size":7,"dinucleotideDistance":0,"componentName":"Binding mode 1","positionBias":false,"modifications":[]}],"letterComplement":"C-G,A-T"},"coefficients":{"bindingModeInteractions":[],"bindingModes":[{"mononucleotide":[0,0,0,0,0,0,0,0,0,0,0,0,0,0,0,0,0,0,0,0,0,0,0,0,0,0,0,0],"activity":[[-11.8003154759251]],"dinucleotide":[],"modifications":[]},{"mononucleotide":[-0.4181128570336763,-0.7478442289412821,-0.5770066183929967,0,-1.4097435998683834,-1.7364710005501882,-2.388410895402225,0,0,-2.169887625740535,-2.0350264106901923,-0.5698952020105081,0,-4.793691883723357,-3.9205158631266,-6.999390659574779,-2.4258602009105883,-1.869211557807455,-2.37768120711061,0,-0.7919265836693907,-1.4532895544429965,-0.06577779053144761,0,-0.09306366808659927,-2.050560717982777,0,-1.1821216384888],"activity":[[0]],"dinucleotide":[],"modifications":[]}]}}
