{"modelSettings":{"letterOrder":"ACGT","bindingModeInteractions":[],"bindingModes":[{"fitLogActivity":true,"flankLength":0,"singleStrand":false,"size":10,"dinucleotideDistance":0,"componentName":"Binding mode 0","positionBias":false,"modifications":[]},{"fitLogActivity":true,"flankLength":0,"singleStrand":false,"size":10,"dinucleotideDistance":0,"componentName":"Binding mode 1","positionBias":false,"modifications":[]}],"letterComplement":"C-G,A-T"},"coefficients":{"bindingModeInteractions":[],"bindingModes":[{"mononucleotide":[0,0,0,0,0,0,0,0,0,0,0,0,0,0,0,0,0,0,0,0,0,0,0,0,0,0,0,0,0,0,0,0,0,0,0,0,0,0,0,0],"activity":[[-10.907812450732754]],"dinucleotide":[],"modifications":[]},{"mononucleotide":[-0.2165019536176782,-0.7372883580786613,-0.8644719065206585,0,-2.93633726660384,-4.126895026127243,-5.11577717305023,0,0,-5.979255747494094,-3.181764770674913,-5.936417604096423,0,-6.503034516942336,-6.228219893998451,-6.239918705736251,-3.1681199934131614,-3.6234682773072087,-3.2704659034690695,0,-1.9490139029271376,-1.846929657188029,-1.6255582774928081,0,-0.14554053365494024,-3.06837861550068,0,-2.253187413802598,-0.9256974589348586,0,-0.09515059109107238,-0.6648211149948668,-0.7346098544165773,0,-0.7677599997109859,-0.007018996293193247,-0.5930884625199353,0,-0.21606430148624778,-0.140290507111839],"activity":[[0]],"dinucleotide":[],"modifications":[]}]}}
