{"modelSettings":{"letterOrder":"ACGT","bindingModeInteractions":[],"bindingModes":[{"fitLogActivity":true,"flankLength":0,"singleStrand":false,"size":10,"dinucleotideDistance":0,"componentName":"Binding mode 0","positionBias":false,"modifications":[]},{"fitLogActivity":true,"flankLength":0,"singleStrand":false,"size":10,"dinucleotideDistance":0,"componentName":"Binding mode 1","positionBias":false,"modifications":[]}],"letterComplement":"C-G,A-T"},"coefficients":{"bindingModeInteractions":[],"bindingModes":[{"mononucleotide":[0,0,0,0,0,0,0,0,0,0,0,0,0,0,0,0,0,0,0,0,0,0,0,0,0,0,0,0,0,0,0,0,0,0,0,0,0,0,0,0],"activity":[[-11.734890373826035]],"dinucleotide":[],"modifications":[]},{"mononucleotide":[-0.37685619434710294,-0.6802618825646389,-0.8130057281083856,0,-1.8268691505285521,-2.6581639788928357,-3.116159829443181,0,0,-5.3521740069759485,-2.0785932118593933,-4.099196962837958,0,-5.415607850801791,-5.194016405282808,-4.923689122058681,-2.666679030411261,-2.4170787523644326,-2.658788184988621,0,-1.3038684025247962,-1.3003077734403554,-1.1536857951832582,0,-0.07419481404932249,-2.325733063396194,0,-1.8434549217255438,-0.9251574679548851,0,-0.3476215631408923,-0.45434560811712554,-0.6283339753221631,-0.119784524343717,-0.8098387010429899,0,-0.5076723096969005,0,-0.22917490935365947,-0.09956591786152025],"activity":[[0]],"dinucleotide":[],"modifications":[]}]}}
