{"modelSettings":{"letterOrder":"ACGT","bindingModeInteractions":[],"bindingModes":[{"fitLogActivity":true,"flankLength":0,"singleStrand":false,"size":10,"dinucleotideDistance":0,"componentName":"Binding mode 0","positionBias":false,"modifications":[]},{"fitLogActivity":true,"flankLength":0,"singleStrand":false,"size":10,"dinucleotideDistance":10,"componentName":"Binding mode 1","positionBias":false,"modifications":[]}],"letterComplement":"C-G,A-T"},"coefficients":{"bindingModeInteractions":[],"bindingModes":[{"mononucleotide":[0,0,0,0,0,0,0,0,0,0,0,0,0,0,0,0,0,0,0,0,0,0,0,0,0,0,0,0,0,0,0,0,0,0,0,0,0,0,0,0],"activity":[[-11.706930678547915]],"dinucleotide":[],"modifications":[]},{"mononucleotide":[-0.34474580004849287,-0.5678639022679457,-0.45967629089637807,0,-0.6654832696493225,-0.9843163805096609,-1.0785776699275376,0,-2.364493533686261,-4.219729154878722,-5.324720182379694,0,0,-6.803624571887613,-3.2506362892955822,-6.517748948584047,0,-7.601297056619676,-7.766314135574773,-7.043387012745767,-3.0961313449020356,-4.720511956588847,-2.4016171983688945,0,-2.473408776136389,-2.1679207799565363,-2.2719151818795833,0,-0.9756004855870222,-3.388185351867512,0,-2.5953526888031337,-0.6688694606935823,-0.46647519190577746,0,-1.1562283998789034,-0.6545011719478291,-0.2012662012382238,-0.3876705388034072,0],"activity":[[0]],"dinucleotide":[[0.10664008721133689,0.755930737665599,0.28058967308542115,0,0.2919246337698511,0.47678837499708493,0.8166781837600547,0,0.6469277192578469,0.6724049864942154,0.47224562353613564,0,0,0,0,0,-0.7512321044727468,-0.06037157110978075,-0.5335541516075804,0,0.08882654194281692,0.1679447460502992,-0.14167443241752764,0,-0.47014825787524295,0.2155630285907888,0.4481752394777807,0,0,0,0,0,0,1.1945149470661631,1.166303509657431,1.095700633363017,0,1.369348232669683,1.1668924074302343,1.1998051036546293,0,1.4407460395844431,1.206065776043257,1.2874591884900184,0,0,0,0,0,0,0,0,0,1.760900535367817,1.6242654127286453,1.594616981742405,0,1.2923888045753973,1.0379173957277725,1.0436011001576304,0,1.687324594050116,1.5579386419527008,1.5310288565790184,0,0,0,0,1.3113756486660755,1.1220695781154468,1.3331416613059162,0,1.486544638774351,1.3595093210834897,1.5164215043511433,0,1.342135689516983,1.1167475776860663,1.2725610051489582,0,-0.4299716100047135,1.461542003528904,-0.5602932817403561,0,1.6085217073410014,0.8392189087152833,1.1471914064939774,0,-1.347625254125898,-0.6045407188654934,-1.6890672537922535,0,0,0,0,0,0.008644503824889682,1.052814247485907,0,0.9179873408687254,-0.31911464029161785,-0.40326488868190324,0,1.109094535344556,1.080342112053149,1.4043859243495778,0,1.2465674730614023,0,0,0,0,-0.5600203431585733,0.9192935065270387,0,0.5794742370187631,0.24670698422034443,-0.3283334741439514,0,0.047311493264603044,0,0,0,0,0.1233252225015038,-0.3974837586768345,0,-0.48761940527036574,-0.4250915103203883,-0.02906143246439097,-0.18569144953188532,0,0.21748289305836055,-0.1636591061717354,-0.32622707799426554,0,0,0,0,0,0.3373822391134378,0.09173002229955207,-0.1391221308855446,0],[-0.5695694768964907,-0.1316968187427463,-0.16347992318184978,0,-0.014896635135709602,0.16141549968315072,0.29575208070081516,0,-0.22664794929849474,-0.11483675305254692,-0.114189440802825,0,0,0,0,0,0,0.5044157844815089,0.34008536763610486,0.4323995592228318,0,0.3374417437846482,-0.3483931829460287,0.21547866032152108,0,0.08621246224833712,-0.18626996929766904,-0.06891061742884652,0,0,0,0,0,1.1296210971124196,1.122462924736805,0.9703012212208542,0,1.482498702610286,1.5196077771785461,1.392065144372964,0,1.7324006218724932,1.7898768350848702,1.6662700179131562,0,0,0,0,0,0,0,0,0.5571814753972859,0.7312981123997062,0.6250578334181078,0,-0.6867631315370204,-0.44410050980702476,-0.717213365532082,0,0.5417602293236712,0.6497083770273377,0.550962743285325,0,0,0,0,0,0.7862019213650857,0.6739941185174558,0.692207864763887,0,0.7673221086848212,0.5125558071252296,0.5877570013267643,0,0.6064259289081289,0.40477433733408397,0.5036676040639776,0,-0.4982418460695657,-0.0403595316006502,0,-0.26858021046218283,1.0021994479637453,0.4635332573436335,0,-0.3424550837297442,-0.8626464065679897,-0.6394590059950627,0,-0.7997795912486128,0,0,0,0,-0.4207791931010414,0.09146900939510871,0,0.1797899252492554,0.5251223275428654,0.4056071825328118,0,1.0680917070968947,-0.3409627064369323,-0.24979130691598783,0,0.13340563169718056,0,0,0,0,0.3676334556296914,0.4060948026984117,0.3975198868151004,0,0.21768147657691284,0.28682531876934725,-0.07582297865894283,0,0,0,0,0,0.3007293887629494,0.2698534068631995,0.013077878317445446,0],[0,0.1928143100684796,0.370002560151959,0.004277405709647297,0,0.23485195785796797,0.17302217426703237,0.027289559187225976,0,0.06758524512060049,0.026112622926850904,-0.12030998080863675,0,0,0,0,0,0.3599092534175572,0.4277156186222637,0.456788957144596,0,0.3901076828617285,0.321165499483012,0.32896282786507935,0,0.49525207585701736,0.5441335442299966,0.516856404560734,0,0,0,0,0.25231909978360445,0.22667456131439678,0.4105192915328928,0,0.3163797842156697,0.8139276825307586,0.6702929711346641,0,0.5909950441054557,0.8326870799351909,0.7477793137968707,0,0,0,0,0,0,0,0,0,0.3738715279587552,0.3913013582949052,0.19170185683386975,0,-0.3105714185966182,-0.6385354007283235,-0.2733212166647778,0,0.2438834421233942,0.17513588306793793,-0.0030144267931291324,0,0,0,0,0,0.13362361644390042,1.165921049852484,0,0.9483743376524671,0.0905080042905162,1.107815419853365,0,0.8423348096105379,0.41661580457331837,1.1923520423967258,0,1.0586838962015577,-0.12990065689301833,0.08908234178898411,0,-0.27865657767582697,-0.5195105177576806,0.33439897282272835,0,0.30013404654248,-0.37990204552492557,-0.23008028247158396,0,-0.06787263881747752,0,0,0,0,0.029071951361950177,0.20092291506712456,0.08023044495031062,0,-0.6244284634112693,-0.49287817393569977,-1.0195241046657548,0,-0.04728055733301417,0.046393371272660744,0.0010927885906806267,0,0,0,0,0],[0,-0.10632670581800507,0.04215951021919295,-0.4898052711159888,0,0.08250715282485466,0.15261336577299112,0.016286896063851586,0,-0.36068318479111916,-0.08384921849963334,-0.6248921415633664,0,0,0,0,-0.21323042353358712,-0.17817257377979523,-0.048464549722684325,0,-0.3998920860377009,-0.1548341576966532,-0.35668076783842473,0,-0.3041584059543867,-0.3298390576795711,-0.4736244308729649,0,0,0,0,0,-0.06935717811040476,-0.08117736787857766,-0.21522799944000148,0,-0.37741342117672616,-0.3608381438820647,-0.5354272335436256,0,0.10224501289319399,0.05508775879894401,0.013060961880222877,0,0,0,0,0,0,0,0,0,-0.13238104218320146,0.40025766587434575,0,0.6070888246659472,-0.2303602456641931,-0.48531600044161394,0,-0.23040875529725469,-0.0972803781239513,0.4554670605274129,0,0.8840148108198029,0,0,0,0,0.3486679614711239,0.008553512901897875,0,0.3382057540387162,0.38678378668388014,0.009887776104758217,0,0.3557635679070472,0.24535991656920686,0.05796452185289169,0,0.25176675192101783,-0.18655807747779463,0.08801829871500999,-0.3148623245974651,0,-0.5902411728323127,-6.506634085265972E-4,-0.5140252405688992,0,-0.11705350048912067,0.10033937353560418,-0.11175723448683161,0,0,0,0,0],[0.3266484691770435,0.10902551763689505,0.28112314858116516,0,-0.005753695013272164,0.0506955348728404,-0.03173536942707322,0,0.09205132969828522,-0.011633767682869056,-0.04758027551022259,0,0,0,0,0,0.2086463395420406,0.1446943724820624,0.23075340969262825,0,-0.17931209339987486,0.047841926284293734,-0.13941521500853682,0,0.07246640377157121,0.10957601166887798,-0.05470500295047298,0,0,0,0,0,-0.003465991132537205,-0.4363472435479103,0,-0.4072995565584847,-0.17106783422721605,0.0673517587263266,0,-0.15293127979725085,-0.1310838878668985,-0.024684957600905832,0,-0.30261867792369035,0,0,0,0,0,0,0,0,0.042241102277730036,-0.15102562020800825,0,0.17841726594881813,0.039742081609907665,0.1304160881273262,0,0.21332848336902366,0.12955139217753597,0.2647971012425767,0,0.29181638780869434,0,0,0,0,0.287659089143677,-0.2874330902389044,0.28958948834360676,0,0.3231689478581323,-0.26995515210062493,