{"modelSettings":{"letterOrder":"ACGT","bindingModeInteractions":[],"bindingModes":[{"fitLogActivity":true,"flankLength":0,"singleStrand":false,"size":10,"dinucleotideDistance":0,"componentName":"Binding mode 0","positionBias":false,"modifications":[]},{"fitLogActivity":true,"flankLength":0,"singleStrand":false,"size":10,"dinucleotideDistance":10,"componentName":"Binding mode 1","positionBias":false,"modifications":[]}],"letterComplement":"C-G,A-T"},"coefficients":{"bindingModeInteractions":[],"bindingModes":[{"mononucleotide":[0,0,0,0,0,0,0,0,0,0,0,0,0,0,0,0,0,0,0,0,0,0,0,0,0,0,0,0,0,0,0,0,0,0,0,0,0,0,0,0],"activity":[[-4.327025487714331]],"dinucleotide":[],"modifications":[]},{"mononucleotide":[-0.7741075415137617,-0.5264518302541568,0,-0.5151167496183326,0,-0.451045090846228,-1.0619829598955057,-0.2873330184154028,-2.748790727596365,-3.219089635095987,-4.675427199806323,0,0,-4.362978524131919,-2.9234104775034524,-3.982853586049557,0,-4.786736891987805,-4.701027245233395,-4.845596220114291,-3.554296893205678,-3.56885432673628,-3.394836699160395,0,-2.120714143407053,-2.195224088640206,-1.5326815940088583,0,0,-3.272981881241032,-0.29946523197705766,-2.8656470429812373,-1.3171181858131007,0,-0.42723192048450276,-0.8358931205442532,-0.29300507044598323,0,-0.1954175258280424,-0.23004559487373033],"activity":[[-0.2195997301042335]],"dinucleotide":[[0,0.4983888427237009,0.4267779149282349,0.39290767731758436,0,0.15193685228678344,0.5074454092113001,0.45893336008689545,0,0,0,0,0,-0.03828584077494046,0.14072789505353178,0.22977234006875769,0,0,0,0,0.6692127475763749,-0.4470360037915242,0.4371944793602651,0,0.4805108353198184,0.06223623204700779,0.9164172282198173,0,0.5961341424334528,-0.03214115172519705,0.7871293393380601,0,0,1.0903228893578678,1.4441284641732235,1.3042608731955223,0,1.5997322343909417,1.4625413794381181,1.7078609932095983,0,1.2572923345509448,1.880981068305653,1.7496574283771373,0,0,0,0,0,0,0,0,0,1.2144297717614112,0.946313442503925,1.3258859207079396,0,0.15798020723918604,-0.22214134625205872,0.3117113367009967,0,1.231167159266569,0.5532481781112288,0.9766326804280094,0,0,0,0,1.6154655843788603,1.0506325386486992,1.241692564230914,0,1.5554095533446368,0.836661480324203,1.3342182592876233,0,1.4874007578051778,1.03492162071114,1.1301177899231911,0,0.17829036371403184,1.3823430888043564,0.2981766718740282,0,1.4467160165867607,1.4128267807160633,1.1171389943638097,0,0.19243475659565412,0.3583368719409581,0.10055211178150714,0,0,0,0,0,0,1.2012047484015778,0.1533782635129768,1.3534494894656852,0,0.4119466787380528,-0.1086759660923704,0.9048885845387673,0,0.5423666767476885,-0.7685956000206442,0.7256199424904679,0,0,0,0,0,0,0,0,1.5523903239822312,0,0.8445633486210671,0.7318291189767168,1.0496251813799944,0,0.5232613504954458,0.24078587517163275,1.335718252849798,0,0.8558554652234394,0.08697399247976101,-0.6689452671277696,0,0.048360152301852644,-0.2485105278554336,0,0,0,0,-0.34096343819248975,0,-0.05122646322950786,-0.1776650351791904,-0.17186485764586568,0,-0.04233408383038029,-0.3636968343806135],[-0.17898163968094316,0.3257479435378663,0.2554355527824672,0,0.2685804894563546,-0.04919856564779401,-0.22613738089479085,0,0,0,0,0,0.12438819871762874,0.10736047749705335,-0.03730282203721558,0,0,0,0,0,0,-0.23285173418680394,-0.3937449096541812,-0.11868149886893242,0,-0.19319767765314388,-0.27514922099174655,-0.5016757254375719,0,-0.4590991534727209,-0.08536324537539208,-0.1703125503389522,0,1.4011151545844953,1.770811047491021,1.1609638086579892,0,1.773512411619314,1.732505282267498,1.7757026366480817,0,0.9624509302948141,1.501248298037181,1.0343215368198049,0,0,0,0,0,0,0,0,0.8688762334408544,0.3842664033227319,1.2211489447294586,0,0.317882807661686,0.26581127351362355,0.3149137247820839,0,0.835311870745409,0.9010022969979001,1.103662837437561,0,0,0,0,0,1.0839001680793316,0.6709734787954069,1.0126553108514145,0,0.771467179399302,0.5770621497491764,0.5021396729885357,0,1.2924837270287721,1.119706871432106,0.9067639114237647,0,0,1.0122831590909858,0.3251275006942418,0.6743565284749113,0,0.19869408927004528,-0.304506582199652,0.3304967032806019,0,0.7333706689019479,0.4036620763900407,0.7821496812135784,0,0,0,0,-0.3102020747406824,0,0.19098403840068467,0.11627075856350366,0.2887673880888135,0,-0.004285096993894122,0.5348809166800752,0.11695637755204125,0,0.3645071192462028,0.41372854434179196,0,0,0,0,0,0,0,0,0.19245442426289294,0,-0.017062613289720474,0.2843246470319887,0.1711149390092741,0,-0.0963924149600901,0.42449269372539256,0.21764439338049435,0,-0.22096588427888886,0.33859509071939087],[0,0.4514193170924834,0.325558280408786,0.34826880933336213,0,0.5752423544444287,0.214679126118674,0.26205579782030775,0,0,0,0,0,0.773376189999043,0.13834757820300858,-0.11095912465767732,0,0,0,0,0,-0.5070517754526573,0.029250487053746,-0.2092521155215632,0,0.02515353059359171,0.4072114428622058,0.4046128614631641,0,-0.6122322068027639,-0.266730161840421,-0.46881928105987747,0.3752291799969445,0.5202728891750734,0.7894883029858573,0,1.1449602370361998,1.460121755058637,1.5254931651296157,0,1.525130557874423,1.2924562946559934,1.4915417813195342,0,0,0,0,0,0,0,0,0,0.36176239480986716,0.1343072367610052,0.5074983357102756,0,0.3621412344685915,0.4802278658660928,0.3430027891693701,0,0.08088055303411146,0.35343916445322066,0.4143775844686708,0,0,0,0,0,0,0.6086988212507256,-0.10756941414969035,0.4260375937245726,0,0.5289818996591507,-0.24658664239563244,0.5440177980712662,0,0.6227019708999988,-0.10109497133275624,0.4036003445347589,-0.020118452886325855,0,0.1668936902690863,0.22321254396648094,-0.15152037004904173,0,0.057566096865464544,0.3555738983174397,-0.08478757687406002,0,0.4994355401137982,0.5819245940099087,0,0,0,0,0.12262071273806008,0,0.1505542691841848,-0.10014411062247319,0.04234013197996944,0,-0.18054652104969993,0.2840125625558745,0.07060080181214268,0,0.05706215280291094,0.08221042035805759,0,0,0,0],[0,0.3708175091859882,0.18695681445344192,0.2409840014968072,0,-0.08531375543062225,-0.09281359368447362,-0.26417199801848845,0,0,0,0,0,0.26811618535955084,0.13829673271643017,0.3990566337657153,0,0,0,0,-0.032045649141075216,0.18066700897057864,0.0636615837272636,0,0.29670822561194754,0.08401560981000245,0.20279587952349587,0,0.17769194067706984,0.15057937777862485,0.04628446111704676,0,0.20763787884610174,0.26192413596389663,0.3263848664059523,0,0.9107753615395939,0.6728838278902511,0.42630563631375473,0,0.7970979776951932,0.8872569037056692,0.6816395754008315,0,0,0,0,0,0,0,0,0,0,0.2405439391671802,-0.5469079953000477,0.2603171428298179,0,0.4884115086596825,0.1820024576436854,0.6865273872233182,0,0.24654005804964818,-0.43245124772653476,0.32842332978412436,0,0,0,0,0.16008519641326657,0,0.003333978533957449,-0.20407267766093007,0.42314894204301723,0,0.10207444200792892,0.46884738152361116,0.11078402517249764,0,-0.36588191500757716,-0.2660912183816073,-0.014889633468611052,0,0.19025149984298828,-0.03994693203776123,-0.12895331530187804,0,0.1903317467947936,-0.021076598891546894,0.0369886081557631,0,0.013197060008030448,0.12776635248628132,0,0,0,0],[0.07746053582162027,0.04373454355886608,-0.03710286012745456,0,-0.05937876665410968,0.07345742068591754,0.08379080722922616,0,0,0,0,0,-0.2764297701568559,-0.013346527635539118,-0.1539019700509261,0,0,0,0,0,-0.16734637717925427,0.03574739746795519,-0.25391388638273593,0,0.20033406036162837,0.1371587710221469,0.03226813156347674,0,-0.025544384824662814,-0.0065816995919902865,-0.0037886181425097476,0,0,-0.04765515705636858,-0.08143013320656678,-0.015191020079006634,0,0.8932588462937865,0.06017548046467702,0.5985856056160266,0,0.54245543110701,0.14568035886246378,0.6134226333750377,0,0,0,0,0,0,0,0,0.07690719396100043,0,0.20536752565567795,0.2865253683499258,-0.0738367269103346,0,-0.08097468020441578,0.055305046824223325,-0.4506829901147533,0,-0.5986364102086927,-0.12788002172276336,0,0,0,0,0.013239075501692454,0,0.32651961429747445,0.11592994741826246,0.08049415077145738,0,0.5384064779817734,0.12352807257041576,