{"modelSettings":{"letterOrder":"ACGT","bindingModeInteractions":[],"bindingModes":[{"fitLogActivity":true,"flankLength":0,"singleStrand":false,"size":10,"dinucleotideDistance":0,"componentName":"Binding mode 0","positionBias":false,"modifications":[]},{"fitLogActivity":true,"flankLength":0,"singleStrand":false,"size":10,"dinucleotideDistance":10,"componentName":"Binding mode 1","positionBias":false,"modifications":[]}],"letterComplement":"C-G,A-T"},"coefficients":{"bindingModeInteractions":[],"bindingModes":[{"mononucleotide":[0,0,0,0,0,0,0,0,0,0,0,0,0,0,0,0,0,0,0,0,0,0,0,0,0,0,0,0,0,0,0,0,0,0,0,0,0,0,0,0],"activity":[[-12.844086975533616]],"dinucleotide":[],"modifications":[]},{"mononucleotide":[-0.23252832817412106,-0.27596978275317685,-0.10264284229580767,0,-0.5296179968251211,-1.0462364255943695,-1.0691694490732746,0,-2.6257661997367805,-3.985490721693287,-4.418961594814641,0,0,-6.737205047939582,-2.775591698030549,-6.0073067983083845,0,-8.292775346550659,-7.022108235468489,-8.615652974748262,-2.718196751228601,-4.2466326329788,-2.178160267396293,0,-1.8987084049922647,-2.1822395537060384,-2.1370277795559938,0,-0.7580734125439546,-2.6624217723785404,0,-2.1477244303713556,-0.24490173688932337,-0.22455877221789677,0,-0.6259159155377283,-0.4405219662742712,0,-0.2643856804017952,-0.06200348282456769],"activity":[[0]],"dinucleotide":[[0.012412305905095788,0.4704110622020172,0.05832598916445075,0,0.1370464832095637,0.21178853569304312,0.37412031667494094,0,0.4759124702853761,0.3894516235347627,0.18104163553092079,0,0,0,0,0,-0.31673142453625935,0.06339078284127542,-0.6037884652036585,0,0.3084234710770959,0.04088579181460528,-0.03675310646716312,0,-0.030231997325116833,0.2038246924435123,0.27290004251593025,0,0,0,0,0,0,0.7787024821982573,1.1126885190102804,1.2457993480964777,0,1.0579951934449614,0.9421389289700794,1.103431250057417,0,1.3038681720144982,1.1688993320106924,1.776224799692617,0,0,0,0,0,0,0,0,0,1.8059209737305792,1.5677842318008466,1.7039942218301363,0,0.7142348610346794,0.4450536804881722,0.5794573968380625,0,1.4123133854244507,1.174610310680393,1.2503691627576181,0,0,0,0,0.9029258156887483,0.9283317200533201,1.0978534450747706,0,0.6486940184061147,0.19995439452297958,0.5060100708696957,0,0.9648642412044062,0.9095471860195108,0.979054484288179,0,-0.5996204409939523,1.4121251525753826,-0.5633819302230911,0,1.4009447710493186,0.5531505913027699,0.744635372379193,0,-1.2885516249956783,-0.5154049639246505,-1.726903583688065,0,0,0,0,0,0.1161576739993242,1.0616844649479718,0,0.9147876637671684,-0.2615508646388811,-0.2564087856263413,0,1.131621926686508,1.184957121700441,1.2842366940276593,0,1.2554783748183693,0,0,0,0,-0.7193657366321125,0.7547791044163925,0,0.4375552034177743,0.2683755512289405,-0.3285383671994282,0,-0.0865974699566352,0,0,0,0,0.09309676871112815,-0.39037348878557854,0,-0.5319289134352503,-0.56926405420834,0,-0.08285354000661638,0.03757280772685956,0.1557574829197863,0,-0.2767480302980463,0.13003495594870973,0,0,0,0,-0.03632121217800277,0,-0.32105104737550283,-0.044446926349580806],[-0.293169579273735,0.13615278884594506,-0.5100656146454039,0,0.09452123205534413,0.28050272828273215,0.022496538280416978,0,-0.11576934824855956,0.13351006954749867,-0.23981084796135121,0,0,0,0,0,0,0.7873118131805201,0.37679805148405254,0.5248663128697837,0,0.02919630272413265,-0.0777446667821593,-0.39416811255548634,0,0.04388493107619951,0.022014065235485436,0.07852157609566568,0,0,0,0,0,1.7709993986362988,1.8166086004484843,1.75128965414034,0,1.3468059324506871,1.4215017034800823,1.401537689731688,0,1.8840208368688884,2.5927948868701396,1.9653306193306044,0,0,0,0,0,0,0,0,0.13362977950434995,0.17199665738137604,-0.04948394395270661,0,-0.41750092971755937,-0.584337253915244,-0.4243455715697939,0,0.19573526290431964,-0.08532716051795397,0.2043504665840743,0,0,0,0,0,0.08492652857838934,0.22725787624062477,0.07350352296693785,0,-0.12184362274453697,-0.4361900362905011,-0.02157798975080283,0,0.7508956756390628,0.6047461371620386,1.006455313597403,0,-0.2419231893068603,0.003939469462085121,0,-0.25926026848088846,1.330926330344699,0.836226431648325,0,0.08164909950623755,-0.3962245105217086,-0.8558485136088825,0,-0.8616229147149816,0,0,0,0,-0.42581764311318615,-0.06934165746685883,0,-0.045047098082505954,0.291333607472108,0.26662805765490516,0,0.7561115543331458,-0.3417667668360034,-0.22218517949716476,0,0.10406457607947628,0,0,0,0,-0.01255201800505068,0,0.11709671580965253,-0.3919435877409789,0.029283519341547937,0,-0.18810118362475903,-0.05328063281768891,0,0,0,0,0.2804386079696237,0,-0.12951707050978722,-0.22436488576671998],[0,-0.06110456408911702,0.052733951808807245,-0.5225450121824604,0,0.2295834087063371,0.0036790177367644894,0.09881176805459368,0,-0.44573682393384395,-0.15823638679453822,-0.07209361560467098,0,0,0,0,0,0.4156391853343422,-0.02928372139465818,0.37955829360914706,0,0.11775978088259009,-0.2604383786412896,0.3457918021037898,0,0.30187225119797034,0.16189408098552072,0.3769111865474528,0,0,0,0,0.13872457125489834,0.4792887054365771,0.4543052475070146,0,0.26085273839338097,0.6650797075645931,0.5213284117491312,0,0.5871134360701067,1.2140248742947524,0.9353971197693429,0,0,0,0,0,0,0,0,0,-0.025857808468458643,-0.21308452941131684,-0.18845681713583673,0,-0.13080686410024533,-0.3625091562774472,-0.12309321413386076,0,0.018411499579910284,-0.1259059480907112,-0.4077163790107541,0,0,0,0,0,0.5332033799941254,1.2595018733896293,0,0.8944225148741367,0.552648440154698,1.0806122799093192,0,0.558334904774135,0.7952491592357553,1.1633292959729413,0,0.7584029369880749,-0.3789171480012685,-0.0029631220855326212,0,-0.40556299320045897,-0.5933723415095056,0.3530163560128825,0,0.3845744810694569,-0.5229421340833165,-0.24150676967311835,0,-0.09735985904060884,0,0,0,0,-0.15487443336398865,0,-0.015658594678232607,0.06273052385955857,-0.09794199440464668,0,-0.4422973163895323,0.4678902083254628,-0.041996060654835965,0,-0.011971104706437696,0.03700659593730293,0,0,0,0],[0,0.046726849410516635,0.1820790705686699,0.0013627458303790974,0,-0.19826887935352389,-0.30833450235945836,0.04441199144996233,0,-0.7373878689070601,-0.2859102741149746,-0.342543538859033,0,0,0,0,-0.19982281027598114,-0.2329799868184752,-0.07163063753129251,0,-0.2069880777707951,-0.1500516605400568,-0.1188733695814439,0,-0.1965901906297729,-0.2065936726186326,-0.18364750153259424,0,0,0,0,0,0.11862167094516174,0.10316735795139298,0.03229794628486449,0,-0.07503802168410534,-0.10944615245267464,-0.28165821566595106,0,0.25358734105076675,-0.009009709427115986,0.16923069872248409,0,0,0,0,0,0,0,0,0,0.18612095799742434,0.33865412981756293,0,0.7119571406900036,0.09369231633184771,-0.5295396666215382,0,-0.30843453634707885,0.40024148737574805,0.356926089813129,0,1.4163069371054897,0,0,0,0,0.7416621912220442,0.059075912154412435,0,0.9602005989046916,0.6598108200119155,0.09872902946216033,0,1.2965555293477786,0.5798656153070425,0.21635757926469878,0,0.8163441735764003,-0.1549924464593646,0,-0.1033150878131135,0.08379365274143424,-0.34236207978977795,0,-0.29107538132076893,0.008700581684379927,-0.14797844872537746,0,-0.28927851614058975,0.15831348395079647,0,0,0,0],[0.2334313186010526,-0.010137059965845019,0.032546594249935445,0,0.0389513292372099,-0.0398278682216473,0.005005777555625812,0,0.21039071839724244,-0.05747356308119489,0.024573818984761964,0,0,0,0,0,0.09778678427935095,0.12576315398136773,0.16407400026471564,0,0.004767462722564009,0.08384606513086545,0.051500336827740245,0,0.055077561722365775,0.0373968156427793,0.03801137651452313,0,0,0,0,0,0.2304282583504591,-0.43772177910455845,0,-0.29266821612274097,0.27210914857953306,-0.006046704511149414,0,-0.35764727347880854,0.11013452644947819,-0.2662911157301142,0,-0.3969028362798044,0,0,0,0,0,0,0,0,0.15640015866475032,0.26066064797973354,0,0.32971623116087656,-0.03742919160859737,-0.03567243396658615,0,0.08326006387132567,0.0729825890318514,0.5516355253884386,0,0.41271237007972594,0,0,0,0,0.19210616717688822,0,0.60822465051029,0.6081547094920223,