{"modelSettings":{"letterOrder":"ACGT","bindingModeInteractions":[],"bindingModes":[{"fitLogActivity":true,"flankLength":0,"singleStrand":false,"size":10,"dinucleotideDistance":0,"componentName":"Binding mode 0","positionBias":false,"modifications":[]},{"fitLogActivity":true,"flankLength":0,"singleStrand":false,"size":10,"dinucleotideDistance":10,"componentName":"Binding mode 1","positionBias":false,"modifications":[]}],"letterComplement":"C-G,A-T"},"coefficients":{"bindingModeInteractions":[],"bindingModes":[{"mononucleotide":[0,0,0,0,0,0,0,0,0,0,0,0,0,0,0,0,0,0,0,0,0,0,0,0,0,0,0,0,0,0,0,0,0,0,0,0,0,0,0,0],"activity":[[-21.592950734063933]],"dinucleotide":[],"modifications":[]},{"mononucleotide":[-0.2386735608385835,-0.3611931072555268,-0.12733954848190132,0,-0.5586475680057892,-0.94388304861701,-0.9071402579481007,0,-2.4224174195641943,-4.000392767177648,-5.129357206915559,0,0,-6.923685508275005,-3.068945303627477,-6.182843934017974,0,-8.26717216865828,-7.538791705321537,-8.286181683575796,-3.240947202488358,-2.7673287150282233,-3.3000481123229894,0,-2.0988973074299353,-2.4268247403973437,-1.1150241757415857,0,0,-3.227584929901613,-0.05937354841931608,-2.837777324115523,-2.080882761313987,0,-0.9953295513078033,-1.0466379455021109,-0.5724133163391061,0,-0.9737219950636162,-0.6603998031598861],"activity":[[0]],"dinucleotide":[[0.38321199663074035,0.7071732208183152,0.2167798944197732,0,0.30372188821682977,0.36841913178663566,0.5590763136675805,0,0.6706680849138964,0.5431257078272185,0.4373265617761608,0,0,0,0,0,-0.5834781568635186,0.014237345583222094,-0.621237781907797,0,0.20010183021579175,0.04526606032015934,-0.06124553864941085,0,-0.3421393448513288,0.19721957616922126,0.06382570368504759,0,0,0,0,0,0,1.010472060216859,1.184122901555475,1.2301239844918879,0,1.2452871138904484,1.1617370670724476,1.3904286101841024,0,1.3816689641257351,1.3272005476420619,1.426531161045686,0,0,0,0,0,0,0,0,0,1.8914054079561389,1.7677906728250434,1.883126933065265,0,0.9796837063207899,0.8571438512514913,1.019171290600294,0,1.791489006097315,1.622074634885326,1.7548118540538429,0,0,0,0,1.1479227884133785,1.0678301611869365,1.2596593466176902,0,0.7947544636258481,0.7588426906734878,0.9721965367408778,0,1.1011965154339496,1.073962228079889,1.209635299867049,0,-0.5980777596261451,1.6290944887834335,-0.6613636820646702,0,1.5688768605599974,0.8541669786361261,0.8264687470909147,0,-0.9319025880154008,-0.34447844831668206,-1.7712792194670808,0,0,0,0,0,0,1.22748702396565,0.014628861591420073,0.947138836356018,0,0.08495260048708086,0.36380450021980826,1.4590148488189856,0,0.13019620212607208,-1.2044909310887566,-0.022359444693745623,0,0,0,0,0,0,0,0,2.0135716277691307,0,1.0611581425401986,0.3851222416240061,1.4353310783151536,0,0.7773438022979224,0.30595941027509355,2.162363324586954,0,1.3508869610764154,0.2534198360522524,-0.41596281198880325,0,0.493540674360073,0.15957454644765923,0,0,0,0,0.234118607498913,0,0.5066888696973293,0.14331012020905876,0.14850291276289607,0,0.3195546754391172,-0.04608389831509285],[-0.466344204740738,0.059320326965655035,-0.10940427438707978,0,0.03325022040140313,0.33554186091840066,0.437505867184492,0,-0.07292315231320723,0.17832808514300336,-0.01191925700628449,0,0,0,0,0,0,0.14253596693128578,0.3481674406350135,0.2514201289356883,0,-0.12734789127567758,-0.282862004608182,-0.14949706060416013,0,0.03248831409974606,-0.10411695366972173,0.006846129958637093,0,0,0,0,0,1.2437209609885294,1.4476624933268987,1.336379759621444,0,1.3732184381118557,1.392316062762612,1.4065128590716167,0,1.5394322550411097,1.6127483293285536,1.549028843853236,0,0,0,0,0,0,0,0,0.4982685158452611,0.24539277157334816,0.6285689652121143,0,-0.5836770158351028,-0.86201302963876,-0.445009280102707,0,0.4278017551520037,0.1424525338870719,0.6720731753437708,0,0,0,0,0,0.1676730714589585,0.26074835541109564,0.24778412650487525,0,0.13590290509694825,0.10129627296672084,0.2879170079401394,0,0.5175462784395997,0.4540870539473705,0.5539286828140604,0,0,-0.07086529642683814,0.17631030545984672,-0.17970817686822826,0,-0.6462316065134628,-1.3468563348195746,-1.3077040348807447,0,-0.4112544644036591,0.5680689713585414,-0.2485581684013196,0,0,0,0,-0.32162938901996796,0,-0.018979780823653147,-0.11217217235785126,-0.02608324215128288,0,-0.3308181354627906,0.41265606292373924,-0.1637011185539894,0,0.2003954218745405,0.37342104107536445,0,0,0,0,0,0,0,0,0.22866711400208395,0,-0.4629166189955445,0.40746779667530664,-0.022781739251173327,0,-0.184199465836536,0.4849305742988106,0.2847046237361499,0,-0.10501828399092439,0.22988838251485966],[0,0.07332827139246767,0.19896224422849196,-0.14570880220079552,0,0.1569392749335652,0.15224451698520758,-0.03593577747244936,0,-0.3139655767164893,-0.09585157133758626,-0.19254029441184084,0,0,0,0,0,0.10686361130818511,0.13440148339469538,0.07092932656224349,0,0.10271814887053132,-0.08150470636971541,0.30855227846653577,0,0.39275821736650407,0.18767831694899684,0.4159668942568828,0,0,0,0,0.03787091291755651,0.38153767681393536,0.40731575005998266,0,0.2422079143188265,0.8327847203317296,0.6171239240197517,0,0.8132923128402858,1.215408337457049,0.9755111806469587,0,0,0,0,0,0,0,0,0,0.46620977697709165,0.029932798329122434,0.03976647720764692,0,-0.28965389682661424,-0.5036150743267669,-0.3419733424340414,0,0.22707413707903434,-0.24642719537682822,-0.04927187211080675,0,0,0,0,0,0,0.9725821589315338,0.06492954801391804,0.727710364891001,0,1.1600954074995364,0.33379542166105036,0.8086849994961227,0,0.9750786718981868,-0.16952694633060794,0.6570330004141738,-0.09348958503902605,0,0.20614250686389113,-0.17937487098217542,-0.838140342717681,0,-0.23291324194784124,0.08363775512315019,-0.10231577590017427,0,0.49155364087432796,0.291448490496121,0,0,0,0,-0.05985185837426288,0,0.16930761987434195,-0.045331277505991974,-0.06928195415033622,0,-0.4165062287069614,0.5844949447804644,-0.15241259128564444,0,0.11296146016142261,0.09719065115092018,0,0,0,0],[0,0.24363144894447508,0.09458404398726739,0.17870883706458507,0,0.03370255144084133,-0.2068427936636681,-0.02452242482568856,0,-0.20002128300414057,-0.43719359394778223,-0.2153343401476242,0,0,0,0,-0.10839527139560579,-0.2956009609322696,-0.1673705433307,0,-0.3229161081403591,-0.24631154986337878,-0.3667339951893318,0,-0.1964744964035532,-0.33249427868461146,-0.5544742005843117,0,0,0,0,0,0.050629166320749874,-0.008549918329777917,-0.15837651874934844,0,-0.17509378886386884,-0.3977890503535999,-0.4439911618148278,0,0.3463877863713414,-0.05370270355316187,0.18551900917351993,0,0,0,0,0,0,0,0,0,0,0.4186945026222517,-0.04007573214189719,0.5792793544170056,0,-0.43437188789258485,-0.07921712553524696,-0.23016331333868134,0,0.31131674631964756,0.12003062843524859,0.6392075189917517,0,0,0,0,0.6183212784485654,0,0.043249237826918474,0.5063090233433787,0.5858515000034235,0,0.05583070024299097,0.652177676374067,0.5201443937629531,0,-0.004296930450713887,0.40072262784016033,-0.17299228817837609,0,-0.08560983941731948,0.09710700143181228,-0.4411673545538646,0,-0.46373733382702964,-0.14227551774310676,-0.19190171266181455,0,-0.11078159304359492,0.20997535572682668,0,0,0,0],[0.16127432028901856,-0.07054536743759998,0.04261803408554998,0,-0.07923395713347903,-0.07616625643650421,0.08018532465479344,0,0.035004732202735145,-0.11511498213597404,0.010985125474241908,0,0,0,0,0,0.1104041834430678,0.07953768021184526,-0.021309143297204347,0,-0.023706863387961796,0.00973272086745336,-0.08060255542881789,0,-0.16023825123709745,-0.16408948400458634,-0.33523979210067667,0,0,0,0,0,0,-0.7154410042332566,-0.09763289547319154,-0.538373271247889,0,-0.07718534234922103,-0.14106309582621623,-0.3056623572292505,0,-0.39694560189828465,-0.013683286431389163,-0.46141828016475017,0,0,0,0,0,0,0,0,0.12330300424018681,0,0.12244602476811117,0.10200896490013811,0.04421451390685949,0,0.14183385361954093,0.032176313512534804,-0.28866985720826577,0,0.0467452402326618,-0.13679339557093328,0,0,0,0,0.5134059336090786,0,0.5045245730612358,0.22051799122540316,0.3896760253779137,0,