{"modelSettings":{"letterOrder":"ACGT","bindingModeInteractions":[],"bindingModes":[{"fitLogActivity":true,"flankLength":0,"singleStrand":false,"size":10,"dinucleotideDistance":0,"componentName":"Binding mode 0","positionBias":false,"modifications":[]},{"fitLogActivity":true,"flankLength":0,"singleStrand":false,"size":10,"dinucleotideDistance":0,"componentName":"Binding mode 1","positionBias":false,"modifications":[]}],"letterComplement":"C-G,A-T"},"coefficients":{"bindingModeInteractions":[],"bindingModes":[{"mononucleotide":[0,0,0,0,0,0,0,0,0,0,0,0,0,0,0,0,0,0,0,0,0,0,0,0,0,0,0,0,0,0,0,0,0,0,0,0,0,0,0,0],"activity":[[-11.77719831653407]],"dinucleotide":[],"modifications":[]},{"mononucleotide":[-0.46349196137307835,-0.7163937415589121,-0.8401647378886015,0,-1.8644256212388801,-2.7246073456428914,-3.1682131289025874,0,0,-5.400545777548208,-2.053063024712785,-4.257001429847369,0,-5.424958183565574,-5.038632624280446,-4.899975222325139,-2.6307300507089235,-2.4573550110329916,-2.623040159260411,0,-1.3102242943834508,-1.2958931186354299,-1.2017192575130284,0,-0.08760662304811184,-2.3249624021468196,0,-1.9051505098447232,-0.8784776211943051,0,-0.2964102146168468,-0.4189813991856184,-0.6597041422365386,-0.1643596179418072,-0.8212270450730941,0,-0.5126637216413066,0,-0.19784872573650336,-0.1286589134065288],"activity":[[0]],"dinucleotide":[],"modifications":[]}]}}
