{"modelSettings":{"letterOrder":"ACGT","bindingModeInteractions":[],"bindingModes":[{"fitLogActivity":true,"flankLength":0,"singleStrand":false,"size":10,"dinucleotideDistance":0,"componentName":"Binding mode 0","positionBias":false,"modifications":[]},{"fitLogActivity":true,"flankLength":0,"singleStrand":false,"size":10,"dinucleotideDistance":10,"componentName":"Binding mode 1","positionBias":false,"modifications":[]}],"letterComplement":"C-G,A-T"},"coefficients":{"bindingModeInteractions":[],"bindingModes":[{"mononucleotide":[0,0,0,0,0,0,0,0,0,0,0,0,0,0,0,0,0,0,0,0,0,0,0,0,0,0,0,0,0,0,0,0,0,0,0,0,0,0,0,0],"activity":[[-11.340825336180844]],"dinucleotide":[],"modifications":[]},{"mononucleotide":[-0.41326735357483535,-0.542123940175068,-0.8633179893611297,0,-3.126903450591688,-4.559819520646666,-5.188305428297509,0,0,-7.139243341234104,-2.8185567986765525,-5.1632264191831165,0,-9.263245347607377,-7.320381001436963,-9.055475109832338,-7.721132395476865,-4.016394737979793,-3.5759535168723624,0,-2.5690087254662526,-3.016058935656537,-2.716924388525077,0,-0.34840854525989184,-4.876258781327822,0,-4.325647128023828,-1.6776643805121592,0,-0.9174385078726717,-1.7969316145672314,-0.25220789522323095,-0.12441682514681185,-0.8910647721284249,0,-2.0129469149856427,0,-0.7696546984391663,-0.6723295776243743],"activity":[[0]],"dinucleotide":[[0.022300007250480203,0.7751356889180245,0.18845747252704204,0,0.16803965804284227,0.4825594223712839,0.7268644315499193,0,0.6188287917657389,0.7313837664750524,0.4878299110752726,0,0,0,0,0,0,0.5443015056928129,0.4120637682726116,0.9331572637879617,0,-0.2850462551217987,-0.42271128676211234,-0.012789233777583675,0,0.8057957130746516,0.9891946213100349,0.874633506123196,0,0,0,0,0,0,0,0,0,1.0635855134523435,-0.10693304568200546,0.8547995236327512,0,1.1750567435569224,-0.0806228666507689,0.9331424446163439,0,0.056658101991171606,-1.2628773328372134,0.9854144809622749,0,0,0,0,0.7534433840480688,2.5323479084552947,2.8650202075813116,0,3.6936447493380378,3.069848951410737,3.5337015337627964,0,1.3779988700106642,2.299255770006285,2.5976979486054255,0,-1.222192021808299,0.9520239128566548,-2.190388162215804,0,0.5409952058052703,1.2053625603867015,-0.4392635419994946,0,-0.9988216405398163,0.4655088737380053,-1.7815708785278144,0,0,0,0,0,-0.05949650108497462,2.1170175886490217,0,0.7616471009378056,0.7098314957964229,-0.7145773911794819,0,-1.4072872663028662,0.7863314118304872,1.1539024002683291,0,2.131419068732673,0,0,0,0,-0.8769715384039207,0,0.2852028567538265,0.3985518133303232,0.2676500821524197,0,1.738340007906591,1.871573399000778,0,0,0,0,0.17479249367822725,0,1.1328578744678701,0.34289927082966365,-1.870452967494304,0.10926502684534078,-0.7888333828464491,0,0,0,0,0,-0.649388186526312,-0.38939071325681507,-0.12465074943682275,0,0.09094913029549412,-0.13794805849352998,0.39717340952784097,0,-0.49756469414036664,0,0.3959752365290192,0.147976324087558,0.015620165607718839,0,-0.11456302770158633,0.16908703451718043,-0.04911069806357249,0,0.3333746698909954,0.10781242421333159,0,0,0,0],[0,0.9533430682224466,0.12460898896975392,0.4125147261267852,0,0.4753648096594283,-0.1243304011538151,-0.14317147242716022,0,0.4521385192509504,-0.36023561178422936,0.034607229219179914,0,0,0,0,0,2.4842597819696266,0.6153247882529875,2.761720866161454,0,1.0720463460151244,-0.47257761402514475,0.254716266825449,0,1.3125093600679758,0.0636751510928022,1.0563684870167318,0,0,0,0,0,0,0,0,4.32588582100245,1.1045210379746084,1.8086413237537204,0,0.507352967262193,-1.4357424081034216,-0.22413336595068678,0,8.057096945689674,1.172815955947069,2.187170132707358,0,0,0,0,0,0.9817559579407469,0.8619746285204393,0.31049116452149583,0,-0.8971290062067592,-0.46080726824197704,-1.0442137105604967,0,1.6225347500003497,1.3100726442134096,0.9605356625454036,0,0.2172492333594418,3.8060189881255457,0,5.15017983731475,-0.014413389786119168,0.538589665298085,0,0.27524819656880517,-0.1273936561852329,0.7923732658606539,0,1.0484078677145448,0,0,0,0,-0.2719126050584677,0,0.06966525048788519,-0.295604683526939,0.807668107271788,0,-1.337585725980412,-1.195643857584395,0.026464782123623465,0,0.8559089539068943,-0.28808817281673615,0,0,0,0,0.10997881364080242,0.26427346935418583,0.23107381967853735,0,-0.19480742436092058,-0.17662987930518526,-0.5394902227060161,0,0,0,0,0,0.5649562497018152,0.3592472098060151,0.40050494532276026,0,-0.06364232080026078,0,0.4525693956907626,-0.4773898625335109,0,0,0,0,-0.12160561062140873,0,0.28188958293536115,0.04353536417310755,0.22864618112583557,0,0.15699826408398687,-0.2134689020299576],[0,0.7134491257508824,0.3874895113257004,0.5282822652645702,0,0.26385048164993563,0.07172968390864387,0.4385146105925788,0,-0.8591254676640254,-0.052379562369061716,-1.3890617938026928,0,0,0,0,1.7042399654739615,0.2911174062966442,0.8102644184213634,0,3.0846826603938204,0.5525865726292771,1.2362242437377304,0,2.9421864287031916,1.055155047670647,1.587236514876281,0,0,0,0,0,0,0,0,0,-0.00627188978861426,-0.26838723185817415,-0.38929659301623687,0,-0.28756741526348417,-0.28495651660710486,-0.009662579189976483,0,0.07379087146107288,-0.6117663380367979,-0.27497015468154373,0,0,0,0,0,0.10465573229596892,1.1585672404180958,0,1.0896449549118845,-0.0775325401680167,-0.06131237482813923,0,0.7017223071502272,-0.25181767310353464,0.7678316666730538,0,-0.3867408396377492,4.969724678152295,0,3.290724273904125,1.650278660477242,-1.2511171618750279,0,-1.7176553559110044,0.5544466635242555,-0.027292220536813794,0,-0.9616540978757255,0.22642336814002295,0,0,0,0,0.21246469336302187,0.508864576487031,0.33420832266252454,0,-0.7253898810809702,0.01912079197034977,0.060458213032703156,0,-0.48003521178778374,0.006311542783438373,0.31203513781676895,0,0,0,0,0,-0.12531241852531805,0,0.130184935169525,-0.06449683891652613,-0.0857076369684755,0,-0.5517002757053255,0.5480129203453554,0,0,0,0,-0.03167920425188697,0,-0.04379941102861551,-0.06914090598656397],[-0.2662296331290346,0.1339283799826143,-0.2476895522496778,0,-0.016399598061243026,-0.015690329742881204,-0.3145646075650985,0,0.6447846073293952,-0.15115740429476787,-0.22109439751019266,0,0,0,0,0,-0.3009948964785165,-0.23895785013040438,-0.13212156157254284,0,-0.5180527834815507,-0.2892584289419382,-0.49326964548708574,0,-0.4386811314336292,-0.3710109839096827,-0.5418283473416352,0,0,0,0,0,0,0,0,0,0.7340484965448741,0.5528123686551414,0,1.0738063874931072,0.019475809058806526,-0.13420948959421697,0,-0.258568616987894,-0.2269838836013749,-0.20729287169934452,0,-0.2300784683085837,0,0,0,0,-0.48466775879067825,0,-0.8651872551216293,2.6044536689817193,1.1644673228021052,0,1.0731137203687737,0.9757522554468583,-1.2104594275467626,0,-1.0743838286375755,3.4501042056035836,0.70302959535013,0.39847185093612936,1.4777585046550135,0,-0.5193626192787608,0.023379281163801835,-0.1178070230263284,0,-0.5501270613241931,0.15622659658364224,-0.406315442320647,0,0,0,0,0,-0.05223968643520216,0,-0.15214435175287644,0.15317306037385858,-0.43232946457405586,0,-0.4275680522290264,0.020273581232781446,-0.16730678640793606,0,-0.14879451263394472,0.1836343523629962,0,0,0,0],[0.3416076388423024,0.09008805829162103,0.3026956247207959,0,-0.0992527957300453,-0.02027989550555409,-0.09344162775378884,0,0.020004636844896062,-0.0967116114077422,0.016159381343887613,0,0,0,0,0,-0.03560284187402729,0.07249756331303381,0,-0.02725999069194973,0.06237852873175598,0.11268413566551239,0,0.2256067611871888,0.06424605019658003,0.10318201853766595,0,0.1851235232781967,0,0,0,0,0,0,0,0,0.6372391176509904,0,0.020653018921121813,0.6801441132969082,0.14100328289529251,0,0.045507282997818255,-0.16413854459509647,-0.3395517957415741,0,-0.34165629806333,0.287449516269338,0,0,0,0,-0.8504393191126773,-0.0495013535901947,-1.1922625586551767,0,-0.26790764172330217,-0.19699394330897846,-0.2610527684017274,0,-1.196784826797865,0.2971842017902322,-1.9246244181643863,0,1.419098540775801,0,-0.30052578106331396,0.6603319526018288,1.1329927673911762,0,0.3459691495457049,0.7534818096704701,