{"modelSettings":{"letterOrder":"ACGT","bindingModeInteractions":[],"bindingModes":[{"fitLogActivity":true,"flankLength":0,"singleStrand":false,"size":10,"dinucleotideDistance":0,"componentName":"Binding mode 0","positionBias":false,"modifications":[]},{"fitLogActivity":true,"flankLength":0,"singleStrand":false,"size":10,"dinucleotideDistance":0,"componentName":"Binding mode 1","positionBias":false,"modifications":[]}],"letterComplement":"C-G,A-T"},"coefficients":{"bindingModeInteractions":[],"bindingModes":[{"mononucleotide":[0,0,0,0,0,0,0,0,0,0,0,0,0,0,0,0,0,0,0,0,0,0,0,0,0,0,0,0,0,0,0,0,0,0,0,0,0,0,0,0],"activity":[[-11.56235562813695]],"dinucleotide":[],"modifications":[]},{"mononucleotide":[-0.3014066916284097,-0.35248352140806904,0,-0.1282073112081017,-0.28998549975420485,-0.7194291144340186,-0.9832936242274943,0,-2.6383786060112264,-3.646744717426434,-4.383961679755704,0,0,-6.542793261362153,-2.9020395569981927,-5.910733976888867,0,-7.2284416246277505,-6.22007505652055,-6.623636647898291,-3.1435751817770443,-3.3385133906397906,-3.2940025859127333,0,-1.757042591207422,-1.6787791296003833,-1.5520905624747412,0,-0.13668458735666977,-2.78801605010696,0,-2.1526635177803826,-0.6965526021191772,0,-0.06814763538886837,-0.3799762070571484,-0.7500027584082307,-0.13235931771024667,-0.9360419165691773,0],"activity":[[0]],"dinucleotide":[],"modifications":[]}]}}
