{"modelSettings":{"letterOrder":"ACGT","bindingModeInteractions":[],"bindingModes":[{"fitLogActivity":true,"flankLength":0,"singleStrand":false,"size":10,"dinucleotideDistance":0,"componentName":"Binding mode 0","positionBias":false,"modifications":[]},{"fitLogActivity":true,"flankLength":0,"singleStrand":false,"size":10,"dinucleotideDistance":10,"componentName":"Binding mode 1","positionBias":false,"modifications":[]}],"letterComplement":"C-G,A-T"},"coefficients":{"bindingModeInteractions":[],"bindingModes":[{"mononucleotide":[0,0,0,0,0,0,0,0,0,0,0,0,0,0,0,0,0,0,0,0,0,0,0,0,0,0,0,0,0,0,0,0,0,0,0,0,0,0,0,0],"activity":[[-13.127099601793834]],"dinucleotide":[],"modifications":[]},{"mononucleotide":[-0.29778389537355077,-0.1895818831330902,-0.15015402259345612,0,-0.5321061542413923,-1.0245148909832706,-1.0143588968806143,0,-2.4886702796122306,-4.008167094453697,-4.512255463650723,0,0,-6.900375411300489,-2.78237542227205,-6.102537844620237,0,-8.148407250896796,-7.594390521643232,-7.908747938065522,-2.569698374995767,-4.245736485817911,-1.9627081658471908,0,-1.8963489661224133,-2.1597600976734577,-2.0770045427278423,0,-0.981712871424127,-2.747124885074156,0,-2.1852836667466726,-0.3893993850836912,-0.36448922658801886,0,-0.7208269650291372,-0.3535492185994169,0,-0.3083400417543176,-0.1448695159236335],"activity":[[0]],"dinucleotide":[[0.02603234836288726,0.58310767733317,0.11558909644085702,0,0.157047061491991,0.3061724481929997,0.38224549785221695,0,0.4606433188175072,0.42168134760330345,0.15424516613595207,0,0,0,0,0,-0.41903278342049877,0.11624671713721924,-0.694587386525388,0,0.24141307884983654,0.04018933220019427,-0.30739610411326446,0,-0.17537446157685732,0.2905604743216301,0.12056667276658395,0,0,0,0,0,0,0.7447167304300812,0.9660007536958801,1.1280240047275019,0,0.9477257968249315,0.7760537681581408,1.0141827885004115,0,1.2310984351721306,0.9259665186559456,1.5400234529773194,0,0,0,0,0,0,0,0,0,1.8872587721553913,1.6843378440543049,1.823277964471309,0,0.9784526509036269,0.7128159084174044,0.9777167823058797,0,1.5582741510413047,1.3317095247517692,1.4626940178116872,0,0,0,0,0.974574050842314,0.842052439936344,1.0567427712947097,0,0.9475437008894154,0.842701421905538,1.106054685038723,0,1.0583777422258773,0.9020273378046078,1.151114760678805,0,-0.6951143187027444,1.2037307940398216,-0.7726167726268294,0,1.3083207678282474,0.44047881407446177,0.6181579878128893,0,-1.5361866732281637,-0.8995346400500024,-2.0000438988489186,0,0,0,0,0,0.22927840239759778,1.0857550276697898,0,0.9025178956958415,-0.19695188918572004,-0.24041759641794247,0,0.9547487812004514,1.3088000339644843,1.326184195534224,0,1.1402083265872394,0,0,0,0,-0.5248460142212057,0.8502849274851396,0,0.5483367318852381,0.3569006717890906,-0.23815520972074022,0,0.054176587718461455,0,0,0,0,0.23245110931095603,-0.4174164500863693,0,-0.4328888776290736,-0.6514117572567257,0,-0.1331448409041922,-0.004595731896574584,0.18776413196372888,0,-0.20624471503703612,0.0885132409221363,0,0,0,0,-0.07391015375245535,0,-0.32111208699443194,-0.09830108322430586],[-0.33833356912565016,0.22427332193965732,-0.3893341929717522,0,0.029424376996944446,0.27163867696640187,0.03163342382001311,0,-0.17025518238499604,0.1275085856913325,-0.22243588784461465,0,0,0,0,0,0,0.8016379890187295,0.4490415020587699,0.6602612354198403,0,0.21587964040696406,-0.16574873765098452,-0.2812043830595403,0,0.25675372307898847,-0.09669896882148876,0.10441791150405777,0,0,0,0,0,1.4923435800386589,1.6074593814964473,1.3497107526296386,0,1.521635599153365,1.5504550313221444,1.360356802774973,0,1.7481623231916465,1.9350931280580497,1.5553168827684622,0,0,0,0,0,0,0,0,0.2040858576930038,0.3223798997331322,0.20026018461843087,0,-0.8924667432798685,-0.6417685101655195,-0.8762403047698264,0,0.011399133661974759,-0.1706931781761174,0.01679830767651147,0,0,0,0,0,0.4796288751699844,0.6751803714051778,0.6390199983821105,0,0.2739363583733869,0.231113714036848,0.4304397350791884,0,0.7313926180805197,0.6256529557759123,0.9116401696362821,0,-0.20730902961855602,-0.1662522803977211,0,-0.1589836690597366,1.4211928425122156,0.8747082749850055,0,0.031082290568201998,-0.4448200362902748,-1.0138125844897115,0,-1.027106117319315,0,0,0,0,-0.3424475628547734,-2.535811724895254E-4,0,-0.030773512479927767,0.3740140505118248,0.3089906630588102,0,0.766657777102723,-0.34648667490611196,-0.21448223506906938,0,0.05339316765190372,0,0,0,0,0.032581690774170724,0,0.13845222236587462,-0.31788989204178275,-0.0581230755818245,0,-0.2134999620571092,-0.06109869479403063,0,0,0,0,0.19207311465894872,0,-0.1264911474667878,-0.2272127409095086],[0,0.1384135168863896,0.1692396448251099,-0.09755330161258513,0,0.11999348417464084,-0.08775922713182904,0.14986917999497962,0,-0.4112033444666974,-0.05630715109244111,-0.04453048261408021,0,0,0,0,0,0.2814374969966522,-0.13772572203431643,0.2003561872826065,0,0.33561755328130793,-0.04494448905888504,0.3569076193566829,0,0.37795271393110674,0.15637420210289577,0.30777026381386463,0,0,0,0,-0.042612736497261494,0.3366862486741038,0.24740660869152187,0,0.16256077647325107,0.6472270143375702,0.4163040456408229,0,0.21175555218811937,1.060512139491161,0.655561975206723,0,0,0,0,0,0,0,0,0,-0.033769029156374586,-0.0628530998076009,-0.08197627469983182,0,-0.3008651341438835,-0.5858081544796025,-0.29926364594654675,0,0.08747881572687177,-0.2294239103666964,-0.214550231566637,0,0,0,0,0,0.08242511661297058,0.9438405966291619,0,0.5987115137566104,0.20127291914515943,0.9658009177623406,0,0.5959701523758465,0.30330446523530163,0.9402598176664352,0,0.5833941523499035,-0.2094984645634712,0.04132222013535003,0,-0.37271378821290035,-0.5172830951865386,0.3575684056529269,0,0.39489553116716714,-0.41059299914959624,-0.24345445299975044,0,-0.03692017158791039,0,0,0,0,-0.15408614171166768,0,-0.12417265915983844,0.04411191153088012,-0.17528224793213898,0,-0.4961928025165152,0.5283579797430296,-0.06474025994580046,0,-0.020368932655031813,0.0551771403795156,0,0,0,0],[0,-0.014997466011493543,0.11932810382404391,-0.024574168235588445,0,-0.18872358171362968,-0.344469891503131,0.04864826345237283,0,-0.5295841052479346,-0.24546905307857791,-0.2667748064561515,0,0,0,0,-0.2560168370062277,-0.16023464814312938,-0.15630892316425626,0,-0.33427282538732594,-0.14849540563240105,-0.29242319996568966,0,-0.30720391885224263,-0.2671132997980159,-0.40317982291818577,0,0,0,0,0,0.06818968029329042,0.013672789036594857,-0.1283197694070095,0,-0.2219458186199219,-0.3171714693092369,-0.392582804900913,0,0.16144491384182125,-0.17367014977125095,-0.04021011001649555,0,0,0,0,0,0,0,0,0,0.12947120322977845,0.37075365950017947,0,0.8402824793819743,0.12054608213696572,-0.6594870756255578,0,-0.404109371721848,0.3023358056528078,0.2240928644414737,0,1.2299447919759903,0,0,0,0,0.4429729301076044,-0.20876285736327382,0,0.3566193815705816,0.6281650463976582,0.13325638259520112,0,0.730325561646878,0.2678182949350294,0.046369373233094535,0,0.2901503160519354,-0.35928907769361995,0,-0.37688099628024396,0.10659748123131418,-0.4427311232717903,0,-0.5384130586442541,-0.01709939009883321,-0.1623875046013632,0,-0.4430250210691735,0.26944255719655885,0,0,0,0],[0.22159093302411925,-0.039056754658570725,0.09884122249887195,0,-0.04400044544090154,-0.1991328059521127,-0.13931831079643509,0,0.1958488435807535,-0.051230087509459565,-0.013275590306233376,0,0,0,0,0,0.028245769283246958,0.18197804905885473,0.11738161115249923,0,-0.06899798355792708,0.0887291881869059,0.06472015896746619,0,-0.026732844277579382,-0.021539695907291545,-0.012713048143782046,0,0,0,0,0,0.2928899163542331,-0.5580987059709557,0,-0.4469502007095638,0.2661355547303881,-0.2929965736285727,0,-0.43902050269617554,0.18462061932870988,-0.34200763005213375,0,-0.7071058652167217,0,0,0,0,0,0,0,0,0.10694978063714622,-0.0016179762416417276,0,0.4824760916172277,0.06452805180067234,0.04180002635897573,0,0.11625732787338805,0.21904780089809606,0.5218129297470444,0,0.2720882814066403,0,0,0,0,0.32402528303490463,0,0.5184472706712517,0.2862633819028524,