{"modelSettings":{"letterOrder":"ACGT","bindingModeInteractions":[],"bindingModes":[{"fitLogActivity":true,"flankLength":0,"singleStrand":false,"size":10,"dinucleotideDistance":0,"componentName":"Binding mode 0","positionBias":false,"modifications":[]},{"fitLogActivity":true,"flankLength":0,"singleStrand":false,"size":10,"dinucleotideDistance":10,"componentName":"Binding mode 1","positionBias":false,"modifications":[]}],"letterComplement":"C-G,A-T"},"coefficients":{"bindingModeInteractions":[],"bindingModes":[{"mononucleotide":[0,0,0,0,0,0,0,0,0,0,0,0,0,0,0,0,0,0,0,0,0,0,0,0,0,0,0,0,0,0,0,0,0,0,0,0,0,0,0,0],"activity":[[-12.497355927144167]],"dinucleotide":[],"modifications":[]},{"mononucleotide":[-0.3707905261705533,-0.5815761383132849,-0.21148443165298003,0,-0.5134916852739813,-1.1285686598061786,-1.2396799479580762,0,-2.887937053002263,-4.658801265683669,-5.486140814787619,0,0,-7.590847731213643,-3.5131300555467115,-7.81296564362507,0,-9.30589635544479,-9.747880649104555,-8.631982470660741,-3.362128993601001,-5.144862267112151,-2.7296654141685526,0,-2.3172670886311018,-2.8655028805837954,-2.3872005817703332,0,-0.5221478896385618,-3.4431393736621567,0,-2.7168657116652675,-0.6017022259348637,-0.36691971180028116,0,-0.9264487667511796,-0.6222331317450194,0,-0.5269924002324831,-5.760038169269066E-4],"activity":[[0]],"dinucleotide":[[0.16658960057046235,0.6595485357246202,0.08789139208012653,0,0.2013375646780564,0.35503517457842815,0.46940609790472454,0,0.6281667547220513,0.6165657216833913,0.3310363563378109,0,0,0,0,0,-0.5595285297596666,0.03629141222076804,-0.5422734280128836,0,0.23981658152798735,0.06644539883838263,0.13663442770856804,0,-0.20591904960013618,0.20392332971810667,0.44082040362010666,0,0,0,0,0,0,1.0529231534104166,1.357610977813244,0.8873899233725151,0,1.3631217248728706,1.3448397955851883,1.1229286505853704,0,1.2844141435527856,1.702434469891469,0.9372742246158428,0,0,0,0,0,0,0,0,0,2.118007478106705,2.2222243268659945,1.91447462701505,0,1.1635213812882519,1.7691060697960346,0.8942655492185381,0,1.3574816611095386,1.1067506436546175,1.0944620826032718,0,0,0,0,0.6995698796769432,1.5156674062762043,1.2032599979430092,0,0.5017614923979821,1.4393986752252097,0.9962448785506783,0,0.5929222648580854,1.160457783850294,0.9815166467752778,0,-0.36417946700795767,1.8223681462155437,-0.46527695157941196,0,1.9722002742093396,1.1061041066494823,1.128166160492336,0,-0.8757803867082359,-0.20391015217944997,-1.7473919695987323,0,0,0,0,0,-0.21396923152507785,1.289652640360015,0,1.0466347888717387,-0.4376835017282579,-0.054217155102090686,0,1.353493455574398,1.0480136808672418,1.483573641177105,0,1.2344409253163349,0,0,0,0,-0.6756048444079745,0.8335696879907952,0,0.549042656359505,0.38053718713768125,-0.2926418862851454,0,0.03324216254258339,0,0,0,0,0.2184983675548935,-0.4514871644443179,0,-0.4575450328669417,-0.6480901742841843,0,-0.08146685605408344,-0.027578790091122407,0.18771321546504893,0,-0.3017637657679395,0.15735957636599895,0,0,0,0,-0.008308678980036177,0,-0.26932952169731417,-0.13418023990224004],[-0.4526020313474737,0.09550140563627352,-0.4224856527679144,0,0.08048224607122734,0.45439560599128015,0.214775522143146,0,-0.12248363575852483,0.19900383300090851,-0.25978154662457165,0,0,0,0,0,0,0.48457908932966554,0.4433628583234728,1.3442646252679804,0,0.1289172001597212,-0.1559893775075718,0.29751346942879486,0,0.21161038410581057,0.10487894252692431,1.0327086526783944,0,0,0,0,0,2.3704330329947982,2.827670897083129,2.414137743521918,0,1.706673179429874,2.2931861034363656,1.6231430922088865,0,2.6639788012263956,3.832973648858058,2.5544780376422977,0,0,0,0,0,0,0,0,0.9688707888674344,0.7230292285359408,0.7521799658082795,0,-0.28550482075958783,-0.26014512524619704,-0.28742109410445593,0,2.2009528020279348,0.9057496639757812,1.4581774496709894,0,0,0,0,0,0.7814592511374947,0.8432771576790277,0.6145681690108091,0,1.5581361481160592,0.9459477238846841,0.5940601515911936,0,1.9620553655343969,1.2554642056902718,1.9659492180111897,0,-0.34797884975255267,0.33016717904293813,0,-0.08263523492717262,1.274678995457327,0.8195643895473355,0,0.07780370722931984,-0.7035869847458383,-0.7373054975128035,0,-0.628194296394259,0,0,0,0,-0.25766125935988526,0.04072608411619605,0,0.07647636643109124,0.36830342685609185,0.37500438551469273,0,0.9459585930830707,-0.3156773469228442,-0.16470062617443393,0,0.2066625528305206,0,0,0,0,0.010818064650775838,0,0.23072190398604953,-0.43583719221199235,0.08144711576543218,0,-0.16123427458828266,-0.06307164977334168,0,0,0,0,0.3123895623005364,0,0.09211589056225833,-0.26720471176230287],[0,0.09115045413413903,0.16671839190764004,-0.057363143913020664,0,-0.023750324994747274,0.10152501587312335,-0.04806310524773849,0,-0.3599079502756197,-0.1044605315864855,-0.3821039179718362,0,0,0,0,0,0.16875539454039234,0.4904527706971198,0.16335177387752076,0,-0.3037743824725805,-0.456421314063542,0.0494038903083176,0,0.024008036265378507,0.2933967379428353,0.11834111097288513,0,0,0,0,0.44475388630565504,0.8656956374950227,0.7823006455791557,0,0.6990737940598688,1.301222788806939,0.8123463133376347,0,1.1402417108905443,1.6807959400966048,1.3536346567332416,0,0,0,0,0,0,0,0,0,0.19253063109783142,0.350331763751635,-0.01603864570851954,0,-0.09693210202716251,-0.2693122579729348,-0.19754532809447767,0,0.22883827774593968,0.7534821646777008,0.20934799862176234,0,0,0,0,0,0.3704562195634633,1.6617557981725533,0,0.9106174292667397,0.9305889671901024,2.113180833684865,0,0.9879675764677387,0.08446232812826615,1.6934200801820651,0,0.5265519821415303,-0.10726588014520955,-0.005114112224644529,0,-0.25601083382326983,-0.620043826368466,0.2882427043236584,0,0.47307339243799973,-0.5738335157744459,-0.31484057695286616,0,-0.05714875610153758,0,0,0,0,-0.057679164660129345,0,0.1518477893154646,-0.0533355767432111,-0.0355043254210452,0,-0.29316799316130915,0.5788777634178679,-0.10461203764007632,0,0.006368023936913048,0.05610226327573198,0,0,0,0],[0,0.15394876772206878,0.013863417983015935,-0.3107679531841985,0,-0.14992032718398463,-0.2190087745368139,-0.39168838772176784,0,-0.2071185725367748,-0.3611796720302607,-0.6405371688239399,0,0,0,0,-0.12739036887154187,-0.1770051147294307,-0.04888011439220641,0,-0.1954074226321314,-0.014409648850548962,-0.2632598576321574,0,-0.08435296479714793,-0.023013592588331022,-0.2888270815690337,0,0,0,0,0,0.1261995885084204,0.22264883311780004,0.05053106695287202,0,-0.11631608598644938,-0.15873852067645444,-0.3656091151253005,0,0.6363277703318442,0.3415893487183297,0.47226157755677356,0,0,0,0,0,0,0,0,0,0.201433036593885,0.8362630104516349,0,1.8883437798225913,0.03955679795624478,0.007281336800451399,0,0.16865874084302845,-0.09683120641082432,0.9896519445285712,0,2.8703349312821693,0,0,0,0,0.9120168388885208,-0.17891629961473043,0,1.3667404641875542,0.7168516220235457,-0.5447126242721474,0,2.114384761021263,0.7279658262532305,-0.13862626809784473,0,1.0644890706781425,-0.04415924481658573,0,-0.04681277408433182,0.06119264256097168,-0.3442549098336727,0,-0.3218075001881644,-0.10220481070747223,-0.08462117373825784,0,-0.09541017199011304,0.13657334589373882,0,0,0,0],[0.20369793522409285,-0.10130381650292719,0.17075240477137132,0,-0.07283785280094213,-0.050071561547513355,0.12634213448485188,0,-0.02537522728095265,-0.12014733907787267,-0.01881021923861592,0,0,0,0,0,0.06573142216291039,0.13414349034941608,0.1453006378759305,0,-0.06368633338878826,-0.007354782954687611,-0.09431595329969955,0,-0.0783981947743877,-0.03094092925415648,-0.10302902870775998,0,0,0,0,0,0.02987117621494484,-0.004917659926196194,0,-0.20989871850287933,0.19899738676407175,0.3947803199677198,0,0.21401632982161978,0.029395340840338235,0.3102565551083245,0,-0.14426917524604654,0,0,0,0,0,0,0,0,0.017070056709746595,0.303465762000819,0,0.39246769353127675,0.028426610612196868,-0.016293801715363543,0,0.14883782866714323,0.4082587744816575,1.2249219331582077,0,1.003511235386287,0,0,0,0,0.26566550789329213,0,0.39937865238838555,0.667343361692442,-0.36742497704515387,0,