{"modelSettings":{"letterOrder":"ACGT","bindingModeInteractions":[],"bindingModes":[{"fitLogActivity":true,"flankLength":0,"singleStrand":false,"size":17,"dinucleotideDistance":0,"componentName":"Binding mode 0","positionBias":false,"modifications":[]},{"fitLogActivity":true,"flankLength":0,"singleStrand":false,"size":17,"dinucleotideDistance":0,"componentName":"Binding mode 1","positionBias":false,"modifications":[]}],"letterComplement":"C-G,A-T"},"coefficients":{"bindingModeInteractions":[],"bindingModes":[{"mononucleotide":[0,0,0,0,0,0,0,0,0,0,0,0,0,0,0,0,0,0,0,0,0,0,0,0,0,0,0,0,0,0,0,0,0,0,0,0,0,0,0,0,0,0,0,0,0,0,0,0,0,0,0,0,0,0,0,0,0,0,0,0,0,0,0,0,0,0,0,0],"activity":[[-7.071167218395148]],"dinucleotide":[],"modifications":[]},{"mononucleotide":[-0.029597124541851372,0,-0.0607713106868939,-0.07821092414000397,0,-0.026790888344159214,-0.019563773935548312,-0.09969278078365562,-0.17732029418702844,0,-0.15016717809350766,-0.06082838268158319,-0.14575055589895847,-0.07417887708725068,-0.07959518907720309,0,-0.5954696635287835,-0.7941694369024601,-0.680533473485994,0,-1.4284723870524196,-2.2445419321239033,-1.846750274409743,0,0,-3.4588146270672455,-2.2342049351327242,-0.9419737769226888,0,-4.580171185074839,-3.640475235824666,-5.144681112240798,-2.8518750196564753,-1.3409177933432455,-1.9908522204704555,0,-1.0809378284740339,-1.4435358502052118,0,-0.3147655573132351,-0.20052820406922223,-1.80297801180481,0,-1.0203367918781465,-0.9876390836030673,0,-0.5562289469181803,-0.6083569392542163,-0.547885256287584,0,-0.5572860903282386,-0.04071256812951596,-0.3607167972649368,-0.22070179445800875,-0.42434579770845104,0,-0.3303480795321079,-0.2619687584152768,-0.48406159402303217,0,-0.09119193948869686,-0.1511319480509279,-0.24545202286114076,0,-0.0669921788847141,-0.016538393351535063,-0.0861012528227505,0],"activity":[[0]],"dinucleotide":[],"modifications":[]}]}}
