{"modelSettings":{"letterOrder":"ACGT","bindingModeInteractions":[],"bindingModes":[{"fitLogActivity":true,"flankLength":0,"singleStrand":false,"size":15,"dinucleotideDistance":0,"componentName":"Binding mode 0","positionBias":false,"modifications":[]},{"fitLogActivity":true,"flankLength":0,"singleStrand":false,"size":15,"dinucleotideDistance":0,"componentName":"Binding mode 1","positionBias":false,"modifications":[]}],"letterComplement":"C-G,A-T"},"coefficients":{"bindingModeInteractions":[],"bindingModes":[{"mononucleotide":[0,0,0,0,0,0,0,0,0,0,0,0,0,0,0,0,0,0,0,0,0,0,0,0,0,0,0,0,0,0,0,0,0,0,0,0,0,0,0,0,0,0,0,0,0,0,0,0,0,0,0,0,0,0,0,0,0,0,0,0],"activity":[[-9.297143964266889]],"dinucleotide":[],"modifications":[]},{"mononucleotide":[0,-0.6891777554705456,-0.8062536635324147,-0.23255982808000297,0,-0.7068443826863007,-0.8298377077676822,-0.4303188173491872,0,-0.6686547540859369,-0.48535666561718394,-0.1457823904756932,-0.04427725037969488,-0.5398409713623362,-0.10489660601964879,0,-0.11411506602552635,-0.6746103466151823,0,-0.45263433535904696,-0.5117396107378731,-0.5784155880995652,0,-1.1402366266028636,-1.3035713009424832,0,-1.950917856481773,-0.21199803592446287,-0.2630519416644397,0,-1.6910022231007211,-1.126253002471051,0,-2.4352280582916377,-1.628587710043492,-3.8167088675738823,-6.096369692538117,-4.057139645825102,-5.925911685811552,0,-0.6947276333060959,-2.0705071443315166,-3.3086464815241614,0,0,-2.078169167630156,-2.2631351170795817,-1.4694491678941404,0,-0.6597707753063355,-1.193846878371815,-0.6063694153550827,0,-0.2526957878931322,-0.22144554655941828,-0.27341351789871826,-0.014632247387505792,-0.31318450549009214,0,-0.22058003125779901],"activity":[[0]],"dinucleotide":[],"modifications":[]}]}}
