{"modelSettings":{"letterOrder":"ACGT","bindingModeInteractions":[],"bindingModes":[{"fitLogActivity":true,"flankLength":0,"singleStrand":false,"size":10,"dinucleotideDistance":0,"componentName":"Binding mode 0","positionBias":false,"modifications":[]},{"fitLogActivity":true,"flankLength":0,"singleStrand":false,"size":10,"dinucleotideDistance":10,"componentName":"Binding mode 1","positionBias":false,"modifications":[]}],"letterComplement":"C-G,A-T"},"coefficients":{"bindingModeInteractions":[],"bindingModes":[{"mononucleotide":[0,0,0,0,0,0,0,0,0,0,0,0,0,0,0,0,0,0,0,0,0,0,0,0,0,0,0,0,0,0,0,0,0,0,0,0,0,0,0,0],"activity":[[-13.389659220108651]],"dinucleotide":[],"modifications":[]},{"mononucleotide":[-0.5684864547403632,-0.660445146484927,-0.4449922341458392,0,-0.44058928075092973,-0.7590277934677823,-0.9901236947244398,0,-2.2098194511424234,-4.289900756586685,-4.7680240234478894,0,0,-6.466789803970682,-2.8259639940841295,-5.683914634796865,0,-8.048317839995036,-7.1448338459437535,-8.398013602243271,-2.7428327001038366,-4.493482807986112,-2.0302763725158344,0,-2.1546264805129605,-1.8614505280028903,-2.0117747025409005,0,-1.2521019034347183,-2.9998639216432754,0,-2.4498473375271854,-0.4087954875197761,-0.029219568683702235,0,-0.6894636458143415,-0.3883355506650399,-0.07713523932723731,-0.6977322632434046,0],"activity":[[0]],"dinucleotide":[[0.33520514721602757,0.6827513489007511,0.14134410582475532,0,0.2923715200964243,0.3596033567960726,0.49581616285728547,0,0.6389399352799758,0.5351239689046952,0.3364431546714224,0,0,0,0,0,-0.5757702336203101,0.025488231321937782,-0.5746253280691143,0,0.21170500351656862,0.09250598914478658,0.01654957231626497,0,-0.3225120952770202,0.20168412320706697,0.3222375130848203,0,0,0,0,0,0,0.9850693569169922,1.1679051444736404,1.20550391990069,0,1.1955926687805096,1.1406347272105108,1.30743546923836,0,1.3657755154778943,1.279415256301795,1.4256843372766923,0,0,0,0,0,0,0,0,0,1.8953020797057754,1.7212882559046534,1.8724747627361662,0,0.9717007561369204,0.7551285581551141,0.983788390137569,0,1.8101216825657112,1.592807748406372,1.760327624200885,0,0,0,0,1.1075347329211382,1.0081752595851619,1.2385839914549663,0,0.825976472895606,0.7988504700482366,1.0450560926862167,0,1.1021336199096918,1.0495575033198055,1.2063203644418792,0,-0.6202737998606889,1.621756562910801,-0.6566013738867174,0,1.5307969601291171,0.834519637828576,0.8052322891651702,0,-0.97764919866444,-0.36342019094240285,-1.8020337954083026,0,0,0,0,0,0.005873596625233901,1.2116966543416279,0,0.9284410520856308,-0.3555464062609066,-0.2253036182440642,0,1.0999721727628087,1.1927407696343817,1.3409818527814128,0,1.1742107051174209,0,0,0,0,-0.6362760769502254,0.7881944416532072,0,0.5007417544892951,0.34869882140286323,-0.3149192923975006,0,-0.18954831464774635,0,0,0,0,0.14592834694708534,-0.5576346752037229,0,-0.6215841384294234,-0.6604098821920061,-0.03229364458874784,0.03098478330338894,0,-0.15190182572298472,-0.216561476270825,-0.3615952028503142,0,0,0,0,0,0.11780751478939955,0.17310125291895595,0.0038305306780559434,0],[-0.45422140614566464,0.030703557354896382,-0.3547453417275275,0,0.021158099449165135,0.3256913281214455,0.18322569832045232,0,-0.06427852210618834,0.17895643114162052,-0.2355978784559607,0,0,0,0,0,0,0.16034305178855135,0.3615674545290908,0.2559373574214465,0,-0.11203947113009693,-0.2834589649579038,-0.07828701120495118,0,0.04531576050031738,-0.08189750324742606,0.024401101853456453,0,0,0,0,0,1.2749646255744214,1.495574835814998,1.334715827755641,0,1.4246704996932706,1.4855937664679093,1.4291788235953646,0,1.644982177976095,1.7918145269552515,1.6199686602055152,0,0,0,0,0,0,0,0,0.49232644646455626,0.2317064346359814,0.6031602902981756,0,-0.5942050684132569,-0.9191671782740025,-0.48341372598952326,0,0.41757158094659275,0.12430961687215536,0.6328631787741266,0,0,0,0,0,0.17036950462257394,0.2830199807592493,0.26744288868281707,0,0.2107212214037304,0.18024109655541842,0.3391495727159306,0,0.5527917344867852,0.48658745093263,0.5877818325508528,0,-0.17807785303465984,-0.1869249156560686,0,-0.36443660136386047,1.3367132679874416,0.7255553076396399,0,0.06491339685277175,-0.5752189907410625,-0.9715929126493039,0,-0.8456952131074074,0,0,0,0,-0.30288996590153516,0.032640833916253165,0,-0.08975834184917453,0.3704897938520739,0.37232552459104973,0,0.7552950784043895,-0.37211472034707294,-0.17999511689141867,0,0.16568926143015572,0,0,0,0,0.522831662409839,0.48882040298473406,0.6772563199409212,0,0.1315169819177857,0.12142896796666092,-0.07544351325398813,0,0,0,0,0,0.5678295726666951,0.2568350263879884,0.3612469766354902,0],[0,0.06754715641776698,0.19882834508088765,-0.1156565373038756,0,0.12864644125936486,0.12511494131801815,-0.0430203280077226,0,-0.30554943218885633,-0.10185546607713558,-0.14168231113329988,0,0,0,0,0,0.1346104558872394,0.17483638601789586,0.11127299490067166,0,0.09754006094220102,-0.13730780589294334,0.27405131590141174,0,0.38419252810060556,0.18375556182825292,0.40809350708770786,0,0,0,0,0.01614162210476877,0.37208689834714814,0.3920093253954078,0,0.20211869934899873,0.8283032504564503,0.5816100438617031,0,0.7361719157315108,1.1937038190167506,0.9327846542646716,0,0,0,0,0,0,0,0,0,0.4336986601847812,0.03614769757169434,0.02862588008213862,0,-0.2863526838769763,-0.519921603894506,-0.3606075989553137,0,0.23210336555644595,-0.21465936783081396,-0.103394029249122,0,0,0,0,0,-0.039013690081780794,0.9274704484873162,0,0.679290627738645,-0.288291193619143,0.8537111069598886,0,0.49275779823380006,0.1626215147713026,1.1394245711094744,0,0.8089696164322202,-0.34164231175809157,-0.20299037598694047,0,-0.3987799117814892,-0.5848890204262629,0.2720846186163772,0,0.3302279725776085,-0.6100625088020997,-0.47766551150880554,0,-0.21502710085491694,0,0,0,0,-0.016500963141541813,0.05410570015591043,0.19774056344216895,0,-0.6552101906962187,-0.5665625726428845,-0.9205406846137301,0,-0.24574628129618725,-0.08057188973293528,0.011925686716711237,0,0,0,0,0],[0,0.19308418019753937,0.016285462344482582,0.1564691690165283,0,0.05931698112627082,-0.24215166125813248,-0.0077362057411338725,0,-0.13820407519046363,-0.40390428950013835,-0.17706485789929616,0,0,0,0,-0.10838328447495504,-0.30909987325721566,-0.16614366351321852,0,-0.311718535412818,-0.26171896518136073,-0.3514702563946859,0,-0.1906875344310679,-0.323613807468754,-0.5435340839795799,0,0,0,0,0,0.04449219234695523,-0.008676498323529458,-0.16627694506377821,0,-0.2055675418432168,-0.41373119530557645,-0.49495526477310214,0,0.3240848410119135,-0.021403098275921906,0.1360278974793392,0,0,0,0,0,0,0,0,0,0.02965866628479219,0.4347167394550304,0,0.5799914576486511,0.10592261055225194,-0.3748805514142326,0,-0.18060994213920534,-0.18991172716216909,0.18405483740861683,0,0.5009268412419399,0,0,0,0,0.5921297062623614,-0.015223177896524831,0,0.5125613369925084,0.5255371504944852,-0.04046065842337754,0,0.6284940243055281,0.5067928114657683,0.023907746357910042,0,0.43764308305122057,-0.2624966566753,-0.091621118422053,-0.17441512202857012,0,-0.2935568868605767,0.15068479071691065,-0.3386967793331763,0,-0.39686764039563416,-0.1939436128104579,-0.31315483035420844,0,0,0,0,0],[0.1436455291704708,-0.09858551461684861,0.03357275582768304,0,-0.09090455071219417,-0.06766374747709492,0.1341700222609714,0,0.03122451306524665,-0.07917941581442989,0.021601022570785222,0,0,0,0,0,0.12884615532419463,0.07730298986915995,-0.006077631344003631,0,-0.02143991883649843,0.0022692559569672532,-0.08530869164405663,0,-0.12743190694358297,-0.15559424905148322,-0.315138282757808,0,0,0,0,0,0.116494690083631,-0.5707290878507196,0,-0.4630858063587979,0.19280215338507212,0.12060943921805745,0,-0.16964898706968867,0.09904975248776715,-0.3448624978974877,0,-0.5006010976509145,0,0,0,0,0,0,0,0,0.016220942021067053,-0.045272353315565006,0,-0.006478602049915239,-0.1007221920990089,-0.11889956259680279,0,-0.1166513880093989,-0.28920121956736367,0.11723269888794086,0,-0.12568129253953764,0,0,0,0,0.2618578136529983,-0.20591652811856065,0.26812699411059526,0,