{"modelSettings":{"letterOrder":"ACGT","bindingModeInteractions":[],"bindingModes":[{"fitLogActivity":true,"flankLength":0,"singleStrand":false,"size":10,"dinucleotideDistance":0,"componentName":"Binding mode 0","positionBias":false,"modifications":[]},{"fitLogActivity":true,"flankLength":0,"singleStrand":false,"size":10,"dinucleotideDistance":10,"componentName":"Binding mode 1","positionBias":false,"modifications":[]}],"letterComplement":"C-G,A-T"},"coefficients":{"bindingModeInteractions":[],"bindingModes":[{"mononucleotide":[0,0,0,0,0,0,0,0,0,0,0,0,0,0,0,0,0,0,0,0,0,0,0,0,0,0,0,0,0,0,0,0,0,0,0,0,0,0,0,0],"activity":[[-9.101202484007015]],"dinucleotide":[],"modifications":[]},{"mononucleotide":[-0.7024687873738156,-0.5207071563289689,0,-0.6260021962854729,0,-0.35803492613086607,-0.8426481255040477,-0.27934137735656417,-2.825800595267335,-3.48226660763805,-4.876781290767445,0,0,-4.731610230638171,-2.6058006223152317,-4.88432708792823,0,-4.577481670451619,-4.599373502449574,-4.565330236450759,-3.347838295551618,-3.256632871668586,-3.3416588454523524,0,-1.9429811484074806,-2.121758425775611,-1.2408426926685001,0,0,-2.862398469058375,-0.20520431319688492,-2.5298955666388765,-1.4158229713412172,0,-0.5564207652271971,-0.7916668697580702,-0.3039681546929822,0,-0.21584943794338007,-0.45262624246986194],"activity":[[0]],"dinucleotide":[[0,0.384154114505889,0.33636145640245285,0.34654978830029837,0,0.2592277066149511,0.4263760641240859,0.5037029344187941,0,0,0,0,0,0.08430956931362843,0.08246830191775167,0.34286004819503213,0,0,0,0,0.5561131212619497,0.09553412455627885,0.2380737231827803,0,0.355953948284923,-0.13493434790806003,0.48604816176062293,0,0.575472198560437,0.6018744512563456,1.0417616102233112,0,0,1.4376639724985925,1.4231640395046066,1.0769524635698593,0,2.2043437000033332,1.7512908651368821,1.6067392128121112,0,1.8661526802046042,1.4735228618172131,1.8554377931852057,0,0,0,0,0,0,0,0,0,2.106014295179853,1.8087669660421497,2.5759487738362585,0,1.8882390485751026,1.7079734673838738,2.2798775853443063,0,2.6732455260981025,2.0940898970102584,2.0560941177525134,0,0,0,0,1.4064457326364455,0.8264063886449105,1.3132765575277459,0,1.5199809782237708,1.0071700022816046,1.3333816102285363,0,0.8668874329523399,0.5674115242364328,0.6909267646955906,0,0.10737024738380807,0.7243248754308738,0.18724053196845158,0,1.0278137024443952,0.9688464648176529,0.5758043695883535,0,-0.1177520125729199,0.27292377893715436,-0.41644207272956013,0,0,0,0,0,0,1.053002837349534,0.15661890333084516,1.0743480262950142,0,0.6615038508589652,0.00916177366007842,0.3038063694828619,0,0.2035430311155464,-0.7453683615243452,0.5913628252297016,0,0,0,0,0,0,0,0,1.1174582902489618,0,0.6495886981628018,0.29426115738149283,0.863518575356332,0,0.4982743447854552,0.20102673599933762,1.0996573062753545,0,0.6720781528715687,-0.11813140440357683,-0.540034089174688,0,0.14446929022897415,0.07606820111503954,0,0,0,0,-0.20194982168618147,0,0.009817295210839738,0.11201630125780837,-0.09808790807455936,0,0.01786855927291653,-0.12380579608409192],[-0.014078078268737748,0.2303513636913994,0.4946762173226702,0,0.32156049435747747,0.39348173876098524,0.10467438742987856,0,0,0,0,0,0.16031151897636864,0.5037137480219638,0.379360515495792,0,0,0,0,0,0,-0.03515501431896695,-0.4206846833907081,0.6634852569486691,0,0.45235845729274526,-0.05033197684019175,0.7515693585379069,0,0.08083006978764384,-0.12184021506132403,0.20927879758864343,0,0.866010836170183,0.961129400971819,0.7316396567935799,0,1.1003486975413805,1.3553391627127294,1.33690685829752,0,0.8104494929197834,0.45776744385893053,0.8246675198891911,0,0,0,0,0,0,0,0,0.7798229155981451,0.45972114076479453,1.109134473380868,0,0.7898435940720292,0.6113268648910424,0.5084534743052913,0,0.8166658492534404,0.8346641665384915,1.125301102536076,0,0,0,0,0,0.13834526820260962,0.46465691664855147,0.6391775254012684,0,0.11412961098169472,0.28344573351547364,0.6856452159979174,0,0.4127312618707375,0.9039836236504533,0.6446856282347166,0,0,0.5264258696025612,0.30234115881241186,0.6527501111329865,0,0.44730561958025383,-0.2663679039293565,0.5829621168648682,0,0.7390308647969519,0.4652835920997487,0.6110155100970349,0,0,0,0,-0.10893533964048085,0,0.21644562309016457,0.104772465177557,0.08286383757962223,0,-0.05043391792704366,0.3996865407567247,-0.036887436057465806,0,0.32372914472278413,0.34769030729784545,0,0,0,0,0,0,0,0,-0.16097273476370288,0,-0.2378983721160095,0.12327941172917445,0.13754380152701817,0,-0.12889156356431708,0.4613547618770534,0.20271340809031013,0,-0.211775301966735,0.1930738191672634],[0,0.5598042511514452,0.4634987244518731,0.6117978901307248,0,0.2516077988350842,0.00654767475097362,0.1906914716519914,0,0,0,0,0,0.3850464645016034,0.29574923061687564,0.029411520198663332,0,0,0,0,0,0.01662579766755723,0.6506994728563926,0.06988761171029356,0,0.5612052691765701,0.8608111497714264,0.5901405838508653,0,0.01920796072969111,0.11999950493654765,-0.32413299577094,0.12167635828903656,0.4685745844404927,0.4831355878223187,0,0.6171765806841245,0.5024340479802092,0.672742001625906,0,0.46400396463585736,0.5090891211761415,0.7050558833811413,0,0,0,0,0,0,0,0,0,0.3785783534261542,0.6369297689658948,0.7663441382057554,0,-0.002012723379847259,0.24764989422947714,-0.0065856079771577924,0,0.26649706641668836,0.4538879214845881,0.5130086129988278,0,0,0,0,0,0,1.028746796152574,-0.21756962877033015,0.8487926833138051,0,1.1695441483471196,-4.927830025076574E-4,1.037694896605334,0,1.052646688881162,-0.3763150449752093,0.7960795220400882,-0.11183302538321094,0,-0.052151388925949504,-0.01739627618873918,-0.1514445539170346,0,-0.2266892973023591,0.22635522340051217,0.060019243751289864,0,0.5246614012079123,0.5225856050395619,0,0,0,0,0.004247829489382848,0,4.3771984216833815E-4,-0.061143312060711885,-0.04675457821868667,0,-0.2634757024007346,0.2878522513098982,-0.005525935031614582,0,-0.06091865597294088,0.06183378592832689,0,0,0,0],[0,0.841160256272107,-0.0295547150667117,0.5916864520185143,0,0.3363982219307742,-0.2697043375052557,0.06340709240496256,0,0,0,0,0,0.2012123258073899,-0.2502652672904677,0.047640890506410294,0,0,0,0,-0.07129366711906115,0.015345702643986492,0.05308740278214508,0,0.13586957324625626,-0.05399296921070995,0.03593373626581897,0,0.11210435219404502,0.19612276778419702,0.19720141411542347,0,0.15371855786381072,0.16199414542049695,0.3429174297145634,0,0.1044012917941215,-0.08727247155240736,0.05318302972456035,0,0.09610389808808328,0.34180647889833793,0.28438201573514466,0,0,0,0,0,0,0,0,0,0,1.5779496274592315,-0.20905808638041545,1.3005244704481775,0,0.7987559001727194,-0.1190333979966014,0.7497671658894447,0,1.4188344090298175,0.5139619462993616,1.033884003433256,0,0,0,0,0.4416452169875402,0,-0.14255012493204866,-0.012030213243345855,-0.1546108692346344,0,-0.5544026938098572,0.12277583555712734,0.3659753859505326,0,-0.060034155155870295,0.16402872696302317,-0.046423388427248025,0,-0.2478547147196415,0.1984836136403696,-0.006447188369862911,0,0.04454802146887804,-0.13948342379487988,0.06848103798788285,0,-0.05848727459612846,-0.0997600148332447,0,0,0,0],[0.05546503896910515,0.04249246798232775,0.011668266037000663,0,-0.05895155324651036,0.25363779251969554,-0.08827987276497229,0,0,0,0,0,-0.4004340386712766,0.05922148343758682,-0.11478688650114588,0,0,0,0,0,-0.2907156513190472,0.11653191143975228,-0.34752079669105385,0,-0.03410244829251763,-0.05605795640354305,-0.1577948225990573,0,-0.11474214301341679,0.13345419692315463,0.025064366254322845,0,0,-0.11015419005801697,0.11618486678657591,0.051559395886670245,0,0.03824680943555325,0.05037964399549155,0.14886673885397173,0,0.27418147367972967,0.5790715625524987,0.7893383820991584,0,0,0,0,0,0,0,0,-0.3081385851931895,0,-0.3749917449908535,0.48957380262849615,0.1262001326952018,0,-0.18881667763771404,0.20851223477372338,-0.06611139381524289,0,-0.3159102205203155,0.2807576888043384,0,0,0,0,0.13110766112608374,0,0.4510202463634174,-0.2913000224938145,0.039410954996075276,0,0.30444413414684846,0.020999977135595316,