{"modelSettings":{"letterOrder":"ACGT","bindingModeInteractions":[],"bindingModes":[{"fitLogActivity":true,"flankLength":0,"singleStrand":false,"size":10,"dinucleotideDistance":0,"componentName":"Binding mode 0","positionBias":false,"modifications":[]},{"fitLogActivity":true,"flankLength":0,"singleStrand":false,"size":10,"dinucleotideDistance":10,"componentName":"Binding mode 1","positionBias":false,"modifications":[]}],"letterComplement":"C-G,A-T"},"coefficients":{"bindingModeInteractions":[],"bindingModes":[{"mononucleotide":[0,0,0,0,0,0,0,0,0,0,0,0,0,0,0,0,0,0,0,0,0,0,0,0,0,0,0,0,0,0,0,0,0,0,0,0,0,0,0,0],"activity":[[-12.336184710497404]],"dinucleotide":[],"modifications":[]},{"mononucleotide":[-0.5209112008817707,-0.5435373142725104,-0.5828090047718546,0,-0.41561925970258207,-0.6246970276787134,-0.6541974729475535,0,-2.288787161361989,-4.381761794419392,-4.992233556977261,0,0,-7.157826155968854,-3.0481636771307876,-6.334272103181966,0,-8.060670172444711,-7.022885596068299,-6.575152871363931,-2.871305476208642,-4.991630813206445,-1.9903300644571829,0,-2.1056543677595627,-1.9585578923755431,-2.3796105678796664,0,-0.9350261175428853,-3.002349008210805,0,-2.827344531053784,-0.6638812801993974,-0.3828553145156861,0,-1.163014752146113,-0.7173256002941941,-0.18387149885286247,-0.4712538896965093,0],"activity":[[0]],"dinucleotide":[[0.12324719277089269,0.6393830321791949,0.15356741594782264,0,0.20143411993346172,0.3140982170487341,0.4614809732562448,0,0.6667763736422772,0.6205791239256313,0.28893486759659526,0,0,0,0,0,-0.6832246069492456,0.07145406917296881,-0.8046080728803204,0,0.014611728323632889,0.0326784392435151,-0.2646786180910965,0,-0.5868255251632757,0.2436317906896548,-0.06939871759767868,0,0,0,0,0,0,1.0820198215589834,1.1031715614882103,0.8447432598505555,0,1.1613621354511263,0.7379618787823343,0.8726140226578689,0,1.403479785075108,1.111072019181508,1.1739548076222412,0,0,0,0,0,0,0,0,0,1.8809844634917496,1.7885253211402183,1.7851378634669501,0,1.2136867765817652,1.0411667470499992,1.0986611329956304,0,1.7628332280767722,1.6884396257999121,1.7703812684304836,0,0,0,0,1.0863433785976664,0.8709045785908902,1.1857240494758727,0,1.2311021827607185,1.0111315310578295,1.1956529076009996,0,1.1304599022568418,0.8488943929865567,1.1621877650580537,0,-0.5238616393075279,1.4626368133400902,-0.6194437282581386,0,1.6558872211008229,0.6854215896121296,0.996312723854345,0,-1.4513124712504428,-0.9058909705052614,-2.0440504451800763,0,0,0,0,0,4.3411442746421613E-4,1.099186280566924,0,1.1522986684420324,-0.4259620694998505,-0.4804594555369466,0,1.1134035877690582,1.152503277156419,1.4071503604934215,0,1.314181904879014,0,0,0,0,-0.6280068476235927,0.8064217656343291,0,0.5371946022122094,0.2898291677443501,-0.3655036689979241,0,-0.17623813617878348,0,0,0,0,0.013306391854595034,-0.36892903565766666,0,-0.41840830512506955,-0.6523646045679623,0.08553472515953597,-0.09471133672982779,0,0.13998054845414165,-0.09361361315217831,-0.2854862583939326,0,0,0,0,0,0.2853669880710523,0.24430565873024523,-0.060563465846339426,0],[-0.42297668566807367,0.13282661100539261,-0.15544198793220154,0,0.07297822535176568,0.6216592189816392,0.11625127809567104,0,-0.12376484945079724,0.16583420285134842,-0.01447944473578211,0,0,0,0,0,0,0.3969918416963498,0.38371392458963705,0.5110987801117286,0,0.26985981032433237,-0.3373799635357906,0.08071978993569573,0,0.17771795772780052,-0.2282807654369705,0.39625914034504817,0,0,0,0,0,1.1250022428141513,0.9429722124127835,0.8014368996551546,0,1.53680928619508,1.4710368689179205,1.212516680080661,0,1.7179348188622647,1.7067423518672982,1.3791121910605106,0,0,0,0,0,0,0,0,0.6098563727644049,0.5059376630062129,0.7295959875432736,0,-0.8627992946333549,-0.859902807072757,-0.7426545873791301,0,0.18643791897677886,0.06929469065944005,0.2168619074188829,0,0,0,0,0,0.6729304645771617,0.772647330125567,0.8161269878500832,0,0.42046033266827365,0.41813508393549803,0.2594850268149589,0,0.3710844518512406,0.3241923819778858,0.2773238410869041,0,-0.2484065785854126,0.004661880118245421,0,-0.21559336424658504,1.2554012883614547,0.8563202376540033,0,-0.04915979249848057,-0.6903356266996079,-1.0443975968755783,0,-0.8610723474202047,0,0,0,0,-0.2785899861744481,0.02567889048486638,0,-0.10802256393975362,0.4967468105549644,0.38237287336715386,0,0.8068407443701648,-0.20413451481465117,-0.1593174785972522,0,0.09774788800871104,0,0,0,0,0.3966355613606236,0.43056909180546876,0.5410653362532303,0,0.07271038450590339,0.08964087390249009,-0.1696474218642523,0,0,0,0,0,0.6525952498187735,0.36921647116220857,0.4241568246101126,0],[0,0.19203136796433995,0.2989792271183367,0.19567088254275689,0,0.054085754267692465,0.07325443277251331,0.24948768946138422,0,-0.19681673556038248,-0.01567483555003868,-0.058936349980697855,0,0,0,0,0,0.08694223413258761,-0.07316852245928551,0.0634682609840187,0,0.34145131333383816,-0.2343742059579057,0.23607833451501037,0,0.4393779588041049,-0.001966236449250758,0.44340988992003894,0,0,0,0,0.09132598277713555,0.5310247525056688,0.20049670380925644,0,0.14512707111154377,0.7821358221641521,0.056448168959557066,0,0.324336591645908,1.1468663581184497,0.6473211414432303,0,0,0,0,0,0,0,0,0,0.34110837469355815,0.27057309078778147,0.028957439487163228,0,-0.6028752036124203,-0.6212905086775891,-0.41144435579356475,0,0.46360157827704995,0.23117831624907303,0.004204563767068237,0,0,0,0,0,0.15652155279771662,1.3024938602051002,0,1.1241333014935062,-0.23608839723948893,0.9497553821722438,0,0.7099521380023113,0.06693523271914081,1.1941966488616202,0,1.1577480963346698,-0.28073163264074896,6.518758519948875E-4,0,-0.3174096463552374,-0.5992678369632856,0.3087346094470309,0,0.3985620253919393,-0.7815215280625463,-0.36182763361475256,0,-0.2471492251762264,0,0,0,0,0.054332039072489735,0.08588920421015978,0.12780848606705053,0,-0.5977402475832996,-0.44663988036301827,-0.9256052794284182,0,0.03892695571694205,0.020105352604561588,0.0324210969624259,0,0,0,0,0],[0,-0.02165409082851255,-0.1204662444455824,-0.1609097350363946,0,-0.1750400099001439,-0.2543487800641788,-0.20517940747668995,0,-0.38320713403895823,-0.3334427503749815,-0.12560389049948917,0,0,0,0,-0.12272578435428372,-0.24588444360977846,-0.05175976051736786,0,-0.47948495938831037,-0.16362066901148786,-0.42284532315635737,0,-0.3753767437475588,-0.44028965375243345,-0.5290589941803105,0,0,0,0,0,-0.2416025377697517,-0.1682310900743298,-0.1846231347975822,0,-0.6064940690645564,-0.3344727705716153,-0.2423636828228588,0,-0.29266050407366606,-0.055569951290184605,0.12206664696362246,0,0,0,0,0,0,0,0,0,-0.10213895191633782,0.30638004940409225,0,0.6019580295329678,-0.03379562510425327,-0.583014482688915,0,-0.2689083038045439,-0.17886863810117504,0.1601930781423775,0,0.970945511367594,0,0,0,0,0.1363274332481179,-0.050849279356603105,0,0.09424394045466222,0.11915810364095236,-0.05041851111276685,0,0.3314983791393402,-0.03970502451990221,-0.06541663614612858,0,0.06730777643360852,-0.12802754372079939,-0.04109604489181162,-0.27826258659435243,0,-0.24321304093068186,0.14461049938928916,-0.3209536926404617,0,-0.34084111933555583,-0.14618141563607256,-0.35720836870092043,0,0,0,0,0],[0.29717359008836564,0.2064311385738904,0.16821476835855975,0,-0.08784436697613529,0.0984877953159824,0.10263684388011463,0,0.025277028597226803,0.18027333701780002,0.08838080455457487,0,0,0,0,0,0.11275360752149766,0.18864998655172371,0.21001592594877394,0,-0.2115512675678275,-0.11833288927987606,-0.18701797201000403,0,-0.1416814187500819,-0.14649669264766274,-0.18968425089686392,0,0,0,0,0,0.14664650462084694,-0.5381622871654717,0,-0.4533956745543142,-0.08790446419522091,0.03344459952579548,0,-0.26616043360030694,0.04715471984317965,-0.01050337509000876,0,-0.24586508122115092,0,0,0,0,0,0,0,0,0.4389030261408635,0.21020203351177713,0,0.47132587054454866,0.07096402872238716,0.1268729819976997,0,0.19903135156774088,0.47879575241753614,0.44355861090013704,0,0.6459833461416604,0,0,0,0,0.405997583845922,-0.05174769669628354,0.3962114328709152,0,0.341242036619839,