{"modelSettings":{"letterOrder":"ACGT","bindingModeInteractions":[],"bindingModes":[{"fitLogActivity":true,"flankLength":0,"singleStrand":false,"size":10,"dinucleotideDistance":0,"componentName":"Binding mode 0","positionBias":false,"modifications":[]},{"fitLogActivity":true,"flankLength":0,"singleStrand":false,"size":10,"dinucleotideDistance":0,"componentName":"Binding mode 1","positionBias":false,"modifications":[]}],"letterComplement":"C-G,A-T"},"coefficients":{"bindingModeInteractions":[],"bindingModes":[{"mononucleotide":[0,0,0,0,0,0,0,0,0,0,0,0,0,0,0,0,0,0,0,0,0,0,0,0,0,0,0,0,0,0,0,0,0,0,0,0,0,0,0,0],"activity":[[-12.188006289011204]],"dinucleotide":[],"modifications":[]},{"mononucleotide":[-0.3111537734235048,-0.26518829983309633,0,-0.1121920686443838,-0.33162669315269344,-0.7055107012518596,-0.9411659490326274,0,-2.286767694809904,-3.222855401335016,-3.8276231880601586,0,0,-6.073110106384072,-2.5656099967244277,-5.1528213120618345,0,-6.455519664137547,-5.793006392127852,-5.8866609144971385,-2.938145001283722,-2.929893060614522,-3.0646260976642776,0,-1.5347790721226464,-1.473989238745093,-1.3772610506770815,0,-0.1424408284120693,-2.531000749765897,0,-1.9917909776501017,-0.6869766265827648,0,-0.17298966878226096,-0.32032684004904866,-0.7347719546351028,-0.18525684008007293,-0.9795710472857428,0],"activity":[[0]],"dinucleotide":[],"modifications":[]}]}}
