{"modelSettings":{"letterOrder":"ACGT","bindingModeInteractions":[],"bindingModes":[{"fitLogActivity":true,"flankLength":0,"singleStrand":false,"size":10,"dinucleotideDistance":0,"componentName":"Binding mode 0","positionBias":false,"modifications":[]},{"fitLogActivity":true,"flankLength":0,"singleStrand":false,"size":10,"dinucleotideDistance":10,"componentName":"Binding mode 1","positionBias":false,"modifications":[]}],"letterComplement":"C-G,A-T"},"coefficients":{"bindingModeInteractions":[],"bindingModes":[{"mononucleotide":[0,0,0,0,0,0,0,0,0,0,0,0,0,0,0,0,0,0,0,0,0,0,0,0,0,0,0,0,0,0,0,0,0,0,0,0,0,0,0,0],"activity":[[-11.74093099111802]],"dinucleotide":[],"modifications":[]},{"mononucleotide":[-0.7376217887998058,-0.7247402808960954,0,-0.4338797634280631,0,-0.6367800952976062,-0.9343798407841498,-0.4198649439256119,-3.3717641092800736,-4.3277270786606845,-6.234979591903282,0,0,-8.543143925824063,-2.7827880255844284,-8.95713545272953,0,-16.536525663557917,-17.640387530975673,-12.610741709993606,-2.890715876006927,-5.712325217749495,-2.2172477107640893,0,-2.0802863519722203,-2.183194831218894,-2.1923504319614007,0,-0.625867575051164,-3.1831499523616236,0,-2.4311711635595956,-0.6532904495334484,-0.7380942778647288,0,-0.95847934022735,-0.6347147792172094,0,-0.36941033401102263,-0.058332638997806274],"activity":[[0]],"dinucleotide":[[0,0.6687242944718959,0.29821098060001683,0.6022366673119945,0,0.2059875907681512,0.6496848430984894,0.4511202181470413,0,0,0,0,0,-0.08546433764598138,0.16817394703259492,0.6060285280429234,0,0,0,0,0.9155931004982953,0.0979367180490307,0.2598600393594772,0,0.1441033755446428,0.24184337264269828,0.9585939883046288,0,0.881190060734939,0.37308119778448834,0.7684975456953236,0,0,-0.08467867454245415,1.3961481877161628,-0.6844539635007099,0,0.7914855291192406,1.3549955459681593,-0.023241786735335168,0,1.137914825037928,1.4014522859112404,0.29166968579736263,0,0,0,0,0,0,0,0,0,1.0123155260547492,1.00447110716064,-0.6376596891518886,0,-2.7138344977319555,-2.3795666392305215,-3.656782052896766,0,-0.8280876710872747,-0.5742071794996519,-1.4738288049721682,0,0,0,0,2.188845984013124,0.056199345066609396,2.6886104963329025,0,-0.5336836108418588,-1.28991325145752,0.9086834400895363,0,1.0237980090002434,-1.029371596835439,2.2022763844388233,0,-0.7097751728610717,1.4555458540563202,-0.7227754038996599,0,2.0514152090365085,0.9248100254163489,1.383578313172272,0,-1.2277197351394467,-0.6353986336930024,-2.12456705637626,0,0,0,0,0,-0.18422070425279902,0.9197885318295729,0,0.9174340394041858,-0.5738465476148162,-0.38022410287928743,0,0.9923531413890965,0.9874837463682826,1.1844876232446708,0,0.851120217082368,0,0,0,0,-0.6410172972943111,1.1097943778510624,0,0.6142228138461142,0.5661727169303239,0.19045224650911052,0,-0.094541659719388,0,0,0,0,0.2954640114070708,-0.22925529930366517,0,-0.4457936606317081,-0.4356760443905221,0,0.06348117807040266,0.042687756099857754,0.07902756205178263,0,-0.38622844390907707,0.06512528187093403,0,0,0,0,0.05056379182645876,0,-0.3125926363594842,-0.10708212242954063],[-0.3889233615928589,0.04627060401295768,-0.11022423075611876,0,0.2037052984046479,0.20786255637460815,0.5483288809333446,0,0,0,0,0,0.0882002291410302,-0.33181592300721086,0.44548964357522625,0,0,0,0,0,0,-1.4506725194813868,-1.042652482940381,-2.312706358703265,0,-1.297550442462848,-0.481214501711984,-1.2419509785001086,0,-2.569449935571308,-0.6094617988978501,-2.691284429118829,0,7.057314064067246,7.2632273888130126,7.892061884141079,0,3.180763195225328,3.1258769081735984,3.1290545728906345,0,5.877198700962243,6.176166262820278,7.118975711119628,0,0,0,0,0,0,0,0,0.8759398580579614,0.6925527340612607,0.021997268268592052,0,-0.7484035951065833,-0.6184340733832077,-0.8457868581021497,0,1.6766775697640366,1.0543607720775299,0.7151378911503983,0,0,0,0,0,5.117655629246105,1.0839383241091234,4.95692273527127,0,5.205575402707328,1.5066840133806245,5.555179141621283,0,4.681147185881986,1.0704821849880126,4.885293675510544,0,-0.30966180586730774,-0.12203363354999386,0,-0.4220876318066189,1.968370101398846,1.3205910852691494,0,0.49503839117010884,-0.8325862538046453,-0.9613831217698907,0,-0.8031614381632517,0,0,0,0,-0.28630795972514544,0.13177444753539014,0,0.1832615638364219,0.21223533120562132,0.40087944648579565,0,0.9624380319826416,-0.11781336293666778,0.11614518353861625,0,0.4175600264537036,0,0,0,0,0.05228519946478949,0,0.1771598627714197,-0.5320925256324682,0.13392388513590703,0,-0.27822690978873066,-0.10224156378879057,0,0,0,0,0.3428559148554484,0,-0.13153399230479446,-0.2800210830684917],[0,1.8804208876940898,0.4421682604361248,1.531838129589815,0,1.2926779282510834,0.1257789499788049,1.3263426752858116,0,0,0,0,0,1.000056360568335,0.1124482581722992,1.1346855074070916,0,0,0,0,0,-1.2892456239597223,-1.2039597503720678,-1.4311690247405942,0,-0.564009029428469,-0.7784085080414371,-1.189570273324259,0,0.9979541545792294,1.3140024878799856,1.7240799436760614,0.08839766551090911,0.8188940527326611,0.5835901674949593,0,-0.006344442690561891,0.6358868530407644,0.227270743631804,0,0.16196721120253343,0.8364230163674939,0.8609954236636863,0,0,0,0,0,0,0,0,0,-0.9276993320785287,0.10706889998087021,-1.5128010277273791,0,-0.6247730531601201,-0.6757089494192661,-0.7190147028825598,0,0.1680444121937299,1.0838247451570275,0.2865218895303414,0,0,0,0,0,-1.3517229977759655,4.537199874829238,0,3.4549112588000117,-0.8202445128921205,4.689734706503941,0,3.2482331843457075,-1.4767315029224282,3.3367718019920787,0,1.6706795300210313,-0.1389970854432594,0.22332736521874308,0,-0.2726731162914615,-0.5708454882084144,-0.04971997782545223,0,0.08287907204940481,-0.672093087776882,-0.5038066108315902,0,-0.3217245314089259,0,0,0,0,-0.02701459358386682,0,0.19999887728120935,0.02713221953648226,-0.07648243573961011,0,-0.49537226481386476,0.5867197701990499,-0.03628209924174719,0,-0.03015617557206207,-0.0010211920870912827,0,0,0,0],[0,1.0890445838304963,1.4076482395831889,0.9526682782112701,0,0.7381712848961683,0.7247953947517836,0.5938143858707825,0,0,0,0,0,0.7348366080457431,1.0308000141375366,0.7173163878573163,0,0,0,0,-0.22227177880330906,-0.05095575916489281,-0.3237979795797594,0,-0.08298288023160616,-0.026360811097488224,-0.28383113926900094,0,0.3187855891776792,0.29128135077001716,0.20052588773650726,0,0.10549775812964146,0.10807298665867027,-0.057587364367117644,0,-0.11738074221857353,-0.3955498254771701,-0.8600002086902983,0,0.4534723854871121,0.2557055643739208,0.32394786072903514,0,0,0,0,0,0,0,0,0,0.3391636020927393,1.175639214137103,0,3.8476726357041606,0.11108653380878897,-0.6162651790156994,0,0.04133080923870214,0.191073964936761,1.253559597450007,0,4.668825046742215,0,0,0,0,0.3980447546989936,1.3487834440019792,0,1.603817443103802,0.808257966572782,2.291118958649765,0,2.3497664584080127,0.7827376531858175,1.3002605515316787,0,1.59896574441502,-0.07424674729811986,0,-0.1835897977974157,0.12116730242085527,-0.3789244594436081,0,-0.42656254606900923,0.10423531935105146,-0.04533731306834632,0,-0.05502344310945917,0.21130949345135264,0,0,0,0],[0.32238853053945116,0.20801454304507505,0.24610590640141972,0,-0.08953655047715525,0.08889305578068285,-0.10224828949041331,0,0,0,0,0,-0.010417168207365268,0.17157417921712614,0.008040143362885388,0,0,0,0,0,-0.13770506523638826,-0.19886916135833932,-0.25652747530646636,0,-0.08701907967119116,-0.1866026978777593,-0.2168403575601694,0,0.004192577162355882,-0.09359459968657369,-0.07418612297412164,0,-0.02544727425544613,-0.28901469419839554,0,-0.4687457796798107,0.4869058781488338,0.11362437146052784,0,0.20167485130244067,0.08693398379878658,-0.3327140211340538,0,-0.5966006293789405,0,0,0,0,0,0,0,0,0.4375961927188712,1.3418180909982338,0,1.5154274252436908,0.01730188346031314,0.10512487428591166,0,0.23754070976831043,0.9742129845159777,2.357816979410104,0,2.1589695896623127,0,0,0,0,-0.20115627959574667,0,0.5112410270657328,0.19675175052172733,-0.9030149991982874,0,0.11012058154332394,-0.2873378947415546,-1.4537520542978672,0,