{"modelSettings":{"letterOrder":"ACGT","bindingModeInteractions":[],"bindingModes":[{"fitLogActivity":true,"flankLength":0,"singleStrand":false,"size":12,"dinucleotideDistance":0,"componentName":"Binding mode 0","positionBias":false,"modifications":[]},{"fitLogActivity":true,"flankLength":0,"singleStrand":false,"size":12,"dinucleotideDistance":0,"componentName":"Binding mode 1","positionBias":false,"modifications":[]}],"letterComplement":"C-G,A-T"},"coefficients":{"bindingModeInteractions":[],"bindingModes":[{"mononucleotide":[0,0,0,0,0,0,0,0,0,0,0,0,0,0,0,0,0,0,0,0,0,0,0,0,0,0,0,0,0,0,0,0,0,0,0,0,0,0,0,0,0,0,0,0,0,0,0,0],"activity":[[-3.5263605246161616]],"dinucleotide":[],"modifications":[]},{"mononucleotide":[-0.21597809778723842,-0.40285661314463006,0,-0.524252108569178,0,-0.19415705613434775,-0.3984201247257724,-0.1157056710160761,-0.1048706293931051,-0.4174893357003918,0,-0.1710400821851149,-0.6865586742268697,0,-0.19788541981070262,-0.47619991798226247,-0.5634840592189543,-0.41921203133729923,-0.25816806297132855,0,-1.057570755671548,0,-1.699231819231375,-0.48211703943227224,0,-1.1564925756207118,-0.19226636818151455,-2.1050458325700894,0,-0.24797541942229195,-0.007771651672918156,-0.3854273639017186,0,-0.28037368096077886,-0.7798128667810948,-0.20777218095721361,-0.16942640780177565,-0.009436194102189432,0,-0.5042867159528834,-0.35197808541012887,0,-0.052185184519460415,-0.7143673109323379,0,-0.6524930553933769,-0.13558677131618768,-0.091964880840267],"activity":[[-0.6414516643167458]],"dinucleotide":[],"modifications":[]}]}}
