{"modelSettings":{"letterOrder":"ACGT","bindingModeInteractions":[],"bindingModes":[{"fitLogActivity":true,"flankLength":0,"singleStrand":false,"size":10,"dinucleotideDistance":0,"componentName":"Binding mode 0","positionBias":false,"modifications":[]},{"fitLogActivity":true,"flankLength":0,"singleStrand":false,"size":10,"dinucleotideDistance":0,"componentName":"Binding mode 1","positionBias":false,"modifications":[]}],"letterComplement":"C-G,A-T"},"coefficients":{"bindingModeInteractions":[],"bindingModes":[{"mononucleotide":[0,0,0,0,0,0,0,0,0,0,0,0,0,0,0,0,0,0,0,0,0,0,0,0,0,0,0,0,0,0,0,0,0,0,0,0,0,0,0,0],"activity":[[-11.58327938744439]],"dinucleotide":[],"modifications":[]},{"mononucleotide":[-0.3207958773787922,-0.11473650181128825,0,-0.0572129632228453,-0.38603070961290964,-0.6955955487494014,-0.8703131436727052,0,-1.8078799125569232,-2.6912847418279515,-3.101384297651112,0,0,-5.259452406294763,-2.1053709262055538,-4.08323599905172,0,-5.531409096817608,-5.2689240572639555,-4.9478903446179245,-2.705554066333402,-2.46668380867742,-2.6713004188069673,0,-1.3100020233314105,-1.3291142689074076,-1.1682533612473796,0,-0.06552615691375374,-2.2795613684460116,0,-1.8622948801436832,-0.7317840181920703,0,-0.22536242195401224,-0.2881015193123657,-0.7028949841063472,-0.20332293563781745,-0.9261975999895231,0],"activity":[[0]],"dinucleotide":[],"modifications":[]}]}}
