{"modelSettings":{"letterOrder":"ACGT","bindingModeInteractions":[],"bindingModes":[{"fitLogActivity":true,"flankLength":0,"singleStrand":false,"size":10,"dinucleotideDistance":0,"componentName":"Binding mode 0","positionBias":false,"modifications":[]},{"fitLogActivity":true,"flankLength":0,"singleStrand":false,"size":10,"dinucleotideDistance":10,"componentName":"Binding mode 1","positionBias":false,"modifications":[]}],"letterComplement":"C-G,A-T"},"coefficients":{"bindingModeInteractions":[],"bindingModes":[{"mononucleotide":[0,0,0,0,0,0,0,0,0,0,0,0,0,0,0,0,0,0,0,0,0,0,0,0,0,0,0,0,0,0,0,0,0,0,0,0,0,0,0,0],"activity":[[-12.42161088115381]],"dinucleotide":[],"modifications":[]},{"mononucleotide":[-0.4819179993067655,-0.41831543211769606,-0.429594676964558,0,-0.36599232633739387,-0.8245605133846696,-0.8391956983320854,0,-2.443515293291335,-4.100913014700655,-5.258906274270588,0,0,-6.856586759743345,-3.2137992693604653,-6.646480483367727,0,-8.281792158754929,-7.801819926749073,-8.111551701773783,-2.870040189600927,-4.999590230952287,-2.4563039678877354,0,-2.1011293334370142,-1.9956986863532937,-2.1595767698826123,0,-0.9963465393561257,-3.4342581684165783,0,-2.967407939493573,-0.5451385121200367,-0.20499953776496138,0,-1.0156230030663502,-0.5484355364852131,-0.04400544681756102,-0.4707455473623119,0],"activity":[[0]],"dinucleotide":[[0.20619027229902653,0.6467966893806238,0.11805020654292186,0,0.09018035023835691,0.2902417991235833,0.42352161682514833,0,0.629623693405871,0.7057265274938789,0.3769649913781512,0,0,0,0,0,-0.7802432339222745,-0.06863966477205974,-0.523678039880016,0,0.12281931409101965,-0.054921184341550244,0.27546722597016604,0,-0.410466425827253,-0.12263824222949715,0.3292560147582897,0,0,0,0,0,0,1.123291762652551,1.1580303516998107,1.1416316999250462,0,1.2203568420126931,0.8177431418521959,1.2386624219053726,0,1.424372777188804,1.1623647641014765,1.4391472421057419,0,0,0,0,0,0,0,0,0,1.9169345293766291,1.7926057610422408,1.7613101978412544,0,1.3218944764255411,1.1598069374326823,1.148924769873851,0,1.8459353409629475,1.715737323299944,1.6844135740153057,0,0,0,0,1.2258240832869838,1.0449107617710176,1.3509052775111083,0,1.2914840187133194,1.136711164476587,1.4964746991289815,0,1.285088703367057,1.225370138523548,1.5089483660468694,0,-0.6400143995111627,1.5645365010420198,-0.7375347183612231,0,1.7306644354238996,0.7304243025216532,0.9199212099934115,0,-1.3452410632815628,-0.4526451616800209,-2.132304329547389,0,0,0,0,0,-0.13316357489595898,1.011323012942607,0,0.9693084103127623,-0.393517728465798,-0.3191232217745572,0,1.1036672299912804,0.973457935927426,1.2870794883410355,0,1.0866167612823716,0,0,0,0,-0.6865945776445395,0.873843940977739,0,0.5104968398354197,0.4156205922663938,-0.1425043703556499,0,0.06775186182665571,0,0,0,0,0.25971357420222274,-0.3468824464750968,0,-0.41686949799174666,-0.67398259879095,0.01859398864952322,-0.017200736745534906,0,0.02780952946817039,-0.1714465839447019,-0.415896060017958,0,0,0,0,0,0.2063721429091605,0.19366514118960243,-0.052455836635636466,0],[-0.33639733969534014,0.30228555279903,-0.060457420927211736,0,0.20660898132382677,0.5140229546442301,0.22295885275845162,0,-0.1155661847394116,0.18787979517371323,-0.49413217272303456,0,0,0,0,0,0,0.6654511677603763,0.4900800206380538,0.4706890389720453,0,0.32343869343152676,-0.16872529139466952,-0.15519701803710984,0,0.2560608687802217,0.12672673596394857,0.317746826280624,0,0,0,0,0,1.1695098504299004,1.0787946433067415,1.1217561056257317,0,1.5698775744674833,1.4934678753289923,1.4808567020904775,0,1.721709941223084,1.670846547454758,1.6722755835826124,0,0,0,0,0,0,0,0,0.4495525983393023,0.437727034501286,0.5925801281727914,0,-0.9704813600773372,-0.8161646181733744,-0.7130988100997122,0,0.41424117780232805,0.38133266013393907,0.5064554505217007,0,0,0,0,0,0.7052383136286657,0.8773597381802567,0.9507204542741334,0,0.567825106350675,0.7041852698556461,0.7852986953831369,0,0.8040830816838938,0.8104080804955736,0.959445044401912,0,-0.45146571775995437,-0.2938779356578669,0,-0.4441853189767935,1.2309085251747351,0.857993107067025,0,-0.2506391466990223,-0.6760115330714678,-0.8859161507917586,0,-0.8519640809524995,0,0,0,0,-0.2876823887707922,-0.08682034900076374,0,-0.027230657911005984,0.4458281607280097,0.2664787622282978,0,0.8853278283724473,-0.3004280453367456,-0.2482404236656821,0,0.05868360152759955,0,0,0,0,0.3814755079490002,0.39508666116972124,0.6202311003054861,0,0.09689632259711267,0.10800037895657066,-0.06302038182203251,0,0,0,0,0,0.6166192890389053,0.3167841756875558,0.41524061167632187,0],[0,0.05394667184762092,0.20159839749532615,-0.12248062563282325,0,0.2978437679385939,0.0960171876359599,0.2807232137644178,0,-0.23672185049784122,-0.11383805531399949,-0.2481574100573134,0,0,0,0,0,0.10460872402173749,0.28859371255377564,0.2471449729987274,0,0.21223087720503564,0.1983105464107826,0.42828327181622505,0,0.33365373139392496,0.35971627734312683,0.47526754908411206,0,0,0,0,-0.05953094656724467,0.5750778657823732,0.3144546483846984,0,0.3093076851763801,1.019534489629816,0.5322283833589445,0,0.46344195209055794,1.0828510570226157,0.9018721897078672,0,0,0,0,0,0,0,0,0,0.01705602752556956,-0.02394871753648964,-0.04453845480651708,0,-0.5536106701077319,-0.7851096613795789,-0.5655969745178027,0,-0.06183260659665457,-0.12044456059929409,-0.18006035564922307,0,0,0,0,0,0.11141518561919028,1.2145569454150031,0,0.8671472026097575,-0.07675158889930955,1.0005532051384023,0,0.6449965203222163,0.16063030437853065,1.1889712239534127,0,0.8563514908892493,-0.1742031075534345,0.05005087196158886,0,-0.33548611241418946,-0.589016568225861,0.38013144287069345,0,0.5704738009446579,-0.5603556526504527,-0.31101378065776863,0,-0.23349830844209496,0,0,0,0,-0.0067756832420151625,0.15989915002299226,0.14835889568488225,0,-0.7832693055472029,-0.5789275460664052,-0.9948400595082227,0,-0.11095557649652399,0.002978884055798048,-0.12364317161629668,0,0,0,0,0],[0,-0.017193979410034643,-0.02035293097569557,0.0013897411927956682,0,-0.17166849568338627,-0.2347807222538414,-0.0935229642730171,0,-0.2897855575846009,-0.2592351091098042,-0.13736503782411447,0,0,0,0,-0.28614293259869905,-0.30488021790491526,-0.11880839455205194,0,-0.3849508426905164,-0.20659158195938065,-0.23619597654078062,0,-0.41556900908760674,-0.37028328281969625,-0.3728194785259067,0,0,0,0,0,-0.1380047317387021,-0.00923088721659493,-0.03326609497002497,0,-0.4630668146191761,-0.3287250165328395,-0.3929758559942158,0,0.10554888840625765,-0.2340331577838768,0.2158971437335584,0,0,0,0,0,0,0,0,0,-0.07674279064682032,0.3956293174900338,0,0.5427379129292493,0.0648330781915405,-0.47888862173900915,0,-0.2130349918603045,0.13509963102637368,0.5367069776867073,0,0.8678279610391648,0,0,0,0,0.49008418175554525,-0.04529550428582496,0,0.27253447366307526,0.47530971254134347,-0.18945321595501952,0,0.2451475142046089,0.4799447605462266,-0.22374680977810968,0,0.24432658430876408,-0.3225711640018809,-0.09241378032970671,-0.2951410437975608,0,-0.3509521660488417,0.1678046242298139,-0.3361622953962513,0,-0.1858341150134093,-0.016817086337422626,-0.3550531149920637,0,0,0,0,0],[0.18590289350432387,0.07909508535411547,0.359531615962827,0,-0.06951740149607977,-0.028247938797135497,0.029044188784162817,0,-0.013022232329004346,-0.03846505143862444,0.04433579273126087,0,0,0,0,0,0.008887935480003328,0.13711608635354944,0.11842274213971393,0,-0.17971686448087976,-0.10022274605091175,-0.2483954770629575,0,-0.2060417656503537,-0.19406240548387155,-0.1560269724566523,0,0,0,0,0,0.030182865488920463,-0.603994136154915,0,-0.6585477418752612,-0.24645681685863519,-0.1513204596297264,0,-0.4758858840160265,0.0505067457180397,-0.1525263783722277,0,-0.3335209473935432,0,0,0,0,0,0,0,0,0.08566386162019057,-0.089308187028184,0,0.3371078694564327,-6.899652677869739E-4,0.036064965730812304,0,0.14461395110206077,0.30555034015564786,0.39277528222625335,0,0.33231992990837256,0,0,0,0,0.14127075931470046,-0.15304233224416386,0.3004375255542726,0,0.19665340599305736,0.018632626411664965,