{"modelSettings":{"letterOrder":"ACGT","bindingModeInteractions":[],"bindingModes":[{"fitLogActivity":true,"flankLength":0,"singleStrand":false,"size":10,"dinucleotideDistance":0,"componentName":"Binding mode 0","positionBias":false,"modifications":[]},{"fitLogActivity":true,"flankLength":0,"singleStrand":false,"size":10,"dinucleotideDistance":10,"componentName":"Binding mode 1","positionBias":false,"modifications":[]}],"letterComplement":"C-G,A-T"},"coefficients":{"bindingModeInteractions":[],"bindingModes":[{"mononucleotide":[0,0,0,0,0,0,0,0,0,0,0,0,0,0,0,0,0,0,0,0,0,0,0,0,0,0,0,0,0,0,0,0,0,0,0,0,0,0,0,0],"activity":[[-12.06504070438801]],"dinucleotide":[],"modifications":[]},{"mononucleotide":[-0.5403241743181069,-0.6010291092340119,-1.0802866853113118,0,-3.0724665588753677,-4.4160350112453415,-5.2212281379137355,0,0,-7.19033518387764,-2.929773201035915,-5.428863569608824,0,-8.72527340107819,-6.528543122780786,-8.196403060659645,-7.606214580352651,-5.081219714963508,-8.531828865918186,0,-2.6066911381436153,-3.191263477558148,-2.888029995618177,0,-0.21230450276009538,-4.837065382088283,0,-4.000853722650151,-1.9041133230667682,0,-1.4860506065865742,-2.4499829601817478,-0.3907980652634573,-0.1713209376582574,-0.9813629032858064,0,-2.7463434672010805,0,-0.9473976656537537,-0.7142642221003572],"activity":[[0]],"dinucleotide":[[0.08624164496798148,0.7477905928107447,0.17580351763544932,0,0.19230928239001255,0.48060547815786414,0.6857626576297866,0,0.6776692942181226,0.7429561681016361,0.47914790749862046,0,0,0,0,0,0,0.7524564544167482,0.39920322350148396,0.9483529852834014,0,-0.27145314449344937,-0.3745959617828447,0.03262601203696214,0,0.5909649150329237,0.8934609071761717,0.7924112633886473,0,0,0,0,0,0,0,0,0,1.2149367954663326,-0.0702599644079882,0.9879318356077036,0,0.968175198372137,-0.021085344966751407,0.6671590147783419,0,0.3381468941532457,-1.123488697881772,0.34666496210657805,0,0,0,0,-0.35569888894734447,1.9123281678233024,3.216267767578369,0,2.9093372146975724,2.960289737369628,5.3713649855195165,0,0.48622074009489147,1.6585232595095523,2.529761853385697,0,-1.7005418368221807,0.9124563766244194,-2.171180890408145,0,-0.605841913040372,1.2126169948577088,-0.45823991640869366,0,-0.5867805217041564,1.6518273030869288,-0.16759074979441735,0,0,0,0,0,-0.2375517602649615,2.2672799120610767,0,0.8358486672399881,0.6809151060907368,-0.5476554838080752,0,-1.1772283713207612,0.7596785543963818,1.3103382971450959,0,2.1999461876450273,0,0,0,0,-0.7778705837157629,0,0.4143444251546675,0.37572580185874926,0.3174163628832263,0,1.7940096792641782,1.953448557388839,0,0,0,0,0.1674910870475106,0,1.1715596786081957,0.33639133737495364,-1.9452291816224028,0.19792728905721613,-0.8098832334130024,0,0,0,0,0,-0.6096788596459568,-0.20218441161853118,-0.14871014700161167,0,0.09066825450717086,-0.10333123722305793,0.3631073359709882,0,-0.5526156236335389,0,0.37650437180139806,0.13334868379924303,0.043169629315695346,0,-0.12768641805777814,0.13832919723890713,-0.0319686048408796,0,0.35591992469374234,0.09714845146557405,0,0,0,0],[0,0.8825532166738759,0.2904880526564817,0.46308207737575025,0,0.4894706252056382,-0.10916998869967998,-0.09912447935168078,0,0.4343957840587125,-0.3602677717385019,0.04908568715536532,0,0,0,0,0,2.4678671504750778,0.5229406165562089,3.215456124191986,0,1.3998357485855912,-0.3854171728926268,0.66353044346641,0,1.2321828320702242,-0.02314745165446297,1.648310147588651,0,0,0,0,0,0,0,0,3.5633029780336543,1.644953398598684,3.01420018594413,0,0.6135073909036937,0.0776152904534051,2.0978040835933953,0,8.254960348390467,2.598082344708141,3.405141567023973,0,0,0,0,0,1.1631101151840042,0.8186953181958643,0.4949127835782754,0,-1.1054661452498884,-0.7590349091888822,-1.1085559259480586,0,1.7753344777225148,1.2276245127529979,1.0242010545018214,0,-0.12381788645549463,3.6263105207805637,0,4.840623202495028,-0.06175969814837412,2.59817670337011,0,1.967884965563993,1.8799240324697983,3.814961565891007,0,3.0364766605000764,0,0,0,0,-0.1606588371733242,0,0.20120426170851857,-0.2823478413660325,0.9458178317524251,0,-0.4506789566314433,-0.8698669615731136,0.2032245882050523,0,0.9551701442606708,-0.3652831902704916,0,0,0,0,1.8849118651775854E-4,0.23898940477412722,0.12987826545724168,0,-0.17708558012794917,-0.14595093031850848,-0.697481775705219,0,0,0,0,0,0.4658804837997259,0.3057020652775262,0.22799040088117373,0,-0.02283133836671336,0,0.42357885270775464,-0.46108561774017387,0,0,0,0,-0.10302470060772784,0,0.2360742056421583,0.04489701601472618,0.1933375272961655,0,0.11229555229089261,-0.23397246876437006],[0,0.7245445032253475,0.352461222292324,0.34465133173060813,0,0.5541350913317835,0.03731229828433502,0.41467259918658783,0,-0.630944148538628,-0.07121674902451325,-1.5186928294010116,0,0,0,0,1.5575220736068793,1.08542608988442,2.119594414628361,0,2.9076869403153704,1.4797449706283938,2.1487218326797226,0,3.017578758053144,1.9104262546745066,3.3803618831053956,0,0,0,0,0,0,0,0,0,-0.187495728708587,-0.07418752633426173,-0.13176672779492904,0,-0.3824104136294011,-0.1585191410210074,0.18779425389108617,0,0.17248054390762935,-0.5317271280295301,-0.3181820215147084,0,0,0,0,0,-0.013222561808355238,1.2150281194997667,0,1.1866640199745184,-0.0035846142461108954,-0.11051620697949716,0,0.7587813811997552,-0.027345203248973604,1.0063984913822868,0,-0.23908675317925088,5.1695441392573125,0,3.829900409476865,2.2023322181417875,1.2195490544784722,0,0.014007982130368468,0.2878267271253163,2.1963473176213384,0,-0.09555456849092181,0.728936696721048,0,0,0,0,0.29858278242216496,0.582336741736833,0.4520882169307745,0,-1.2298740162504478,0.0797074244942868,-0.27629872789591836,0,-0.41877267629946857,0.051440820345197924,0.2932479091308986,0,0,0,0,0,-0.11124526216777708,0,0.09922805971657045,-0.08316884813011693,-0.07522225525972459,0,-0.5167933775649391,0.4939485314839267,0,0,0,0,0.022434802121422237,0,-0.051131378614032386,-0.11784208738290225],[-0.22210822462097646,-0.08934323664895505,-0.038460678999095776,0,-0.023949156815891826,-0.7904295942372359,0.010936050156939103,0,0.7680972319039503,-0.28645610507694563,0.6822863205036356,0,0,0,0,0,-0.3405554850224135,-0.25497289681645086,-0.17377801709662055,0,-0.5890667627694093,-0.24455328446323854,-0.5386582445626713,0,-0.5292048492744073,-0.4297090077497927,-0.609190468620934,0,0,0,0,0,0,0,0,0,0.5849573878840619,0.39468688736523205,0,0.8415390282235684,-0.018191490391832765,-0.26590033173170724,0,-0.22721429390616965,-0.024704108197101782,-0.11748501637070419,0,-0.1296578882636421,0,0,0,0,-0.662746036107352,0,-1.035411158281729,2.5566302395438623,1.098111417762091,0,1.028542517269213,0.7995923082284193,-1.083316109035989,0,-1.08541425273782,3.3558187283839933,0.786984918534988,0.3019169104388437,1.6819141052770537,0,0.29502052604900264,-0.8323156724656924,0.354120171882748,0,-1.3760175549229707,-2.7983975942438946,-1.2782165538278925,0,0,0,0,0,-0.18644566148027852,0,-0.21622353036006992,0.17821382056213508,-0.6782452342131915,0,-0.5434146228819703,0.0017576680376758524,-0.2710276502647906,0,-0.21843629634846362,0.1763579024692099,0,0,0,0],[0.33353251201330814,0.04550566052160043,0.26434240097276174,0,-0.08016433508187948,-0.044831741190582086,-0.05053689790877325,0,0.06708263358421807,-0.14682998767121802,6.421944817769365E-4,0,0,0,0,0,-0.057614094647720826,0.07391786221036512,0,-0.04644292602529987,0.028564923157601285,0.15155183526461258,0,0.23849289945740892,0.01648962474314075,0.10631896225376636,0,0.18712779923748002,0,0,0,0,0,0,0,0,1.1928980744354813,0,0.8820160706348625,0.30025269746548133,-0.04301819991568845,0,-0.03956882946654883,-0.7995121203464173,-0.3111145246681932,0,-0.3843019076079166,0.3754172937763487,0,0,0,0,-0.894261491015591,-0.11668941516357378,-1.1441172647812472,0,-0.23903300819392737,-0.2298174988059376,-0.24027805892057685,0,-1.0883273768239832,0.3003551284964239,-1.7058370935056466,0,2.0688780062152112,0,-0.1496251963319999,0.7664499863662186,1.284543887821954,0,0.2234571848797282,1.040511026367799,