{"modelSettings":{"letterOrder":"ACGT","bindingModeInteractions":[],"bindingModes":[{"fitLogActivity":true,"flankLength":0,"singleStrand":false,"size":10,"dinucleotideDistance":0,"componentName":"Binding mode 0","positionBias":false,"modifications":[]},{"fitLogActivity":true,"flankLength":0,"singleStrand":false,"size":10,"dinucleotideDistance":0,"componentName":"Binding mode 1","positionBias":false,"modifications":[]}],"letterComplement":"C-G,A-T"},"coefficients":{"bindingModeInteractions":[],"bindingModes":[{"mononucleotide":[0,0,0,0,0,0,0,0,0,0,0,0,0,0,0,0,0,0,0,0,0,0,0,0,0,0,0,0,0,0,0,0,0,0,0,0,0,0,0,0],"activity":[[-11.111001714490728]],"dinucleotide":[],"modifications":[]},{"mononucleotide":[-0.1745390587999749,-0.6813564279620534,-0.8125653335878882,0,-2.9091662291442715,-4.0490481211709595,-4.7780233309513545,0,0,-5.847032008030329,-3.109545187826774,-5.830381388763088,0,-6.493783299114555,-6.2689457010462775,-6.045449867552314,-3.1472470314401457,-3.5258939624629195,-3.2341587646139143,0,-1.9007579095701563,-1.7872424010459544,-1.5712941296418084,0,-0.1626331510380803,-2.9909889268672853,0,-2.159398780232764,-0.8489591764521673,0,-0.04529795969629902,-0.6259677635780632,-0.7168712833965687,-0.06761193514349628,-0.7856800856463271,0,-0.5829193748315629,0,-0.20848788264036333,-0.16895857399886527],"activity":[[0]],"dinucleotide":[],"modifications":[]}]}}
