{"modelSettings":{"letterOrder":"ACGT","bindingModeInteractions":[],"bindingModes":[{"fitLogActivity":true,"flankLength":0,"singleStrand":false,"size":10,"dinucleotideDistance":0,"componentName":"Binding mode 0","positionBias":false,"modifications":[]},{"fitLogActivity":true,"flankLength":0,"singleStrand":false,"size":10,"dinucleotideDistance":10,"componentName":"Binding mode 1","positionBias":false,"modifications":[]}],"letterComplement":"C-G,A-T"},"coefficients":{"bindingModeInteractions":[],"bindingModes":[{"mononucleotide":[0,0,0,0,0,0,0,0,0,0,0,0,0,0,0,0,0,0,0,0,0,0,0,0,0,0,0,0,0,0,0,0,0,0,0,0,0,0,0,0],"activity":[[-12.82708435751294]],"dinucleotide":[],"modifications":[]},{"mononucleotide":[-0.6668182403966076,-0.8113065931559831,0,-0.47186340673420535,0,-0.6914561789108413,-1.0075328881035084,-0.3472196565251373,-3.4802579805996805,-4.377100581322249,-6.180099533810038,0,0,-8.179710123181284,-2.8944383814795493,-8.47172103416463,0,-15.040267453107978,-11.061193043377518,-12.279133624352674,-3.0800784774012238,-5.748665106634787,-2.4212410204999584,0,-2.1724720123996626,-2.376227411666684,-2.3681360383158943,0,-0.5419038976451693,-3.3026339609998248,0,-2.669081246105507,-0.593166868741716,-0.5526186846104473,0,-0.8430605476986903,-0.6382032881119604,0,-0.476083457621006,-0.003414229213583919],"activity":[[0]],"dinucleotide":[[0,0.6211292704117231,0.2611872635579715,0.5793749728297835,0,0.2140844775852102,0.6459073549203467,0.4454212640872104,0,0,0,0,0,-0.016591012262044735,0.23477567161707924,0.6179055289494073,0,0,0,0,0.8764356342594244,0.09610140715774662,0.4751531837012015,0,0.2749912121307352,0.2582369480502642,0.9973680896568808,0,0.7755997300258821,0.2221206682451662,0.6669170961300752,0,0,0.796809301739323,1.3737282303310545,0.0856608339852798,0,1.1466337081803886,1.4287772025730172,0.43082245488167636,0,0.5386271549273136,1.6593775614432564,0.6467010159500433,0,0,0,0,0,0,0,0,0,0.4101739532605464,1.8439572681215637,-1.8390318471915847,0,-2.9283443173746093,1.5603429027914864,-4.117986059445865,0,-1.1756362429475686,0.5643323991175393,-2.270376342915533,0,0,0,0,2.0638724358954335,0.1681537646840532,1.8400419488883788,0,0.09381054477450412,0.8708006603400644,-0.04225783582537446,0,0.8403994592577568,-1.2204922244619851,1.5276255109024035,0,-0.5643865449002483,1.6314460054334123,-0.6005827887699811,0,2.1547644713964633,1.0458388983049725,1.4756602180136849,0,-1.0308744710099802,-0.4498844619663087,-1.7491896783787366,0,0,0,0,0,-0.29292153488412254,0.989935585377494,0,1.050093263403797,-0.5685300629345695,-0.19488824367910773,0,1.2974724562578235,0.9835348587539172,1.3573223363045397,0,1.0964594101808185,0,0,0,0,-0.7282769194477907,1.0532760011810227,0,0.6390516769090455,0.52554759378308,0.04012665716251096,0,-0.10814390408284869,0,0,0,0,0.2792252517621199,-0.25834375331165926,0,-0.3662284640136342,-0.5054035578412068,0,0.024760533524815553,0.02321039386844026,0.029726884292351485,0,-0.47318567802956,0.04580458247906227,0,0,0,0,-0.03306435058057211,0,-0.380854327967755,-0.1357894059010598],[-0.3901827050681437,-0.06512102246771612,-0.14951120183286104,0,0.226623635507603,0.24817224939185412,0.5284446595181063,0,0,0,0,0,0.09726748953620223,-0.23477743781712057,0.35749145627551204,0,0,0,0,0,0,-0.7703131130477878,-0.7162341681481763,-1.830074123378644,0,-0.7557063880792327,-0.3461712316973111,-0.8304955587414149,0,-1.7967093457427623,-0.4870486134265235,-2.3455255000141655,0,6.790788468947442,3.592170357494364,7.951343986928765,0,3.2652717966116924,2.6182572180568755,3.2358381082709666,0,5.4680445275705125,4.780100475625336,6.675914767396549,0,0,0,0,0,0,0,0,0.7461333680348705,0.8709777430880745,0.081506408224854,0,-0.40694634179448297,-0.2507148560245174,-0.49572691932977,0,1.8828342877386817,1.0799584779239702,0.9896685843778492,0,0,0,0,0,4.457959162916586,0.9886848544315079,4.43010678652271,0,2.0248216117952538,0.3237475605645095,0.04726868937042639,0,4.360837293757111,0.7355417859673814,4.477189152397093,0,-0.36631350528588236,-0.015399217191863102,0,-0.44495292150615473,1.833813869153393,1.2862287005847435,0,0.5003329744986615,-0.705876242168296,-0.8942992822867248,0,-0.6600483374748825,0,0,0,0,-0.2701508663774801,0.10486842045813205,0,0.16906440468553807,0.2511986195474991,0.3640121005061543,0,0.9371162166346423,-0.14301700429813913,0.09710733647778724,0,0.36302351048690085,0,0,0,0,0.02454124159961868,0,0.18549957924316374,-0.5332592864732417,0.19823915440862727,0,-0.1685101930555879,-0.13137487107671442,0,0,0,0,0.3688652420760343,0,-0.05328959292301505,-0.3160759297878961],[0,1.4131498634662565,0.3505204081749733,1.0531942346126595,0,0.7904275045159004,0.19543713711740818,0.8082506993556855,0,0,0,0,0,0.8014711823524134,0.13526219968517061,0.7806350179127843,0,0,0,0,0,-1.3788139056999853,-1.5260395685952908,-1.5180666746103348,0,-0.7033798505469449,-0.467758012421168,-1.3062994333185411,0,0.8476926342190474,-0.5815312818225102,1.8187938729950233,0.27715341670099924,0.9125831957203605,0.7333125203458533,0,0.28288117179847827,1.0281497307477512,0.586287203468622,0,0.6089028881769902,1.2657531976889498,1.2749940985006223,0,0,0,0,0,0,0,0,0,-0.6352259215205862,0.2418823094310696,-1.409707667278969,0,-0.3650591783317214,-0.4256955311108275,-0.406214134582795,0,0.12455874082921525,0.8310156000175049,0.18759962703249222,0,0,0,0,0,-1.4865748045645795,3.946278936171648,0,2.8695988028834556,1.4023978455420085,3.1502270433225448,0,2.4544851721847216,-1.398699653435937,3.094092854045286,0,1.3716946506922696,-0.15705193453556454,0.13856921964412994,0,-0.3310481968741543,-0.5839116585474722,-0.039615313238174465,0,0.15322190110587286,-0.560801136214164,-0.17890292363515403,0,-0.0707680734785665,0,0,0,0,-0.03420754313215424,0,0.24643619747810508,0.025707796132298455,-0.024688883760565883,0,-0.3693842522852928,0.5638552601635478,0.05311302376377336,0,0.1283612004498651,0.03131358151828767,0,0,0,0],[0,1.0843639392534374,0.8384632850686025,1.0022312049012783,0,0.6565490764780737,-0.2185638236963925,0.5336179881890555,0,0,0,0,0,0.8774208782541972,0.020756192811113294,0.8640835028142568,0,0,0,0,-0.1499337082007095,0.06902757533269277,-0.20683063027208526,0,-0.026442777765518066,0.06740226318435738,-0.21148424362635243,0,0.3066079048557162,0.22194280996512816,0.18277155292499447,0,0.2145093995013907,0.24492201555016813,0.12524055382192412,0,0.055707918700313996,-0.09494598657700415,-0.5337971275508222,0,0.6898058827524736,0.5151840536653687,0.5770757437467866,0,0,0,0,0,0,0,0,0,0.7002878223786926,1.4915208640000088,0,3.5157795625213737,-0.03902440008385444,-0.23658730623976787,0,0.15364993217280354,0.25140800545178266,1.2939422358995714,0,4.140073205425805,0,0,0,0,0.3441394246995735,1.0472398573287265,0,1.2578156500870712,0.6683211312191659,0.2778017281751026,0,2.8939855475244904,0.7490009744048862,1.2384422554476622,0,1.448725759738835,-0.03368042297358853,0,-0.06645994894842744,0.09879124778240111,-0.3911654222274574,0,-0.40433907066072283,0.09114901150921284,-0.06570966292161984,0,-0.08924102945363321,0.10627722061166,0,0,0,0],[0.2611697875118617,0.17038879484605296,0.26189477684514806,0,-0.06161019861179895,0.15555177502831974,0.06627914968998638,0,0,0,0,0,-0.03164189443202137,0.22838769405401926,0.07471827801485365,0,0,0,0,0,-0.11894923492324416,-0.12216895325599442,-0.21291281805311968,0,-0.06724393165982345,-0.10522957506340358,-0.17160848406522167,0,-0.01743241440019183,-0.11874715365718558,-0.11330761996894712,0,-0.06753648931969813,-0.06997623673713882,0,-0.2853482391797577,0.2840339033650938,0.27673644089859906,0,0.5019529818010344,0.033948205937691434,0.10442840574362577,0,-0.1264155983633799,0,0,0,0,0,0,0,0,0.5857180649527329,1.0873970297489546,0,1.313754220948379,0.010272472220497875,0.012821032339748406,0,0.14603090960592624,1.186836655603284,2.2721925542259456,0,2.1039241415175907,0,0,0,0,-0.2712626646701022,0,0.29678695736044247,0.24957541612978318,-0.2490764695845087,0,-0.8430209784866314,0.9263266429592463,-1.866914055537931,0,