{"modelSettings":{"letterOrder":"ACGT","bindingModeInteractions":[],"bindingModes":[{"fitLogActivity":true,"flankLength":0,"singleStrand":false,"size":11,"dinucleotideDistance":0,"componentName":"Binding mode 0","positionBias":false,"modifications":[]},{"fitLogActivity":true,"flankLength":0,"singleStrand":false,"size":11,"dinucleotideDistance":0,"componentName":"Binding mode 1","positionBias":false,"modifications":[]}],"letterComplement":"C-G,A-T"},"coefficients":{"bindingModeInteractions":[],"bindingModes":[{"mononucleotide":[0,0,0,0,0,0,0,0,0,0,0,0,0,0,0,0,0,0,0,0,0,0,0,0,0,0,0,0,0,0,0,0,0,0,0,0,0,0,0,0,0,0,0,0],"activity":[[-5.91874447597471]],"dinucleotide":[],"modifications":[]},{"mononucleotide":[-0.2613697544543889,-0.1114172115897496,0,-0.39560967344784537,0,-0.09346464845551061,-0.08430647269520541,-0.06134187089653409,-1.3635883804671671,-1.1984099925868001,-2.122855396924777,0,0,-3.7964394675942716,-1.8191538975291728,-4.824003747486184,0,-2.9104145935978867,-4.9476549313993505,-3.1891459041697727,-2.030529459086777,0,-1.5440858566084383,-0.07042455467179387,-0.4755376861647047,-0.7273476280526854,0,-0.16397378613091362,0,-2.0799654315785077,-0.43891692110302927,-1.688522770228504,-1.0066874039116254,-0.9587801720623244,0,-1.065918227786483,-0.5045592643177077,-0.19561042115317662,0,-0.4654325173984084,-0.3264154536422321,-0.1362863886664245,0,-0.0595701052809261],"activity":[[0]],"dinucleotide":[],"modifications":[]}]}}
