{"modelSettings":{"letterOrder":"ACGT","bindingModeInteractions":[],"bindingModes":[{"fitLogActivity":true,"flankLength":0,"singleStrand":false,"size":8,"dinucleotideDistance":0,"componentName":"Binding mode 0","positionBias":false,"modifications":[]},{"fitLogActivity":true,"flankLength":0,"singleStrand":false,"size":8,"dinucleotideDistance":0,"componentName":"Binding mode 1","positionBias":false,"modifications":[]}],"letterComplement":"C-G,A-T"},"coefficients":{"bindingModeInteractions":[],"bindingModes":[{"mononucleotide":[0,0,0,0,0,0,0,0,0,0,0,0,0,0,0,0,0,0,0,0,0,0,0,0,0,0,0,0,0,0,0,0],"activity":[[-1.968768973920615]],"dinucleotide":[],"modifications":[]},{"mononucleotide":[-0.17973243611199718,-0.03414811391525863,-0.21850025733269263,0,-0.302149604812155,-0.08647616493344357,-0.3087114566815945,0,-0.3177999079799605,0,-0.051839723846334174,-0.07171698630730017,-0.902603080666005,-0.11217404309330625,-1.8321329776552766,0,-0.35600778014056944,-0.3238332932133807,0,-2.4248292119782704,-0.19523877023115244,-0.03768661201000656,-0.15594790189701202,0,-0.6699391403233892,-0.1985233926875436,-0.5031786609731186,0,-0.2822225831963818,-0.09898736049692847,-0.288871126240426,0],"activity":[[0]],"dinucleotide":[],"modifications":[]}]}}
