{"modelSettings":{"letterOrder":"ACGT","bindingModeInteractions":[],"bindingModes":[{"fitLogActivity":true,"flankLength":0,"singleStrand":true,"size":20,"dinucleotideDistance":0,"componentName":"Binding mode 0","positionBias":false,"modifications":[]},{"fitLogActivity":true,"flankLength":0,"singleStrand":false,"size":8,"dinucleotideDistance":0,"componentName":"Binding mode 1","positionBias":false,"modifications":[]}],"letterComplement":"C-G,A-T"},"coefficients":{"bindingModeInteractions":[],"bindingModes":[{"mononucleotide":[-0.08409884779018473,-0.06557855094211451,0,-0.074380397746868,-0.06104076167348227,-0.04821698290498455,0,-0.06299819919658578,-0.06300920319740388,-0.044441707569311095,0,-0.060212678714219425,-0.02636745267559748,-0.03055048168252883,0,-0.037331026663444344,-0.029974643413881452,-0.018116717564355955,0,-0.03716700845219556,-0.019558856638627997,-0.019253119426338117,0,-0.03772989403923255,-0.015412348963656619,-0.017828560225665147,0,-0.03164915422392722,-0.019607112216365685,-0.012211813860245169,0,-0.023875263223244847,-0.021134268989044802,-0.01806803094767062,0,-0.018926924211532636,-0.02521680457161235,-0.02452269586098499,0,-0.02088334241031875,-0.02686194380955298,-0.014200130702823444,0,-0.02713244732128217,-0.02247318573480772,-0.016637171107452442,0,-0.014159835933532428,-0.021286369832457464,-0.022111783581124644,0,-0.01720806768127181,-0.019842288612234693,-0.00958942412922914,0,-0.004180546295452725,-0.021631429411864467,-0.01248315115515286,0,-0.005397654250351103,-0.02147172652921503,-9.128388213657246E-4,0,-8.842850498678168E-4,-0.022361015685611108,-0.012730620496489209,0,-0.017456005583204703,-0.02265192619922818,-0.012009875676316284,0,-0.015751000385191727,-0.01734675109753292,-0.01673940687636133,0,-0.013414459867623574,-0.05220689708895554,-0.04929013674265725,0,-0.05134405631102368],"activity":[[0]],"dinucleotide":[],"modifications":[]},{"mononucleotide":[-0.3358837849673182,-0.39702980330714954,-0.18463173790641818,0,0,-0.4918343297901284,-0.19138595524064161,-0.056793730193020586,0,-0.09855762944040691,-0.5752597445578986,-0.23859775808842087,-7.4806334113916115,0,-5.582773296004813,-2.924718812679921,0,-0.9879869954119345,-0.2756966004060568,-0.7158709022751408,-0.5373433491436452,0,-0.6228595074435608,-0.372852556483084,-0.2771703123313749,-0.10801533404579144,-0.19186864326926178,0,-0.048134031928188215,0,-0.18022174110387068,-0.15399723262412168],"activity":[[-2.644223287877894]],"dinucleotide":[],"modifications":[]}]}}
