{"modelSettings":{"letterOrder":"ACGT","bindingModeInteractions":[],"bindingModes":[{"fitLogActivity":true,"flankLength":0,"singleStrand":false,"size":8,"dinucleotideDistance":0,"componentName":"Binding mode 0","positionBias":false,"modifications":[]},{"fitLogActivity":true,"flankLength":0,"singleStrand":false,"size":8,"dinucleotideDistance":1,"componentName":"Binding mode 1","positionBias":false,"modifications":[]}],"letterComplement":"C-G,A-T"},"coefficients":{"bindingModeInteractions":[],"bindingModes":[{"mononucleotide":[0,0,0,0,0,0,0,0,0,0,0,0,0,0,0,0,0,0,0,0,0,0,0,0,0,0,0,0,0,0,0,0],"activity":[[-1.4513028365258767]],"dinucleotide":[],"modifications":[]},{"mononucleotide":[-0.24033113598706546,0,-0.5057102094088308,-0.1088012457544627,-0.07295547934778535,-0.5839378712408911,-0.5207927462332931,0,-1.652994929845413,0,-0.8218326848154711,-1.6278271312218895,-0.949502371653673,0,-1.037269675961138,-1.4903168515660339,-2.008002898315223,0,-1.3343402534634172,-3.2137916150486596,-1.6865294779912972,-3.090729527857257,-2.767461330508948,0,0,-0.8737518475725565,-1.1091319426132573,-1.398529719283687,-2.3930821192602982,0,-1.585960968612604,-1.3205958619617442],"activity":[[-0.31083810907477066]],"dinucleotide":[[-0.7290447611621675,0.22869936746922903,-0.3046390990000525,0,0,0,0,0,0.21461244230944843,0.42602496536394296,0.4621001229093893,0,-1.035816120469039,0.1730700407730268,0.0820149162116337,0,0.4536175985883104,0,-0.6110724833250203,0.5062154140332411,1.3683676806585146,0,0.476490858411307,0.8058957699501017,1.1188409090675409,0,0.034452857244845925,0.5840871868522568,0,0,0,0,-0.6731731028562278,0,-1.059925338896818,0.22983491636735032,0,0,0,0,0.20835442077409616,0,-3.0698022434007615,0.6234813568363717,0.5566250132860389,0,0.7771993335319951,0.6940249186956282,0.5138792910279868,0,-0.4292352321666595,1.144087447253983,0,0,0,0,0.9323914196248397,0,0.18737926990528475,2.3255605280003477,2.041033259904557,0,1.1579219198166537,2.5278434793566396,1.495941913640852,2.5554175125628507,1.1304926520656897,0,0,0,0,0,1.705128851840392,1.844290640965156,1.546872288627859,0,1.4502651220581964,3.291160045012346,1.4477200138638118,0,0,0.36987598251381826,1.022229583986612,1.2254529997189694,0,1.0928699303148042,0.8034551628777233,-2.6706636313900676,0,1.9962798569098668,0.05169920729283328,2.302597620745889,0,0,0,0,0,0,0,0,2.530808803336084,0,1.5456432274324352,1.4752878674677423,1.8545420323057327,0,-1.7028115753364141,0.9762530702996788,2.36820848341796,0,1.7009718256684883,1.5627913019148219]],"modifications":[]}]}}
