{"modelSettings":{"letterOrder":"ACGT","bindingModeInteractions":[],"bindingModes":[{"fitLogActivity":true,"flankLength":0,"singleStrand":false,"size":15,"dinucleotideDistance":0,"componentName":"Binding mode 0","positionBias":false,"modifications":[]},{"fitLogActivity":true,"flankLength":0,"singleStrand":false,"size":15,"dinucleotideDistance":0,"componentName":"Binding mode 1","positionBias":false,"modifications":[]}],"letterComplement":"C-G,A-T"},"coefficients":{"bindingModeInteractions":[],"bindingModes":[{"mononucleotide":[0,0,0,0,0,0,0,0,0,0,0,0,0,0,0,0,0,0,0,0,0,0,0,0,0,0,0,0,0,0,0,0,0,0,0,0,0,0,0,0,0,0,0,0,0,0,0,0,0,0,0,0,0,0,0,0,0,0,0,0],"activity":[[-5.321366908447661]],"dinucleotide":[],"modifications":[]},{"mononucleotide":[-0.40852152132665864,-0.1676912643052031,0,-0.33736141041428525,-0.02659868940260779,0,-0.2675755920221867,-0.07226884558114222,-1.8727610709085702,-2.349292661707427,-3.6794680392402492,0,0,-3.435991395576943,-2.552125951186783,-2.199623288913168,0,-4.298376319568278,-4.033356103023149,-5.6582380286910965,-4.661979721055542,-2.2994937169752347,-3.077746118192488,0,-2.1449505959338424,-1.31167444278765,-1.7642132889854363,0,0,-1.5974669825359964,-0.7054281850259407,-3.575774200308545,-0.10288015410327667,-0.668650108732713,0,-1.6868465137158903,0,-3.039257928077321,-1.0912475697930244,-3.165792756491866,-5.942912886700216,-5.369809373956595,-4.3290648163366,0,-2.6748274143894513,-1.9514957427663244,-3.61219093272973,0,0,-3.1727680683178843,-2.340116697298006,-1.8568687137468771,0,-0.22654784516381454,-0.11804931284424569,-0.15140108217330983,-0.48005953605201057,0,-0.2767342427002255,-0.43569279613402756],"activity":[[0]],"dinucleotide":[],"modifications":[]}]}}
