{"modelSettings":{"letterOrder":"ACGT","bindingModeInteractions":[],"bindingModes":[{"fitLogActivity":true,"flankLength":0,"singleStrand":false,"size":10,"dinucleotideDistance":0,"componentName":"Binding mode 0","positionBias":false,"modifications":[]},{"fitLogActivity":true,"flankLength":0,"singleStrand":false,"size":10,"dinucleotideDistance":0,"componentName":"Binding mode 1","positionBias":false,"modifications":[]}],"letterComplement":"C-G,A-T"},"coefficients":{"bindingModeInteractions":[],"bindingModes":[{"mononucleotide":[0,0,0,0,0,0,0,0,0,0,0,0,0,0,0,0,0,0,0,0,0,0,0,0,0,0,0,0,0,0,0,0,0,0,0,0,0,0,0,0],"activity":[[-4.668138119007606]],"dinucleotide":[],"modifications":[]},{"mononucleotide":[-0.033402838305512716,-0.2681712803762659,0,-0.0951331548568044,-0.11618675011193957,0,-0.026281983199917036,-0.13445190048995848,-0.30221084495474937,-0.00908069585563176,0,-0.46162064615231113,-0.39413226173850635,0,-0.0801461544674762,-0.30575445748496666,-6.568588546191311,-0.004661177188237886,-6.32760897601883,0,0,-2.499753072022891,-1.069226452999164,-6.941676029894158,0,-1.3415084144392813,-5.1084052915652745,-1.522285612365204,-2.4978800211640815,-1.158704923939026,-1.7967959718678888,0,-0.8901942147370372,-0.48573812202366984,-0.7197803657021993,0,0,-0.9505367024762057,-0.7790304761013678,-0.8668046573877222],"activity":[[0]],"dinucleotide":[],"modifications":[]}]}}
