{"modelSettings":{"letterOrder":"ACGT","bindingModeInteractions":[],"bindingModes":[{"fitLogActivity":true,"flankLength":0,"singleStrand":false,"size":13,"dinucleotideDistance":0,"componentName":"Binding mode 0","positionBias":false,"modifications":[]},{"fitLogActivity":true,"flankLength":0,"singleStrand":false,"size":13,"dinucleotideDistance":0,"componentName":"Binding mode 1","positionBias":false,"modifications":[]}],"letterComplement":"C-G,A-T"},"coefficients":{"bindingModeInteractions":[],"bindingModes":[{"mononucleotide":[0,0,0,0,0,0,0,0,0,0,0,0,0,0,0,0,0,0,0,0,0,0,0,0,0,0,0,0,0,0,0,0,0,0,0,0,0,0,0,0,0,0,0,0,0,0,0,0,0,0,0,0],"activity":[[-6.608184420150221]],"dinucleotide":[],"modifications":[]},{"mononucleotide":[-0.17034230617640667,-0.14377319929682386,0,-0.32867962951709373,-0.2269218019645427,-0.08908231381275478,-0.3712543774005628,0,-2.001791743769825,-1.7673854062476444,-2.987453382686425,0,0,-2.442178241992366,-2.417931139046825,-2.1435986923279318,0,-3.4966294060369423,-5.649482407561274,-3.8929601500951234,-3.4228092795763043,-1.7329877622443393,-3.47711264363545,0,-1.4712215101230903,-0.6730640640352945,-1.2126684219938344,0,0,-0.5587816965936128,-0.27461519414818625,-0.2557516961274757,0,-0.6341121189270016,-0.14522832747406333,-0.6756157719866174,0,-0.6391157092844981,-0.6938680850821104,-0.6544926461549352,-0.5174901666093525,-0.7454358472909037,-0.8024318918950586,0,-0.36329851559703563,-0.5001961916093416,-0.9385495252437304,0,0,-0.9384568117485452,-0.9943369267805942,-0.36546650178857654],"activity":[[0]],"dinucleotide":[],"modifications":[]}]}}
