{"modelSettings":{"letterOrder":"ACGT","bindingModeInteractions":[],"bindingModes":[{"fitLogActivity":true,"flankLength":0,"singleStrand":false,"size":12,"dinucleotideDistance":0,"componentName":"Binding mode 0","positionBias":false,"modifications":[]},{"fitLogActivity":true,"flankLength":0,"singleStrand":false,"size":12,"dinucleotideDistance":1,"componentName":"Binding mode 1","positionBias":false,"modifications":[]},{"fitLogActivity":true,"flankLength":0,"singleStrand":false,"size":12,"dinucleotideDistance":1,"componentName":"Binding mode 2","positionBias":false,"modifications":[]}],"letterComplement":"C-G,A-T"},"coefficients":{"bindingModeInteractions":[],"bindingModes":[{"mononucleotide":[0,0,0,0,0,0,0,0,0,0,0,0,0,0,0,0,0,0,0,0,0,0,0,0,0,0,0,0,0,0,0,0,0,0,0,0,0,0,0,0,0,0,0,0,0,0,0,0],"activity":[[-5.730457074118116]],"dinucleotide":[],"modifications":[]},{"mononucleotide":[-0.1590932086650616,-0.18349052495578544,-0.47942447278267597,0,-0.5830913995240854,-1.1448487860971346,-1.4497196260261829,0,0,-2.1460964423160185,-1.1010727879165092,-0.9817653888172977,0,-2.1752542244053084,-2.2512037767065793,-2.2302395550233705,-1.3796112203331719,-1.1576271371563038,-2.01747501863733,0,-2.144314926955796,-0.6857676293133821,-1.6320425656275042,0,0,-0.2314954278542345,-0.4176332584369522,-0.07459750995090797,0,-0.9924752370249497,-0.02387237602686909,-1.1632069686549276,0,-2.0268892489935517,-1.6291882201600476,-7.054595126501476,-10.416493882561145,-3.495346278049424,-8.726706256762974,0,-1.899699193345045,-1.9225607227920634,-2.698862230294886,0,0,-2.970996112354359,-2.4972690867234366,-1.8913758554140605],"activity":[[0]],"dinucleotide":[[-0.18458505740228848,-0.15911664767631795,-0.1141662057763666,0,-0.2130340495058034,-0.8146164101699638,-0.2579189575433416,0,-0.373424159331603,-0.3136436603559378,-0.19741608437822578,0,0,0,0,0,0,0.7034753586176192,-0.30748724228085234,0.49576328790020074,0,0.34816248212426615,0.6271831891916255,0.06258478909395215,0,0.6489305106242806,-0.032670845108446755,0.2099492670530223,0,0,0,0,0,0,0,0,0,0.5358483960769247,0.640334341119531,0.46992018608185937,0,-0.381943149785267,-0.8011713684279966,-0.3645402259142574,0,-0.23228809482670343,0.488173249356902,0.862654486536722,0,0,0,0,0.9106366805477553,0.04301181090003148,1.2897733163805691,0,1.0178675901322913,0.64045664284592,1.312710790945692,0,1.4308321052796682,0.10168127716131714,2.216365127680393,0,0.9747773532589914,0.21806312970741892,0.1764034298430026,0,0.7662150965130508,-0.6714699556116877,0.33547166909896564,0,0.5907708462143235,0.33403723206439473,0.807112658706366,0,0,0,0,0,0,0.8078477236943513,-0.41506984982236883,0.39039350350285495,0,0.3488209634397892,0.4838983029902604,0.4889832256047404,0,0.8530002070708314,0.059187270765782785,0.7534223688080077,0,0,0,0,0,0,0,0,0,-0.7422175861744131,-0.9562804163620866,-0.16866904250175896,0,-0.04725563637195407,-0.8598128623479111,-0.4996367286341048,0,-0.0477755222112668,-0.5298972166961109,-0.24766399763697056,0,0,0,0,0,-0.2578951138831016,0.28496430528935246,3.472144428425276,0,-2.061077612887699,0.2936079102219731,1.5215198722766479,0,-0.6687296365096396,0.32363831784478947,3.8384378841982763,0,0,0,0,2.5161344227134315,-3.178994241774787,0.25576984805062963,0,4.920861931640424,-3.962590229501912,4.263256311459982,0,3.8701559171089173,3.6048250021414194,4.295677463425957,0,1.0747778144549542,0.8551966687823906,5.100408049555108,0,-0.621007220389969,-3.439474691808983,2.6818037631702465,0,0.41222950571989614,0.6582532805811212,5.207144913792325,0,0,0,0,0,0,0.41728756946176393,-0.5458388794093025,0.27917368919274477,0,0.6466025556318176,1.4186380161934213,1.0506712742229096,0,-2.653543957550685,-0.03977492062801247,-0.43851511685295463,0,0,0,0]],"modifications":[]},{"mononucleotide":[-0.32634022756920267,-0.30478268526146923,0,-0.011949797730573586,-0.22140095887497502,-0.19058888789708828,0,-0.26379061319180863,-0.625747490460153,-0.4917966493424908,0,-0.5181320764091266,-0.4076442382629688,-0.2455038494179167,-0.6208106548472534,0,-2.33294806421459,-2.008148115013011,-2.723370698860949,0,0,-1.7334517454674572,-2.1947130591540494,-3.582691329703822,0,-7.719819740137576,-3.922769441087521,-5.542860297320074,-4.638901792171281,-2.7311176263573134,-2.1323800914841042,0,-0.6748299060699647,-1.4716071865371343,-1.2645595630983988,0,-0.3093263742466501,-0.7914467965423722,0,-1.1505731469208875,-0.953161889587693,-1.332536406349718,0,-1.4792615086199485,-0.7609950495304636,-0.4560200693251577,0,-0.3786127361903402],"activity":[[-0.8531959542387506]],"dinucleotide":[[0.14960606147059607,0.33593406209375676,0,0.34637409245426554,0.30069697751909263,0.051616743143625854,0,-0.19618341463657618,0,0,0,0,-0.048042370124825595,-0.006274628374868918,0,-0.25558367948684513,-0.08797953244826573,0.14313773026098442,0,-0.3313789866775929,0.15498545603536495,0.08070794818603488,0,-0.2410733534588383,0,0,0,0,-0.08348032754186008,-0.04795802945834193,0,-0.3141977707930641,-0.0508131125681599,0.41878268759210613,0.08036659534748836,0,-0.030888961787124636,-0.37402134091649586,-0.2194720416835021,0,0,0,0,0,-0.15534794376669314,0.032145004637663455,0.09000504552328348,0,0.5348972447251255,0.6665540365355005,0.7159952690483395,0,0.6236755446777731,-0.5442831152377821,-0.07625089424387133,0,1.2386750652929281,1.2729905856307209,1.2198715699982388,0,0,0,0,0,0,1.79088914457405,1.9733765199042939,0.28759050412287035,0,0.39725584391045565,1.1490625713017035,-2.070471192760605,0,2.0104490627126217,2.4423680213349983,2.805258596425702,0,0,0,0,0,0,0,0,0,1.0447913691621,1.661638213451642,1.4546663019316135,0,1.8659607559019218,2.5599785887692263,4.781766488092893,0,4.460265584245021,2.9821236127115753,5.738796432599894,0,0,0,0,5.322654195456103,2.8429949551469935,5.976253317587141,0,3.2291411192176067,1.9790530746465498,3.903836597205057,0,-0.42430975834121654,0.15149734262961623,2.6390344245343407,0,3.0077083716450876,-0.9414174476115509,2.5183740466122635,0,1.7514438072123792,-2.3197288795184017,2.0587244920108394,0,0.12439915063496221,0.830887931980373,0.6212910096176736,0,0,0,0,0,-1.025801305117756,-0.4460407687205512,0,-3.8162140500681234,-0.2038930946827726,0.3352183092710814,0,-3.0930047304913484,0.254820768671121,-0.531417426815564,0,-2.938859467557172,0,0,0,0,0.4213691797718999,0.8403117767863342,0,0.5408600936117818,0.13425446607902902,-0.3485047149267375,0,1.3821487723510795,0,0,0,0,0.6788419885753201,0.7420748447257841,0,-0.7781928275433789,0.7256445863848304,0.3856793080518641,0,0.499608287420366,0.3306190371792952,0.04219568249024297,0,0.5181205279185321,0,0,0,0,1.3424584852592178,0.26032498345592314,0,-0.17428983079471694]],"modifications":[]}]}}
