{"modelSettings":{"letterOrder":"ACGT","bindingModeInteractions":[],"bindingModes":[{"fitLogActivity":true,"flankLength":0,"singleStrand":false,"size":12,"dinucleotideDistance":0,"componentName":"Binding mode 0","positionBias":false,"modifications":[]},{"fitLogActivity":true,"flankLength":0,"singleStrand":false,"size":12,"dinucleotideDistance":0,"componentName":"Binding mode 1","positionBias":false,"modifications":[]}],"letterComplement":"C-G,A-T"},"coefficients":{"bindingModeInteractions":[],"bindingModes":[{"mononucleotide":[0,0,0,0,0,0,0,0,0,0,0,0,0,0,0,0,0,0,0,0,0,0,0,0,0,0,0,0,0,0,0,0,0,0,0,0,0,0,0,0,0,0,0,0,0,0,0,0],"activity":[[-6.398647823307662]],"dinucleotide":[],"modifications":[]},{"mononucleotide":[-0.22018582586529512,-0.0708514180532287,-0.37798447094256105,0,-2.1206945453943433,-1.8012297398439348,-3.010828093161078,0,0,-2.3684691393291555,-2.437343562194071,-2.169028707437639,0,-3.360735828188293,-4.366617498588047,-3.504150566922375,-3.342312069718159,-1.7253769366204237,-3.4491430967142467,0,-1.4693555624727628,-0.6505382764012371,-1.206569633808888,0,0,-0.5301073785776538,-0.24503077639439574,-0.22174731248701107,0,-0.6248083230154489,-0.15126852972003313,-0.6713296195295007,0,-0.5199802470866652,-0.6617363060541184,-0.6420355390986483,-0.5372416682935492,-0.7848124819710343,-0.7906569757483091,0,-0.3536075969847392,-0.5112191395815788,-0.9588672979773625,0,0,-0.9488767511240361,-1.0126873109648198,-0.3546361399376101],"activity":[[0]],"dinucleotide":[],"modifications":[]}]}}
