{"modelSettings":{"letterOrder":"ACGT","bindingModeInteractions":[],"bindingModes":[{"fitLogActivity":true,"flankLength":0,"singleStrand":false,"size":15,"dinucleotideDistance":0,"componentName":"Binding mode 0","positionBias":false,"modifications":[]},{"fitLogActivity":true,"flankLength":0,"singleStrand":false,"size":15,"dinucleotideDistance":1,"componentName":"Binding mode 1","positionBias":false,"modifications":[]}],"letterComplement":"C-G,A-T"},"coefficients":{"bindingModeInteractions":[],"bindingModes":[{"mononucleotide":[0,0,0,0,0,0,0,0,0,0,0,0,0,0,0,0,0,0,0,0,0,0,0,0,0,0,0,0,0,0,0,0,0,0,0,0,0,0,0,0,0,0,0,0,0,0,0,0,0,0,0,0,0,0,0,0,0,0,0,0],"activity":[[-6.895033884359195]],"dinucleotide":[],"modifications":[]},{"mononucleotide":[-0.29289752699676974,-0.10372021997888048,0,-0.45593387893265636,-0.28982150198737955,-0.2069728723129476,-0.5662747448460852,0,-2.237763993198058,-2.144940857117664,-2.896691837741418,0,0,-2.454138734174137,-2.045672871737363,-2.0409977754920803,0,-3.889778997436708,-4.086707418689052,-3.923377911236657,-3.9756196534994714,-2.2190262047974,-2.70802733413759,0,-1.8756028824171054,-0.8109871528408039,-1.167541395678887,0,0,-0.5681280172920058,-0.2189301114344353,-0.29878633581175507,0,-0.8278835339297661,-0.15463573672408693,-0.9182198479901338,0,-1.0768672340201455,-0.6568169344397248,-0.929283800572799,-1.3046976920350293,-1.5769326191752064,-1.7295486814138918,0,-0.665220130337639,-0.7722601454111553,-1.3620063505399012,0,0,-1.2048955275989695,-1.4293223322770743,-0.4775836037987684,-0.11964536115582725,-0.4367237202834051,-0.2564289609010242,0,-0.08584440178184138,-0.22893287572677856,-0.24598858569274906,0],"activity":[[0]],"dinucleotide":[[-0.3098941985985242,0.22844265758538818,0.39393362580942615,0,-0.028011723565507296,0.20164348630656725,0.21737923265205694,0,0,0,0,0,0.1360835273471448,0.05254336872720522,0.33935716827141427,0,-0.061340554283503934,0.3330275944640082,0.17306745783692534,0,0.7254158672175528,0.8225070578241755,0.49837972145291154,0,-0.07790870107576353,-0.3648609001827925,-0.35399648779375426,0,0,0,0,0,0,1.7333153655240903,0.3713169838603081,0.561212416865617,0,1.908612426850718,0.7683702475134293,1.6270903780629862,0,1.1349680422108364,0.5282966364286619,0.9641032444998139,0,0,0,0,0,0,0,0,0,2.9896311327109855,2.092446936212845,3.057337955832881,0,1.9135288254941596,1.4865850102193878,2.2790809804874224,0,1.955205058577694,1.5164430576003962,1.914132080333193,0,0,0,0,2.9668948053739888,2.504257431386357,2.188131323695818,0,2.153439915598506,1.39400645191059,1.6366947847405218,0,2.032611561540194,2.3109269995227386,2.7504810291917856,0,1.2871497625696353,1.4975810451137317,0.830797789528317,0,1.452040793305713,0.9792016600772158,0.8910362230214428,0,0.3953591585636609,-0.1530092720718308,0.4656335495829911,0,0,0,0,0,0,0.44946596053362775,-0.10545861858840411,0.20482954584480773,0,0.09757261814621465,-0.2234098671779705,0.6069129432443958,0,-0.09308990458191602,-1.0008151619973287,0.24586761894142128,0,0,0,0,0,0,0,0,0,0.3383110443837687,-0.0933788300327425,0.5290202834071014,0,0.19543904207604257,-0.17083498805352804,0.07304735209993041,0,-0.23998626696531566,-0.3543191032719051,-0.2791441414918605,0,0,0,0,0,0.7022445552622401,0.28523225021801935,0.30488285776455193,0,0.2100558308460574,-0.3559850635043045,0.28618014297827443,0,0.24900338032214187,0.10826135728654052,0.19057730886272317,0,0,0,0,1.144139462181542,0.7376630070349552,1.3251159981275276,0,0.278440041451951,0.04618674584639848,-0.011640125548620261,0,0.7639821731011516,0.44541815704447174,1.1427603497788148,0,0.4143024234182997,0.24702256782365684,-0.4595970182149749,0,0.7877349963215767,1.2320109542051751,1.0447535883072359,0,0.2694911675284146,0.47609206728822784,0.1524216954989459,0,0,0,0,0,0,0.34844613300977123,-0.8674363308506665,0.39549569841293764,0,0.5384987324831281,0.25826005155077425,-0.048524214153958134,0,0.8329197961537105,0.04960810064907317,0.43768701636009233,0,0,0,0,0,0,0,0,0.3430615803067987,0.4598868094082116,0.2157732202060334,0,0.6551976163553839,0.6392551722890003,-0.21401216668887457,0,0.17205674530353487,-0.050891728436226025,-0.17286919880750595,0,0.06683660220649656,0.018186274570650696,-0.007422876820718294,0,0.19219038463211557,0.30839877101370483,0.2599053090900183,0,-0.008481745379655514,0.2241920840340903,-0.11747445035851811,0,0,0,0,0]],"modifications":[]}]}}
