{"modelSettings":{"letterOrder":"ACGT","bindingModeInteractions":[],"bindingModes":[{"fitLogActivity":true,"flankLength":0,"singleStrand":false,"size":12,"dinucleotideDistance":0,"componentName":"Binding mode 0","positionBias":false,"modifications":[]},{"fitLogActivity":true,"flankLength":0,"singleStrand":false,"size":12,"dinucleotideDistance":20,"componentName":"Binding mode 1","positionBias":false,"modifications":[]}],"letterComplement":"C-G,A-T"},"coefficients":{"bindingModeInteractions":[],"bindingModes":[{"mononucleotide":[0,0,0,0,0,0,0,0,0,0,0,0,0,0,0,0,0,0,0,0,0,0,0,0,0,0,0,0,0,0,0,0,0,0,0,0,0,0,0,0,0,0,0,0,0,0,0,0],"activity":[[-6.409721335945976]],"dinucleotide":[],"modifications":[]},{"mononucleotide":[-1.307300305000922,-1.7239279797815392,-1.8655373741646244,0,0,-5.824293353356127,-1.3994238653553879,-2.0304509882330244,0,-8.762588647290203,-9.15860000067283,-10.141641794706217,-4.167427865584317,-1.3071610499205875,-6.357931775689842,0,-1.0215015367836067,-0.18749002947948057,-0.7721332119374047,0,-0.1554851893146818,-0.19613164207473233,-0.6564341026427698,0,0,-0.8905488585955048,-0.4123268180837272,-2.1093430227525793,0,-1.719090138935595,-1.6647600926100807,-1.781782688720103,-1.983478991002361,-1.7427724815308956,-1.560372102786907,0,-1.5837308258974687,-1.3889550343553907,-1.685642774811992,0,0,-1.7361277160821924,-1.9344687515532222,-0.8437887206206565,0,-0.4213347257457798,-0.15179594976937594,-0.2323509694532806],"activity":[[0]],"dinucleotide":[[0,-0.2821865816556315,0.7421536639871,0.6843260501701778,0,1.2396709125580188,1.4949487691547212,0.6735071730646993,0,-0.03587243896594128,-0.0015337235642478575,0.22351436437156647,0,0,0,0,0,0,0,0,0,4.9767119824858685,5.111152465360359,4.579729443676754,0,1.3563998613021102,2.9555976206039807,3.3891786678647264,0,3.278426434402548,4.088687804442239,4.137519766423255,0,0,0,0,4.285378374289216,2.6866202195894804,1.9899875126500337,0,2.524337493636466,0.2903653679083149,3.8165298027258476,0,2.8762110186929934,2.701092545015035,5.690600447360898,0,-2.0499281840043695,-1.0237623289355335,0.5409552081311277,0,0.7782676501956232,-0.12973063449924283,0.33932168306719745,0,-0.1067946458346336,-1.469902359642564,0.042597754758495476,0,0,0,0,0,-0.2915039209099959,-0.25424935273285243,0.5005069645537681,0,-0.8436739004662606,-0.4226606974500875,-1.0225040975995405,0,-0.5534752412884423,-0.1022567161058987,-0.8529767195100995,0,0,0,0,0,0,-0.39741747196735133,0.30712253181948057,0.422769656062691,0,-0.5810016660889055,0.1574984624625344,0.12577010367937547,0,-0.07589620363549798,0.2929130194117242,0.7874532694284966,0,0,0,0,0,0,0,0,0,0.2972453937066888,0.2948947094168801,0.020172312291954597,0,0.11233547438151348,-0.07728433280620095,0.052890251540798516,0,0.14009308306584778,-0.003971187577268331,0.24717408118041817,0,0,0,0,0.7201040485797492,0.6492746539337766,0.9800318326155164,0,0.4962987722563996,0.6137996485981674,0.5584085753627015,0,0.7791531570287944,0.4540794658733951,0.9689368538629175,0,0.043182336767698004,0.18855995671857162,-0.07539610807034691,0,0.3857073432810658,0.49081254731701307,0.25167658717656405,0,-0.04462011554855394,0.31829880717085857,-0.12942248751475205,0,0,0,0,0,0,0.4352234355694442,0.19533981834425962,0.5208812106472802,0,0.4523535503019378,0.40073365845726805,0.20387459382878603,0,0.6186395336504678,0.45220021956080547,0.4836329739783487,0,0,0,0,0,0,0,0,0,-0.01308913370872844,-0.14610718374763998,-0.40065949561602565,0,-0.011511979088018265,-0.17634632343198042,-0.1411377967782652,0,-0.22649926112293706,-0.25110735392382466,-0.3960235352520698],[0,1.6641291331701833,-0.3459083029166443,-0.4748175480579224,0,1.2087955965523403,0.8618638549713005,0.8033660410502428,0,3.162718967688213,2.092672300882761,1.6260139025669211,0,0,0,0,0,0,0,0,-0.886255262023214,-0.7536088616604797,-0.23231899608639317,0,0.49143927433620416,-0.7636687849196804,0.025038399631381658,0,-0.026250928553797515,-0.7140974884070754,-1.292721240944097,0,0,0,0,0,-0.6214926116092645,1.5273465908347257,-0.4155079078146162,0,4.8907436098192125,2.0467595924239257,2.590979885797587,0,0.12989652316927547,0.7800497144967942,0.45718740536348257,0,-0.3927907162858295,-1.7781602223176858,-0.4883707262386352,0,-0.42945758076802676,0.21560265252873734,-0.22552720702968543,0,-1.2227932985724408,-1.3364187874383378,-1.1356181500765103,0,0,0,0,0,0,-0.6652563703281622,0.16216915096577722,0.3133693542724991,0,-0.5138962281665655,-0.1813573913911064,0.3845994696470889,0,0.33002044147216125,0.3437052636146056,1.047267218948921,0,0,0,0,0,1.024011565437963,0.9093030431889275,0.8403140660098316,0,0.4231007914154361,0.058611740429235226,0.25051608360826094,0,0.8941757244709017,0.7685394875107754,1.1196182087312785,0,0,0,0,0,0,0,0,0.46549677936695844,0.11705990030284497,0.2810048050533531,0,0.25220032572462614,0.23812467978198626,0.17460074335258824,0,0.3770017574467479,0.11049113806628696,-0.02994430137611115,0,0,0,0,0,0.5281877911219226,0.2588201302166233,0.20666071039785283,0,0.44567749951423963,0.36267688771683737,0.2336515056489361,0,0.7723790508837389,0.36007242005066686,0.3328556682974435,0,0,0.4970255264902024,0.5392765613217261,0.7500762368602061,0,0.25414027427509556,0.28070726603548657,0.3025160425529627,0,0.5348981355725879,0.33156323247802355,0.5320263349787417,0,0,0,0,0,0.36311611264443755,0.15491236093122396,0.5758071988792608,0,0.05291077156562807,-0.013456976931102815,0.25016009378284565,0,0.285912357708515,0.16361443163133416,0.43010625114753154,0,0,0,0],[0.6710189567251996,0.3340017414708818,2.2545586359709393,0,-0.6484765161954842,-0.5859499458319481,-0.513735851034463,0,-0.23084943795485646,-0.5231469423179149,1.4909776189141466,0,0,0,0,0,0,0,0,0,-2.6492485563830943,-0.014798345320075512,0.16690642678645418,0,0.3993089323862904,0.0950353294909192,0.06537958065184313,0,-0.7962486890557825,-0.09026712727546382,-0.17236741645123743,0,0,0,0,0,-2.4133932165199976,0.6124595930444148,-0.676352754639689,0,-2.245908617181211,0.30738612322050507,0.3407343769579416,0,-1.538739046044972,0.2728275066868626,-0.5010653864789134,0,0,1.0769329251169033,1.1895874324735338,1.0802220116748442,0,0.212687622281706,0.017104155791304976,0.37582633224739226,0,-0.785226954243802,1.151396757765058,-0.3105263704887786,0,0,0,0,0,-0.3625747913227375,-0.17123434547124283,0.023196404792548364,0,-0.26548752627859784,0.010798032041520855,0.0927405983305789,0,-0.2923094807833646,-0.16698818324960385,0.23291702336090836,0,0,0,0,0.24707981516351651,0.36178457100461614,0.034019427451074336,0,-0.03229907294421608,-0.08834130818471309,-0.48749466995399615,0,0.43866428920793155,0.34538913162058194,-0.45665274768405695,0,0,0,0,0,0,0,0,0,0.2383906436425356,0.011686058091324725,-0.11966201521387632,0,0.02108078380857492,0.008200969531333868,-0.17196224824352058,0,0.27357042893549277,0.10157740635161083,0.1387133203475992,0,0,0,0,0,0,0.4227344589576525,0.3191359255850301,0.28041579022218244,0,0.283392521808878,0.321152805139012,0.0830345568223354,0,0.29922762584706586,0.2673598330643969,0.13639239832589034,0,-0.1268703550258543,-0.04719269011888372,0.09993715096634759,0,-0.24301450705586447,-0.20371548309917387,-0.026777364247511315,0,-0.0791596345027088,-0.14001321248673548,-0.05454768833279999,0,0,0,0],[-0.9603795155253563,0.05336630259224506,-0.12492536054643466,0,-1.4634719051782925,-0.19972025887004818,-0.5755260744720143,0,-0.8201873276201654,-0.9001664944430203,-0.13009278786933365,0,0,0,0,0,0,0,0,0,0.013104212841268392,0.20996911226302117,1.0083676767151575,0,-0.32772644913174886,0.03761783490717718,0.22525860564354971,0,0.5971741117562743,-0.039712275316595935,0.3463646723929692,0,0,0,0,0,0,1.7481900866238735,-0.8277086591743874,1.956276349919639,0,1.013897057524975,-0.6211491579528126,0.5826383476580279,0,3.569529431280843,0.2370245312957664,3.4046098451829465,0,0.30386469984817044,0.7497005562141954,0.5720558649906433,0,-0.8621467631013422,0.5719254090456509,-0.38854062421187496,0,1.704682891187728,3.266055399273477,2.197122470876775,0,0,