{"modelSettings":{"letterOrder":"ACGT","bindingModeInteractions":[],"bindingModes":[{"fitLogActivity":true,"flankLength":0,"singleStrand":false,"size":14,"dinucleotideDistance":0,"componentName":"Binding mode 0","positionBias":false,"modifications":[]},{"fitLogActivity":true,"flankLength":0,"singleStrand":false,"size":14,"dinucleotideDistance":1,"componentName":"Binding mode 1","positionBias":false,"modifications":[]}],"letterComplement":"C-G,A-T"},"coefficients":{"bindingModeInteractions":[],"bindingModes":[{"mononucleotide":[0,0,0,0,0,0,0,0,0,0,0,0,0,0,0,0,0,0,0,0,0,0,0,0,0,0,0,0,0,0,0,0,0,0,0,0,0,0,0,0,0,0,0,0,0,0,0,0,0,0,0,0,0,0,0,0],"activity":[[-7.708772014877287]],"dinucleotide":[],"modifications":[]},{"mononucleotide":[0,-0.12035196989045893,-0.22384508248897106,-0.06189395571515455,-0.5235640029627522,-1.5438247932634592,-1.1554295750909116,0,0,-1.326430319959588,-0.8655483915103481,-0.7022180830734719,0,-1.325163915868563,-1.4664518743934156,-1.3031981521574139,-0.9934382098390611,-0.7093524976882222,-1.0099703472030797,0,-1.084856137758777,-0.08208541704459371,-0.8142126635243567,0,-0.20567285958449233,-0.12007718792706967,-0.5250555065481546,0,0,-1.0265826170145775,-0.771798505223952,-1.7306218676577458,0,-2.860919268608967,-1.8888130099096863,-9.822901588804175,-7.491136993197635,-3.8734933844707786,-3.6984774359476873,0,-2.0311221650671296,-1.7232411527719655,-2.5436502452994727,0,0,-3.424967338364306,-1.7748366020118844,-2.170325213238124,0,-0.4013856701893683,-0.11243846864045892,-0.28687413507466886,-0.46206882201647836,0,-0.13750953647025277,-0.2716556591761794],"activity":[[0]],"dinucleotide":[[0,0,0,0,-0.1676160533985822,-0.26040445336031226,0.1858776648774576,0,-0.08814294721043403,0.5865056473572405,0.5693244448670445,0,0.14075548692494344,0.65974357683017,0.32741020738195736,0,0,0.519052857591598,0.06852459124706733,0.41619200328099737,0,0.30738327166548274,0.6269940701325147,-0.8137301505997776,0,0.9827469908042392,0.7903945102707617,0.4792712485985362,0,0,0,0,0,0,0,0,0,0.10921823537342945,1.0626588849547485,-0.25901167698056504,0,0.6605303309589274,1.3454022527937202,0.38044019093320713,0,0.35207934824930653,0.9244379157750835,0.4205191176844245,0,0,0,0,0.8350170159065726,0.03197239832577203,1.0116162897455752,0,0.593221344521627,0.40618733725400524,0.7070447882833317,0,0.8059620582444591,0.7299449997500105,1.1780679017729643,0,0.3799645455942535,0.35076537498700944,0.4106594687276548,0,0.14441238933971867,-0.2231395884539058,0.3995580051114018,0,0.5251177490289649,0.2603808104945333,0.6863387569842505,0,0,0,0,0,-0.2828121172503657,0.15847370818979556,0.7124820587986296,0,-0.3777453069185288,-0.25460459955996306,-0.08242442500270641,0,-0.25816841455054096,0.1136418433718287,0.7073037343734736,0,0,0,0,0,0,0.11326881398512612,0.5430456558720298,0.2714849256691778,0,-2.5573992444222036,-0.12430544493840401,0.06826192193429037,0,-0.08605169355995734,0.2967587070449973,0.020977243106857557,0,0,0,0,0,0,0,0,0,0.8734567197298002,0.48907765036200956,1.1129241053860834,0,0.4658309537899257,0.6534008870881003,2.459644353788466,0,1.207982455953207,1.0767789780020145,1.3407760051725042,0,0,0,0,2.824806546379314,1.9882188368980298,3.2805015991031237,0,2.1286066905458085,1.636138903702271,2.201270790439718,0,7.095517415792964,7.466486708734621,8.977357067376408,0,5.76052580600725,6.0655006534548015,7.0752928116685805,0,2.678963057753613,2.317059125084887,3.190871107290901,0,2.2630022641376346,1.5024241952625026,3.1194696895761016,0,0,0,0,0,0,2.655661547841337,1.710365805528916,0.9142170477489167,0,-2.5371299887348524,0.9243149481652218,0.010336474189269751,0,2.8280050799661236,2.105983982811777,1.9565201365137082,0,0,0,0,0,0,0,0,0,-0.306749691964356,0.26868624571335964,0.045836268204082486,0,0.08452214101350997,0.4640645328537314,0.3204243097348858,0,0.17420057244941844,0.6623879361436753,-0.6763204435023287,0,0,0,0,0.3252558649022159,0,0.15524899266618775,0.2370161479685624,0.017074191833303942,0,0.03718222107080216,0.16348624161156344,0.1867196048898645,0,0.053224921726341634,-0.3030344464521715]],"modifications":[]}]}}
