{"modelSettings":{"letterOrder":"ACGT","bindingModeInteractions":[],"bindingModes":[{"fitLogActivity":true,"flankLength":0,"singleStrand":false,"size":12,"dinucleotideDistance":0,"componentName":"Binding mode 0","positionBias":false,"modifications":[]},{"fitLogActivity":true,"flankLength":0,"singleStrand":false,"size":12,"dinucleotideDistance":0,"componentName":"Binding mode 1","positionBias":false,"modifications":[]}],"letterComplement":"C-G,A-T"},"coefficients":{"bindingModeInteractions":[],"bindingModes":[{"mononucleotide":[0,0,0,0,0,0,0,0,0,0,0,0,0,0,0,0,0,0,0,0,0,0,0,0,0,0,0,0,0,0,0,0,0,0,0,0,0,0,0,0,0,0,0,0,0,0,0,0],"activity":[[-6.471531983944614]],"dinucleotide":[],"modifications":[]},{"mononucleotide":[-0.35860804502890975,-1.0188737098747778,-0.9453234529959245,0,0,-0.9637126326713359,-0.5118165787162718,-0.35519777859716495,0,-0.7922744002830804,-0.7831066309024663,-0.5367738417719474,-0.6411675107144541,-0.6677349025882355,-0.5202354620722902,0,-0.6764888788634282,-0.15045739287414595,-0.6245714728966547,0,-0.22559936085858023,-0.2510675874254771,-0.5273768525817628,0,0,-1.2144117280290816,-0.6541521606178948,-1.4688039951360432,0,-3.6774897896537118,-1.6952370097396559,-3.510972752501049,-3.6305385302018305,-6.7715291419089665,-3.3648302022603644,0,-2.1513686892918793,-2.4459328731908556,-2.3558417732144052,0,0,-3.1331944011144666,-1.7804467953573946,-2.087199081264444,0,-0.381837900902104,-0.07117216622525735,-0.22262771827615246],"activity":[[0]],"dinucleotide":[],"modifications":[]}]}}
