{"modelSettings":{"letterOrder":"ACGT","bindingModeInteractions":[],"bindingModes":[{"fitLogActivity":true,"flankLength":0,"singleStrand":false,"size":12,"dinucleotideDistance":0,"componentName":"Binding mode 0","positionBias":false,"modifications":[]},{"fitLogActivity":true,"flankLength":0,"singleStrand":false,"size":12,"dinucleotideDistance":1,"componentName":"Binding mode 1","positionBias":false,"modifications":[]}],"letterComplement":"C-G,A-T"},"coefficients":{"bindingModeInteractions":[],"bindingModes":[{"mononucleotide":[0,0,0,0,0,0,0,0,0,0,0,0,0,0,0,0,0,0,0,0,0,0,0,0,0,0,0,0,0,0,0,0,0,0,0,0,0,0,0,0,0,0,0,0,0,0,0,0],"activity":[[-6.588243557264946]],"dinucleotide":[],"modifications":[]},{"mononucleotide":[-0.2396832644619451,-0.13513384055215383,-0.4473520566820497,0,-1.7829505498865625,-1.9562474489471828,-2.888660291972182,0,0,-2.749536338512482,-1.9259252194437364,-2.1501635296256962,0,-6.30861186506824,-5.497730803887079,-5.520054275990825,-7.640790385142584,-2.0690135832786156,-2.5239912146314607,0,-1.6208785541332755,-0.8243711595937597,-1.0043875172784258,0,0,-0.549902529899569,-0.16161500606812673,-0.2569104804487825,0,-0.7405409853848841,-0.16268851790917793,-0.9222893730279376,0,-0.9282530836766902,-0.5957909229872271,-0.8818504110496717,-1.0977543152785705,-1.6463528370934295,-1.5789699126697911,0,-0.5507351664434141,-0.7843551066722974,-1.2410648375877802,0,0,-0.9212169553440273,-0.9952406474716469,-0.46393825799601807],"activity":[[0]],"dinucleotide":[[-0.3425530859245791,-0.14208863939923333,-0.15482725026052524,0,0.05459731795028144,0.22894299419401776,-0.48774820343644176,0,-0.6698685569486722,-0.7180307413099491,-2.893687397848743,0,0,0,0,0,0,1.6993997894706006,0.08530989139697542,0.04138520859486583,0,2.4609234371704884,1.2070936439917057,1.794013277954913,0,0.985026272483263,-0.9200960909506177,2.0727680655846177,0,0,0,0,0,0,0,0,0,4.542928305668629,3.451377582139541,4.65035979886857,0,2.984926121151118,0.751280829156789,3.3439483423185976,0,2.8921654054997594,2.965901871975965,3.8358355446419505,0,0,0,0,5.7451280484687,3.4644273918442225,2.2523057423620214,0,3.6607169462262696,2.5087908276391744,2.2009789607263874,0,1.9041396600922926,2.466501637387423,3.000989333545565,0,1.1864342879726273,4.352826771800368,1.2420615394269952,0,0.9536122241836233,0.8015003462515704,0.6591663596946038,0,-1.5703354458180092,-1.7208680659415085,0.5066447984733502,0,0,0,0,0,0,0.024264778902215234,-0.07889442651229661,0.3104311951669798,0,0.18236550898868664,-0.30758496549335845,0.6279732763274026,0,-0.27398325049289607,-1.8924178075528637,0.0922387766432502,0,0,0,0,0,0,0,0,0,0.3171342485400288,-0.045598668106365814,0.5359869191688027,0,0.1546126958754206,-0.14722999499915268,0.170326142316517,0,-0.3481570001149361,-0.3091450477666102,-0.2776522799972181,0,0,0,0,0,0.5194378034607077,0.3008058678807366,0.36404135547757654,0,0.2275577194513092,-0.2857913364106919,0.37160867695585154,0,0.2757822864887354,0.14545687431703236,0.06261426884102494,0,0,0,0,1.0291923264400378,0.77226045343407,1.2040189584582865,0,0.22677086769136157,0.2252268908202799,-0.2511005447532719,0,0.7523301890011602,0.47276700290845497,1.0557094699039844,0,0.2495690348436037,0.18415032206542037,-0.9775639208359443,0,0.772882011611344,1.3602588103576432,1.0232022478213763,0,0.03443412122565093,0.5102830563626624,-0.09926131000506278,0,0,0,0,0,0,0.3375757808991189,-0.9485844582508784,0.40692720432584917,0,0.5645096775797613,0.2193287019144714,-0.008398588594686451,0,0.844986325731405,-0.6411474884343491,0.47068741545599035,0,0,0,0]],"modifications":[]}]}}
