{"modelSettings":{"letterOrder":"ACGT","bindingModeInteractions":[],"bindingModes":[{"fitLogActivity":true,"flankLength":0,"singleStrand":false,"size":15,"dinucleotideDistance":0,"componentName":"Binding mode 0","positionBias":false,"modifications":[]},{"fitLogActivity":true,"flankLength":0,"singleStrand":false,"size":15,"dinucleotideDistance":0,"componentName":"Binding mode 1","positionBias":false,"modifications":[]}],"letterComplement":"C-G,A-T"},"coefficients":{"bindingModeInteractions":[],"bindingModes":[{"mononucleotide":[0,0,0,0,0,0,0,0,0,0,0,0,0,0,0,0,0,0,0,0,0,0,0,0,0,0,0,0,0,0,0,0,0,0,0,0,0,0,0,0,0,0,0,0,0,0,0,0,0,0,0,0,0,0,0,0,0,0,0,0],"activity":[[-6.540135853576674]],"dinucleotide":[],"modifications":[]},{"mononucleotide":[-0.26788324307629097,-0.17829577952761966,0,-0.5003750585553384,-0.27940122125743727,-0.01674146889770789,-0.2496368836703251,0,-2.269629625633213,-2.0334896769201514,-4.380436742984351,0,0,-3.4990584289788758,-2.890175609470868,-2.515320866801803,0,-9.041476161950104,-9.410786997245697,-9.264481835729155,-7.603172305149656,-1.9427115066045069,-7.18406584711005,0,-1.8835903748752614,-0.7270594415953306,-1.374906544874575,0,0,-0.6499987535500598,-0.3433732355936261,-0.31868500599037297,0,-0.7425149314509705,-0.18722092878271646,-0.7997465449543517,0,-0.6913826711890332,-0.7868575454160682,-0.764101589771772,-0.6920919421790996,-0.7680029759626681,-0.9460756324783031,0,-0.4588725659891324,-0.6085107500517672,-1.1046061672861276,0,0,-1.1035547374480874,-1.164013482078265,-0.4789898645228723,0,-0.3420350744760521,-0.18125056761428837,-0.05658579529252883,0,-0.21279870358254538,-0.1545676494405832,-0.037728583019338124],"activity":[[0]],"dinucleotide":[],"modifications":[]}]}}
