{"modelSettings":{"letterOrder":"ACGT","bindingModeInteractions":[],"bindingModes":[{"fitLogActivity":true,"flankLength":0,"singleStrand":false,"size":12,"dinucleotideDistance":0,"componentName":"Binding mode 0","positionBias":false,"modifications":[]},{"fitLogActivity":true,"flankLength":0,"singleStrand":false,"size":12,"dinucleotideDistance":1,"componentName":"Binding mode 1","positionBias":false,"modifications":[]},{"fitLogActivity":true,"flankLength":0,"singleStrand":false,"size":12,"dinucleotideDistance":1,"componentName":"Binding mode 2","positionBias":false,"modifications":[]}],"letterComplement":"C-G,A-T"},"coefficients":{"bindingModeInteractions":[],"bindingModes":[{"mononucleotide":[0,0,0,0,0,0,0,0,0,0,0,0,0,0,0,0,0,0,0,0,0,0,0,0,0,0,0,0,0,0,0,0,0,0,0,0,0,0,0,0,0,0,0,0,0,0,0,0],"activity":[[-6.879641107350684]],"dinucleotide":[],"modifications":[]},{"mononucleotide":[-0.5365596376067217,-1.1656359477720772,-1.0622738581729259,0,0,-1.450464359761542,-0.7478393220466324,-0.6138266176674172,0,-1.6525281846515592,-1.658832598728412,-1.3472797504931717,-0.9922815192336789,-0.6739498843759391,-0.9468891084368778,0,-0.9594837225127764,-0.16257268929371582,-0.7541072323834328,0,-0.34452598400065204,-0.2099581826710364,-0.6085713709666973,0,0,-1.0892680003782114,-0.7355020220746806,-1.8383779859596068,0,-2.7303868333931356,-2.031325987354398,-3.729483246852241,-3.524370809269282,-3.898747687811757,-3.708293083657963,0,-2.19366292063111,-2.2172037078191935,-2.2808899282695156,0,0,-2.732736893787446,-1.7275703848738595,-1.7336080503656779,0,-0.441929333173392,-0.13491328417093973,-0.25800650176714424],"activity":[[0]],"dinucleotide":[[0,0.4352829587040312,0.016462025089911902,0.45004196564224364,0,0.31225909986620515,0.4750752774647071,-0.009064021504842312,0,0.550039117750498,0.18020342830686387,0.31981499382389056,0,0,0,0,0,0,0,0,0,0.635948832629508,1.2485693676730092,0.2964532352490554,0,0.5189283119446921,1.0993921817829275,0.0651464362307026,0,0.17427888451024032,0.7855021253345829,0.2952358791386869,0,0,0,0,0.9975751000853763,0.5107389641451148,1.0933097351361298,0,0.5300403463220449,0.18364178669773867,0.3725062357314801,0,1.0881573603451524,0.5598069393861187,1.182622413960372,0,-0.07690805588783389,0.41219670675493303,0.41479377090687586,0,0.004491693071578595,-0.03452369384722287,0.2773682229192689,0,0.1293614299126844,0.3756595514126264,0.3994183204248756,0,0,0,0,0,-0.24376805526313294,0.20159335950971258,0.7973029707655406,0,-0.3792435152289917,0.009302628706959304,-0.18182100571245208,0,-0.4716136464616594,0.1503077752287063,-0.37255039219993824,0,0,0,0,0,0,0.09210285159633114,0.5957898458518422,0.3366514053824936,0,-0.5711437552722485,-0.16149444150919967,-0.009738948308762208,0,-0.21514013826853962,-0.25925782573755285,0.07148779401480931,0,0,0,0,0,0,0,0,0,0.39871463093398196,0.5995755147511521,0.6388100676216766,0,-0.15476956443939427,0.09913180423758527,0.28578338438858353,0,0.5940187248473654,0.9324223298358336,0.9791275910048176,0,0,0,0,1.6164065994744385,1.3464336806738757,1.3946748831160374,0,1.183848302655237,0.9356439804947536,0.8956831441970277,0,1.7050165105411965,1.7365130783786942,1.7058679409990223,0,1.6387012703780526,1.4985512560808516,1.6567873724153062,0,1.3198099474276646,1.0420058624416653,1.2232564113662852,0,1.5632853630917332,1.3392357830769601,1.53921629403645,0,0,0,0,0,0,1.1609395911635243,0.9085319055006393,0.671342829237052,0,0.8841399936321039,0.605423095269428,0.38003929253633295,0,1.141771633185603,0.7986347579285291,0.49981410290895667,0,0,0,0,0,0,0,0,0,-0.12479748444039274,-0.27311076675571533,-0.20217651898290878,0,-0.3064194227461914,-0.5388932472120502,-0.4546198220464568,0,-0.41445181447794344,-0.1968408637582597,-0.480843388473722]],"modifications":[]},{"mononucleotide":[-0.5581793601048068,-0.23181982040396487,0,-0.16102572837356155,-0.3456416939759879,-0.5531796405435059,0,-0.38348686330029214,-0.6135979927376911,-0.8913244729595114,0,-0.36051280494792626,-0.116446421911645,-0.3583392570603634,0,-0.4680777155908422,-0.2954172290726116,-0.38960328306807246,0,-0.13584899592929411,-0.395807614060836,-0.6830545483576649,0,-0.571340589071355,-0.9058404176586621,-0.7677302058147543,0,-0.6992441324371163,-1.1706752664201607,-0.6624916552591882,0,-0.5245686189694178,0,-0.39460883677715325,-0.9721745566623772,-0.24818856662187383,-1.571791402420378,-0.9005411624516677,0,-1.4215537951361483,-1.3675089092767223,-1.9310386198084046,0,-1.4257706931993304,-1.1596072499184877,-1.1643579779987685,0,-0.7916299555906994],"activity":[[-1.9086297444864733]],"dinucleotide":[[0.49268632432669945,0.5704329901759686,0,0.08524796913184762,0.10888487434438188,-0.21918522687553554,0,-0.2650519595400289,0,0,0,0,-0.6418499559014802,0.10085284258308047,0,-0.1505527781577538,0.35069531953639865,0.37924415999795047,0,-0.1540820084940352,0.14671643507729004,-0.05156708757569062,0,-0.28227407578553976,0,0,0,0,-0.1288082395358192,-0.162317062682507,0,-0.26265584177402923,0.37585387116786495,0.25382413336613385,0,-0.14235381678398862,0.2975702421210641,0.10212174822073128,0,-0.02381339566855578,0,0,0,0,-0.01970104816744711,0.09334024913130223,0,-0.0462981636604437,-0.06841199905882789,-0.0992610125451201,0,-0.1591886771263351,0.03370715346801867,-0.557131147970209,0,-0.39108760141247234,0,0,0,0,-0.122074318166279,-0.31093546582193676,0,-0.0035480807675136727,0.2397231970327316,0.23302108455086679,0,-0.12644736729453165,0.17634254898178603,-0.010387007288140904,0,-0.3063515413392983,0,0,0,0,0.04379119676097809,-0.12155322159938908,0,0.12474960354104359,-0.15266781664685225,0.19324558271655645,0,-0.42234329695648176,0.6588224472924877,0.2980171211156679,0,-0.1383116939491611,0,0,0,0,-0.3826178008186123,0.4376803269639049,0,0.033964116620935236,0.9310016577374118,1.317581981551346,0,1.3462551229995663,0.48698464371772676,0.3669335834498346,0,0.04892045952750945,0,0,0,0,0.28110999054397445,0.24383185987468692,0,0.8599113714699426,0,-0.6961165803188445,-0.23588164880254103,-0.6222085561785433,0,-0.9812327734460251,-0.42724102882787296,-0.6964907466841376,0,0,0,0,0,-0.6837779626622469,-0.38424825087080405,-0.6627490457145484,0,0,0,0,0.16245705322739967,-0.14855531895631913,0,-0.028816724055117593,0.9784468517292377,0.31385694486408267,0,1.0504640635819373,0.06980506805369169,0.29130736634063226,0,0.3510189242476591,0.9133563685536807,0.9413485199825624,0,0.830099993902996,0.5038174371627289,0.734550453092,0,1.1060611935440936,0,0,0,0,0.7513593583687612,1.2812893522140198,0,0.3164039996948862,0.7899438861086261,0.2951451793227049,0,-0.09991368120980848,0.9831694972466725,0.36822609731505773,0,0.3024446558314642,0,0,0,0,1.4495440011115999,0.4665759196447423,0,0.2458830646017085]],"modifications":[]}]}}
