{"modelSettings":{"letterOrder":"ACGT","bindingModeInteractions":[],"bindingModes":[{"fitLogActivity":true,"flankLength":0,"singleStrand":false,"size":15,"dinucleotideDistance":0,"componentName":"Binding mode 0","positionBias":false,"modifications":[]},{"fitLogActivity":true,"flankLength":0,"singleStrand":false,"size":15,"dinucleotideDistance":0,"componentName":"Binding mode 1","positionBias":false,"modifications":[]}],"letterComplement":"C-G,A-T"},"coefficients":{"bindingModeInteractions":[],"bindingModes":[{"mononucleotide":[0,0,0,0,0,0,0,0,0,0,0,0,0,0,0,0,0,0,0,0,0,0,0,0,0,0,0,0,0,0,0,0,0,0,0,0,0,0,0,0,0,0,0,0,0,0,0,0,0,0,0,0,0,0,0,0,0,0,0,0],"activity":[[-13.311163050007933]],"dinucleotide":[],"modifications":[]},{"mononucleotide":[0,-0.5256672565294984,-0.8609292581388353,-0.06936630136874555,-0.15622128650161926,-0.39088781938595574,-0.8241754262328165,0,-0.8644005943289415,-2.437272477800949,-2.105357501365731,0,0,-1.8809735516415635,-0.9953237487401054,-0.682975469113952,0,-2.5072239409783847,-1.8452060279369213,-1.9323598154741077,-1.1645713247642924,-1.1570308112724348,-1.3418822987345607,0,-0.9615668074969079,-0.569823607959286,-0.9739732634300182,0,-0.8676493393154416,-0.4709023745146723,-1.2970847433966313,0,0,-1.9926334312636058,-1.3593518966922389,-2.453876104421987,0,-4.517084106114808,-2.392646607463707,-4.041548368669547,-8.392240855537093,-9.54821115215952,-9.02968521909229,0,-2.71681802271023,-3.1679773206632227,-3.8559504668979105,0,0,-4.281483763825934,-2.9356757822380803,-2.574954154959517,0,-0.7594863435366186,-0.23711432897984963,-0.5657055301947054,-0.7071937432397952,0,-0.34135268863977686,-0.22486158953456048],"activity":[[0]],"dinucleotide":[],"modifications":[]}]}}
