{"modelSettings":{"letterOrder":"ACGT","bindingModeInteractions":[],"bindingModes":[{"fitLogActivity":true,"flankLength":0,"singleStrand":false,"size":13,"dinucleotideDistance":0,"componentName":"Binding mode 0","positionBias":false,"modifications":[]},{"fitLogActivity":true,"flankLength":0,"singleStrand":false,"size":13,"dinucleotideDistance":0,"componentName":"Binding mode 1","positionBias":false,"modifications":[]}],"letterComplement":"C-G,A-T"},"coefficients":{"bindingModeInteractions":[],"bindingModes":[{"mononucleotide":[0,0,0,0,0,0,0,0,0,0,0,0,0,0,0,0,0,0,0,0,0,0,0,0,0,0,0,0,0,0,0,0,0,0,0,0,0,0,0,0,0,0,0,0,0,0,0,0,0,0,0,0],"activity":[[-7.485219385014605]],"dinucleotide":[],"modifications":[]},{"mononucleotide":[-0.3162600385920271,-1.1564637629898362,-1.0195901088841381,0,0,-0.9141960453912352,-0.3792946973565057,-0.246970268392376,0,-1.081507213242853,-0.9288030360028294,-0.7617556144465008,-0.6947230687486119,-0.7359346486702449,-0.7529757536255826,0,-0.5768576733568196,-0.2106182276863704,-0.6279541881547814,0,-0.3863358780616162,-0.19295445948512402,-0.7164932400500179,0,0,-1.1851884885808817,-0.8158138902825289,-1.4792425607210768,0,-2.3618004231290994,-1.717708709468765,-2.97626516365734,-5.922334333178452,-7.551216665983755,-3.655363720570465,0,-1.8439327360907285,-2.20895177452252,-2.3151996743835577,0,0,-2.646772250279783,-1.7617355873149627,-1.8538301845063812,0,-0.445153754629116,-0.15368216615985197,-0.3621048238775293,-0.352247394569547,0,-0.24157060388141005,-0.20836737668467098],"activity":[[0]],"dinucleotide":[],"modifications":[]}]}}
