{"modelSettings":{"letterOrder":"ACGT","bindingModeInteractions":[],"bindingModes":[{"fitLogActivity":true,"flankLength":0,"singleStrand":false,"size":17,"dinucleotideDistance":0,"componentName":"Binding mode 0","positionBias":false,"modifications":[]},{"fitLogActivity":true,"flankLength":0,"singleStrand":false,"size":17,"dinucleotideDistance":0,"componentName":"Binding mode 1","positionBias":false,"modifications":[]}],"letterComplement":"C-G,A-T"},"coefficients":{"bindingModeInteractions":[],"bindingModes":[{"mononucleotide":[0,0,0,0,0,0,0,0,0,0,0,0,0,0,0,0,0,0,0,0,0,0,0,0,0,0,0,0,0,0,0,0,0,0,0,0,0,0,0,0,0,0,0,0,0,0,0,0,0,0,0,0,0,0,0,0,0,0,0,0,0,0,0,0,0,0,0,0],"activity":[[-10.011772120631003]],"dinucleotide":[],"modifications":[]},{"mononucleotide":[0,-0.5336157249623117,-0.18066554743307073,-0.1318228904819172,0,-1.1637331953499093,-0.6147276335077123,-0.5448998978277757,-0.59930601913738,-0.9481672793551503,-1.2438112225087252,0,-0.6707347184022971,-0.9572318342046895,0,-0.7374068302731871,0,-1.5813585414188402,-1.5731030288533372,-1.3659880825065027,-1.3150037188097254,-1.0250867458257424,-1.364935737081396,0,-1.1976130380279706,-2.521139608269076,-2.4316927544868054,0,0,-2.6901702638886515,-1.1354831480094632,-1.480111858238832,0,-8.574604279149419,-4.5780664623716705,-8.940353833652761,-3.750751968670774,-2.366939145150619,-2.790570521224634,0,-1.1144056726625937,-1.0168863039263787,0,-0.03316116588231921,0,-1.799515935607042,-0.14984187029827112,-1.1125775910771942,-0.6323732539120606,0,-0.3055915871764725,-0.4877977951119128,-0.4113620790213073,-0.014710225403140598,-0.4094117505176822,0,-0.37343911043790357,-0.3090300516539557,-0.5658138335391456,0,-0.49982625884469023,-0.3123162585444277,-0.7583922487989216,0,-0.18432303848423714,-0.21511755978502833,-0.27667625150347774,0],"activity":[[0]],"dinucleotide":[],"modifications":[]}]}}
