{"modelSettings":{"letterOrder":"ACGT","bindingModeInteractions":[],"bindingModes":[{"fitLogActivity":true,"flankLength":0,"singleStrand":false,"size":7,"dinucleotideDistance":0,"componentName":"Binding mode 0","positionBias":false,"modifications":[]},{"fitLogActivity":true,"flankLength":0,"singleStrand":false,"size":7,"dinucleotideDistance":0,"componentName":"Binding mode 1","positionBias":false,"modifications":[]}],"letterComplement":"C-G,A-T"},"coefficients":{"bindingModeInteractions":[],"bindingModes":[{"mononucleotide":[0,0,0,0,0,0,0,0,0,0,0,0,0,0,0,0,0,0,0,0,0,0,0,0,0,0,0,0],"activity":[[-7.886102405257175]],"dinucleotide":[],"modifications":[]},{"mononucleotide":[-0.4219094435668094,-0.608347907144493,-0.7726291794316289,0,-1.1113961521790832,-2.73276691901778,-3.1341757539083765,0,0,-2.9724499013280763,-0.9065526046567669,-1.2338215473671004,0,-7.222628393223394,-6.115027872477357,-8.18414082424977,-4.043503404124755,-2.8319236903447624,-3.4251762518169073,0,-0.8873103267030453,-1.0271107154223378,-0.0034913088491670408,0,0,-2.1302762672304745,-0.21200536717332286,-1.0119690115745312],"activity":[[0]],"dinucleotide":[],"modifications":[]}]}}
