{"modelSettings":{"letterOrder":"ACGT","bindingModeInteractions":[],"bindingModes":[{"fitLogActivity":true,"flankLength":0,"singleStrand":false,"size":7,"dinucleotideDistance":0,"componentName":"Binding mode 0","positionBias":false,"modifications":[]},{"fitLogActivity":true,"flankLength":0,"singleStrand":false,"size":7,"dinucleotideDistance":0,"componentName":"Binding mode 1","positionBias":false,"modifications":[]}],"letterComplement":"C-G,A-T"},"coefficients":{"bindingModeInteractions":[],"bindingModes":[{"mononucleotide":[0,0,0,0,0,0,0,0,0,0,0,0,0,0,0,0,0,0,0,0,0,0,0,0,0,0,0,0],"activity":[[-12.896943987739366]],"dinucleotide":[],"modifications":[]},{"mononucleotide":[-0.4845078212252192,-0.5775869645430953,-0.8367648414762741,0,-1.1340212110229224,-2.282367750287185,-3.039894633365451,0,0,-2.4761642622807356,-1.088513307197383,-1.241450245357095,0,-5.562084728130193,-4.801637070738032,-7.695996655494315,-3.626960145766728,-2.757895274039469,-3.072926683619446,0,-1.0165838942173155,-0.983541585428048,-0.09616022786383027,0,0,-2.240135568535248,-0.2512328438612563,-1.191126579722786],"activity":[[0]],"dinucleotide":[],"modifications":[]}]}}
