{"modelSettings":{"letterOrder":"ACGT","bindingModeInteractions":[],"bindingModes":[{"fitLogActivity":true,"flankLength":0,"singleStrand":false,"size":7,"dinucleotideDistance":0,"componentName":"Binding mode 0","positionBias":false,"modifications":[]},{"fitLogActivity":true,"flankLength":0,"singleStrand":false,"size":7,"dinucleotideDistance":0,"componentName":"Binding mode 1","positionBias":false,"modifications":[]}],"letterComplement":"C-G,A-T"},"coefficients":{"bindingModeInteractions":[],"bindingModes":[{"mononucleotide":[0,0,0,0,0,0,0,0,0,0,0,0,0,0,0,0,0,0,0,0,0,0,0,0,0,0,0,0],"activity":[[-12.001557781229469]],"dinucleotide":[],"modifications":[]},{"mononucleotide":[-0.553752251203556,-0.4659081297110932,-0.709300860345687,0,-1.6992853435744024,-2.1597726425836203,-3.2944028315301184,0,0,-2.4132439227003086,-1.9744297508819626,-1.712182263002163,0,-5.214080391760656,-5.329792497136004,-7.235469419021631,-3.1595333933962975,-2.5336596757400116,-2.698518342688157,0,-1.2348376464021489,-1.201974203557747,-0.24225478573011205,0,0,-2.2012236986889375,-0.21211170187972517,-1.4154233268461849],"activity":[[0]],"dinucleotide":[],"modifications":[]}]}}
