{"modelSettings":{"letterOrder":"ACGT","bindingModeInteractions":[],"bindingModes":[{"fitLogActivity":true,"flankLength":0,"singleStrand":false,"size":18,"dinucleotideDistance":0,"componentName":"Binding mode 0","positionBias":false,"modifications":[]},{"fitLogActivity":true,"flankLength":0,"singleStrand":false,"size":18,"dinucleotideDistance":0,"componentName":"Binding mode 1","positionBias":false,"modifications":[]}],"letterComplement":"C-G,A-T"},"coefficients":{"bindingModeInteractions":[],"bindingModes":[{"mononucleotide":[0,0,0,0,0,0,0,0,0,0,0,0,0,0,0,0,0,0,0,0,0,0,0,0,0,0,0,0,0,0,0,0,0,0,0,0,0,0,0,0,0,0,0,0,0,0,0,0,0,0,0,0,0,0,0,0,0,0,0,0,0,0,0,0,0,0,0,0,0,0,0,0],"activity":[[-6.0700113280076735]],"dinucleotide":[],"modifications":[]},{"mononucleotide":[0,-0.21576160012908296,-0.15222248087696855,-0.08232102518957163,0,-0.5300680244701148,-0.30042890449147386,-0.4017744580152449,0,-0.46047094099973584,-0.2647455747046532,-0.3446108374684336,0,-0.5105754640120956,-0.06376880059319312,-0.3328910393903417,-0.6049889098633887,-0.4644224283711367,0,-0.8131744350238126,-0.8926199851947008,-0.2456122622307486,-1.611479109224339,0,0,-0.25795816600821553,-1.4727231797123839,-1.0937676581482307,0,-2.1523659294568525,-2.0356723942963146,-1.8923256613458364,-1.6652584940873094,-2.0976639205212964,-2.711574498691169,0,-1.0495937374552895,-0.9110647055403351,-2.348899769712135,0,0,-2.1014823715694524,-2.231182468156354,-1.6459184122080739,0,-1.7965965126538421,-1.7084745888509065,-1.7549170123128928,-1.1861356293454701,-1.8664670831251797,-1.9066359496721859,0,-1.331548158674119,0,-1.9858452495020025,-1.6419895721579127,0,-1.7563040881330405,-1.6947319226352615,-1.4660108452007616,-1.076766807187072,-1.0083150136005123,-2.1592007849613335,0,-0.46624810722463117,-0.2288996798186389,-0.7893024458568405,0,-0.33566503452082586,-0.01096760767842575,-0.44310685853124454,0],"activity":[[0]],"dinucleotide":[],"modifications":[]}]}}
