{"modelSettings":{"letterOrder":"ACGT","bindingModeInteractions":[],"bindingModes":[{"fitLogActivity":true,"flankLength":0,"singleStrand":false,"size":7,"dinucleotideDistance":0,"componentName":"Binding mode 0","positionBias":false,"modifications":[]},{"fitLogActivity":true,"flankLength":0,"singleStrand":false,"size":7,"dinucleotideDistance":0,"componentName":"Binding mode 1","positionBias":false,"modifications":[]}],"letterComplement":"C-G,A-T"},"coefficients":{"bindingModeInteractions":[],"bindingModes":[{"mononucleotide":[0,0,0,0,0,0,0,0,0,0,0,0,0,0,0,0,0,0,0,0,0,0,0,0,0,0,0,0],"activity":[[-7.531840102546417]],"dinucleotide":[],"modifications":[]},{"mononucleotide":[-0.6735793416686426,-0.6211788025588885,-0.8518155735150472,0,-0.7712937308948971,-0.9064503477759485,-2.34305479433821,0,0,-1.099666959758017,-1.376007085110164,-0.7780440027016917,0,-3.9052901328623295,-2.3188624990601365,-3.1378876963159446,-3.523848397274315,-3.409453024008434,-3.843860290449387,0,-1.4160784977744978,0,-0.4859570162027178,-0.1734031497538271,0,-2.5405981253855745,-0.8233955682358269,-1.474503165527795],"activity":[[0]],"dinucleotide":[],"modifications":[]}]}}
