{"modelSettings":{"letterOrder":"ACGT","bindingModeInteractions":[],"bindingModes":[{"fitLogActivity":true,"flankLength":0,"singleStrand":false,"size":18,"dinucleotideDistance":0,"componentName":"Binding mode 0","positionBias":false,"modifications":[]},{"fitLogActivity":true,"flankLength":0,"singleStrand":false,"size":18,"dinucleotideDistance":0,"componentName":"Binding mode 1","positionBias":false,"modifications":[]}],"letterComplement":"C-G,A-T"},"coefficients":{"bindingModeInteractions":[],"bindingModes":[{"mononucleotide":[0,0,0,0,0,0,0,0,0,0,0,0,0,0,0,0,0,0,0,0,0,0,0,0,0,0,0,0,0,0,0,0,0,0,0,0,0,0,0,0,0,0,0,0,0,0,0,0,0,0,0,0,0,0,0,0,0,0,0,0,0,0,0,0,0,0,0,0,0,0,0,0],"activity":[[-6.974532002581334]],"dinucleotide":[],"modifications":[]},{"mononucleotide":[0,-0.10411689755688514,-0.009038376011266003,-0.008290592289236898,0,-0.2983729827819577,-0.06414893133608324,-0.24684889065048932,0,-0.26679488840508103,-0.12054467649288458,-0.19253367376907438,-0.1323815570224145,-0.30935811897014,0,-0.28707984543081366,-0.3144028406850765,-0.13411649817893423,0,-0.51781258845977,-0.4988715652921192,0,-0.8518893917112234,-0.20761008825907812,-0.14626414926852682,0,-0.8429837938571563,-0.5664042179701267,0,-1.7046598954965084,-1.534312293687357,-1.9289385589219608,-2.0333304876897724,-2.0664206381608334,-2.474101814426163,0,-0.3269360643976489,-0.21557546407629502,-1.7420533471196382,0,0,-1.2229926740968056,-1.6148317540334869,-0.7535818399259933,0,-1.3932487941169116,-1.10412836796191,-1.230239445511927,-1.6720269580013136,-2.3038300106962923,-1.826877426713068,0,-1.4430867710057198,0,-2.012152770080453,-1.1755121456425828,0,-1.7388806796397125,-1.3922330721234264,-0.8761160088985829,-0.5649049348341055,-0.39805818516325253,-1.1620390557549918,0,-0.09514731087333583,0,-0.27056368618231375,-0.05089380778264552,-0.21905206463826943,0,-0.27899699200886197,-0.08287797968522437],"activity":[[0]],"dinucleotide":[],"modifications":[]}]}}
