{"modelSettings":{"letterOrder":"ACGT","bindingModeInteractions":[],"bindingModes":[{"fitLogActivity":true,"flankLength":0,"singleStrand":false,"size":18,"dinucleotideDistance":0,"componentName":"Binding mode 0","positionBias":false,"modifications":[]},{"fitLogActivity":true,"flankLength":0,"singleStrand":false,"size":18,"dinucleotideDistance":0,"componentName":"Binding mode 1","positionBias":false,"modifications":[]}],"letterComplement":"C-G,A-T"},"coefficients":{"bindingModeInteractions":[],"bindingModes":[{"mononucleotide":[0,0,0,0,0,0,0,0,0,0,0,0,0,0,0,0,0,0,0,0,0,0,0,0,0,0,0,0,0,0,0,0,0,0,0,0,0,0,0,0,0,0,0,0,0,0,0,0,0,0,0,0,0,0,0,0,0,0,0,0,0,0,0,0,0,0,0,0,0,0,0,0],"activity":[[-7.626086767718288]],"dinucleotide":[],"modifications":[]},{"mononucleotide":[-0.22731034882865409,-0.04171387166196894,0,-0.18704994886988047,-0.1058382771584796,-0.06390785193249116,0,-0.2513600147923505,-0.16748553827444113,-0.2939753506366003,0,-0.34459610276336505,-0.18568264283875635,-0.2174466879126431,0,-0.16179458006679148,0,-0.8964315660891913,-0.262344196631247,-0.5217365976476227,-1.0527427417288244,-1.2631986124387957,-2.0188973709269007,0,-1.3177401175257017,-2.213211752501147,0,-1.9078454989160445,0,-1.9842436467200422,-2.2982400571407435,-2.491496005907374,-1.3381930706477476,-1.101739498538171,-1.522280523194416,0,-0.8159631289882778,-1.7356531499942154,-1.1595931408370976,0,0,-1.7716067954710333,-0.10619639936595959,-0.33536282971445175,0,-1.7504588349725214,-1.701796522818288,-2.7363127769601023,-2.1353739983350994,-1.351608559929108,-1.5617477841011826,0,-0.7544717276720192,-0.9272302930846088,0,-0.33998258575429396,-0.4468053398972085,-0.8969687982856662,0,-0.6497487675037394,-0.6181001255098746,0,-0.05531005839382708,-0.3990384819244488,-0.42426187814413563,0,-0.25176677844288253,-0.22205142422389645,-0.18082955620225238,0,-0.10290940263829995,-0.06350904122081502],"activity":[[0]],"dinucleotide":[],"modifications":[]}]}}
