{"modelSettings":{"letterOrder":"ACGT","bindingModeInteractions":[],"bindingModes":[{"fitLogActivity":true,"flankLength":0,"singleStrand":false,"size":7,"dinucleotideDistance":0,"componentName":"Binding mode 0","positionBias":false,"modifications":[]},{"fitLogActivity":true,"flankLength":0,"singleStrand":false,"size":7,"dinucleotideDistance":0,"componentName":"Binding mode 1","positionBias":false,"modifications":[]}],"letterComplement":"C-G,A-T"},"coefficients":{"bindingModeInteractions":[],"bindingModes":[{"mononucleotide":[0,0,0,0,0,0,0,0,0,0,0,0,0,0,0,0,0,0,0,0,0,0,0,0,0,0,0,0],"activity":[[-9.217900788030523]],"dinucleotide":[],"modifications":[]},{"mononucleotide":[-1.7949073952003798,-1.2386462386847321,-1.605012942359183,0,-0.5636184790220904,-0.4014726863652589,-2.726820276158163,0,0,-0.8503444092465453,-2.1723751965241695,-0.779880161959793,0,-3.297940024524676,-2.217551645091582,-2.2325436787633723,-8.356749537715487,-7.28920762761731,-7.450913444745055,0,-1.3949457982429334,0,-1.3797310027573122,-0.43448296485627935,0,-3.1514845904087485,-1.5213069867948228,-1.4102871831098005],"activity":[[0]],"dinucleotide":[],"modifications":[]}]}}
