{"modelSettings":{"letterOrder":"ACGT","bindingModeInteractions":[],"bindingModes":[{"fitLogActivity":true,"flankLength":0,"singleStrand":false,"size":18,"dinucleotideDistance":0,"componentName":"Binding mode 0","positionBias":false,"modifications":[]},{"fitLogActivity":true,"flankLength":0,"singleStrand":false,"size":18,"dinucleotideDistance":0,"componentName":"Binding mode 1","positionBias":false,"modifications":[]}],"letterComplement":"C-G,A-T"},"coefficients":{"bindingModeInteractions":[],"bindingModes":[{"mononucleotide":[0,0,0,0,0,0,0,0,0,0,0,0,0,0,0,0,0,0,0,0,0,0,0,0,0,0,0,0,0,0,0,0,0,0,0,0,0,0,0,0,0,0,0,0,0,0,0,0,0,0,0,0,0,0,0,0,0,0,0,0,0,0,0,0,0,0,0,0,0,0,0,0],"activity":[[-9.637428792809098]],"dinucleotide":[],"modifications":[]},{"mononucleotide":[0,-1.0129509448356284,-0.5619567255977227,-0.5285564314462885,-0.47990888829461475,-0.810469903024563,-1.086376298488073,0,-0.5086281011272238,-0.7258161808222514,0,-0.5059357938387006,0,-1.409847947749638,-1.4874921420847844,-1.1936154285643727,-1.2264527229256217,-0.961668417006047,-1.2144128204543456,0,-1.0575218965071453,-2.3895058696662748,-2.1245427341506034,0,0,-2.4785561310596087,-1.0532027473404977,-1.3953689511810499,0,-7.750410478526546,-3.979715280971165,-8.405630105473454,-3.0680126651206887,-2.1504343462472235,-2.4937356667477797,0,-0.994083816532445,-0.8265940042339803,0,-0.022130462980943122,0,-1.5574061215212254,-0.17069133665365754,-1.0266672273471542,-0.5314619635799698,0,-0.32060423039402686,-0.42746435181473785,-0.3456873813197223,-0.09371541598055622,-0.48167010372977437,0,-0.370806439073462,-0.3013009796295876,-0.5101607194374953,0,-0.3951224084500353,-0.27435881844240306,-0.6978940455010143,0,-0.27035104928647335,-0.3481846711116159,-0.42515194615733876,0,-0.09662409059968091,-0.14972459626095613,-0.4121292993650165,0,-0.057127704155323755,-0.24479332866806303,-0.22356399356786127,0],"activity":[[0]],"dinucleotide":[],"modifications":[]}]}}
