{"modelSettings":{"letterOrder":"ACGT","bindingModeInteractions":[],"bindingModes":[{"fitLogActivity":true,"flankLength":0,"singleStrand":false,"size":7,"dinucleotideDistance":0,"componentName":"Binding mode 0","positionBias":false,"modifications":[]},{"fitLogActivity":true,"flankLength":0,"singleStrand":false,"size":7,"dinucleotideDistance":0,"componentName":"Binding mode 1","positionBias":false,"modifications":[]}],"letterComplement":"C-G,A-T"},"coefficients":{"bindingModeInteractions":[],"bindingModes":[{"mononucleotide":[0,0,0,0,0,0,0,0,0,0,0,0,0,0,0,0,0,0,0,0,0,0,0,0,0,0,0,0],"activity":[[-8.938940346584635]],"dinucleotide":[],"modifications":[]},{"mononucleotide":[-0.5938546578974755,-0.571916169136701,-0.9098063066458657,0,-1.1394579922920336,-2.5599535813831817,-3.1263887750344113,0,0,-2.9043824616326286,-1.1800068731501785,-1.4004401962382915,0,-7.187888587733401,-5.655691357534893,-7.735237068156218,-3.887541732157141,-2.7645066665313935,-3.128359978487663,0,-0.978810583024377,-0.9725052114786394,-0.0018078159999141974,0,0,-2.0738793128336086,-0.20510661403401276,-1.15914913623287],"activity":[[0]],"dinucleotide":[],"modifications":[]}]}}
