{"modelSettings":{"letterOrder":"ACGT","bindingModeInteractions":[],"bindingModes":[{"fitLogActivity":true,"flankLength":0,"singleStrand":false,"size":7,"dinucleotideDistance":0,"componentName":"Binding mode 0","positionBias":false,"modifications":[]},{"fitLogActivity":true,"flankLength":0,"singleStrand":false,"size":7,"dinucleotideDistance":0,"componentName":"Binding mode 1","positionBias":false,"modifications":[]}],"letterComplement":"C-G,A-T"},"coefficients":{"bindingModeInteractions":[],"bindingModes":[{"mononucleotide":[0,0,0,0,0,0,0,0,0,0,0,0,0,0,0,0,0,0,0,0,0,0,0,0,0,0,0,0],"activity":[[-3.871201010907891]],"dinucleotide":[],"modifications":[]},{"mononucleotide":[-0.9010675198034424,-0.434039245598481,-0.5200054985980116,0,-0.5159646885644391,-0.35238540220203945,-2.727825706782587,0,0,-1.214360052395818,-2.3054995066614654,-1.0181997143047088,0,-4.5025405869110635,-2.9897739319915355,-3.8292418549413485,-3.5093976989837863,-4.1307356071549695,-3.906033232611689,0,-1.575700986302837,0,-0.2911572289678909,-0.1821734098742444,0,-2.730566150263283,-0.80065199479858,-1.7863067237477113],"activity":[[-1.1872494272587117]],"dinucleotide":[],"modifications":[]}]}}
