{"modelSettings":{"letterOrder":"ACGT","bindingModeInteractions":[],"bindingModes":[{"fitLogActivity":true,"flankLength":0,"singleStrand":false,"size":7,"dinucleotideDistance":0,"componentName":"Binding mode 0","positionBias":false,"modifications":[]},{"fitLogActivity":true,"flankLength":0,"singleStrand":false,"size":7,"dinucleotideDistance":0,"componentName":"Binding mode 1","positionBias":false,"modifications":[]}],"letterComplement":"C-G,A-T"},"coefficients":{"bindingModeInteractions":[],"bindingModes":[{"mononucleotide":[0,0,0,0,0,0,0,0,0,0,0,0,0,0,0,0,0,0,0,0,0,0,0,0,0,0,0,0],"activity":[[-16.27454847448237]],"dinucleotide":[],"modifications":[]},{"mononucleotide":[-0.20634258627391322,-0.3129979254002828,-0.5217479859729055,0,-2.0186070293261835,-1.8017557122736845,-3.5531306645129774,0,0,-1.8686843460719098,-2.129420691200768,-1.4829000764894067,0,-4.487014763020736,-4.364699055436106,-5.402774361869855,-2.8005137653879157,-2.794874221801195,-2.889919320449837,0,-1.604740677663314,-1.582579653591437,-0.6002398348442739,0,0,-2.774764278046087,-0.5019590231449955,-1.641291189795374],"activity":[[0]],"dinucleotide":[],"modifications":[]}]}}
