{"modelSettings":{"letterOrder":"ACGT","bindingModeInteractions":[],"bindingModes":[{"fitLogActivity":true,"flankLength":0,"singleStrand":false,"size":12,"dinucleotideDistance":0,"componentName":"Binding mode 0","positionBias":false,"modifications":[]},{"fitLogActivity":true,"flankLength":0,"singleStrand":false,"size":12,"dinucleotideDistance":0,"componentName":"Binding mode 1","positionBias":false,"modifications":[]}],"letterComplement":"C-G,A-T"},"coefficients":{"bindingModeInteractions":[],"bindingModes":[{"mononucleotide":[0,0,0,0,0,0,0,0,0,0,0,0,0,0,0,0,0,0,0,0,0,0,0,0,0,0,0,0,0,0,0,0,0,0,0,0,0,0,0,0,0,0,0,0,0,0,0,0],"activity":[[-7.163325089980713]],"dinucleotide":[],"modifications":[]},{"mononucleotide":[-0.28962575510002075,0,-0.2746770879810061,-0.0821519579011607,-0.4458639661246657,-0.3889656386240965,0,-0.5039201640082762,-0.5270630645340066,-0.568197321494754,-0.8394990139524721,0,-2.3474610654714665,-3.245859746885338,-3.987383459338491,0,0,-4.577017241986122,-2.6118737799156593,-2.691289615370443,0,-4.817096301222635,-5.3444932979890725,-5.6409971781034205,-4.760588531659579,-3.1402356369319167,-3.344305068069964,0,-1.7449925479332231,-1.585372440336931,0,-0.07183095952939134,0,-2.6414812876859575,-0.170768849811477,-1.9314926223923603,-0.9366209389002256,0,-0.45074358079111043,-0.6993338995389529,-0.36576798286155476,0,-0.49033217081318625,-0.1870045136146654,-0.06954129130804088,-0.20397299740714558,-0.38026437493682774,0],"activity":[[0]],"dinucleotide":[],"modifications":[]}]}}
