{"modelSettings":{"letterOrder":"ACGT","bindingModeInteractions":[],"bindingModes":[{"fitLogActivity":true,"flankLength":0,"singleStrand":false,"size":11,"dinucleotideDistance":0,"componentName":"Binding mode 0","positionBias":false,"modifications":[]},{"fitLogActivity":true,"flankLength":0,"singleStrand":false,"size":11,"dinucleotideDistance":0,"componentName":"Binding mode 1","positionBias":false,"modifications":[]}],"letterComplement":"C-G,A-T"},"coefficients":{"bindingModeInteractions":[],"bindingModes":[{"mononucleotide":[0,0,0,0,0,0,0,0,0,0,0,0,0,0,0,0,0,0,0,0,0,0,0,0,0,0,0,0,0,0,0,0,0,0,0,0,0,0,0,0,0,0,0,0],"activity":[[-5.8370627464923945]],"dinucleotide":[],"modifications":[]},{"mononucleotide":[0,-0.3952986192130439,-0.10446876828465257,-0.3951486709982337,-0.1590131471052274,0,-0.2456010799982309,-0.3140563211599918,-0.4111154044916123,0,-0.034456083646112745,-0.7280826541637335,-0.558388595619995,0,-0.23143506590879603,-0.49768299467656973,-6.3129307855614645,-0.5654698556478053,-3.3661868619044797,0,0,-6.319522002781873,-0.5164951568761982,-7.32495519886848,0,-0.6982676041997564,-5.32914641863433,-0.6969272561050808,-1.5063305121993125,-0.5353749351839419,-0.5988271202290285,0,-1.0336953193518905,-0.558943128092471,0,-0.3309947718756572,0,-0.4320029159299974,-0.02481181491511908,-0.31311444742593864,-0.37285772626443237,0,-0.22906598995068794,-0.23494626257306894],"activity":[[0]],"dinucleotide":[],"modifications":[]}]}}
