{"modelSettings":{"letterOrder":"ACGT","bindingModeInteractions":[],"bindingModes":[{"fitLogActivity":true,"flankLength":0,"singleStrand":false,"size":7,"dinucleotideDistance":0,"componentName":"Binding mode 0","positionBias":false,"modifications":[]},{"fitLogActivity":true,"flankLength":0,"singleStrand":false,"size":7,"dinucleotideDistance":0,"componentName":"Binding mode 1","positionBias":false,"modifications":[]}],"letterComplement":"C-G,A-T"},"coefficients":{"bindingModeInteractions":[],"bindingModes":[{"mononucleotide":[0,0,0,0,0,0,0,0,0,0,0,0,0,0,0,0,0,0,0,0,0,0,0,0,0,0,0,0],"activity":[[-14.885279894923336]],"dinucleotide":[],"modifications":[]},{"mononucleotide":[-0.16379016098650334,-0.3451592823325176,-0.4594247931810216,0,-1.8929760934248687,-1.5303857032804031,-2.9710695641886877,0,0,-1.3940682131855762,-1.8093164492017482,-1.1076156781853062,0,-3.9004084553352754,-3.5406124914293375,-5.364507947816215,-2.3436185265090366,-2.4925354247022966,-2.79620818492088,0,-1.7139868622841208,-1.5715235514088972,-0.7586184366747641,0,0,-2.5735103763902494,-0.5641613300386958,-1.4496895894889517],"activity":[[0]],"dinucleotide":[],"modifications":[]}]}}
