{"modelSettings":{"letterOrder":"ACGT","bindingModeInteractions":[],"bindingModes":[{"fitLogActivity":true,"flankLength":0,"singleStrand":false,"size":12,"dinucleotideDistance":0,"componentName":"Binding mode 0","positionBias":false,"modifications":[]},{"fitLogActivity":true,"flankLength":0,"singleStrand":false,"size":12,"dinucleotideDistance":0,"componentName":"Binding mode 1","positionBias":false,"modifications":[]}],"letterComplement":"C-G,A-T"},"coefficients":{"bindingModeInteractions":[],"bindingModes":[{"mononucleotide":[0,0,0,0,0,0,0,0,0,0,0,0,0,0,0,0,0,0,0,0,0,0,0,0,0,0,0,0,0,0,0,0,0,0,0,0,0,0,0,0,0,0,0,0,0,0,0,0],"activity":[[-6.487480731916748]],"dinucleotide":[],"modifications":[]},{"mononucleotide":[-0.07765061596765044,-0.18820695017364386,0,-0.1562653155922984,-0.4298801253265765,0,-0.2791214762606433,-0.39758375185185457,-0.3290592756497812,-0.11239859687412412,0,-0.7944216094913283,-0.6637919053690098,0,-0.427111769483151,-0.22557482255750827,-3.4544409314959292,-1.7300975155314866,-4.793675873879703,0,0,-2.201922165758022,-1.3571237287421472,-4.810428750841249,0,-2.728249084350777,-4.652530696965488,-2.546922443743057,-1.8027373440508834,-1.7096565037106375,-1.943842005394961,0,-0.6514751433291615,-0.6580808885854967,-0.2229477335923935,0,-0.5022559723686717,-1.4492679908800516,0,-1.2933973330319466,-0.4277354388116974,0,-0.013042023535073,-0.4817077104158285,-0.47462302011746793,0,-0.21254980119273803,-0.0866510622818275],"activity":[[0]],"dinucleotide":[],"modifications":[]}]}}
