{"modelSettings":{"letterOrder":"ACGT","bindingModeInteractions":[],"bindingModes":[{"fitLogActivity":true,"flankLength":0,"singleStrand":false,"size":10,"dinucleotideDistance":0,"componentName":"Binding mode 0","positionBias":false,"modifications":[]},{"fitLogActivity":true,"flankLength":0,"singleStrand":false,"size":10,"dinucleotideDistance":0,"componentName":"Binding mode 1","positionBias":false,"modifications":[]}],"letterComplement":"C-G,A-T"},"coefficients":{"bindingModeInteractions":[],"bindingModes":[{"mononucleotide":[0,0,0,0,0,0,0,0,0,0,0,0,0,0,0,0,0,0,0,0,0,0,0,0,0,0,0,0,0,0,0,0,0,0,0,0,0,0,0,0],"activity":[[-5.729003550352897]],"dinucleotide":[],"modifications":[]},{"mononucleotide":[-0.3244064833748004,-0.45171804164943463,0,-0.5061830577570499,-0.34612404185480283,-0.18703902360156288,0,-0.16141465218077578,0,-1.1825675974057432,-0.15381207281485398,-0.10586078249907604,-0.6207622102680643,0,-1.0899755079667983,-0.600825874165527,0,-6.423562845445532,-0.012391727111397799,-7.0668218954191975,-2.089918038493341,-0.9304563137575821,-0.6349531784171978,0,-1.1742544317171646,-0.5142310881657002,-0.1720784849726158,0,0,-1.1172190160357758,-0.11706132646859402,-1.029910123168711,-0.16582379223796817,-0.08223850659493159,0,-0.15657455216714844,-0.42517252944577066,-0.3334873261545299,0,-0.432035878913422],"activity":[[0]],"dinucleotide":[],"modifications":[]}]}}
