{"modelSettings":{"letterOrder":"ACGT","bindingModeInteractions":[],"bindingModes":[{"fitLogActivity":true,"flankLength":0,"singleStrand":true,"size":20,"dinucleotideDistance":0,"componentName":"Binding mode 0","positionBias":false,"modifications":[]},{"fitLogActivity":true,"flankLength":0,"singleStrand":false,"size":13,"dinucleotideDistance":0,"componentName":"Binding mode 1","positionBias":false,"modifications":[]}],"letterComplement":"C-G,A-T"},"coefficients":{"bindingModeInteractions":[],"bindingModes":[{"mononucleotide":[-0.10338406182395765,0,-0.07347006159915992,-0.020943410906148152,-0.06211348120982052,0,-0.009422975145230161,-0.04144201662067459,-0.05298407225744306,-0.03710502947396499,0,-0.06529058283764222,-0.028101720035742517,0,-0.01755348191092665,-0.017181862450886598,-0.025574266617655717,-0.017674111465542097,0,-0.037119079037878144,-0.026228421792398038,0,-0.003639174196488959,-0.0064047429632498876,-0.03724192225397438,-0.021634688096861865,0,-0.04156538693836609,-0.03636605672351578,-0.00971672320607464,0,-0.022425585217604294,-0.01887637061976477,-0.003673386857736105,0,-0.024398919724492707,-0.03349161924912725,0,-0.010592547915488915,-0.024538813689212624,-0.005101202682164185,-3.8632367759294794E-4,0,-0.015169702719335376,-0.015974457302839973,0,-0.009869224286362943,-0.0287154208670497,-0.011541704768403882,0,-0.01132582702863516,-0.008066560233215725,-0.03555517267730757,0,-0.0066159565110446295,-0.009711460838768282,-0.02228230858176783,0,-0.008239837229351288,-0.019605692174126332,-0.046977475634439436,0,-0.023527106654197993,-0.04232733610446182,-0.03398477520936094,-0.011279374509991058,0,-0.05024601717433619,-0.04476928081963827,0,-0.027808300270995012,-0.09493642358801768,-0.13745242095626775,0,-0.05339051628710667,-0.18166742015545,-0.12192793161168325,0,-0.0023355423504485273,-0.15234496386334673],"activity":[[-1.2686089610602715]],"dinucleotide":[],"modifications":[]},{"mononucleotide":[-0.28598474041493027,-0.915760823915793,-0.4739879172780288,0,-1.476516029063749,-0.9000875829191912,-1.473781664457281,0,0,-7.439150991531532,-1.5189775625864748,-6.071468092717687,-5.695464331521841,-1.2461633312010854,-2.6082233760394917,0,-2.8749363863008828,-3.6054450399608973,0,-2.4703074834014327,-2.5107575231660313,0,-1.563771418929642,-0.7822412152808269,0,-1.9295738917689054,-1.9587270732959947,-0.6857017503798843,0,-1.552121906702979,-1.8214138457280313,-1.8857079017587548,0,-1.7860525794343722,-1.8607227584646697,-1.7926536915621227,-1.8184240858873153,-1.521286039557797,-1.6210986186627423,0,-0.8731622454119083,-0.5014035594989608,-0.01193880270621861,0,0,-1.1670213896537227,-0.9197722705217171,-1.0337684236196765,-0.5522635959380473,-0.6385345398701574,0,-0.7537363661692567],"activity":[[-0.04585456315237791]],"dinucleotide":[],"modifications":[]}]}}
