{"modelSettings":{"letterOrder":"ACGT","bindingModeInteractions":[],"bindingModes":[{"fitLogActivity":true,"flankLength":0,"singleStrand":false,"size":12,"dinucleotideDistance":0,"componentName":"Binding mode 0","positionBias":false,"modifications":[]},{"fitLogActivity":true,"flankLength":0,"singleStrand":false,"size":12,"dinucleotideDistance":0,"componentName":"Binding mode 1","positionBias":false,"modifications":[]}],"letterComplement":"C-G,A-T"},"coefficients":{"bindingModeInteractions":[],"bindingModes":[{"mononucleotide":[0,0,0,0,0,0,0,0,0,0,0,0,0,0,0,0,0,0,0,0,0,0,0,0,0,0,0,0,0,0,0,0,0,0,0,0,0,0,0,0,0,0,0,0,0,0,0,0],"activity":[[-7.300835294120817]],"dinucleotide":[],"modifications":[]},{"mononucleotide":[-0.3670020816052233,-0.3848757427954581,-0.409170540297092,0,-0.6844902455290995,-0.6275542123899793,-0.8372701328086531,0,0,-4.524576258104359,-0.8173567802076498,-2.8749725626705143,-4.652356482711141,-0.7276439091222571,-1.838971906508526,0,-2.313993705015223,-2.3621649478387,0,-2.6747530828292696,-1.210274927087518,0,-1.1290916360024195,-0.4802622277047348,0,-0.7282921736815808,-1.0378917014230993,-0.3678764918723463,0,-1.356387280988594,-0.8711121698326245,-1.3584872718046768,0,-0.9649008658732754,-1.1787389916243036,-0.9430016319647105,-0.8270494812839342,-0.7562365630973957,-0.7283150001914276,0,-0.694245380624551,-0.6192086357250979,-0.3135096096167498,0,0,-0.5152176984899732,-0.3768775946469969,-0.42737391049704776],"activity":[[0]],"dinucleotide":[],"modifications":[]}]}}
