{"modelSettings":{"letterOrder":"ACGT","bindingModeInteractions":[],"bindingModes":[{"fitLogActivity":true,"flankLength":0,"singleStrand":false,"size":16,"dinucleotideDistance":0,"componentName":"Binding mode 0","positionBias":false,"modifications":[]},{"fitLogActivity":true,"flankLength":0,"singleStrand":false,"size":16,"dinucleotideDistance":1,"componentName":"Binding mode 1","positionBias":false,"modifications":[]}],"letterComplement":"C-G,A-T"},"coefficients":{"bindingModeInteractions":[],"bindingModes":[{"mononucleotide":[0,0,0,0,0,0,0,0,0,0,0,0,0,0,0,0,0,0,0,0,0,0,0,0,0,0,0,0,0,0,0,0,0,0,0,0,0,0,0,0,0,0,0,0,0,0,0,0,0,0,0,0,0,0,0,0,0,0,0,0,0,0,0,0],"activity":[[-7.453831546171121]],"dinucleotide":[],"modifications":[]},{"mononucleotide":[-0.4160746776068702,-0.05209131085041996,0,-0.372839488881473,-2.19292920194229,0,-1.1723699427061671,-1.6004279220855633,-2.398190565980279,-10.618967907873518,-2.3876633229095745,0,0,-0.09558455521548481,-1.258037508051851,-2.2899679247190896,0,-2.2895082834587495,-1.71488357655441,-4.678106489704714,-4.970937202081007,-1.7450521596648763,-2.2814055557006228,0,-2.3465057269708343,-1.5330008858885744,-1.7051184818631153,0,-1.6244185631854293,-2.061353777311652,-2.58624254325621,0,-1.4804456295620838,-3.2514595454170543,0,-2.871514686624698,-2.0064529235111674,0,-1.765133181123284,-3.0184389699927685,0,-2.66138411811594,-1.540538345256195,-2.216047771206453,-3.7590848157215397,-0.9850586722657031,-2.4265746115624562,0,0,-1.6661926324746528,-0.6507707093017387,-2.0987911152428698,-0.48696571702063807,-0.37178477687180767,-1.4549734472603362,0,-0.7199902249976855,-0.4668816168118113,0,-0.09398824425817764,-0.29699214151920295,0,-0.2126154760501393,-0.2995256602360268],"activity":[[0]],"dinucleotide":[[0.19104628505971633,0,-0.48440701713918877,0.4465073387332801,0.21590401442358775,0,-1.212349326678467,-0.027904663791785467,0,0,0,0,1.3958286335290548,0,1.2175545605013003,-1.1195369384200102,1.0590554255022688,5.232131164345958,1.4538269850697318,0,0,0,0,0,1.2785625014957098,4.006456055181173,1.359263450495721,0,2.995242877927417,3.6670018413802357,2.072196147917637,0,0,-0.12103449344130368,-1.0414422904440972,1.315093768361697,0,1.1840263267712423,6.4820000147856245,3.9467613356171665,0,-0.4063358178221197,-0.24016537651958814,2.661604243230192,0,0,0,0,0,0,0,0,0,-0.26129719005930063,0.6081833943133521,-0.06550188611747032,0,-0.9161350431641502,0.5025549727781264,-0.3503555771722153,0,-1.1586843186708213,0.13091866728789192,-0.5748882967771412,0,0,0,0,0.3380481498456058,-0.5855493288395319,-0.2224155755513273,0,0.11734252527842148,-1.1250530576050757,-0.5706193233351531,0,0.5368936893832394,-0.5620254679922327,-0.09478437931134653,0,-0.027881103383285755,-0.4171158225649316,0.07599152319528191,0,0.2528769883976647,-0.6426463549554313,0.5696388138636408,0,-0.8268111904943236,-1.418512536330125,-0.4145126846288676,0,0,0,0,0,1.1855378078024934,1.7473606166085887,0.19513197292056894,0,0.348569983866609,-0.2707392325151119,1.5462020660018574,0,-0.09129942284507564,0.565204529919427,2.1365208452985076,0,0,0,0,0,0.5395234360849361,2.462925764472722,0,1.5657394899017394,-0.06745127532652262,1.1570364425574429,0,0.13167396978679768,1.325990353558307,2.7462055114164468,0,2.9808798718864224,0,0,0,0,-4.159889997914791,0,-0.6135600396357024,-2.003422459460512,1.9124964307097407,0,1.3584436178869463,0.8496987724562004,0,0,0,0,-3.888497246847649,0,0.9258167960262238,-4.0211531524985435,0,2.1186704069621918,0.7202100129363807,1.4897320518516945,0,0,0,0,0,2.4769938221868255,1.5385806583256105,2.3715105891813284,0,3.1403624651944835,2.745187908339995,1.6280405646250848,0,0,0,0,3.102567432997027,0.963394164843189,2.458976904938739,0,2.4630618675525824,0.9540363684383983,1.772236363320781,0,2.8602046620316965,0.5973919950414377,2.0472272683336374,0,0,1.9447693037358107,0.7781218446182248,2.022553547190002,0,-0.3433262795041916,0.37527858833656147,1.2293131235664543,0,0.5391721543370824,0.4945206333677774,2.0319515949360643,0,0,0,0,0,0,0,0,0.6816556433057084,0.9228054387320253,1.89324397431737,0,-0.4929008331835192,-0.43234432338543805,0.56991430096069,0,0.2626801274306594,0.1705433579013853,1.3525173032571907,0,0.6908449679137227,0.12984570448159438,0,0.5621831711211609,0.29868460379078066,-0.953863261676366,0,-0.6801942055816834,0.5120826082823093,-0.39619826708944217,0,0.2359222025830494,0,0,0,0,-0.02476852189827028,0,0.046644437409632644,0.45505991757350905,0.6868058268058075,0,0.4401103546569676,0.39933501899148993,0,0,0,0,-0.07662932088347496,0,-0.07135431692648986,-0.08613639804431727]],"modifications":[]}]}}
