{"modelSettings":{"letterOrder":"ACGT","bindingModeInteractions":[],"bindingModes":[{"fitLogActivity":true,"flankLength":0,"singleStrand":false,"size":15,"dinucleotideDistance":0,"componentName":"Binding mode 0","positionBias":false,"modifications":[]},{"fitLogActivity":true,"flankLength":0,"singleStrand":false,"size":15,"dinucleotideDistance":1,"componentName":"Binding mode 1","positionBias":false,"modifications":[]}],"letterComplement":"C-G,A-T"},"coefficients":{"bindingModeInteractions":[],"bindingModes":[{"mononucleotide":[0,0,0,0,0,0,0,0,0,0,0,0,0,0,0,0,0,0,0,0,0,0,0,0,0,0,0,0,0,0,0,0,0,0,0,0,0,0,0,0,0,0,0,0,0,0,0,0,0,0,0,0,0,0,0,0,0,0,0,0],"activity":[[-5.4552219064661145]],"dinucleotide":[],"modifications":[]},{"mononucleotide":[0,-0.7521649149093976,-0.2463482243645938,-0.3981162950985855,-0.25309890733556273,-0.8100874497183268,-0.7430963717253443,0,-1.282899560566448,-0.9570540359688797,-0.8025631496452457,0,0,-2.7658977091690833,-1.5054358158228602,-3.607830293109594,-2.4228860080280343,-1.6947632155107115,-1.7405517340156598,0,-4.32738557770749,-3.131981247631354,0,-2.132017599030368,-7.322831790894398,0,-1.951436672069998,-0.8624252110485138,0,-4.0742757850353994,-3.916608148819244,-0.9536777489486141,0,-2.203826880165214,-2.4461569641748158,-3.025932804761312,0,-1.9714689649420034,-2.188056858239632,-2.7980231908489275,-2.235080749044788,-1.2668001722591402,-1.7461321052678,0,-0.953533123749235,-0.8526240005155126,0,-0.06847438441970155,0,-1.2587115263461381,-1.3020137263604594,-1.0891654045457368,-0.8524945930666714,-0.578631077196893,0,-0.9348813707084007,-0.34170298332557447,-0.1666194805375243,0,-0.22079390961560286],"activity":[[0]],"dinucleotide":[[0,0,0,0,0.6603290956180254,-0.02013490922562422,1.0585923428671888,0,0.3891263888952734,-0.35473864055486093,0.722130283396968,0,-0.09393673255535528,-0.05149574424873471,0.5577372077267757,0,-0.09484613388329599,0.1833141017262676,0.06466619385470729,0,0.4614763798810406,0.23009965705274915,1.3540018545885122,0,0.4174879402675451,0.05974779725855495,-0.09614453415445467,0,0,0,0,0,0,1.3537598478567423,1.3717390688453532,1.444943055526823,0,-0.021446605063184077,0.8326036218980706,0.048647714793741414,0,-0.1478254924791922,0.3975154470255884,1.3595007482542192,0,0,0,0,0,0,0,0,2.2812750162375375,1.8451139687759932,2.49112956029436,0,0.8847728617294246,0.925794595381122,1.2892689319572632,0,2.282623403895433,2.238006686066945,2.559493397235147,0,-1.7740163546197207,2.672954760773621,0,1.1295903782972645,3.4375001593211567,1.227689482273766,0,0.584678988978963,3.1710618476182506,1.7537837483899361,0,1.2960039164756383,0,0,0,0,2.2993097301991963,0,0.6841765300779317,1.27016991957223,2.6897743561463043,0,2.3845021307520344,0.5996641635950701,0,0,0,0,2.0174242546759498,0,1.4842730909983164,-0.7389772867296531,0,7.943367159964656,7.555756419999267,5.089893975613894,0,0,0,0,0,2.586695139929854,1.7630946918993278,1.0921625623553037,0,1.652758373456268,0.9485814572181552,0.08299833757875863,0,0,0,0,0,2.6333394424581793,2.847784557153932,1.3882413034716006,0,3.3074905199190647,3.0586570371038935,2.668448020330068,0,1.0588937981699296,0.7952171748561989,-2.5127913641092574,0,0,0,0,0,0.6780263354710834,1.6025341878685806,1.1565348915118085,0,1.56419519901499,1.9959020404840384,2.5031851177690445,0,1.8380674248748035,2.719402946142705,2.4077776837842566,0,0,0,0,2.0346739202975472,1.0751365068985113,1.5932574940333675,0,1.7774373979558247,1.0267424756430312,0.9816513192588303,0,1.891198916797352,1.2979220461497567,1.7768738960677464,0,0.5548923602521478,0.9995693926861273,0,0.04511988332948036,0.43201180642935544,-0.3667387296444078,0,-0.474126286727901,0.6632246903635668,0.19233287117042153,0,0.19827722991170127,0,0,0,0,0,1.1576484790704855,1.0234250603814044,0.7801763889647111,0,0.31393504481764634,0.7080967030791827,0.14640388207212496,0,0,0,0,0,0.17562845757444112,0.27275496908575114,0.021925908705364705,0,0,0,0,0.8354179363064214,0.18410615052730428,0,0.27564151218558486,0.8670076873200179,0.4363694139025851,0,0.7370652131895721,0.8282282896918165,0.35849292909798436,0,0.7141452804072763,-0.1261796662891017,0.28159443060533995,0,0.021898491284141564,0.32814648496986987,-0.11339821810853667,0,-0.10653492478372506,0,0,0,0,0.12133301709773381,-0.12396750500445997,0,-0.30053953932527033]],"modifications":[]}]}}
