{"modelSettings":{"letterOrder":"ACGT","bindingModeInteractions":[],"bindingModes":[{"fitLogActivity":true,"flankLength":0,"singleStrand":false,"size":13,"dinucleotideDistance":0,"componentName":"Binding mode 0","positionBias":false,"modifications":[]},{"fitLogActivity":true,"flankLength":0,"singleStrand":false,"size":13,"dinucleotideDistance":1,"componentName":"Binding mode 1","positionBias":false,"modifications":[]}],"letterComplement":"C-G,A-T"},"coefficients":{"bindingModeInteractions":[],"bindingModes":[{"mononucleotide":[0,0,0,0,0,0,0,0,0,0,0,0,0,0,0,0,0,0,0,0,0,0,0,0,0,0,0,0,0,0,0,0,0,0,0,0,0,0,0,0,0,0,0,0,0,0,0,0,0,0,0,0],"activity":[[-5.476542853869221]],"dinucleotide":[],"modifications":[]},{"mononucleotide":[-1.0959652374969417,-1.5919773859456203,-1.2297455298969977,0,-0.09560267184386007,0,-1.100353174392943,-1.5317468369819336,0,-2.1834026779891564,-1.4614140842030219,-3.068779255755086,-2.7301560457437124,-2.257406208450096,-1.8800853157563662,0,-2.447222490161902,-2.0954165578640964,-2.1662985798477328,0,-0.8122096894892223,-2.125404951549328,-3.1280998852480133,0,-0.7144968782222101,-2.494824959963203,0,-7.804019393970471,-2.135287634911114,0,-2.4368173972706537,-3.0507184968462737,0,-2.795604533324514,-1.7605287728865147,-3.123127560430986,-3.980772151113398,-1.603524238016381,-2.594044164241212,0,0,-1.2557431869117575,-0.9110626081060342,-1.4860530905757736,0,-0.706002527904749,-0.9478344874180991,-0.35345683021274343,-0.45709197963173764,-0.3550121945421161,-0.7094521392765101,0],"activity":[[0]],"dinucleotide":[[0.215280776024108,0,0.7448521046834049,1.139234417918681,0.646759112592159,0,1.0721900640615365,1.3727508935029968,0.21433469732550225,0,0.6687088602507236,1.6120099635045095,0,0,0,0,0,0.7220646871033862,-0.3413372458414683,0.4679766604670932,0,0,0,0,0,0.8254875879897687,0.31433925373855676,2.0389196283503312,0,0.8544476642427989,0.8754093830853504,1.5410456651639022,0,0,0,0,1.5781610430527575,0.7993851268155847,1.5504262765994912,0,1.6735075662984875,1.4256143040606961,1.1528401941407216,0,2.248814065941077,2.093226083499908,2.024532583487382,0,1.4178385632012116,1.576561070839388,1.6841932792881562,0,1.6057152031689133,0.256473068618293,1.5188996008245965,0,1.5291339275718863,0.5144411671150682,1.008692960349356,0,0,0,0,0,0.6288966143453014,1.3596903276158496,2.42895581617739,0,0.8208577795658529,-2.4629156548515105,2.3712355771735982,0,1.015945887419246,0.6694116556338128,2.356064421230702,0,0,0,0,0,-0.20151118800583756,1.2616671629430174,0,5.337965710110657,0.13726640693750936,1.1565847176347082,0,2.8965017448573835,0.0210354279250633,2.222775184019363,0,7.24440399970388,0,0,0,0,-0.6430324530949747,0,0.508300077762303,-0.6194472244501878,1.9587530511257558,0,2.2121450098710294,-0.8258616165723103,0,0,0,0,1.9361948183931919,0,2.3962960047797743,-1.8285264542469868,0,2.2513972510236533,0.49680837497429886,2.1216401474062416,0,0,0,0,0,2.2456123090355598,1.7701765259353563,3.2017648367944997,0,2.4347473118404914,2.2862112966723966,2.9753236477935867,0,0,0,0,2.960685523973675,0.9373170870731138,2.5053856338216436,0,1.9840278701422065,1.2300013582897336,0.3523306611214334,0,2.3691355638656786,1.734227656567899,2.295022310177293,0,0,2.463288250695936,1.6281090987635607,2.2257161901373683,0,-0.355025193218208,0.3396487430684392,-0.39165471307109767,0,0.5687174160778574,0.5423432879032948,1.308606004264691,0,0,0,0,0,0,0,0,0,-0.11244090225772929,0.5707520729575482,-0.4522710770264724,0,-0.12756481364712702,0.2773980112791925,0.1213755962631975,0,-0.014569275446056018,0.5840647789876905,-0.13933418864521618,0,0,0,0,0.671510160191918,0.520168027244611,0.9575915451011285,0,0.38214566933447625,0.2683801765595688,0.6158459509419711,0,0.23105059524533011,0.3447690957960976,0.6481200233169613,0]],"modifications":[]}]}}
