{"modelSettings":{"letterOrder":"ACGT","bindingModeInteractions":[],"bindingModes":[{"fitLogActivity":true,"flankLength":0,"singleStrand":false,"size":13,"dinucleotideDistance":0,"componentName":"Binding mode 0","positionBias":false,"modifications":[]},{"fitLogActivity":true,"flankLength":0,"singleStrand":false,"size":13,"dinucleotideDistance":0,"componentName":"Binding mode 1","positionBias":false,"modifications":[]}],"letterComplement":"C-G,A-T"},"coefficients":{"bindingModeInteractions":[],"bindingModes":[{"mononucleotide":[0,0,0,0,0,0,0,0,0,0,0,0,0,0,0,0,0,0,0,0,0,0,0,0,0,0,0,0,0,0,0,0,0,0,0,0,0,0,0,0,0,0,0,0,0,0,0,0,0,0,0,0],"activity":[[-5.371150225615452]],"dinucleotide":[],"modifications":[]},{"mononucleotide":[-1.0949930171628655,-1.141534099898939,-1.2569941121434933,0,-0.04849760932845015,0,-0.7173608399430638,-1.0018048878863013,0,-1.6475369350156797,-1.6946759299805159,-1.8050856201768664,-2.039039453410716,-1.95884859072126,-1.8169748467103357,0,-1.9160433218289956,-1.8454040775440426,-1.6121071541235388,0,-0.7423240687193005,-2.042373121372103,-1.9133657652961098,0,-0.7508057471550895,-1.5239608520879226,0,-2.351460227582262,-2.4473610814128826,0,-3.5512494409473874,-2.8069402312976752,0,-2.7028310850935497,-1.3032900134083683,-4.487590853043002,-4.443998041772263,-1.5026982420877228,-4.256668832051954,0,0,-1.5350452077569123,-0.9354623331554563,-1.5571434665594257,0,-0.33806296580006645,-0.9294094716562835,-0.17045241264889555,-0.30555127598926823,-0.26422863837738575,-0.4145320109488164,0],"activity":[[0]],"dinucleotide":[],"modifications":[]}]}}
