{"modelSettings":{"letterOrder":"ACGT","bindingModeInteractions":[],"bindingModes":[{"fitLogActivity":true,"flankLength":0,"singleStrand":false,"size":16,"dinucleotideDistance":0,"componentName":"Binding mode 0","positionBias":false,"modifications":[]},{"fitLogActivity":true,"flankLength":0,"singleStrand":false,"size":16,"dinucleotideDistance":0,"componentName":"Binding mode 1","positionBias":false,"modifications":[]}],"letterComplement":"C-G,A-T"},"coefficients":{"bindingModeInteractions":[],"bindingModes":[{"mononucleotide":[0,0,0,0,0,0,0,0,0,0,0,0,0,0,0,0,0,0,0,0,0,0,0,0,0,0,0,0,0,0,0,0,0,0,0,0,0,0,0,0,0,0,0,0,0,0,0,0,0,0,0,0,0,0,0,0,0,0,0,0,0,0,0,0],"activity":[[-6.723002805840278]],"dinucleotide":[],"modifications":[]},{"mononucleotide":[-0.35422585349911095,-0.05747601433034255,0,-0.09625174597869446,-1.2932834885780427,0,-0.8013550958605666,-0.9067754726859167,-1.1933064587619473,-1.8564413749794344,-1.7771878378264763,0,0,-0.11032511644051723,-1.1002193260899027,-1.5654490299749337,0,-2.3015145234696384,-1.8966694762732228,-2.6645674087004245,-3.2982040432225137,-2.5111012304454263,-2.7737210451051624,0,-2.138034257745975,-1.4492316877349936,-1.9326910036375509,0,-1.243522777269959,-1.8520424284240775,-2.001324459946746,0,-1.3200698902727108,-2.1076115331204583,0,-2.5416613541232262,-1.5104798939931445,0,-1.8152987412446215,-2.484126102877383,0,-2.5216335277579027,-1.8769448815449472,-2.217305716313847,-3.2765263050653903,-2.2067154602619894,-3.2123160776895414,0,0,-2.337877586857486,-0.894997908187035,-2.7382639257591297,-0.03413009130678191,-0.7367962055524124,-1.2274345358378795,0,-0.2325266197007707,-0.25938385027009225,-0.07426214856733893,0,-0.3063368758883964,0,-0.22434550103424122,-0.13512498133361284],"activity":[[0]],"dinucleotide":[],"modifications":[]}]}}
