{"modelSettings":{"letterOrder":"ACGT","bindingModeInteractions":[],"bindingModes":[{"fitLogActivity":true,"flankLength":0,"singleStrand":false,"size":13,"dinucleotideDistance":0,"componentName":"Binding mode 0","positionBias":false,"modifications":[]},{"fitLogActivity":true,"flankLength":0,"singleStrand":false,"size":13,"dinucleotideDistance":1,"componentName":"Binding mode 1","positionBias":false,"modifications":[]}],"letterComplement":"C-G,A-T"},"coefficients":{"bindingModeInteractions":[],"bindingModes":[{"mononucleotide":[0,0,0,0,0,0,0,0,0,0,0,0,0,0,0,0,0,0,0,0,0,0,0,0,0,0,0,0,0,0,0,0,0,0,0,0,0,0,0,0,0,0,0,0,0,0,0,0,0,0,0,0],"activity":[[-5.906567597794137]],"dinucleotide":[],"modifications":[]},{"mononucleotide":[0,-0.4681845667836413,-0.2959450534611747,-0.539244790933191,-0.4593405819669254,-0.7853659564927629,-0.6687828894491847,0,-1.3799804407191196,-0.8708949844593814,-1.202338075670946,0,0,-2.0728932161820186,-1.5224360556356835,-3.182163942074416,-2.7971101504592255,-1.5696163024725092,-2.645379609398134,0,-2.7202457814376704,-1.6669683131012167,0,-2.3252844997516338,-5.019421390683062,0,-2.4693601113116124,-0.7096097061169093,0,-2.958555187707999,-2.344041941855675,-0.7664024900905133,0,-2.0302641851721503,-2.120755656154783,-2.673225989251682,0,-1.9630188852947494,-2.2424265885112593,-3.3027408186056206,-3.3549567024951497,-1.7019470461242427,-2.253307114985466,0,-1.8288611900320877,-1.115701884370381,0,-0.16167655268336034,0,-1.258149073905063,-1.5311686652267902,-1.1891846951409306],"activity":[[0]],"dinucleotide":[[0,0,0,0,0.4615925423468479,0.32791918918468,0.6489781029805943,0,0.3215173936705398,0.16554769449271411,0.42464921083046114,0,0.3645974428470229,0.4614354163536589,0.7172608910563643,0,-0.13218869523532462,0.15897165049025652,-0.12940886791485084,0,0.3642543095167259,0.3151878084835964,0.5914030452001064,0,-0.004056887362827055,-0.13959681547778402,-0.04577064563947886,0,0,0,0,0,0,1.1722302956087205,0.4471430043827258,1.6307207684355731,0,0.6168206655683282,0.5922201208361528,1.0867390679452527,0,0.5623694410402447,0.2766518855420408,1.6993452483484646,0,0,0,0,0,0,0,0,2.1059507622344817,1.2407527253871802,1.9326396945510744,0,1.7141831069896636,1.233501970438697,1.1378586061838867,0,2.4829579804099016,2.11837442830865,2.7174034505601554,0,2.620157089356969,2.545543408662141,0,1.953670931024277,2.1289578306151213,1.6091368998802125,0,0.5801461553254494,2.560847414905549,2.357211309993195,0,2.1637201947585876,0,0,0,0,-2.5159586819976703,0,-0.3666655680853941,-5.8786834949435764,1.6949538983765793,0,1.3996473476380817,-0.3501611069828279,0,0,0,0,0.04439170478887444,0,1.7148011158992595,-2.5577007309634405,0,4.453488482316814,3.1367016525219507,2.3945059440075394,0,0,0,0,0,2.1846213568926824,1.1631265406758455,1.3688698644518595,0,0.34312266443501116,-0.3349448738752798,-0.25322613998256926,0,0,0,0,0,2.2089142793081713,2.3854056659585368,2.353137697004316,0,1.4101058660271253,-0.8553730456897286,2.172086417807167,0,0.7906857005576882,1.051762776627033,1.0447920764831053,0,0,0,0,0,0.9978400302448289,1.6340701017799457,2.1506220453082925,0,0.7286225190728768,0.34841209152556196,1.8534412818647432,0,1.8356201584434348,1.8081534677898006,1.9301419598454528,0,0,0,0,2.3073949470506463,1.7920854021960562,1.8457851397617855,0,2.1462991467595565,1.49850523326249,1.0532917922599108,0,2.800378736097433,2.015260296392297,1.939958352634326,0,1.880078867580675,2.145946708711337,0,0.18411796209070808,0.8820668065543469,0.5003838156554625,0,0.011443149396439978,0.9345719273349484,0.8622835568392802,0,0.6834715442375838,0,0,0,0,0,1.8018251532860035,1.6252926123804112,1.3809522403704104,0,0.8105494750763231,1.4855964976631526,0.7280451081547863,0,0,0,0,0,0.3570617394686906,0.6276540342141921,0.28099181207614876]],"modifications":[]}]}}
