{"modelSettings":{"letterOrder":"ACGT","bindingModeInteractions":[],"bindingModes":[{"fitLogActivity":true,"flankLength":0,"singleStrand":false,"size":10,"dinucleotideDistance":0,"componentName":"Binding mode 0","positionBias":false,"modifications":[]},{"fitLogActivity":true,"flankLength":0,"singleStrand":false,"size":10,"dinucleotideDistance":0,"componentName":"Binding mode 1","positionBias":false,"modifications":[]}],"letterComplement":"C-G,A-T"},"coefficients":{"bindingModeInteractions":[],"bindingModes":[{"mononucleotide":[0,0,0,0,0,0,0,0,0,0,0,0,0,0,0,0,0,0,0,0,0,0,0,0,0,0,0,0,0,0,0,0,0,0,0,0,0,0,0,0],"activity":[[-6.138159662354697]],"dinucleotide":[],"modifications":[]},{"mononucleotide":[0,-1.341244219054797,-1.308160212633858,-1.465155006343025,-1.3919586562678958,-1.691529093838449,-1.3902594692877237,0,-1.7845259845953514,-1.7772538638683244,-1.4307655125592795,0,-1.0004257052654282,-1.8359624849969478,-1.5330214594637432,0,-0.6481060348030745,-1.5633004766038638,0,-2.1189663303148087,-2.31023506591918,0,-2.989652858312744,-2.838956512301337,0,-2.6725737118997372,-1.12448293867309,-6.052056828283044,-7.02620092219313,-1.3385122995467267,-6.821842852245499,0,0,-1.6714638306480651,-0.9396466658704252,-1.697088803099783,0,-0.6292494206648751,-1.2034164655351933,-0.48653989190683866],"activity":[[0]],"dinucleotide":[],"modifications":[]}]}}
