{"modelSettings":{"letterOrder":"ACGT","bindingModeInteractions":[],"bindingModes":[{"fitLogActivity":true,"flankLength":0,"singleStrand":false,"size":17,"dinucleotideDistance":0,"componentName":"Binding mode 0","positionBias":false,"modifications":[]},{"fitLogActivity":true,"flankLength":0,"singleStrand":false,"size":17,"dinucleotideDistance":0,"componentName":"Binding mode 1","positionBias":false,"modifications":[]}],"letterComplement":"C-G,A-T"},"coefficients":{"bindingModeInteractions":[],"bindingModes":[{"mononucleotide":[0,0,0,0,0,0,0,0,0,0,0,0,0,0,0,0,0,0,0,0,0,0,0,0,0,0,0,0,0,0,0,0,0,0,0,0,0,0,0,0,0,0,0,0,0,0,0,0,0,0,0,0,0,0,0,0,0,0,0,0,0,0,0,0,0,0,0,0],"activity":[[-7.10127079630588]],"dinucleotide":[],"modifications":[]},{"mononucleotide":[-0.6194300146523695,-0.8657434144758618,0,-1.045115826147871,-0.36858671944544774,-0.04383172292022941,0,-0.21465031119511657,-2.0646489297543393,-1.266424084114977,-1.7330825622713917,0,0,-0.5262816648076942,-1.0590833604432213,-2.0587302710805258,0,-2.974344413560952,-2.2506676937987695,-2.8407064114064635,-2.58794774104566,-2.3013001449641504,-3.0168026374780927,0,-2.1435800756795214,-1.2406612832743846,-0.6255567191990927,0,0,-2.096728316028363,-0.9460791274394982,-1.6148977503660147,-0.2590864925831724,-0.08187752234705847,0,-0.34464129134637744,-0.2839585379924987,0,-0.11807264300683507,-0.12032357432426721,-0.1208698661671832,-0.2579991204365726,-0.13973102980946805,0,-0.2507973679477953,-0.4232863695830851,-0.7360869780044528,0,-0.18166388363451524,-0.7953881997163545,-1.0741081477001684,0,0,-0.9510870608014956,-1.1776689059522685,-0.1813779691075066,0,-0.9036060037985418,-0.7444532000412707,-0.00809015291355486,-0.040913898825174044,-0.7609839772876512,-0.5596571007758318,0,-0.11125623810983143,-0.7408016455220565,-0.3090176717805093,0],"activity":[[0]],"dinucleotide":[],"modifications":[]}]}}
