{"modelSettings":{"letterOrder":"ACGT","bindingModeInteractions":[],"bindingModes":[{"fitLogActivity":true,"flankLength":0,"singleStrand":false,"size":18,"dinucleotideDistance":0,"componentName":"Binding mode 0","positionBias":false,"modifications":[]},{"fitLogActivity":true,"flankLength":0,"singleStrand":false,"size":18,"dinucleotideDistance":0,"componentName":"Binding mode 1","positionBias":false,"modifications":[]}],"letterComplement":"C-G,A-T"},"coefficients":{"bindingModeInteractions":[],"bindingModes":[{"mononucleotide":[0,0,0,0,0,0,0,0,0,0,0,0,0,0,0,0,0,0,0,0,0,0,0,0,0,0,0,0,0,0,0,0,0,0,0,0,0,0,0,0,0,0,0,0,0,0,0,0,0,0,0,0,0,0,0,0,0,0,0,0,0,0,0,0,0,0,0,0,0,0,0,0],"activity":[[-4.172768677825077]],"dinucleotide":[],"modifications":[]},{"mononucleotide":[-0.07749577754761638,-0.3666971967886212,0,-0.23322205116912187,0,-0.5707988948632412,-0.3784975193604385,-0.6769581466636492,0,-0.7414225352307984,-0.18066997228849857,-0.7001223477614964,-0.7358833772948934,0,-0.36021569074840265,-0.9960917101036859,-1.4799805102169774,-0.03370837582812669,-2.6533730971865577,0,0,-0.042829837897832235,-0.3402524209919875,-1.487227729540514,0,-4.682625162671557,-3.50279439694339,-4.005882258943696,-7.699009650421085,-5.784317984703828,-5.627684409691,0,-3.6176614447807403,0,-5.433286188751889,-3.0265308710846153,0,-2.0063511417341324,-1.885833182388943,-3.4192147109955595,0,-3.59056775322148,-3.953273080543939,-4.724672574420393,-5.246771754348316,-4.2016900065389065,-6.804497086882797,0,-4.790710840658168,0,-6.882254446017295,-3.8267065847228583,0,-5.413884982206853,-4.064673092995534,-2.4929777269296025,-1.394778801250827,-1.1512724141586173,-3.194897397898017,0,-0.2551817107484151,-0.3156401852593689,-1.142117369170447,0,-0.536628794923276,-0.05860399386222426,-0.6706312777887167,0,-0.5637284565659684,-0.7586257474466276,-0.7008538677237102,0],"activity":[[-0.18201107791060858]],"dinucleotide":[],"modifications":[]}]}}
