{"modelSettings":{"letterOrder":"ACGT","bindingModeInteractions":[],"bindingModes":[{"fitLogActivity":true,"flankLength":0,"singleStrand":false,"size":20,"dinucleotideDistance":0,"componentName":"Binding mode 0","positionBias":false,"modifications":[]},{"fitLogActivity":true,"flankLength":0,"singleStrand":false,"size":20,"dinucleotideDistance":0,"componentName":"Binding mode 1","positionBias":false,"modifications":[]}],"letterComplement":"C-G,A-T"},"coefficients":{"bindingModeInteractions":[],"bindingModes":[{"mononucleotide":[0,0,0,0,0,0,0,0,0,0,0,0,0,0,0,0,0,0,0,0,0,0,0,0,0,0,0,0,0,0,0,0,0,0,0,0,0,0,0,0,0,0,0,0,0,0,0,0,0,0,0,0,0,0,0,0,0,0,0,0,0,0,0,0,0,0,0,0,0,0,0,0,0,0,0,0,0,0,0,0],"activity":[[-8.557660747907232]],"dinucleotide":[],"modifications":[]},{"mononucleotide":[-1.193651050062293,-1.8232836291426846,-1.1333361264656219,0,0,-0.8613196378206212,-2.051054478844623,-3.373249964589222,0,-0.656223507017696,-1.276093241461206,-2.766020930258959,-2.989989945436953,-1.7322774277099402,-0.7118271079383476,0,-0.7269486138612216,-0.9904721190229147,-0.6689816573983407,0,0,-2.631580278844238,-3.14064504048873,-3.0818703778748304,-1.2970382976752468,0,-0.7775168592381192,-2.2746771711982756,-1.0046479885283972,-0.8386166337389938,0,-0.3999224916358557,0,-1.5998835150353852,-0.6439335899539493,-0.19415399851664716,0,-1.3136233805010757,-2.1574882131671664,-0.5766803776370466,0,-1.8718728524543984,-1.0941120911651936,-1.1480879612068584,-1.4631646160720937,-0.6682817513302517,-0.9934687795602422,0,-1.3267400615313552,-1.6144791817674236,0,-0.8983582006717903,-1.3250981947022353,-0.561856458741957,0,-1.2285619486664014,0,-0.22984885404934374,-0.7439758720901786,-0.3009640459599936,0,-0.9260760087359472,-1.164168896328981,-1.2679788520381319,0,-0.7715651412113989,-0.8610679217536035,-0.7202133328726301,0,-2.3603565821338464,-0.6711227758552987,-1.6425716633115997,0,-1.8267547318510093,-1.908029977669294,-0.6012400164927758,0,-1.2829695088784785,-2.086224427910331,-1.4399094708518962],"activity":[[0]],"dinucleotide":[],"modifications":[]}]}}
