{"modelSettings":{"letterOrder":"ACGT","bindingModeInteractions":[],"bindingModes":[{"fitLogActivity":true,"flankLength":0,"singleStrand":false,"size":10,"dinucleotideDistance":0,"componentName":"Binding mode 0","positionBias":false,"modifications":[]},{"fitLogActivity":true,"flankLength":0,"singleStrand":false,"size":10,"dinucleotideDistance":0,"componentName":"Binding mode 1","positionBias":false,"modifications":[]}],"letterComplement":"C-G,A-T"},"coefficients":{"bindingModeInteractions":[],"bindingModes":[{"mononucleotide":[0,0,0,0,0,0,0,0,0,0,0,0,0,0,0,0,0,0,0,0,0,0,0,0,0,0,0,0,0,0,0,0,0,0,0,0,0,0,0,0],"activity":[[-6.5023568693049185]],"dinucleotide":[],"modifications":[]},{"mononucleotide":[-0.43284966041472117,0,-0.20565363286730243,-0.37953157700441587,-0.24467813821171447,-0.31784240518335505,0,-0.5178173777680088,-5.641548279929778,-0.4174425865431246,-2.00292577781027,0,0,-1.8374571016067671,-0.5003800083793175,-6.7285950031848625,0,-1.0083868311898208,-2.1160208879292526,-1.0289427582430948,-2.866544828059261,-0.4074891060197672,-1.0392255202170873,0,-1.091163107160761,-1.0525114108083846,0,-0.3403148936123639,0,-0.4693068279021757,-0.4606407729610913,-0.27214973222031436,-0.21344166605126436,0,-0.04657152334351,-0.32515982617317096,-0.3311437743144321,0,-0.07947805658722462,-0.2116313767846787],"activity":[[0]],"dinucleotide":[],"modifications":[]}]}}
