{"modelSettings":{"letterOrder":"ACGT","bindingModeInteractions":[],"bindingModes":[{"fitLogActivity":true,"flankLength":0,"singleStrand":false,"size":10,"dinucleotideDistance":0,"componentName":"Binding mode 0","positionBias":false,"modifications":[]},{"fitLogActivity":true,"flankLength":0,"singleStrand":false,"size":10,"dinucleotideDistance":0,"componentName":"Binding mode 1","positionBias":false,"modifications":[]}],"letterComplement":"C-G,A-T"},"coefficients":{"bindingModeInteractions":[],"bindingModes":[{"mononucleotide":[0,0,0,0,0,0,0,0,0,0,0,0,0,0,0,0,0,0,0,0,0,0,0,0,0,0,0,0,0,0,0,0,0,0,0,0,0,0,0,0],"activity":[[-5.591334912530711]],"dinucleotide":[],"modifications":[]},{"mononucleotide":[-0.17611258879710778,0,-0.2736177384151439,-0.14333294357077353,0,-0.4745603645961234,-0.14053828850737737,-0.39302403332310476,-1.5602335050723894,0,-0.9453492746684624,-0.6083452102484825,-0.40257450929724303,-1.1075264952017276,0,-5.83911321674813,-6.34219530248014,-0.4571174616229028,-5.850075669878011,0,-0.06371728991149261,-0.07134962956967872,-0.3329694837382142,0,0,-0.8369217541279745,-0.7103262523460243,-3.5882329221739084,-0.14378688076852608,-0.24454304172599794,-0.742841100243008,0,-0.8298203261364234,-0.296105414088359,-0.3679522837204914,0,-0.1150599239606045,-0.08213685756634792,-0.046446546418913215,0],"activity":[[0]],"dinucleotide":[],"modifications":[]}]}}
