{"modelSettings":{"letterOrder":"ACGT","bindingModeInteractions":[],"bindingModes":[{"fitLogActivity":true,"flankLength":0,"singleStrand":false,"size":15,"dinucleotideDistance":0,"componentName":"Binding mode 0","positionBias":false,"modifications":[]},{"fitLogActivity":true,"flankLength":0,"singleStrand":false,"size":15,"dinucleotideDistance":0,"componentName":"Binding mode 1","positionBias":false,"modifications":[]}],"letterComplement":"C-G,A-T"},"coefficients":{"bindingModeInteractions":[],"bindingModes":[{"mononucleotide":[0,0,0,0,0,0,0,0,0,0,0,0,0,0,0,0,0,0,0,0,0,0,0,0,0,0,0,0,0,0,0,0,0,0,0,0,0,0,0,0,0,0,0,0,0,0,0,0,0,0,0,0,0,0,0,0,0,0,0,0],"activity":[[-6.593278512322082]],"dinucleotide":[],"modifications":[]},{"mononucleotide":[0,-0.07382934097551086,-0.09154239364599626,-0.08131495561861257,-0.3634859496771856,-0.2076787753374525,-0.3730144977684873,0,-0.7388249459411877,-1.2387765743644508,-1.0051682753589652,0,0,-1.4633044022370587,-0.810266923996803,-0.8620167578501583,0,-1.0702305361208335,-1.474523974917286,-1.240653801365676,-0.8353351941320746,-0.6570390344106336,-0.7259565010233171,0,-1.4381767577050635,0,-0.9013815431094123,-0.19681408520667176,-1.180344262174561,-0.46745294307302565,-0.9126134659129761,0,0,-1.7574650697188217,-1.0968078684747589,-2.253193489774806,0,-4.645046689135406,-2.591720127737468,-4.527964258180925,-5.835056891833657,-4.779728176490331,-5.008675372410733,0,-1.6160300471191515,-1.7371340713245997,-2.3522687790226833,0,0,-2.2057197747021045,-1.7829573532290697,-1.6680070943546932,-0.13690645720208572,-0.46312905155644835,0,-0.4597041079777906,-0.5076771865401639,0,-0.14919279295177468,-0.08291384575274208],"activity":[[0]],"dinucleotide":[],"modifications":[]}]}}
