{"modelSettings":{"letterOrder":"ACGT","bindingModeInteractions":[],"bindingModes":[{"fitLogActivity":true,"flankLength":0,"singleStrand":false,"size":15,"dinucleotideDistance":0,"componentName":"Binding mode 0","positionBias":false,"modifications":[]},{"fitLogActivity":true,"flankLength":0,"singleStrand":false,"size":15,"dinucleotideDistance":0,"componentName":"Binding mode 1","positionBias":false,"modifications":[]}],"letterComplement":"C-G,A-T"},"coefficients":{"bindingModeInteractions":[],"bindingModes":[{"mononucleotide":[0,0,0,0,0,0,0,0,0,0,0,0,0,0,0,0,0,0,0,0,0,0,0,0,0,0,0,0,0,0,0,0,0,0,0,0,0,0,0,0,0,0,0,0,0,0,0,0,0,0,0,0,0,0,0,0,0,0,0,0],"activity":[[-6.697570998100624]],"dinucleotide":[],"modifications":[]},{"mononucleotide":[-0.06890142388448517,-0.14539229995878244,0,-0.513944274569889,-0.5038295688072214,0,-0.48684366049343986,-0.12435390490893106,-1.7205868019652124,-1.7390745054431358,-2.760108398471025,0,0,-2.5725498677339784,-2.118392800589965,-1.6442100208213715,0,-5.5331989487347935,-3.9943587746948097,-5.938179663226785,-4.463411080654532,-2.84375534441092,-4.371365577255455,0,-2.388073289488882,-1.088511209125219,-1.6898818197881518,0,0,-0.9081672247590387,-0.47670776490253886,-1.270754007367243,-0.1870639151425184,-0.9368418988076588,0,-1.375419707170023,0,-0.7847638991907679,-0.5984225972058947,-0.8900237276121157,-1.2835386229376677,-1.4993352528699928,-1.0822578647462233,0,-0.876956785762177,-0.9029115589232859,-1.3665437146069745,0,0,-1.1344715554870302,-1.2562016496483466,-0.7806919803646757,0,-0.3770685796271742,-0.15242242886179547,-0.32919921967132204,-0.07944830156040084,-0.12504009109110115,-0.10508383237719876,0],"activity":[[0]],"dinucleotide":[],"modifications":[]}]}}
