{"modelSettings":{"letterOrder":"ACGT","bindingModeInteractions":[],"bindingModes":[{"fitLogActivity":true,"flankLength":0,"singleStrand":false,"size":15,"dinucleotideDistance":0,"componentName":"Binding mode 0","positionBias":false,"modifications":[]},{"fitLogActivity":true,"flankLength":0,"singleStrand":false,"size":15,"dinucleotideDistance":0,"componentName":"Binding mode 1","positionBias":false,"modifications":[]}],"letterComplement":"C-G,A-T"},"coefficients":{"bindingModeInteractions":[],"bindingModes":[{"mononucleotide":[0,0,0,0,0,0,0,0,0,0,0,0,0,0,0,0,0,0,0,0,0,0,0,0,0,0,0,0,0,0,0,0,0,0,0,0,0,0,0,0,0,0,0,0,0,0,0,0,0,0,0,0,0,0,0,0,0,0,0,0],"activity":[[-6.387296510752384]],"dinucleotide":[],"modifications":[]},{"mononucleotide":[0,-0.11735146608512892,-0.05240769474719009,-0.07462955678500194,-0.25503661188994897,-0.16191490045954104,-0.3609923972604481,0,-0.7187003700988299,-1.2924897205376062,-0.9389723088064468,0,0,-1.3100440864204117,-0.8388028642204475,-0.876535146770248,0,-1.0114639669402319,-0.9659900079839385,-1.1014770093399244,-0.839869621703274,-0.6584986412719953,-0.7162079490717481,0,-1.4138529251995644,0,-0.892798923555354,-0.21527187845452467,-1.1857472020688977,-0.4841495982423112,-0.9103876612649113,0,0,-1.777198753098336,-1.1173061709428689,-2.2699247969181684,0,-4.856704703064765,-2.5304047002698136,-4.573749781053936,-7.805367027731569,-7.084754079254912,-6.8625772559821785,0,-1.6027872340990372,-1.716400229994214,-2.501096881322706,0,0,-2.2014142547978883,-1.7126866202327529,-1.6815573111744024,-0.0648735075427993,-0.44069689800519285,0,-0.47336647712046265,-0.4509387348748213,0,-0.15184567128101634,-0.09351197359121244],"activity":[[0]],"dinucleotide":[],"modifications":[]}]}}
