{"modelSettings":{"letterOrder":"ACGT","bindingModeInteractions":[],"bindingModes":[{"fitLogActivity":true,"flankLength":0,"singleStrand":false,"size":15,"dinucleotideDistance":0,"componentName":"Binding mode 0","positionBias":false,"modifications":[]},{"fitLogActivity":true,"flankLength":0,"singleStrand":false,"size":15,"dinucleotideDistance":1,"componentName":"Binding mode 1","positionBias":false,"modifications":[]}],"letterComplement":"C-G,A-T"},"coefficients":{"bindingModeInteractions":[],"bindingModes":[{"mononucleotide":[0,0,0,0,0,0,0,0,0,0,0,0,0,0,0,0,0,0,0,0,0,0,0,0,0,0,0,0,0,0,0,0,0,0,0,0,0,0,0,0,0,0,0,0,0,0,0,0,0,0,0,0,0,0,0,0,0,0,0,0],"activity":[[-6.529742817150077]],"dinucleotide":[],"modifications":[]},{"mononucleotide":[0,-0.11301219815899799,-0.1367391120110355,-0.09983646247244593,-0.40488100821114514,-0.04339524335949463,-0.4404037378764567,0,-0.846790380017147,-1.3884182923911634,-1.1376783765062832,0,0,-1.6999089124342284,-1.0294235953209618,-1.2612628149186005,0,-1.8758648265487707,-1.6532745758144358,-2.1296735937320754,-1.2791607486867491,-1.0161943281703056,-1.2894644895585845,0,-2.074594708598827,0,-1.1857210203685202,-0.2805978008174641,-1.302111544866742,-0.6981450318171163,-1.1901141930459413,0,0,-1.7585440990426253,-1.475065497466474,-2.4666720215426015,0,-3.3212399032679443,-3.0163873402717423,-5.24395223599585,-6.462708451905789,-3.6185866458747054,-6.485879419360293,0,-1.5504867192294718,-1.643108949184441,-2.5966393336054594,0,0,-1.9358137641406916,-1.810688173528927,-1.6455155578901124,-0.020762354475374778,-0.5548445539936786,0,-0.5079943966732117,-0.5678995011021701,0,-0.39318184859072147,-0.02485571670852771],"activity":[[0]],"dinucleotide":[[0,0,0,0,0.1374064337056211,0.06637717236390017,0.29836470648799995,0,0.16035682846665011,0.14204284365173514,0.1628096076739709,0,0.15446670222261538,-0.21620298941244265,0.13827773920529118,0,-0.2292349100838944,0.016694160691635318,-0.22255213925060424,0,-0.3818464326207174,0.20790484697546852,-0.5798043387826954,0,-0.5550972377422561,0.08438018840223904,-0.41358452402638335,0,0,0,0,0,0,0.9130403264687246,0.27245494790821034,0.707812695498669,0,1.6607211490070473,0.584619422253466,0.795533372161243,0,0.9886032559478473,0.3374805640892333,0.6374197189065622,0,0,0,0,0,0,0,0,0,1.2719161994526704,0.9610126354199622,1.237305973337623,0,0.8212399386789198,0.49801280271733894,0.4112017617323147,0,1.037978424119725,0.8017628979210887,0.9379734946368252,0,0,0,0,1.5231583404793714,1.0540688048350564,1.4088071875605515,0,1.0398831012179741,0.7683152320812532,1.106978323682867,0,1.4625591611189854,0.9511949196050971,1.7442576834664365,0,-1.8066403732196639,0,-0.07187452892409496,-0.024914877093493715,1.05707656680093,0,0.31449881698063464,0.4391233425029277,0.4622297884460096,0,0.2024600896204749,-0.04440848040936807,0,0,0,0,-4.318062421747325,0.3640707825050864,-2.1546615134957756,0,0,0,0,0,-1.7723848928745927,0.4513089735082101,-2.4361918560964444,0,-0.600590825137747,0.2812055153430375,-0.03423606916142141,0,0,0.8686010403367739,0.08898140554312217,1.2995182665178806,0,0.430870016103885,0.7394187814091584,0.7415404872288587,0,0.5654668848545992,-0.606650214147372,0.9962585934593688,0,0,0,0,0,0,0,0,0,2.2423250354944386,2.2212086452440447,4.16369903669085,0,1.0260545374217278,0.5533687994216656,2.949027028543541,0,2.6290089416884452,2.273896377272437,4.373784510484172,0,0,0,0,5.449748266523587,3.4111208628571728,5.734446800407148,0,1.68453336693866,2.395980585310495,4.628257085152272,0,4.673117302236586,3.6078018260221727,5.036712174490341,0,-1.9167010127058521,2.6692920839248755,0.8190960828323917,0,1.1137590668632198,1.9444086318872298,2.313195402793438,0,-1.0391875251762954,2.040456466362892,2.0930582581118387,0,0,0,0,0,0,0.7912454821362429,-0.13666251114434935,0.2610316081364168,0,1.5081887309949753,0.023707800432580584,0.8559612761784177,0,1.0346691370168442,-0.035315841075890475,1.1897406381177067,0,0,0,0,0,0,0,0,0.2518551563552869,0.5892101256027455,0,0.5721938057342957,0.3640164154847021,0.04240987838841903,0,0.5046528777582324,0.2803248593164369,0.4689850731621661,0,0.25044897558124113,0.09944014494690023,0,0.12541877937031742,-0.14181949924792114,0.3921530264083959,0,0.3353112224247532,0.13945280049001596,0,0,0,0,0.43872233136087857,0,0.32674071726979115,-0.43730076545419116]],"modifications":[]}]}}
