{"modelSettings":{"letterOrder":"ACGT","bindingModeInteractions":[],"bindingModes":[{"fitLogActivity":true,"flankLength":0,"singleStrand":false,"size":12,"dinucleotideDistance":0,"componentName":"Binding mode 0","positionBias":false,"modifications":[]},{"fitLogActivity":true,"flankLength":0,"singleStrand":false,"size":12,"dinucleotideDistance":1,"componentName":"Binding mode 1","positionBias":false,"modifications":[]},{"fitLogActivity":true,"flankLength":0,"singleStrand":false,"size":12,"dinucleotideDistance":1,"componentName":"Binding mode 2","positionBias":false,"modifications":[]}],"letterComplement":"C-G,A-T"},"coefficients":{"bindingModeInteractions":[],"bindingModes":[{"mononucleotide":[0,0,0,0,0,0,0,0,0,0,0,0,0,0,0,0,0,0,0,0,0,0,0,0,0,0,0,0,0,0,0,0,0,0,0,0,0,0,0,0,0,0,0,0,0,0,0,0],"activity":[[-6.851119585198614]],"dinucleotide":[],"modifications":[]},{"mononucleotide":[-0.9309469391542011,-1.5847335329494392,-1.4002421733091452,0,0,-2.1033519356536643,-1.1438201051514563,-1.4245090686118154,0,-2.474202580011042,-1.918595462661954,-2.4152047999108857,-1.3756143767346956,-1.3202192420305936,-1.2713052333852994,0,-2.061109854453258,0,-1.246212111289072,-0.2985122331233958,-1.1782071987639053,-0.8113211684973765,-1.0838902436962012,0,0,-1.9559353682279972,-1.50693812717748,-2.3025913254315777,0,-2.9851394369502335,-3.3422588823740336,-3.365308246789274,-4.545617411358089,-3.23128666534795,-7.26366077064389,0,-1.4714191138130355,-1.434826334847667,-2.4430012431243693,0,0,-2.0021243624952505,-1.7254757202425788,-1.205744175871943,0,-0.21009277343164445,-0.029218221983977166,-0.31715793737091325],"activity":[[0]],"dinucleotide":[[0,0.9679676676104005,0.45448703877662755,0.6839623238677399,0,0.9889349623111174,0.38102941912326926,0.29938310051980777,0,1.0977271702254825,0.6141255524383533,0.6713754106886927,0,0,0,0,0,0,0,0,0,0.70263107643094,0.9378996411571014,1.00704230483338,0,0.8821555268200374,0.528241206506693,0.3749452874811956,0,0.6543225695092718,0.7506982925298185,0.8623024138673281,0,0,0,0,1.6905888024314275,0.6697155816721811,1.7948527459518018,0,1.430850619025617,0.6572117967093654,1.2553561803026954,0,1.9001776742150924,0.6319545251151282,1.9742349225267186,0,0.29552659451722363,0,0.3933410538790256,0.12290310715252417,0.9672585134837854,0,0.61428393171802,0.8216266986723246,0.8474569258495079,0,0.1872848311938231,-0.11278165560774411,0,0,0,0,-0.3341887068195928,0.5807090755696751,-1.6803949461422945,0,0,0,0,0,-0.3266994985993965,0.7042791975452474,-0.7990789309210529,0,-0.6663271942537836,0.4683257029792749,-0.4052232765840369,0,0,0.9545563036206564,0.016205099922334654,1.2967345280972822,0,-0.13033069527956265,0.5553571993814685,0.47696651219354225,0,0.5851428733262911,0.4001545049181936,0.8457739968342128,0,0,0,0,0,0,0,0,0,1.0596602113123406,1.9813874060947696,1.5185827865458466,0,-1.1820677127095731,1.449891600377859,1.1526601544856518,0,-1.1097649273576504,2.450540170051815,0.7427637718698543,0,0,0,0,1.1725238296594833,1.0758549644120308,2.5062528129733685,0,3.4090058013727704,1.88374127198417,5.4783445381808615,0,2.89640813841911,0.09600736951458355,2.1233403659264933,0,1.691701356623529,1.25491271378716,-0.39277531230251217,0,-0.28632957856125874,-2.1908403798480975,-1.937573643480797,0,1.829423245367928,-0.9154924005342533,3.0549678143094017,0,0,0,0,0,0,1.1576395998457598,0.38944752269830607,0.3109360708654121,0,-2.6140039889735376,-1.714048251299812,-0.42562968468701845,0,-3.0725385133774292,-2.5651965377649004,-3.1230692267876226,0,0,0,0,0,0,0,0,0,-3.8213827999858885,-1.9345768001466395,-0.1325546904449726,0,-0.7951170120456013,-0.5131507695683033,-0.03869685648401422,0,-1.1976016269931158,-0.417203171895296,-0.7980675019525343]],"modifications":[]},{"mononucleotide":[-0.6065402191014202,-0.5866164090900281,0,-0.3062605331084187,-0.7556310804651198,-0.6687066320699329,0,-1.0262250078482456,-0.40524022614052324,-0.6974363807181936,0,-0.8004057566833922,-0.2971264307199717,-0.14116996831803075,0,-0.0384503576711257,0,-1.0080912789216376,-0.3383058608973726,-1.0621416974986657,0,-1.969104478760682,-1.1284394746534252,-2.4083992372348844,-1.7356860369156375,-2.0155951728089305,-1.2551612445139582,0,-2.319174913622966,-4.681178557538164,-1.2772401212280657,0,0,-1.1143746873440676,-0.7198821744901562,-1.830537476880426,-0.6176000952037208,-2.323750291928246,0,-2.06692750385505,-0.72950211307621,-0.07483130371459024,-0.15890926031212493,0,-0.45709371837560986,-0.5266605179528789,0,-0.4712753560721079],"activity":[[-1.4548131399442101]],"dinucleotide":[[0.4657590833824916,0.4388142980404841,0,1.291357295147047,0.8551191732535739,-0.3128583629942514,0,0.15115827729519493,0,0,0,0,-0.20210215760525174,-0.7735542203421533,0,0.15861675379190365,0.09528701948118679,0.39179979505464946,0,0.66437451015779,-0.28223514221937296,0.3052049928573388,0,0.31788842917735005,0,0,0,0,0.022537386864713627,0.5272401812036434,0,0.773756889481507,-0.021392710678033833,0.06266205454406881,0,-0.43357860785460045,-0.0766349436638647,0.3554517477081478,0,0.35015664825658055,0,0,0,0,0.3690653721622943,0.32930060663670724,0,0.20363953425831993,0,-0.0664251733916319,0.44121506507124764,-0.9308227713946986,0,-1.2164341869946322,-0.1854388157819451,-1.134823534081393,0,0,0,0,0,-0.6508273093934478,-0.24855401173434588,-1.1716414649844944,0,0,0,0,0,0.298414903054411,1.1371348634501999,0.9272393075235841,0,0.22836706687254038,0.3942097677700569,0.7081239040198688,0,0.9290154750981983,1.4875103451580096,1.445683300244431,0,0,0,0,1.7054676376002322,1.9809764817079976,1.7312963724095836,0,1.1605432971137066,1.1624589690748026,1.3273998125823554,0,2.089969700508262,2.152103080444198,2.1536890650305156,0,1.623614995042768,4.13577202685148,1.501931851943163,0,1.987822612838607,3.6904032153950146,1.5000516118303255,0,1.9333693478326266,3.7712558998713246,1.0135275557874688,0,0,0,0,0,0,0.3719034405522028,0.9866844874492866,2.135774984434168,0,0.6523637851359148,0.7211142100696062,1.7864917751476952,0,0.22696537878771972,0.8526508534693296,1.6044064703961003,0,0,0,0,0,0,0,0,0.47090100310316707,0.33558258294214527,0,-0.617972490570728,-0.18759818538973638,0.21197153221650256,0,0.16184224575872674,-0.4688266978486033,0.505778825075041,0,0.2511850695514557,0.5418538139383948,0.6285651670547585,0.5023448570452873,0,1.769658245660013,0.8386510112958383,1.2153770875803207,0,0,0,0,0,1.748825749610941,1.102550289327319,1.5697841755354809,0,-0.07646239659245446,0.5279280760074243,0,-0.768838142755504,0.09676205953567374,0.050176012123605895,0,0.24395251186701206,0.06088445328136305,0.2874366682049998,0,0.04710668536603402,0,0,0,0]],"modifications":[]}]}}
