{"modelSettings":{"letterOrder":"ACGT","bindingModeInteractions":[],"bindingModes":[{"fitLogActivity":true,"flankLength":0,"singleStrand":false,"size":15,"dinucleotideDistance":0,"componentName":"Binding mode 0","positionBias":false,"modifications":[]},{"fitLogActivity":true,"flankLength":0,"singleStrand":false,"size":15,"dinucleotideDistance":1,"componentName":"Binding mode 1","positionBias":false,"modifications":[]}],"letterComplement":"C-G,A-T"},"coefficients":{"bindingModeInteractions":[],"bindingModes":[{"mononucleotide":[0,0,0,0,0,0,0,0,0,0,0,0,0,0,0,0,0,0,0,0,0,0,0,0,0,0,0,0,0,0,0,0,0,0,0,0,0,0,0,0,0,0,0,0,0,0,0,0,0,0,0,0,0,0,0,0,0,0,0,0],"activity":[[-6.18813379619422]],"dinucleotide":[],"modifications":[]},{"mononucleotide":[-0.09050518908736294,-0.46607779045233233,0,-0.6043382470837244,-0.5271313991612523,0,-0.5816172522026184,-0.07354642974293935,-1.6212208600575098,-2.2384344917681864,-2.507939834463941,0,0,-2.465208835222275,-2.0217267343822014,-1.7311455276960563,0,-8.58000795680905,-4.036112532655638,-7.791906345255015,-6.384584177140767,-3.4403015672377304,-3.4786658276850506,0,-2.71543817436613,-1.1847768425465262,-1.980617195296329,0,0,-0.9459064095785825,-0.558798589998796,-1.3148679119287712,-0.19774764935420475,-1.1404066281366703,0,-1.7444751256371003,0,-1.176352862936179,-0.8863330295882061,-1.0994206906728339,-2.0857164925781873,-1.5926025896287914,-1.8070706274420187,0,-1.0807116263265142,-0.8369046949949945,-1.5944520567910452,0,0,-0.830004302168839,-1.354971057640789,-0.6674917882904756,0,-0.3031482210625649,-0.011000537652119391,-0.32831356148076907,-0.053272024880015145,-0.11298810074605292,-0.12630168131771935,0],"activity":[[0]],"dinucleotide":[[-0.6218326171346398,0,0.06877415037996926,-0.007557050657055697,0.4514975993814536,0,0.3783902126351384,0.23585749795261268,0,0,0,0,0.37835677234391163,0,0.40349753829396917,0.09126788033102784,-0.5713609291300594,0.5267737472730243,0.6578254955526521,0,0,0,0,0,-0.3806249142857636,0.2708049374392103,0.8668390818885476,0,0.060402644643825276,0.7426638163139594,0.09152549510229324,0,0,-2.3646907332906872,-4.437067099908926,0.47132100858791093,0,-1.2656173661611207,-0.12456208621637277,-0.9713946096791601,0,1.5259993463220907,2.518357189036804,0.9576438673684073,0,0,0,0,0,0,0,0,0,0.44490086183514954,2.070755932830875,-0.9301162784219414,0,3.0845738884186567,2.7949433833599002,5.112945739570924,0,1.5897434756627877,1.8624909453144367,-0.5735089973089149,0,0,0,0,7.00010962911159,4.84576954928348,7.4768884734655945,0,4.728194172549823,2.478613622382815,3.5272693731031985,0,5.259764091717578,3.448559481153193,5.3322545668280235,0,4.15943789562842,2.2515800129285752,4.335019538109111,0,2.371999540237012,0.9262290054222477,2.505500955301086,0,2.1461735811695775,0.3325288353916651,2.2188369767244964,0,0,0,0,0,0,0.9488756852187104,1.061723078391092,1.0923370851230225,0,-0.4422615276392978,0.417863293003502,1.016531875576999,0,0.6410749278857875,0.6079030063244382,1.0832340103449138,0,0,0,0,0,0,0,0,-0.06217387564637544,-1.5154928790081392,0,-2.5906548107444287,0.22238924686922257,0.48478448549898534,0,0.3785967127164609,0.22311659716281707,-0.059292954036790135,0,-0.08861334754525885,0,-0.18539427441243728,0.34842101393006875,-0.18473150436706742,0,0.0837148840104951,0.28517355346279594,-0.09261390908437317,0,0,0,0,0,0.3376916916354946,0.8396391791728632,-0.2624676294554451,0,0,0,0,1.786507462474391,1.0945359804351265,1.360996250150162,0,0.8193296636416192,0.7372538571975973,1.05425068339746,0,1.4929443467028425,1.0327510050796116,1.5006335177777563,0,0.6918823573424597,0.25621682262799617,0.9398611848619867,0,0.543331209278811,0.09421672728215258,0.7598229252508282,0,0.7331414791713913,0.5873917774013107,1.1991401651584415,0,0,0,0,0,0,0.4573061299224075,0.6742327061958746,0.5601152003670995,0,-0.3689228576872088,0.37778654319253313,0.31596632258870105,0,0.6925055637765527,1.6514458566295067,0.8618254596457389,0,0,0,0,0,0,0,0,0,-0.70961076811155,-0.7957646015728344,-0.15726492863729558,0,-0.01632007715811179,0.38386829915945686,0.17901789115477929,0,-0.5194860523705511,-0.5340880779739008,-0.20554712339411907,0,0,0,0,-0.019292360474791437,-0.018657398243774992,0.18470337806185366,0,-0.3032430681602811,0.026779199386931296,0.1074553084412111,0,0.13111389940248497,0.036834125364700654,0.029346540117193953,0]],"modifications":[]}]}}
