{"modelSettings":{"letterOrder":"ACGT","bindingModeInteractions":[],"bindingModes":[{"fitLogActivity":true,"flankLength":0,"singleStrand":false,"size":15,"dinucleotideDistance":0,"componentName":"Binding mode 0","positionBias":false,"modifications":[]},{"fitLogActivity":true,"flankLength":0,"singleStrand":false,"size":15,"dinucleotideDistance":0,"componentName":"Binding mode 1","positionBias":false,"modifications":[]}],"letterComplement":"C-G,A-T"},"coefficients":{"bindingModeInteractions":[],"bindingModes":[{"mononucleotide":[0,0,0,0,0,0,0,0,0,0,0,0,0,0,0,0,0,0,0,0,0,0,0,0,0,0,0,0,0,0,0,0,0,0,0,0,0,0,0,0,0,0,0,0,0,0,0,0,0,0,0,0,0,0,0,0,0,0,0,0],"activity":[[-6.406450872130388]],"dinucleotide":[],"modifications":[]},{"mononucleotide":[0,-0.15330286731660614,-0.06560627760267224,-0.08277698893218499,-0.22272330488255498,-0.17182202988517403,-0.3557332241956175,0,-0.6938748362419513,-1.2738074347306423,-0.9764351498784478,0,0,-1.2862697420389697,-0.8462186375874623,-0.820985450083592,0,-1.0834517626561428,-1.0298731209244512,-1.1625981170994617,-0.8687254871540446,-0.6550206948402781,-0.7566527814647088,0,-1.3641663825103532,0,-0.9169963969224533,-0.20576307907644953,-1.2068322176486248,-0.4724935720565586,-0.9881875790036254,0,0,-1.7785286815570505,-1.1260086914642438,-2.308663055900306,0,-4.081905134545757,-2.602167112376934,-4.3168461502047375,-8.023118484806156,-7.291500420228055,-7.502942158114736,0,-1.7007959021348862,-1.9338748399000076,-2.6972603678551073,0,0,-2.4509903283990857,-1.7970566271364952,-1.757166561508683,-0.0763324874284077,-0.490230697029741,0,-0.5198114802525211,-0.4402090015748712,0,-0.1430994489797648,-0.070312908537014],"activity":[[0]],"dinucleotide":[],"modifications":[]}]}}
