{"modelSettings":{"letterOrder":"ACGT","bindingModeInteractions":[],"bindingModes":[{"fitLogActivity":true,"flankLength":0,"singleStrand":false,"size":12,"dinucleotideDistance":0,"componentName":"Binding mode 0","positionBias":false,"modifications":[]},{"fitLogActivity":true,"flankLength":0,"singleStrand":false,"size":12,"dinucleotideDistance":1,"componentName":"Binding mode 1","positionBias":false,"modifications":[]},{"fitLogActivity":true,"flankLength":0,"singleStrand":false,"size":12,"dinucleotideDistance":1,"componentName":"Binding mode 2","positionBias":false,"modifications":[]}],"letterComplement":"C-G,A-T"},"coefficients":{"bindingModeInteractions":[],"bindingModes":[{"mononucleotide":[0,0,0,0,0,0,0,0,0,0,0,0,0,0,0,0,0,0,0,0,0,0,0,0,0,0,0,0,0,0,0,0,0,0,0,0,0,0,0,0,0,0,0,0,0,0,0,0],"activity":[[-8.092922869868595]],"dinucleotide":[],"modifications":[]},{"mononucleotide":[-0.39831973564511003,0,-0.35250902347214375,-0.029956997381288097,-1.629398795526968,-2.0130044998762666,-2.3049786789658704,0,0,-2.3150752182970704,-1.388689651625017,-1.3640650887089736,0,-3.1115978846821304,-2.9375009840042154,-3.1483724066891616,-2.9367846752185205,-2.7181750860428613,-2.968616800412853,0,-2.200803860548482,-1.480040048535816,-1.9230818551593196,0,0,-1.0119333025442452,-0.8330713439498645,-1.1228617101420575,-0.31615210980817743,-1.2693252904091001,0,-2.0012310899271704,0,-1.3717637923037675,-1.343481062243851,-1.5093350181233882,-2.5218084029031913,-1.9241760075957692,-2.36654255899707,0,-1.4535835831152388,-1.2482102741178993,-2.1121244635484078,0,0,-1.3683340005202367,-1.60695715342601,-1.028864896144202],"activity":[[0]],"dinucleotide":[[-0.03465929577476423,0.3902584272971219,0.5191178206348632,0,0,0,0,0,-0.26396190046123014,0.01650707941933449,-0.007602066785217243,0,0.42894611622725964,0.3573799996846616,0.5940134665114356,0,0,0.40500945411476064,-0.009528706973120027,0.3337369546866715,0,0.5654187092352965,0.12187762392911328,0.467985713176835,0,0.630745960743841,0.20255603975953385,0.7311479964657783,0,0,0,0,0,0,0,0,0,1.094362428271614,1.0347466056471184,1.2438002894658151,0,0.6735879539149634,0.6485033267614417,0.9445026308320976,0,0.5951145583601654,0.563983250965542,0.7899801364507035,0,0,0,0,1.3638641734211738,1.2871180546504934,1.4027342320396627,0,1.3466093532893622,1.2294572378036772,1.3895271981724493,0,1.4336094035507658,1.3212703522753504,1.4356931135941462,0,1.254377271109886,0.8292734118468026,1.2019159507286785,0,1.4055953800341676,0.816964340431245,1.213739513912898,0,1.133044299095748,0.6985662953669447,1.075992888901018,0,0,0,0,0,0,0.7520526764607518,0.30966354360136705,1.0404012637964901,0,0.4218565166917516,0.5040535114981144,0.411902376477868,0,0.5487784219851388,-0.0024911391776947234,0.8125140716155452,0,0,0,0,0,0,0,0,-0.2940994640897907,-0.2545070083330745,0,-0.10631350565705189,0.5152603886793137,0.6793525698113982,0,0.6093475672069699,-0.5037911411236324,-0.15195825748283998,0,-0.02189929661528467,0,-0.10335158064154548,0.8051620156890262,0.2606702819216644,0,0.39625967875876356,0.7307204618739229,0.3826065128040059,0,0,0,0,0,0.5863034629758412,1.0398255286584326,0.4913173294223636,0,0,0,0,1.7382643372595847,1.1681170481955219,1.4642208857861339,0,0.6964240341562498,0.6662176577353272,0.7421147832788351,0,1.717200556469173,1.2941157329530304,1.4094927992636164,0,1.0802391299408054,0.7183478877550695,1.2764401065069544,0,0.6845110202692948,0.33740113355367995,0.9274950125211952,0,0.855881777646736,0.6050964498173821,1.0247347947575594,0,0,0,0,0,0,0.6123140241158196,0.5006054662689632,0.7567629676933088,0,0.3994122610544206,0.33451564396868294,0.32777302372356143,0,0.8360694318259418,0.8327939276463363,0.8329006903775733,0,0,0,0]],"modifications":[]},{"mononucleotide":[-0.1969618571226185,0,-0.5137070543575898,-0.2593905019165742,-0.4489464993524875,0,-0.5711264610206315,-0.4308986700648943,-0.7932135273428389,0,-0.6439999025407799,-0.011492449202284982,0,-0.581462462726106,-0.6057936883438635,-0.9723246802246281,0,-1.0877413295702418,-1.6423412249951874,-1.610807669886797,-2.0342684060333025,-1.2899188423628105,-1.8515267414770538,0,-1.9840572349755905,-1.5910374370373064,-1.7457441784436112,0,0,-1.038036125614958,-0.9946647048450046,-1.450142816506593,-0.2578279266908753,-0.8301075523091701,0,-1.0057682975482216,-1.3608919341134906,-0.08993050841959604,-1.0565533803997575,0,-1.1588520324705016,-0.4225327759653481,0,-0.6682893062832693,-0.6105811561296555,0,-0.7171473404035249,-0.4044156554537259],"activity":[[-1.6938165145240363]],"dinucleotide":[[-0.4936796045486296,0,0.2361416722356806,-0.2716514376449628,0,0,0,0,0.0420519288055079,0,0.258512906625179,0.6020718773662916,0.013573598168370782,0,0.08395091340621086,0.3358186951786379,-0.05027547780356545,0,-0.01667938027661764,0.03549388174997703,0,0,0,0,-0.02451617897148739,0,-0.03984387298455827,0.19007815344433804,0.2119958848311052,0,0.12626127220387762,0.08139551536302458,0,0.37077689767633415,0.40267633031603944,-0.19946078808063006,0,0,0,0,0,0.2359176221703445,0.005595925746624264,0.22320230693156207,0,-0.22710834753394304,-0.14635149926282542,-0.3871132908487336,0,0,0,0,0,0.7935243420087874,1.108911270841167,0.9559790067059823,0,0.42981447098794745,0.555396448082544,0.4011451823483223,0,1.1416854513478774,1.454193902510849,1.0630454738507655,0,0,0,0,1.3255679860064111,1.0963085195600963,1.2619818084694512,0,1.1267818956912423,0.7719137672177485,1.1278672677671797,0,1.523847828079365,1.4766983527375577,1.5374042883011771,0,0.868490833433607,1.4937661350161298,0.8542936849767386,0,1.2838900441910925,1.1642076053755679,1.1462220237333705,0,0.8663553127388597,0.8937727396488158,0.7876414961183249,0,0,0,0,0,0,1.3126018717916523,0.45943140501456137,1.2443667829036746,0,1.0489547261643646,0.5344784951242953,1.30354855610165,0,0.5828793504366181,0.34718608517467153,0.9022522434885114,0,0,0,0,0,0,0,0,0.15778107138445008,0.6408254750614912,0,0.8502528968707037,0.008713985642952338,0.36044823176949947,0,0.6094913972318974,0.1253819679960495,1.0896407634902678,0,1.0731089094934794,0.24692657402903073,0.17403127016884667,0.15056950586829965,0,0.8469528485654783,0.26066027554144255,0.3959411388500025,0,0,0,0,0,0.5185997613797715,0.30567781933228333,0.2059239154564696,0,0.5711275396097837,0.7541267672093432,0,0.9325144183875205,0.5275608766225549,0.38156441291329435,0,0.33349198479509806,0.5657020091254554,0.7654153272967077,0,0.47373995816487,0,0,0,0,0.4664760940532733,0,0.5140419416021476,0.8242349423571067,0.17451199675381446,0,0.1591714730618251,-0.09204130408602818,0,0,0,0,0.00572496604972228,0,0.6843986913618283,-0.23458331885032746]],"modifications":[]}]}}
