{"modelSettings":{"letterOrder":"ACGT","bindingModeInteractions":[],"bindingModes":[{"fitLogActivity":true,"flankLength":0,"singleStrand":false,"size":12,"dinucleotideDistance":0,"componentName":"Binding mode 0","positionBias":false,"modifications":[]},{"fitLogActivity":true,"flankLength":0,"singleStrand":false,"size":12,"dinucleotideDistance":1,"componentName":"Binding mode 1","positionBias":false,"modifications":[]},{"fitLogActivity":true,"flankLength":0,"singleStrand":false,"size":12,"dinucleotideDistance":1,"componentName":"Binding mode 2","positionBias":false,"modifications":[]}],"letterComplement":"C-G,A-T"},"coefficients":{"bindingModeInteractions":[],"bindingModes":[{"mononucleotide":[0,0,0,0,0,0,0,0,0,0,0,0,0,0,0,0,0,0,0,0,0,0,0,0,0,0,0,0,0,0,0,0,0,0,0,0,0,0,0,0,0,0,0,0,0,0,0,0],"activity":[[-8.093474675770219]],"dinucleotide":[],"modifications":[]},{"mononucleotide":[-0.3983449226570741,0,-0.35251901071853986,-0.029990061533765378,-1.6293117333246365,-2.012932950592387,-2.304991160471456,0,0,-2.314991017710084,-1.3885897132261942,-1.3640385336364762,0,-3.1115621134507014,-2.9372730075316866,-3.148348368572157,-2.9367951551326437,-2.7183305869650978,-2.9686072920641893,0,-2.20072043290313,-1.48002719708732,-1.923031055106416,0,0,-1.0119496484256478,-0.8330514388026975,-1.122849089964638,-0.31615824478763876,-1.2692616059770172,0,-2.0012870444997732,0,-1.3717700167306335,-1.343491441628732,-1.5093177367431143,-2.5218164732402624,-1.92420338838264,-2.3666230827400767,0,-1.453583089679142,-1.248241439625974,-2.112287864954838,0,0,-1.3683268500640513,-1.6069271645855974,-1.0289001174602714],"activity":[[0]],"dinucleotide":[[-0.0347273465323954,0.39022890600858773,0.5191966013863798,0,0,0,0,0,-0.2641357986398769,0.016466828631418906,-0.007588317025735591,0,0.4289668538127258,0.35729837561234956,0.5940427588921284,0,0,0.40491685678827904,-0.009657922705955002,0.33370941613500493,0,0.5653403854086418,0.12160455803770054,0.4678851584995538,0,0.6306767896746379,0.20230416406974294,0.7311721808693594,0,0,0,0,0,0,0,0,0,1.0943757194379016,1.034668972396176,1.2440053991359088,0,0.6736399330958767,0.6483997166464572,0.9446699247632266,0,0.5951341050079657,0.5637680080742857,0.7903686611524199,0,0,0,0,1.3638629347528033,1.2871186633911194,1.4026376979846944,0,1.3466241958529208,1.2294035069988185,1.3894948002805103,0,1.4338999629862421,1.32147991098888,1.4358471122861864,0,1.2542372026703772,0.8290798438254865,1.2018372065783027,0,1.4055494610786852,0.8171608182451289,1.2138164253920256,0,1.1331645904312984,0.6986048822719213,1.0760511109653832,0,0,0,0,0,0,0.7522178968856252,0.30956413330458643,1.0403241875754716,0,0.4217812316720839,0.5041643899766357,0.41195852951779255,0,0.5487852460221081,-0.0024629332217216415,0.8124141494082457,0,0,0,0,0,0,0,0,-0.2941250501730912,-0.25441906444376716,0,-0.10628251706603198,0.5152857283957593,0.6792861937953187,0,0.6093181380460315,-0.5037911556770316,-0.15203659777396705,0,-0.022034386031242192,0,-0.10324380517505549,0.8051732337663671,0.2606200386585993,0,0.39619164084282676,0.7307439638556024,0.38249229591128175,0,0,0,0,0,0.5865356545398308,1.0399976899971577,0.4913895367232395,0,0,0,0,1.738320602658062,1.1681435570013114,1.464122178399605,0,0.6963863397252652,0.6662700580055461,0.7419689878443272,0,1.7171688188737342,1.2942950945589118,1.4095933077869547,0,1.0802181415462333,0.7182862688200058,1.2765272091205642,0,0.6843925578464884,0.3371186630524754,0.9275086749096078,0,0.8559016201791918,0.605119120989972,1.0248240973720808,0,0,0,0,0,0,0.6122906325494957,0.5006467820617231,0.7567272198440382,0,0.3994841789535233,0.33436016722638184,0.3278365466474238,0,0.8360942892014456,0.8327679371215018,0.8330858289439935,0,0,0,0]],"modifications":[]},{"mononucleotide":[-0.19691878167049726,0,-0.5136650839829916,-0.25930875082052907,-0.44888438002912695,0,-0.5711312073395355,-0.43080330593527055,-0.7931050855688853,0,-0.6439520005932373,-0.011321226628517422,0,-0.5815045580860124,-0.6057229876126003,-0.9722589222755647,0,-1.0877320751827095,-1.642324327081532,-1.6107161804421652,-2.0341115667555796,-1.2899048094651442,-1.8515501493457442,0,-1.9838451802310941,-1.5910704849132844,-1.745646480126831,0,0,-1.0379792094924052,-0.9944147991997792,-1.4501497513783987,-0.25767562037345415,-0.8297908044874976,0,-1.0055377135373054,-1.3607368622090272,-0.089936753859991,-1.0563112381098758,0,-1.1587891381740467,-0.4226137930431557,0,-0.6682123886988265,-0.6106345892189682,0,-0.7171059818564343,-0.40445308954400344],"activity":[[-1.6941350981028045]],"dinucleotide":[[-0.49378351353713223,0,0.23615244354837983,-0.27181985323575986,0,0,0,0,0.04192876102373222,0,0.2585663946444876,0.6019633578982482,0.01346359187237911,0,0.08402561233199213,0.33564581694824164,-0.05030301734096221,0,-0.016514730601313143,0.03550198814039174,0,0,0,0,-0.024457486987165655,0,-0.039710582133166916,0.18993749887934525,0.2118636709331887,0,0.12629295518950423,0.08140354488869939,0,0.37083397470823987,0.4026213221148387,-0.19945904263893333,0,0,0,0,0,0.2359685585403073,0.005660746529599692,0.22317945185920474,0,-0.22722561096176241,-0.14663072807560917,-0.3872576467213489,0,0,0,0,0,0.7935839519326795,1.109049924112738,0.9559346314718054,0,0.4297839856923886,0.5552392224739724,0.40128476894341913,0,1.1417325357967427,1.454201831714679,1.0631166282461286,0,0,0,0,1.3255327019367547,1.0962804592785653,1.2620828152044792,0,1.1269162153068248,0.7720945417392668,1.128022214323178,0,1.5237045485283987,1.4766797862580123,1.5374784480253285,0,0.8685756554418487,1.493719453799247,0.8544003978636971,0,1.283956634339019,1.1642838578576546,1.146224285745864,0,0.8664619429719473,0.8937430796011845,0.7876677272230199,0,0,0,0,0,0,1.3123283698448618,0.4591259153255831,1.2442499419208413,0,1.0489093535413159,0.5343836199834597,1.30356358837796,0,0.5826097063811537,0.34699214202232476,0.902281748975371,0,0,0,0,0,0,0,0,0.1577393761278929,0.6405806895810136,0,0.8502047522687577,0.008655467022188779,0.36032519357171977,0,0.6093532348740471,0.12546378540397773,1.0894729909032117,0,1.0730895658745616,0.2470013466586709,0.17388153509971216,0.15049525489200377,0,0.8468138849115081,0.2605751122165304,0.39575711367781574,0,0,0,0,0,0.5185184696125344,0.30547339150903874,0.20564125365853836,0,0.5708491225523089,0.7540249588728007,0,0.9322545525425912,0.527474485805616,0.3816277303693003,0,0.33345765569000746,0.5655165951577454,0.7651895166591441,0,0.47353980696538134,0,0,0,0,0.4665686381988672,0,0.5140402511994642,0.8242905869690647,0.17471133900192037,0,0.15921215423778667,-0.09193475383186422,0,0,0,0,0.005791631168081013,0,0.6843722689036933,-0.23450670362859727]],"modifications":[]}]}}
