{"modelSettings":{"letterOrder":"ACGT","bindingModeInteractions":[],"bindingModes":[{"fitLogActivity":true,"flankLength":0,"singleStrand":false,"size":16,"dinucleotideDistance":0,"componentName":"Binding mode 0","positionBias":false,"modifications":[]},{"fitLogActivity":true,"flankLength":0,"singleStrand":false,"size":16,"dinucleotideDistance":0,"componentName":"Binding mode 1","positionBias":false,"modifications":[]}],"letterComplement":"C-G,A-T"},"coefficients":{"bindingModeInteractions":[],"bindingModes":[{"mononucleotide":[0,0,0,0,0,0,0,0,0,0,0,0,0,0,0,0,0,0,0,0,0,0,0,0,0,0,0,0,0,0,0,0,0,0,0,0,0,0,0,0,0,0,0,0,0,0,0,0,0,0,0,0,0,0,0,0,0,0,0,0,0,0,0,0],"activity":[[-9.889940177962622]],"dinucleotide":[],"modifications":[]},{"mononucleotide":[-0.20288850623882482,0,-0.11759303290443057,-0.10496990431768793,0,-0.4184279901958057,-0.10820503507610368,-0.47866405406325185,-0.6991776249559152,0,-0.7118202487307492,-0.06518456107587056,-1.787351759227974,-2.5711689423081907,-5.112432239053184,0,0,-4.6264323763394755,-2.084536687508532,-1.9262897009532942,0,-3.8028240045401427,-6.756954221001346,-6.264487172865873,-5.970890695441393,-2.775200372298716,-4.057222717929283,0,-2.3460483904366356,-1.0194718079618355,-1.983891210366128,0,0,-1.0006723371116664,-0.40778475119082813,-1.0328767973184938,0,-0.9458567919950767,-0.1495630200962026,-1.3690139015058094,0,-1.16504143310177,-0.6399272135800835,-0.8999394979771473,-1.726447506370551,-2.175059071823526,-1.9755425155765458,0,-0.7139342040953132,-1.075486638600676,-1.6123939493739279,0,0,-1.0158430620605507,-1.261225177588173,-0.8140270351294987,0,-0.8066894082781637,-0.7100543951843612,-0.46523999649597414,0,-0.5305024097690794,-0.2916981254769144,-0.13690542162783714],"activity":[[0]],"dinucleotide":[],"modifications":[]}]}}
