{"modelSettings":{"letterOrder":"ACGT","bindingModeInteractions":[],"bindingModes":[{"fitLogActivity":true,"flankLength":0,"singleStrand":false,"size":11,"dinucleotideDistance":0,"componentName":"Binding mode 0","positionBias":false,"modifications":[]},{"fitLogActivity":true,"flankLength":0,"singleStrand":false,"size":11,"dinucleotideDistance":0,"componentName":"Binding mode 1","positionBias":false,"modifications":[]}],"letterComplement":"C-G,A-T"},"coefficients":{"bindingModeInteractions":[],"bindingModes":[{"mononucleotide":[0,0,0,0,0,0,0,0,0,0,0,0,0,0,0,0,0,0,0,0,0,0,0,0,0,0,0,0,0,0,0,0,0,0,0,0,0,0,0,0,0,0,0,0],"activity":[[-4.923497118571692]],"dinucleotide":[],"modifications":[]},{"mononucleotide":[-0.3795548371855286,-0.1082976318583313,0,-0.40617968698131524,-0.18298806103887166,-0.0179570237922686,-0.0931095470144987,0,-1.3482592866333194,-0.751326291936091,-2.0144969642001636,0,0,-1.938844651895737,-1.4700875191138039,-5.890585519943874,0,-4.539345119627733,-5.780399455166627,-5.957401784644082,-4.82923155142892,0,-1.204428874588352,-0.19402190359865568,-0.2008184464418905,-0.6470983472104486,0,-0.055320900918501614,0,-2.0734622049691076,-0.4212489219509621,-3.071750163362477,-1.6012758976330774,-0.7208563353885795,0,-1.1784554661565485,-0.7236916724266047,-0.3298243440973234,0,-0.5465296193401734,-0.2960766960393304,-0.2791749591229955,-0.29458730254487797,0],"activity":[[0]],"dinucleotide":[],"modifications":[]}]}}
