{"modelSettings":{"letterOrder":"ACGT","bindingModeInteractions":[],"bindingModes":[{"fitLogActivity":true,"flankLength":0,"singleStrand":false,"size":11,"dinucleotideDistance":0,"componentName":"Binding mode 0","positionBias":false,"modifications":[]},{"fitLogActivity":true,"flankLength":0,"singleStrand":false,"size":11,"dinucleotideDistance":0,"componentName":"Binding mode 1","positionBias":false,"modifications":[]}],"letterComplement":"C-G,A-T"},"coefficients":{"bindingModeInteractions":[],"bindingModes":[{"mononucleotide":[0,0,0,0,0,0,0,0,0,0,0,0,0,0,0,0,0,0,0,0,0,0,0,0,0,0,0,0,0,0,0,0,0,0,0,0,0,0,0,0,0,0,0,0],"activity":[[-11.349606586823242]],"dinucleotide":[],"modifications":[]},{"mononucleotide":[-0.12702545735543236,0,-0.22579770407620625,-0.21201993744168668,-0.12607729932545908,-0.7027522634512984,0,-0.19313462114040192,-2.721953369194846,0,-1.6055548776549458,-0.6489753890315839,-0.8175601840087054,-1.6637804017449458,0,-7.192602562961652,-6.805580552985731,-1.3726521509498646,-7.200594867700276,0,-0.0884535132738451,-0.10000868694170784,-0.28476876045255217,0,0,-0.41090579009360884,-0.20587539589473813,-2.587428180760465,-0.3870190867896728,0,-0.5586094422406909,-0.11504136573381007,-0.6054313883728888,0,-0.17273985123642,-0.029620902531569016,-0.05179094269802231,-0.07443695934564598,-0.028354259954038064,0,-0.06929114015067839,0,-0.05435981078474228,-0.1357607928860034],"activity":[[0]],"dinucleotide":[],"modifications":[]}]}}
