{"modelSettings":{"letterOrder":"ACGT","bindingModeInteractions":[],"bindingModes":[{"fitLogActivity":true,"flankLength":0,"singleStrand":false,"size":17,"dinucleotideDistance":0,"componentName":"Binding mode 0","positionBias":false,"modifications":[]},{"fitLogActivity":true,"flankLength":0,"singleStrand":false,"size":17,"dinucleotideDistance":0,"componentName":"Binding mode 1","positionBias":false,"modifications":[]}],"letterComplement":"C-G,A-T"},"coefficients":{"bindingModeInteractions":[],"bindingModes":[{"mononucleotide":[0,0,0,0,0,0,0,0,0,0,0,0,0,0,0,0,0,0,0,0,0,0,0,0,0,0,0,0,0,0,0,0,0,0,0,0,0,0,0,0,0,0,0,0,0,0,0,0,0,0,0,0,0,0,0,0,0,0,0,0,0,0,0,0,0,0,0,0],"activity":[[-8.234409833854656]],"dinucleotide":[],"modifications":[]},{"mononucleotide":[0,-0.2989336738430488,-0.21858650743569186,-0.25020828677004125,0,-0.32878436463942506,-0.22120999195685265,-0.2535293205432243,0,-0.5887814291964233,-0.2985107045837392,-0.38384652472325875,-0.726792681375187,-0.2583972249058508,-1.1840364772996583,0,-0.4972378016676249,0,-1.1283199464716898,-0.8470489796902179,0,-1.7897845986959826,-1.1750971188533175,-1.6444066783453604,-1.7727758746712734,-1.1393334412969214,-1.6424107386447533,0,-1.1025296919587877,-0.2976234349678304,-2.546564843311181,0,0,-1.2273572727551443,-2.551331797597098,-1.452949902161297,0,-2.613897081135721,-1.725135714907605,-2.7018392408503624,-2.471964520889313,-3.2859024884634684,-3.011978593548326,0,-2.3404076140223076,0,-1.2678403375746363,-1.2851683990918996,0,-2.7345475663140544,-2.1257360209365554,-1.6106609801781069,-0.7062476506122115,-0.5686192515933906,-1.6125988993520188,0,-0.20188594866204124,0,-0.4142860134293489,-0.09115994664474325,-0.18269499000367606,0,-0.4092473984984739,-0.011216910258943003,-0.267411563349901,-0.27948127884555696,-0.2999663211322705,0],"activity":[[0]],"dinucleotide":[],"modifications":[]}]}}
