{"modelSettings":{"letterOrder":"ACGT","bindingModeInteractions":[],"bindingModes":[{"fitLogActivity":true,"flankLength":0,"singleStrand":false,"size":13,"dinucleotideDistance":0,"componentName":"Binding mode 0","positionBias":false,"modifications":[]},{"fitLogActivity":true,"flankLength":0,"singleStrand":false,"size":13,"dinucleotideDistance":0,"componentName":"Binding mode 1","positionBias":false,"modifications":[]}],"letterComplement":"C-G,A-T"},"coefficients":{"bindingModeInteractions":[],"bindingModes":[{"mononucleotide":[0,0,0,0,0,0,0,0,0,0,0,0,0,0,0,0,0,0,0,0,0,0,0,0,0,0,0,0,0,0,0,0,0,0,0,0,0,0,0,0,0,0,0,0,0,0,0,0,0,0,0,0],"activity":[[-8.619883835956646]],"dinucleotide":[],"modifications":[]},{"mononucleotide":[-0.4844050086968501,-0.22502361756241385,-0.5524604501946655,0,-0.6181116166826293,-0.13540643116766304,0,-0.41280697183048254,0,-0.6124320138168571,-0.7347003488543677,-1.5793210381293488,-1.3046490504687327,-0.18020264366717242,-1.0499848851752205,0,-2.5020581024622537,-2.620114499650251,-4.194860870165332,0,0,-3.7364433618677193,-1.3004084747081741,-3.2506530371556455,0,-6.377237919197141,-5.643437841380429,-7.282327514591348,-7.028199846455726,-2.1379867201619636,-3.940735271366883,0,-2.437677898273712,-1.299663236397155,0,-1.0950486776946988,0,-4.202592891964848,-0.4445649194375463,-3.0752730955801937,-0.5817008992759671,-0.3624748628625376,-1.5697779022733869,0,-0.6799988903998244,-0.05389714365311171,-0.33262815066419193,0,-0.47035789371627246,-0.2727492157896112,-0.2774979917091258,0],"activity":[[0]],"dinucleotide":[],"modifications":[]}]}}
