{"modelSettings":{"letterOrder":"ACGT","bindingModeInteractions":[],"bindingModes":[{"fitLogActivity":true,"flankLength":0,"singleStrand":false,"size":10,"dinucleotideDistance":0,"componentName":"Binding mode 0","positionBias":false,"modifications":[]},{"fitLogActivity":true,"flankLength":0,"singleStrand":false,"size":10,"dinucleotideDistance":1,"componentName":"Binding mode 1","positionBias":false,"modifications":[]}],"letterComplement":"C-G,A-T"},"coefficients":{"bindingModeInteractions":[],"bindingModes":[{"mononucleotide":[0,0,0,0,0,0,0,0,0,0,0,0,0,0,0,0,0,0,0,0,0,0,0,0,0,0,0,0,0,0,0,0,0,0,0,0,0,0,0,0],"activity":[[-6.6938783275940485]],"dinucleotide":[],"modifications":[]},{"mononucleotide":[-0.12278043116032933,-0.24321866308653384,0,-0.4652596293538398,-0.08852412403667387,0,-0.5435240174669929,-0.025143071053799204,-1.6865481158275113,-2.814023766018211,-3.457404508160955,0,0,-2.162480853063123,-1.7787684860848465,-2.1340658736509703,0,-2.8828247022161615,-2.8922039683611076,-2.513619923454779,-3.126825985763503,-2.4680706731788757,-1.0931234505421852,0,-1.3803915131591094,0,-1.6786312362844455,-0.6779409092766997,-1.491350412885656,0,-1.0533830773732724,-0.6330754989058462,-0.2387233157487465,-0.09104736170646266,0,-0.21632671904023493,-0.06710555136663299,0,-0.2516325964612154,-0.0054302353355861754],"activity":[[0]],"dinucleotide":[[-0.5610990199107047,0,-0.1478860030981739,-0.4492933326890629,0.06889020747756014,0,0.416194885326604,0.15648011239454718,0,0,0,0,0.12677559236064795,0,0.4574154766982952,0.007748930355023553,-2.085923610854689,1.1277408832920712,-0.6458116318609171,0,0,0,0,0,-0.8968476975815998,0.2700088544036787,-1.9241517380844808,0,0.2955638978842874,1.0510379575616082,1.1177708487206326,0,0,1.5997895833536697,-0.3013093160143492,0.7925556431174137,0,1.7211804738342025,1.5949964368977914,-0.10670345307829798,0,2.1992418896082806,1.8680140947945927,1.989756474104944,0,0,0,0,0,0,0,0,0,1.7049369452515006,1.926739258911803,1.8020114839148955,0,1.4884087974905378,0.9831521482327656,2.5661291071514443,0,1.7477356991368098,2.6758208745933865,0.5141651579528475,0,0,0,0,3.7357546953915626,2.787293270228932,1.5942484766762144,0,3.1886609177652603,2.3523365989481886,0.6815823244256158,0,1.832407596494674,1.6177728453051494,0.6244475208827458,0,0.8114781296209639,0,-0.2640842808238446,-0.3884136579945485,1.7751351453872966,0,1.580801623691277,0.8862442983798182,-0.660966067496148,0,0.014583193510767867,0.18477708273743243,0,0,0,0,-0.8295493087635517,0,-0.12919819192330628,-0.09108367785264182,0,0,0,0,0.4361237950403827,0,-1.2767973778094035,0.7576167397658962,-0.14883657435173747,0,-0.26214494440539404,-0.28475924039661127,-0.44449059421129933,0.6144675211261763,0,0.27267495539451314,0,0,0,0,-0.7008189043470661,0.20223385856161968,0,0.032354500095051364,-0.28322635735069746,0.012602023821827402,0,-0.2476447121441847,-0.25252789245039864,0,0.08332014374683006,-0.19645876212260127,-0.05184986101575362,0,0.0012681287540159403,-0.03643168948928466,0,0,0,0,-0.1597780422074866,0,0.04613795741983662,-0.09270888441472191]],"modifications":[]}]}}
