{"modelSettings":{"letterOrder":"ACGT","bindingModeInteractions":[],"bindingModes":[{"fitLogActivity":true,"flankLength":0,"singleStrand":false,"size":10,"dinucleotideDistance":0,"componentName":"Binding mode 0","positionBias":false,"modifications":[]},{"fitLogActivity":true,"flankLength":0,"singleStrand":false,"size":10,"dinucleotideDistance":0,"componentName":"Binding mode 1","positionBias":false,"modifications":[]}],"letterComplement":"C-G,A-T"},"coefficients":{"bindingModeInteractions":[],"bindingModes":[{"mononucleotide":[0,0,0,0,0,0,0,0,0,0,0,0,0,0,0,0,0,0,0,0,0,0,0,0,0,0,0,0,0,0,0,0,0,0,0,0,0,0,0,0],"activity":[[-5.477893623913703]],"dinucleotide":[],"modifications":[]},{"mononucleotide":[-0.38849950729500904,-0.1392210358950141,0,-0.37972097308056796,-0.16047898521241954,0,-0.3877832535584176,-0.09685430199347422,-2.3331268917695924,-3.7520937863215122,-7.073001303732138,0,0,-2.364363149442881,-2.0119181441933023,-2.0684218196981536,0,-4.167733468376252,-4.513057606000265,-7.008683383017674,-4.994651915414419,-4.651640375896653,-1.3304034483926,0,-1.5505791579018249,0,-1.8064402724118063,-0.739443032560569,-1.6094636448493427,0,-1.113082045842786,-0.7849890115657177,-0.4195201135352278,-0.12262634550474516,0,-0.31482336787345844,-0.14985517418840466,0,-0.21772405406932727,-0.0569769440688237],"activity":[[0]],"dinucleotide":[],"modifications":[]}]}}
