{"modelSettings":{"letterOrder":"ACGT","bindingModeInteractions":[],"bindingModes":[{"fitLogActivity":true,"flankLength":0,"singleStrand":false,"size":10,"dinucleotideDistance":0,"componentName":"Binding mode 0","positionBias":false,"modifications":[]},{"fitLogActivity":true,"flankLength":0,"singleStrand":false,"size":10,"dinucleotideDistance":1,"componentName":"Binding mode 1","positionBias":false,"modifications":[]}],"letterComplement":"C-G,A-T"},"coefficients":{"bindingModeInteractions":[],"bindingModes":[{"mononucleotide":[0,0,0,0,0,0,0,0,0,0,0,0,0,0,0,0,0,0,0,0,0,0,0,0,0,0,0,0,0,0,0,0,0,0,0,0,0,0,0,0],"activity":[[-5.989982316493818]],"dinucleotide":[],"modifications":[]},{"mononucleotide":[-0.11788034201938835,-0.2400671944388204,0,-0.446466870626697,-0.10255766310648973,0,-0.5818655460973527,-0.036643020544191884,-1.6699144261377121,-2.396263397974466,-3.030640336877939,0,0,-2.2717743995901687,-1.838409301849337,-1.868462400106793,0,-2.721418028850435,-3.1193285521506056,-3.73190067057984,-3.0197308642900413,-2.684860543920709,-1.1104437761082284,0,-1.3163046631631055,0,-1.6542284089850554,-0.621717848418248,-1.526277512399865,0,-1.0429493943511163,-0.6387077103171581,-0.24153069804648908,-0.08103942712288958,0,-0.21376352756581252,-0.08959019766096166,0,-0.2536545750323924,-0.02714053202981148],"activity":[[0]],"dinucleotide":[[-0.5391736318187341,0,-0.14960304385584777,-0.38316864773963566,0.08884031355666444,0,0.44170533534835954,0.17779826780505736,0,0,0,0,0.09835535010060248,0,0.45225551928478147,0.03031475252459792,-2.358720943398115,0.7330059206536488,-2.7587406087047635,0,0,0,0,0,-1.0828565746952514,0.3452051478208693,-4.0723270398949,0,0.23340304036904236,0.5550276325873513,0.5393363754519651,0,0,1.754034096221015,-0.5704024576767903,1.0427687694067949,0,2.0341856713036055,1.6543129957393496,0.8176125463181325,0,2.450623573947391,1.8205522948231447,2.362783524394626,0,0,0,0,0,0,0,0,0,1.869410084257579,2.1451265401202373,3.2089127796129864,0,1.4935137563497793,0.2738483878838114,3.6799075432543553,0,0.8775700265280388,2.4238704873585526,2.178532772246974,0,0,0,0,3.2665948907745346,2.3319036145637746,0.5299759620360978,0,3.158690335366628,1.983591675461318,-0.4980559578699788,0,2.367746246088725,1.7633337877000326,0.7739912992500191,0,0.9247389270751993,0,-1.9191708171779158,-0.14427762410806322,2.1016798883069354,0,1.8230964908063996,0.9344348278368519,-1.0342575496212967,0,0.0011921036649198413,0.049501488444247954,0,0,0,0,-0.7190495919221656,0,-0.178826905077762,-0.05463444111826643,0,0,0,0,0.16863989367959142,0,-2.578875383942223,0.6314152756138931,-0.18227826177391382,0,-0.40165387485966875,-0.3070817165937729,-0.7630293053083026,0.6461026731265838,0,0.3134353833839949,0,0,0,0,-1.2161537232834547,0.1791420096825691,0,-0.04950814530703784,-0.3296986274827427,0.012985312372827629,0,-0.225308047543197,-0.24823236940145676,0,0.0788374667188858,-0.1754393203386373,-0.043641929310851424,0,0.007961883666798286,-0.024569372307073678,0,0,0,0,-0.13276485823673134,0,0.02773692705181041,-0.07023210466399021]],"modifications":[]}]}}
