{"modelSettings":{"letterOrder":"ACGT","bindingModeInteractions":[],"bindingModes":[{"fitLogActivity":true,"flankLength":0,"singleStrand":false,"size":10,"dinucleotideDistance":0,"componentName":"Binding mode 0","positionBias":false,"modifications":[]},{"fitLogActivity":true,"flankLength":0,"singleStrand":false,"size":10,"dinucleotideDistance":0,"componentName":"Binding mode 1","positionBias":false,"modifications":[]}],"letterComplement":"C-G,A-T"},"coefficients":{"bindingModeInteractions":[],"bindingModes":[{"mononucleotide":[0,0,0,0,0,0,0,0,0,0,0,0,0,0,0,0,0,0,0,0,0,0,0,0,0,0,0,0,0,0,0,0,0,0,0,0,0,0,0,0],"activity":[[-5.932766481602762]],"dinucleotide":[],"modifications":[]},{"mononucleotide":[-0.2321755201711575,-0.2829203469757484,0,-1.1270685555501423,-0.9217692267153783,0,-0.6416231963643977,-0.5972463611720666,-6.443519945278538,-2.816914834042752,-5.9860687348154675,0,0,-3.0682023890899366,-1.9022963124069943,-5.640717501197934,0,-3.4117037758912403,-3.414339664581699,-6.224734226814554,-6.140207145458003,-1.2627812514073877,-2.8655985549545093,0,-2.850956262030551,-0.913180956003071,0,-0.12552896330274876,0,-1.9895758932682188,-0.62144175174158,-1.3834501051840054,-0.4912474288073678,0,-0.09399686318211131,-0.22113083837741954,-0.19832362191038833,0,-0.03200198965877554,-0.10406263580904174],"activity":[[0]],"dinucleotide":[],"modifications":[]}]}}
