{"modelSettings":{"letterOrder":"ACGT","bindingModeInteractions":[],"bindingModes":[{"fitLogActivity":true,"flankLength":0,"singleStrand":false,"size":12,"dinucleotideDistance":0,"componentName":"Binding mode 0","positionBias":false,"modifications":[]},{"fitLogActivity":true,"flankLength":0,"singleStrand":false,"size":12,"dinucleotideDistance":0,"componentName":"Binding mode 1","positionBias":false,"modifications":[]}],"letterComplement":"C-G,A-T"},"coefficients":{"bindingModeInteractions":[],"bindingModes":[{"mononucleotide":[0,0,0,0,0,0,0,0,0,0,0,0,0,0,0,0,0,0,0,0,0,0,0,0,0,0,0,0,0,0,0,0,0,0,0,0,0,0,0,0,0,0,0,0,0,0,0,0],"activity":[[-7.067337634142531]],"dinucleotide":[],"modifications":[]},{"mononucleotide":[0,-0.5627518885984895,-0.4170509881237674,-0.5241332734930371,0,-0.4458936875916404,-0.6164204645859073,-0.7726968212712055,-0.4028544343269225,-0.1831529350546397,-0.3006637152889198,0,-0.5807292994182607,0,-0.24911928706561426,-0.17690506586632182,-0.2681069454444689,0,-0.08154630851606726,-0.0773570193212727,0,-0.09406858869671275,-0.36080601037884286,-0.7073999435114153,0,-1.9345058283761478,-0.6309734737264705,-2.685082322373768,-6.8933966731120595,-5.164696548475236,-3.274737998701708,0,-2.1424202289110186,-1.0711309166725531,-2.9824185868323063,0,0,-6.232610562440854,-0.9718323730002831,-2.360555734648913,-0.3328480673627947,-0.0825363261422476,0,-0.1828644687388019,-0.4756892738025442,0,-0.04291322592099167,-0.42414429351939376],"activity":[[0]],"dinucleotide":[],"modifications":[]}]}}
