{"modelSettings":{"letterOrder":"ACGT","bindingModeInteractions":[],"bindingModes":[{"fitLogActivity":true,"flankLength":0,"singleStrand":false,"size":11,"dinucleotideDistance":0,"componentName":"Binding mode 0","positionBias":false,"modifications":[]},{"fitLogActivity":true,"flankLength":0,"singleStrand":false,"size":11,"dinucleotideDistance":0,"componentName":"Binding mode 1","positionBias":false,"modifications":[]}],"letterComplement":"C-G,A-T"},"coefficients":{"bindingModeInteractions":[],"bindingModes":[{"mononucleotide":[0,0,0,0,0,0,0,0,0,0,0,0,0,0,0,0,0,0,0,0,0,0,0,0,0,0,0,0,0,0,0,0,0,0,0,0,0,0,0,0,0,0,0,0],"activity":[[-5.626870605583677]],"dinucleotide":[],"modifications":[]},{"mononucleotide":[-0.07553098378936518,-0.023373206675540104,0,-0.17625999112987323,-0.3566378872542604,0,-0.04085251296907444,-0.6512065359625794,-0.5238408614476331,0,-0.1349673530370339,-0.4302351272195377,-0.8290810426056119,-1.1044205424549993,-0.725210088747362,0,0,-0.9419723082382347,-1.4064557565020444,-0.21563098437024486,0,-1.1361996839152813,-1.3789153381866885,-2.246633353278658,0,-1.4321345624195452,-0.47354483729977126,-0.27695636132039425,-7.152895705258719,0,-3.4808425855722707,-0.03401585814092911,-0.8950408720715872,-7.574462874413451,0,-6.261977393224457,-0.46261375283018946,-0.037993584114881074,-0.12470596651653754,0,-0.13644617776812584,0,-0.015604091607247739,-0.06078078860849967],"activity":[[0]],"dinucleotide":[],"modifications":[]}]}}
