{"modelSettings":{"letterOrder":"ACGT","bindingModeInteractions":[],"bindingModes":[{"fitLogActivity":true,"flankLength":0,"singleStrand":false,"size":10,"dinucleotideDistance":0,"componentName":"Binding mode 0","positionBias":false,"modifications":[]},{"fitLogActivity":true,"flankLength":0,"singleStrand":false,"size":10,"dinucleotideDistance":0,"componentName":"Binding mode 1","positionBias":false,"modifications":[]}],"letterComplement":"C-G,A-T"},"coefficients":{"bindingModeInteractions":[],"bindingModes":[{"mononucleotide":[0,0,0,0,0,0,0,0,0,0,0,0,0,0,0,0,0,0,0,0,0,0,0,0,0,0,0,0,0,0,0,0,0,0,0,0,0,0,0,0],"activity":[[-4.922655586234765]],"dinucleotide":[],"modifications":[]},{"mononucleotide":[-0.798949465242484,0,-0.33492465399570115,-0.3972623934789752,-0.3172272539884471,-0.27607619826638086,0,-0.4977023511778649,-4.581396140718552,-0.663015829755869,-5.258831536633734,0,0,-1.268610560120944,-0.7857303077894278,-5.284122060220806,0,-0.9643100192340164,-1.6938972737847209,-1.1456941230057014,-5.538165470696818,-0.39075931057817126,-1.6580672945574513,0,-0.8154277149973614,-0.8642895365224792,0,-0.06434622488933339,-0.014021676248625603,-0.2302226562268368,-0.5650083342196881,0,0,-0.42533510169016875,-0.10084146278686568,-0.4609386519443497,-0.24385585630103712,0,-0.32641306529657754,-0.28812912175050887],"activity":[[0]],"dinucleotide":[],"modifications":[]}]}}
