{"modelSettings":{"letterOrder":"ACGT","bindingModeInteractions":[],"bindingModes":[{"fitLogActivity":true,"flankLength":0,"singleStrand":false,"size":17,"dinucleotideDistance":0,"componentName":"Binding mode 0","positionBias":false,"modifications":[]},{"fitLogActivity":true,"flankLength":0,"singleStrand":false,"size":17,"dinucleotideDistance":0,"componentName":"Binding mode 1","positionBias":false,"modifications":[]}],"letterComplement":"C-G,A-T"},"coefficients":{"bindingModeInteractions":[],"bindingModes":[{"mononucleotide":[0,0,0,0,0,0,0,0,0,0,0,0,0,0,0,0,0,0,0,0,0,0,0,0,0,0,0,0,0,0,0,0,0,0,0,0,0,0,0,0,0,0,0,0,0,0,0,0,0,0,0,0,0,0,0,0,0,0,0,0,0,0,0,0,0,0,0,0],"activity":[[-1.5331909361859208]],"dinucleotide":[],"modifications":[]},{"mononucleotide":[0,-0.30756214882864175,-0.2563330554475387,-0.07047763843166166,-0.09006380884694831,-0.2607129094075731,-0.21102923223042236,0,-0.5459959195149882,-0.9432136271402457,-0.9433622895730408,0,0,-0.7609174443473253,-0.5401221987054949,-0.3676015480567729,0,-0.6543154551632809,-0.805241780311846,-0.8310251552830002,-0.5433881059527579,-0.49640642548610714,-0.47445001577628965,0,-0.9701236976250655,-0.061872246721594415,-0.19274787421640927,0,-0.6071245065515206,0,-0.4427478290803517,-0.14387210388859462,0,-0.5725939945777965,-1.0510613167684504,-1.560886259960316,0,-2.466105008176951,-2.116581622356729,-5.129021835086261,-5.515935108475064,-5.26805022326845,-5.055300077355087,0,-3.5815493908836116,-1.512429092064742,-4.084763668406982,0,0,-4.708978608853624,-1.16492938346561,-2.6217133230765843,-0.12970372607052472,-0.17943892225745173,0,-0.16894028978140918,-1.0690156462665987,0,-0.2379631929329209,-0.4441693436991654,-0.1940537451691544,-0.1560058678778362,0,-0.16230998906258476,0,-0.024065895004178106,-0.28731654101815396,-0.07636991751654088],"activity":[[-1.282678660504047]],"dinucleotide":[],"modifications":[]}]}}
