{"modelSettings":{"letterOrder":"ACGT","bindingModeInteractions":[],"bindingModes":[{"fitLogActivity":true,"flankLength":0,"singleStrand":false,"size":12,"dinucleotideDistance":0,"componentName":"Binding mode 0","positionBias":false,"modifications":[]},{"fitLogActivity":true,"flankLength":0,"singleStrand":false,"size":12,"dinucleotideDistance":0,"componentName":"Binding mode 1","positionBias":false,"modifications":[]}],"letterComplement":"C-G,A-T"},"coefficients":{"bindingModeInteractions":[],"bindingModes":[{"mononucleotide":[0,0,0,0,0,0,0,0,0,0,0,0,0,0,0,0,0,0,0,0,0,0,0,0,0,0,0,0,0,0,0,0,0,0,0,0,0,0,0,0,0,0,0,0,0,0,0,0],"activity":[[-6.683329749615916]],"dinucleotide":[],"modifications":[]},{"mononucleotide":[-0.2670651402606463,0,-0.3045396056486247,-0.38828643020169196,0,-0.7682600305601923,-0.479024675839824,-0.5987348804035744,-0.4273663858151906,-0.04218572050458391,0,-0.744136065494768,-1.672789238896808,0,-1.3299727082626216,-0.6975127629050917,0,-0.30273814230722706,-0.15331592218971934,-1.163247509314452,-0.1950961108573317,-1.2303257263723886,-2.4326761012218725,0,-9.893238621215305,-6.2776603327359,-7.603612450337332,0,-8.484743368613206,-4.154429292164745,-7.765489741355694,0,0,-3.170501824931015,-3.001058687157716,-2.724116852727029,-0.2545619572272848,-0.6842484916071516,0,-0.37926085203582005,-0.5943162254067893,0,-0.07629576736945332,-0.2655414254056616,-0.04260848499155401,-0.26226492550073566,0,-0.2765836353503275],"activity":[[0]],"dinucleotide":[],"modifications":[]}]}}
