{"modelSettings":{"letterOrder":"ACGT","bindingModeInteractions":[],"bindingModes":[{"fitLogActivity":true,"flankLength":0,"singleStrand":false,"size":12,"dinucleotideDistance":0,"componentName":"Binding mode 0","positionBias":false,"modifications":[]},{"fitLogActivity":true,"flankLength":0,"singleStrand":false,"size":12,"dinucleotideDistance":1,"componentName":"Binding mode 1","positionBias":false,"modifications":[]}],"letterComplement":"C-G,A-T"},"coefficients":{"bindingModeInteractions":[],"bindingModes":[{"mononucleotide":[0,0,0,0,0,0,0,0,0,0,0,0,0,0,0,0,0,0,0,0,0,0,0,0,0,0,0,0,0,0,0,0,0,0,0,0,0,0,0,0,0,0,0,0,0,0,0,0],"activity":[[-6.465501223532515]],"dinucleotide":[],"modifications":[]},{"mononucleotide":[-0.20610128293124852,0,-0.3135283598971075,-0.34462668452066225,0,-0.875117169959359,-0.3694394983608742,-0.5186278090149568,-0.1605785895395222,0,-0.11410372303718219,-0.5176161528400476,-1.6314767940834134,0,-0.7789163399896495,-1.3311308743126071,0,-1.305974518692289,-0.7763812246256538,-0.8322433454577549,0,-0.9445217105722854,-2.3415751728454577,-0.4915078864510596,-4.214284633473449,-3.812902827130907,-3.889210177425808,0,-3.391587227387656,-3.171972118994246,-3.691315365652153,0,0,-3.0047483746915944,-3.4974762832203514,-2.0333450378091227,-0.5964995984341082,-0.9381504080064094,0,-0.9315980856328183,-0.5238342316896976,-0.005221411653323571,-0.27218986332474326,0,-0.07101067911939651,-0.21912130154661646,0,-0.4685966140471063],"activity":[[0]],"dinucleotide":[[0,0.11059614943938811,-0.43777493614131124,0.6529819877461067,0,0,0,0,0,0.49488891826374726,0.3548974799763682,0.052014084242428815,0,0.4582194169948872,0.16598997721161624,0.1716224326221205,0,0,0,0,-0.06046608050475566,0,0.0697056611832032,0.3706511480735344,-0.061379660987832096,0,0.10138941522693745,0.11071296774295636,-0.5450927607115021,0,-0.278598854791948,-0.1323017128262336,-0.9459919154459788,0,-1.7159898832462641,-0.4125531538297569,0,0,0,0,-0.6667768606823641,0,-1.6862118843303078,0.6451961415713923,-0.5056158444520511,0,-1.3705007787529349,-0.4130117943875833,0,0.7981823886122674,0.5011182125108213,0.26512691161637747,0,0,0,0,0,-0.04593008756461803,-0.14991591496890777,-0.3451959879629838,0,1.1670161568377866,-0.43119339042669225,-0.5823473227239253,0,0,0,0,0,-0.029775186322549274,0.19557227287588663,0.9273809090819869,0,0.058876311554126204,0.42357193121929715,1.2506293248696263,0,-0.3804232658185924,0.1681839853771363,-0.627035624081552,0,0,0,0,1.5132772608923064,1.6958632472733006,1.302451542542637,0,1.3102852834048466,1.2835690154771218,1.2630967796823622,0,0.0245413088064117,0.2707851237835106,0.332795114430362,0,2.0325185159101444,2.7762767467651743,2.1375272844223083,0,2.3268541725147465,3.2442091606198957,2.3775416333633617,0,2.043899012324795,2.261938487988594,1.9351377575987705,0,0,0,0,0,0,2.2245587816001837,1.9393684048679631,1.383488859394438,0,2.844895658557549,2.3398142161144992,1.662253981856145,0,2.3085142935818945,2.0275454971893154,1.6874541680777302,0,0,0,0,0,0,0,0,0.09435367051644761,1.0651141530003052,0,0.5153913485844193,0.4783088090153753,1.0885919397801507,0,0.7632608960390881,-0.13861352114419478,0.3039011007589174,0,-0.17313185939771003,0.4313020859377943,0.4575868964401444,0.5603043205890863,0,0.43283746050298255,0.3387166415905263,0.4528244411519937,0,0,0,0,0,0.7529918673690643,0.680320992381791,0.7111461642299206,0,0.012141335194540304,-0.025111053572898,0,0.25028365091096916,0.05743852811336314,-0.014313183077029557,0,0.240064307418014,0.22520407459929714,0.1828170815056378,0,0.36632228160286395,0,0,0,0]],"modifications":[]}]}}
