{"modelSettings":{"letterOrder":"ACGT","bindingModeInteractions":[],"bindingModes":[{"fitLogActivity":true,"flankLength":0,"singleStrand":false,"size":12,"dinucleotideDistance":0,"componentName":"Binding mode 0","positionBias":false,"modifications":[]},{"fitLogActivity":true,"flankLength":0,"singleStrand":false,"size":12,"dinucleotideDistance":1,"componentName":"Binding mode 1","positionBias":false,"modifications":[]}],"letterComplement":"C-G,A-T"},"coefficients":{"bindingModeInteractions":[],"bindingModes":[{"mononucleotide":[0,0,0,0,0,0,0,0,0,0,0,0,0,0,0,0,0,0,0,0,0,0,0,0,0,0,0,0,0,0,0,0,0,0,0,0,0,0,0,0,0,0,0,0,0,0,0,0],"activity":[[-6.542307627650102]],"dinucleotide":[],"modifications":[]},{"mononucleotide":[-0.24036797604020776,0,-0.2431676253887307,-0.021027590659549844,-2.984838659791933E-5,-0.270447499122179,0,-0.5328505500207115,-0.2571538042320398,0,-0.613797119085346,-0.14544838107395996,-2.02722531525022,-4.374154846566199,-3.4763201597597337,0,0,-4.524552403406007,-3.546295071527636,-3.229660930502785,0,-7.028638693763232,-4.966317089394865,-9.646896765483767,-0.5148322206200717,-2.541010766229544,-0.9791800009481353,0,-0.8105638638196648,-0.801360531432481,-1.326161361922436,0,-1.3645867132942602,-0.7735804784701159,0,-1.7760945201549134,-0.5194224148095667,-0.12381996256297612,0,-0.15823351504288752,-0.5167147351354036,-0.3656915075319489,-0.8556908405963242,0,-0.3356219722840219,-0.311571807563233,0,-0.1962438648926632],"activity":[[0]],"dinucleotide":[[-0.24258580218990566,0.1465357689293061,0,-4.8528188693985896E-4,0,0,0,0,0.014307626841599586,0.21268668023360782,0,-0.011953532161436797,-0.04932963391342682,0.17468862544712138,0,-0.04839651414738455,-0.7052916709639394,0,-0.3391621501953974,-0.46272029736751996,0.030813403688616958,0,0.1275702300713082,0.1018209401210175,0,0,0,0,0.08395634415545317,0,0.10246983036973845,-0.0049621918521456365,-0.35136085648330706,1.5410320991906428,0.7904739340986122,0,0,0,0,0,0.1836652368055205,1.81305811556809,1.2528236368252568,0,-0.06980039061136267,0.8260398410054268,0.13574497255557105,0,0,2.198918303452267,1.801638393404767,0.26124229698065804,0,2.0924482554096633,2.9884561841947654,2.2706834301992327,0,3.608116363585589,3.4026341949404184,2.4780003054411868,0,0,0,0,0,0,0,0,0,2.8269758249912655,4.594623986852206,3.8019937324577135,0,4.599154077983357,4.589319302115758,7.679001544679455,0,4.409509263569257,3.290977933863198,3.6581614780386005,0,0,0,0,0.913614429545599,0.7386763312573805,2.966632844836097,0,0.4924462732130266,2.1558859317438,1.8504816675497366,0,0.8312263940049096,1.4290797729627478,2.7433530925270073,0,-0.9698264703748052,1.3008435748018208,0.9643928963723027,0,0.43269789224728505,0.44389728726450883,0.21384480951595108,0,-0.4117639091873233,0.07220672333359168,0.025391041941592363,0,0,0,0,0,-1.3559550983670707,-0.5727830410159811,0,0.24162034803643628,-0.5127440183172229,-0.1347905715391331,0,0.6681776526886711,1.181881587382792,-0.16786429688523263,0,0.8244547679308045,0,0,0,0,-0.5459591000225199,0.6841683804363115,0,-0.4602807707632266,-1.924793231289497,-2.817555307508787,0,-4.26136278040326,0,0,0,0,-0.6109130145547468,-0.8616524646309216,0,-1.417696639311096,-0.1261445431916215,0.11430032100706455,0.37292794214026515,0,-0.27113971066162534,0.11753886120478896,0.05558417794107484,0,0,0,0,0,-0.5938787261391454,-0.07914599157103908,-0.10304806519136989,0,0.16556649241894306,0.03345332820561886,0,0.6389633328439803,0.16499236821807983,0.36364405748517115,0,-0.473651879125363,0.443379535141613,0.49429935124045343,0,0.06487478976609751,0,0,0,0]],"modifications":[]}]}}
