{"modelSettings":{"letterOrder":"ACGT","bindingModeInteractions":[],"bindingModes":[{"fitLogActivity":true,"flankLength":0,"singleStrand":false,"size":12,"dinucleotideDistance":0,"componentName":"Binding mode 0","positionBias":false,"modifications":[]},{"fitLogActivity":true,"flankLength":0,"singleStrand":false,"size":12,"dinucleotideDistance":1,"componentName":"Binding mode 1","positionBias":false,"modifications":[]}],"letterComplement":"C-G,A-T"},"coefficients":{"bindingModeInteractions":[],"bindingModes":[{"mononucleotide":[0,0,0,0,0,0,0,0,0,0,0,0,0,0,0,0,0,0,0,0,0,0,0,0,0,0,0,0,0,0,0,0,0,0,0,0,0,0,0,0,0,0,0,0,0,0,0,0],"activity":[[-6.217167433683871]],"dinucleotide":[],"modifications":[]},{"mononucleotide":[-0.4623829869569285,0,-0.21206744029160696,-0.05756169471684913,0,-0.2714003428342586,-0.010154579935329977,-0.5277974712030051,-0.9326823710069565,0,-0.9052405720514365,-0.6025604398906168,-2.0551033064284017,-6.92502822814455,-3.3879946058617705,0,0,-4.190712172553396,-3.3591847829024584,-3.180791327516351,0,-8.039002837297252,-4.391222759103682,-9.080540108710963,-0.49519374666591,-2.316787725905683,-0.9744447468213675,0,-0.7846499926315831,-0.7975581815175952,-1.2877406889374674,0,-1.3181285257327673,-0.7722777110869101,0,-1.663071102317046,-0.5077057661822613,-0.12505549033056695,0,-0.15578321032737907,-0.49788405128819857,-0.35526782658160805,-0.8233395611626495,0,-0.32956774364286456,-0.30328523667177265,0,-0.186537073994967],"activity":[[0]],"dinucleotide":[[0,0.37760334915374116,0.2513369015719089,0.24540000270156348,0,0,0,0,0,0.18660454130717952,-0.004777877285814469,-0.01084841151945426,0,0.2176314397915995,0.05203821402482234,0.00572417188163854,0,0,0,0,0.7052120720667361,0,0.4063773932680448,0.5564189117607086,0.6835370703713366,0,0.31853368137982585,0.4679447487097459,0.7681755909668126,0,0.4025298054962114,0.44724721246091725,-0.14642197029945958,4.095057997108176,0.9445349391050142,0,0,0,0,0,0.39804825395683174,4.500829009580066,1.3821880890404161,0,-0.01018128682054531,3.7383277465569367,0.29377697257752544,0,0,1.6010248071956843,1.9687278372315768,1.4939445223662577,0,-1.9373944238298861,2.7103240560522526,1.9862248651030399,0,2.9669200841470404,3.125874868726613,2.4253604819508476,0,0,0,0,0,0,0,0,0,-0.31918788607470105,3.9871945971613645,2.220542738578704,0,1.9578174742581211,3.884868038835489,7.2777553025753905,0,2.0751903273421846,2.966968335025266,2.640414935712405,0,0,0,0,4.374340655945067,0.8467013479674641,3.69835981916375,0,0.34708522033750633,-2.2590674581677304,1.8615252609735178,0,0.7139133761432852,-1.3466574329644239,2.436488133212759,0,-0.9046662931301102,1.2719942508597324,0.9347186448305429,0,0.18581820315996112,0.23848495599491404,-0.02441146814011308,0,-0.22238044310479577,0.11517638758502358,0.00832257142480497,0,0,0,0,0,-1.1295287330347632,-0.482339837490362,0,0.2854452402828569,-0.4904065939571707,-0.1278969990178327,0,0.5533810821703842,1.138760448206014,-0.12064201089534787,0,0.8113360887625802,0,0,0,0,-0.46557141940927504,0.6559461899060937,0,-0.34217960918514123,-1.6215064433059068,-2.460214903876599,0,-3.6463668339481154,0,0,0,0,-0.4273576722839971,-0.7406734902773113,0,-1.053288245650399,-0.1326098183056299,0.08636353862771795,0.35229240623032343,0,-0.2837048363856258,0.10925745530197428,0.054250075049255386,0,0,0,0,0,-0.5673274340690115,-0.06571682075029006,-0.10221796740776679,0,0.16076263991538386,0.002901885132491344,0,0.6398246794450957,0.15559377999909074,0.3416463367707898,0,-0.4877750387275235,0.42987766456599275,0.4721040676944055,0,0.06545091835518768,0,0,0,0]],"modifications":[]}]}}
