{"modelSettings":{"letterOrder":"ACGT","bindingModeInteractions":[],"bindingModes":[{"fitLogActivity":true,"flankLength":0,"singleStrand":false,"size":12,"dinucleotideDistance":0,"componentName":"Binding mode 0","positionBias":false,"modifications":[]},{"fitLogActivity":true,"flankLength":0,"singleStrand":false,"size":12,"dinucleotideDistance":1,"componentName":"Binding mode 1","positionBias":false,"modifications":[]},{"fitLogActivity":true,"flankLength":0,"singleStrand":false,"size":12,"dinucleotideDistance":1,"componentName":"Binding mode 2","positionBias":false,"modifications":[]}],"letterComplement":"C-G,A-T"},"coefficients":{"bindingModeInteractions":[],"bindingModes":[{"mononucleotide":[0,0,0,0,0,0,0,0,0,0,0,0,0,0,0,0,0,0,0,0,0,0,0,0,0,0,0,0,0,0,0,0,0,0,0,0,0,0,0,0,0,0,0,0,0,0,0,0],"activity":[[-6.6762431820132875]],"dinucleotide":[],"modifications":[]},{"mononucleotide":[-1.9098972535215646,-3.41186935709617,-3.315226216704067,0,0,-4.067249873594057,-2.793572036495248,-1.9449484054690869,0,-2.7263220264428902,-4.707272458384458,-7.621400624264527,0,-1.9270458059162197,-1.3829803898893207,-0.5678905614451395,-2.3149145570432914,0,-4.57175982062067,-0.5516348511172584,-1.391476215301683,-3.159341631121906,0,-0.9177812827660503,-0.025750615192195347,-0.28069188540644596,0,-0.09847067535085774,-0.8183678490305404,-0.6720540328556623,-1.3107186981522307,0,-0.2994348252130372,-0.13721836707513813,-0.2933135593379008,0,-0.2528015647207411,0,-0.35934129370138024,-0.30138499205021585,-0.8557066496979431,-1.4130192476723966,-1.725792400014364,0,0,-2.1093357356586155,-2.2206340635527746,-0.7846017767151574],"activity":[[0]],"dinucleotide":[[0,1.1783486952576574,-0.42266812723498326,0.12662255314820747,0,1.6721252523803898,1.7092236915569359,0.9238323315597183,0,0.19846380951417242,0.031086686557120657,-5.248748317545867,0,0,0,0,0,0,0,0,0,-0.32650790441283917,-3.05730216181008,1.7392266300272095,0,-2.9118852057147047,-0.8742725427272386,1.2874536958053735,0,1.048376086945658,-1.0439949896836946,7.542675998121994,0,0,0,0,0,0.7287959309015282,-0.500824742706075,-1.3491092403205425,0,1.8624681965325447,1.3482044382143128,0.8937976071599936,0,-1.1110210289708107,-0.35229760513396435,-5.537008664708967,0,0,0,0,1.3721391579652358,0,3.895208332306733,0.6648512153246804,0.05204547458410236,0,3.1022253749259265,1.1065019692580211,2.046443831072107,0,4.261460371540489,1.0227291525794424,-1.3604388460619052,1.3563951040722095,0,-0.03531689795879034,0,0,0,0,0.3710305734244663,1.4262688266297872,0,0.49990261392441404,0.3567331606688029,0.41888615873755874,0,-0.4050652290455501,-0.8395762243342269,0.4919885464317231,0,-0.02985342704306504,0.42199262106551627,0.5214778257982458,0,0.512689067965717,0,0,0,0,-0.5634630530476921,-0.4837148184457245,0,-0.48685780692131964,-0.35463558295336917,0.0014578422215336673,-0.042926203886128,0,0.07777334717118745,0.3471952107857277,0.3221001812706792,0,0,0,0,0,-0.3870164573255632,-0.036746984219205636,-0.11640775847302542,0,0.14804874766133125,0.1200450459534963,0.09585953525668067,0,0.22969493176642075,0.3077862769158042,0.5528676408523925,0,0.25584061195261043,0.520148362272459,0.25302340270470847,0,0,0,0,0,-0.0989166272775952,0,-0.135666155030699,0.1295514025062765,0.2675643223789175,0,0.1845254073797502,0.28136515125574046,5.561578644286413E-4,0,-0.18161879099819433,0.26603004220084703,0,0,0,0,0.1377212819566651,0.1395831519502222,-0.5233080786663162,0,0,0,0,0,-0.1256950644468242,0.055144740054806185,-0.5810675809646657,0,0.1510000334596393,0.14075651951135715,-0.26836005641594163,0,0,1.1525947162765382,0.7259643061535259,0.6648914258632317,0,1.2904611399220327,1.9469979618533944,1.0483004076992506,0,1.9337969789171972,1.2452726138935057,1.565445376998774,0,0,0,0]],"modifications":[]},{"mononucleotide":[-1.611800704702146,-0.7457095944354464,0,-1.5651787557681445,-2.9482569510192738,-1.1660894931003636,-5.994807109263098,0,-1.785668200959277,0,-1.8198675193281346,-3.6318956027792764,-0.7491381296597392,-1.5343089304465263,-3.5870108552184536,0,-7.999991660006006,-3.7540820336923986,-6.860667890742967,0,-4.155960332286939,-3.0138307432097546,-3.838172705065773,0,0,-3.4044689100842023,-5.873585375646368,-2.3457353697739762,-0.24482311188233474,-0.6331917926372181,0,-0.24651380829598857,-0.8170008954331927,0,-0.38758423165457323,-0.19735449971094532,0,-0.11186107696866365,-0.0797787452829617,-0.15884150692913224,-0.11867748020386504,0,-0.15019753589675222,-0.265256688760414,-0.17606628125024582,0,-0.40562721280369374,-0.2839446164138302],"activity":[[-0.9077625677804653]],"dinucleotide":[[-0.5501530352508457,1.38503286976683,0.6288695074923183,0,1.8534398897713524,0.860129165933067,5.248486286616725,0,0,0,0,0,1.5378084423423513,1.0071955469159235,3.5145544829210813,0,0.6065052504177242,0,1.9697567499785755,1.8362301311168094,1.8312248090516547,0,2.4057907723582304,2.2567357629047002,2.2181913593572347,0,2.618573424288627,1.6434796849189865,0,0,0,0,1.3494267284436514,1.0214223077725393,0.5919306539529297,0,0,0,0,0,0.008868073189455039,0.0056582934875608615,-2.6162227426646627,0,1.7928679826274703,2.1713083651426945,2.9855129861381737,0,-0.2994276605645645,0.22500024939403485,-1.2347268197247292,0,1.6265236441792226,1.7335913763960145,1.9389019423444855,0,2.23296515992374,2.316917766011085,0.0308047360171102,0,0,0,0,0,3.7879865391966057,6.915001793647856,3.594215944419222,0,3.939300660618927,3.3649492186947567,3.563125537046881,0,3.017754644142536,4.790262590588134,1.446402378804283,0,0,0,0,0,0,3.1158890716213588,-1.1497643286354062,2.39332017089557,0,2.890707947599191,2.454178250201071,2.4398788264190507,0,2.842412542803597,-2.0474134874374883,1.7771655622574691,0,0,0,0,0,0,0,0,0.8731722398674764,2.0090782033381753,0,1.4244132789726818,2.951842844713916,4.075905672979866,0,3.373974116991347,0.08998838181825164,1.0935199977847008,0,0.3380341633622992,0.06633531527585035,0,0.13851753135310751,-0.6800343586582773,-0.032096664459595914,0,-0.17375459403537086,-0.39773189671257114,0,0,0,0,-0.05605775928610335,0,-0.16608733066071935,-0.8432198730870386,0,0.054717049871978674,0.055992467260480794,0.1124049446503097,0,0,0,0,0,0.1709379260448074,-0.005268785491248096,0.07683394089996298,0,0.12968304628906502,0.1604395553232365,-0.13100609908627092,0,0,0,0,-0.06357180284539599,0,-0.14831007583593525,-0.01863477782493117,-0.09493217683697974,0,0.04114133657346919,0.13510095274031197,-0.045725460879669555,0,-0.1098896963180902,-0.047405107840048366,0.1506514426742802,0,0.19897180740204146,0.12233436426280608,0,0,0,0,-0.0815322079111791,0,-0.05162362080624838,0.03972301518423915,0.005435576856736901,0,0.1742491638493595,0.004854210648939095]],"modifications":[]}]}}
