{"modelSettings":{"letterOrder":"ACGT","bindingModeInteractions":[],"bindingModes":[{"fitLogActivity":true,"flankLength":0,"singleStrand":false,"size":10,"dinucleotideDistance":0,"componentName":"Binding mode 0","positionBias":false,"modifications":[]},{"fitLogActivity":true,"flankLength":0,"singleStrand":false,"size":10,"dinucleotideDistance":0,"componentName":"Binding mode 1","positionBias":false,"modifications":[]}],"letterComplement":"C-G,A-T"},"coefficients":{"bindingModeInteractions":[],"bindingModes":[{"mononucleotide":[0,0,0,0,0,0,0,0,0,0,0,0,0,0,0,0,0,0,0,0,0,0,0,0,0,0,0,0,0,0,0,0,0,0,0,0,0,0,0,0],"activity":[[-4.383804001180369]],"dinucleotide":[],"modifications":[]},{"mononucleotide":[-0.15321865664792256,-0.03930157212779406,-0.12299248933814688,0,-0.09199301818513383,-0.1362534029307012,-0.14059387832410053,0,-0.09424072346403722,0,-0.0636312283277718,-0.11186737009154424,-0.7416487692598395,0,-0.5691279643678779,-0.7287198557050854,-0.6185195062582629,-0.7461003900652461,0,-3.883584934432096,-4.525166550232835,-1.877932799741727,-6.600685813965362,0,-0.4618521119258121,-0.39313506141985055,0,-0.08255077559053525,-0.19101081610400783,0,-0.15059885425113606,-0.3601280436933827,-0.29534940508086205,0,-0.19558119122518836,-0.21513785935839724,-0.24318499686078177,0,-0.091515087544221,-0.2580038467084238],"activity":[[0]],"dinucleotide":[],"modifications":[]}]}}
