{"modelSettings":{"letterOrder":"ACGT","bindingModeInteractions":[],"bindingModes":[{"fitLogActivity":true,"flankLength":0,"singleStrand":false,"size":7,"dinucleotideDistance":0,"componentName":"Binding mode 0","positionBias":false,"modifications":[]},{"fitLogActivity":true,"flankLength":0,"singleStrand":false,"size":7,"dinucleotideDistance":0,"componentName":"Binding mode 1","positionBias":false,"modifications":[]}],"letterComplement":"C-G,A-T"},"coefficients":{"bindingModeInteractions":[],"bindingModes":[{"mononucleotide":[0,0,0,0,0,0,0,0,0,0,0,0,0,0,0,0,0,0,0,0,0,0,0,0,0,0,0,0],"activity":[[-7.359659130532272]],"dinucleotide":[],"modifications":[]},{"mononucleotide":[-0.2244336692735378,-0.4127044749979678,-0.118959253870623,0,-1.2751989356877433,-1.1391398804032944,-1.9023780145299514,0,0,-1.3610510112860017,-1.5188383330203914,-0.4027900653389018,0,-3.510404534171873,-2.5706757197480985,-6.128745721860207,-1.9796545550480085,-1.3666940220194337,-2.01064141327005,0,-0.7126672023661114,-0.9643253646878747,-0.10973128614131467,0,-0.09610097629384717,-1.4832929463902844,0,-1.0585232467118473],"activity":[[0]],"dinucleotide":[],"modifications":[]}]}}
