{"modelSettings":{"letterOrder":"ACGT","bindingModeInteractions":[],"bindingModes":[{"fitLogActivity":true,"flankLength":0,"singleStrand":false,"size":14,"dinucleotideDistance":0,"componentName":"Binding mode 0","positionBias":false,"modifications":[]},{"fitLogActivity":true,"flankLength":0,"singleStrand":false,"size":14,"dinucleotideDistance":0,"componentName":"Binding mode 1","positionBias":false,"modifications":[]}],"letterComplement":"C-G,A-T"},"coefficients":{"bindingModeInteractions":[],"bindingModes":[{"mononucleotide":[0,0,0,0,0,0,0,0,0,0,0,0,0,0,0,0,0,0,0,0,0,0,0,0,0,0,0,0,0,0,0,0,0,0,0,0,0,0,0,0,0,0,0,0,0,0,0,0,0,0,0,0,0,0,0,0],"activity":[[-7.634953445528759]],"dinucleotide":[],"modifications":[]},{"mononucleotide":[0,-0.5972210612977404,-0.6891455554861166,-0.19032155262391548,0,-0.705368055095084,-0.7133357502823587,-0.27051612096934274,0,-0.4663769534750095,-0.3737986967291054,-0.01052542730338768,0,-0.29811910843530054,-0.028298429209357323,-0.059286443721334514,-0.29759924011365957,-0.6730361285030106,0,-0.5182359382348984,-0.6431168715756845,-0.4762245534100078,0,-0.9930555215235364,-1.2965025746913579,0,-1.7741812004104194,-0.22851001730421938,-0.22179597409123009,0,-1.2452017366148187,-0.9389383035424155,0,-1.9354610734274313,-1.2946792144835237,-3.4964151193326813,-6.281607723260261,-3.580925854654912,-5.4928269989656835,0,-0.6351671814311697,-1.3810324696029355,-2.5656792654508616,0,0,-1.508893670101651,-1.8281762965516162,-1.2394806180939382,0,-0.5533138242184066,-0.8398159583507114,-0.6248841148656217,0,-0.20568981051587798,-0.18334941520990178,-0.30410888888563203],"activity":[[0]],"dinucleotide":[],"modifications":[]}]}}
