{"modelSettings":{"letterOrder":"ACGT","bindingModeInteractions":[],"bindingModes":[{"fitLogActivity":true,"flankLength":0,"singleStrand":false,"size":12,"dinucleotideDistance":0,"componentName":"Binding mode 0","positionBias":false,"modifications":[]},{"fitLogActivity":true,"flankLength":0,"singleStrand":false,"size":12,"dinucleotideDistance":0,"componentName":"Binding mode 1","positionBias":false,"modifications":[]}],"letterComplement":"C-G,A-T"},"coefficients":{"bindingModeInteractions":[],"bindingModes":[{"mononucleotide":[0,0,0,0,0,0,0,0,0,0,0,0,0,0,0,0,0,0,0,0,0,0,0,0,0,0,0,0,0,0,0,0,0,0,0,0,0,0,0,0,0,0,0,0,0,0,0,0],"activity":[[-4.905869661269618]],"dinucleotide":[],"modifications":[]},{"mononucleotide":[-0.07424379328788433,0,-0.09832896038877337,-0.1325314670820088,-0.4425147817136077,-0.455105109475034,-0.2936773242948094,0,-1.4721073195386145,-0.5527468676731626,-1.1172041604326273,0,0,-1.4174758863226566,-2.0946933270505452,-0.8296409201252368,0,-3.907430516771883,-3.1709705747769092,-6.736993605068948,-6.452315505249247,-0.02879859973859311,-5.330643638633489,0,-1.7060877079640289,-2.336068971787274,0,-0.69387389997308,0,-1.3099230671285067,-0.3977975772055604,-1.0163865550947158,-1.0633204785391106,0,-0.5880391812329133,-0.7964841847991213,-0.906813785300451,0,-0.06819509857040629,-0.5587725262950203,0,-0.08432902420311983,-0.47346408218232394,-0.17766438706139276,0,-0.4374510212507694,-0.614402066792274,-0.07317144369994821],"activity":[[0]],"dinucleotide":[],"modifications":[]}]}}
